<?xml version="1.0" encoding="UTF-8"?>
<gpx creator="StravaGPX" version="1.1" schemaLocation="http://www.topografix.com/GPX/1/1 http://www.topografix.com/GPX/1/1/gpx.xsd http://www.garmin.com/xmlschemas/GpxExtensions/v3 http://www.garmin.com/xmlschemas/GpxExtensionsv3.xsd http://www.garmin.com/xmlschemas/TrackPointExtension/v1 http://www.garmin.com/xmlschemas/TrackPointExtensionv1.xsd http://www.garmin.com/xmlschemas/PowerExtension/v1 http://www.garmin.com/xmlschemas/PowerExtensionv1.xsd http://www.topografix.com/GPX/gpx_style/0/2 http://www.topografix.com/GPX/gpx_style/0/2/gpx_style.xsd" xmlns="http://www.topografix.com/GPX/1/1" xmlns:xsi="http://www.w3.org/2001/XMLSchema-instance" xsi:schemaLocation="http://www.topografix.com/GPX/1/1 http://www.topografix.com/GPX/1/1/gpx.xsd http://www.garmin.com/xmlschemas/GpxExtensions/v3 http://www.garmin.com/xmlschemas/GpxExtensionsv3.xsd http://www.garmin.com/xmlschemas/TrackPointExtension/v1 http://www.garmin.com/xmlschemas/TrackPointExtensionv1.xsd http://www.garmin.com/xmlschemas/PowerExtension/v1 http://www.garmin.com/xmlschemas/PowerExtensionv1.xsd http://www.topografix.com/GPX/gpx_style/0/2 http://www.topografix.com/GPX/gpx_style/0/2/gpx_style.xsd" xmlns:gpxtpx="http://www.garmin.com/xmlschemas/TrackPointExtension/v1" xmlns:gpxx="http://www.garmin.com/xmlschemas/GpxExtensions/v3" xmlns:gpxpx="http://www.garmin.com/xmlschemas/PowerExtension/v1" xmlns:gpx_style="http://www.topografix.com/GPX/gpx_style/0/2">
  <metadata>
    <name>Etapa 2</name>
    <author>
      <name>gpx.studio</name>
      <link href="https://gpx.studio"/>
    </author>
    <link href="https://www.strava.com/routes/3533179951995317454"/>
  </metadata>
  <wpt lat="41.97399" lon="1.879208">
    <ele>440.53632373284546</ele>
    <name>Etapa 2 (Km 8,5) Punt de pas Puig-Reig</name>
    <sym>Drinking Water</sym>
  </wpt>
  <wpt lat="41.900015" lon="1.879395">
    <ele>367.0787172509986</ele>
    <name>Etapa 2 (Km 21) Punt de pas Navàs</name>
    <sym>Drinking Water</sym>
  </wpt>
  <wpt lat="41.863107" lon="1.876879">
    <ele>327.7723909847384</ele>
    <name>Etapa 2 (Km 27) Punt de pas Balsareny</name>
    <sym>Drinking Water</sym>
  </wpt>
  <wpt lat="41.824053" lon="1.894565">
    <ele>273.23189898029716</ele>
    <name>Etapa 2 (Km 33,5) Punt de pas Sallent</name>
    <sym>Drinking Water</sym>
  </wpt>
  <wpt lat="41.75171" lon="1.903825">
    <ele>252.23757978660075</ele>
    <name>Etapa 2 (Km 43,8) Punt de pas Navarcles</name>
    <sym>Drinking Water</sym>
  </wpt>
  <wpt lat="41.70092524712058" lon="1.8685905736670065">
    <ele>181.93122515351607</ele>
    <name>Etapa 2 (Km 56,1) Punt de pas Manresa</name>
    <sym>Drinking Water</sym>
  </wpt>
  <wpt lat="41.665659" lon="1.864047">
    <ele>168.95178719040257</ele>
    <name>Etapa 2 (Km 64,3) Punt de pas Sant Vicenç de Castellet</name>
    <sym>Drinking Water</sym>
  </wpt>
  <wpt lat="41.629017" lon="1.86412">
    <ele>161.39715688369188</ele>
    <name>Etapa 2 (Km 72,2) Punt de pas Castellbell i el Vilar</name>
    <sym>Drinking Water</sym>
  </wpt>
  <wpt lat="41.609762" lon="1.842477">
    <ele>155.04027220014794</ele>
    <name>Etapa 2 (Km 76,5) Arribada Monistrol de Montserrat</name>
    <sym>Drinking Water</sym>
  </wpt>
  <trk>
    <name>Etapa 2</name>
    <link href="https://www.strava.com/routes/3533179951995317454"/>
    <type>hiking</type>
    <trkseg>
      <trkpt lat="42.03369" lon="1.882617">
        <ele>464.9867096375798</ele>
      </trkpt>
      <trkpt lat="42.033682" lon="1.882505">
        <ele>464.46972940768205</ele>
      </trkpt>
      <trkpt lat="42.03365" lon="1.882509">
        <ele>463.51760521362627</ele>
      </trkpt>
      <trkpt lat="42.033642" lon="1.882406">
        <ele>462.6801535395946</ele>
      </trkpt>
      <trkpt lat="42.033632" lon="1.882369">
        <ele>462.29793766558294</ele>
      </trkpt>
      <trkpt lat="42.033599" lon="1.882371">
        <ele>461.3444119319223</ele>
      </trkpt>
      <trkpt lat="42.033581" lon="1.882314">
        <ele>460.6727204358725</ele>
      </trkpt>
      <trkpt lat="42.033647" lon="1.882316">
        <ele>462.50116394696454</ele>
      </trkpt>
      <trkpt lat="42.033802" lon="1.882401">
        <ele>464.6728045186444</ele>
      </trkpt>
      <trkpt lat="42.03381" lon="1.882377">
        <ele>463.42093944541136</ele>
      </trkpt>
      <trkpt lat="42.033821" lon="1.882381">
        <ele>463.3282587506707</ele>
      </trkpt>
      <trkpt lat="42.033838" lon="1.882343">
        <ele>460.69283144499997</ele>
      </trkpt>
      <trkpt lat="42.033738" lon="1.882304">
        <ele>464.03919986017894</ele>
      </trkpt>
      <trkpt lat="42.033485" lon="1.882084">
        <ele>451.7664538127462</ele>
      </trkpt>
      <trkpt lat="42.033355" lon="1.881989">
        <ele>446.956655146234</ele>
      </trkpt>
      <trkpt lat="42.033294" lon="1.881968">
        <ele>444.9491267807389</ele>
      </trkpt>
      <trkpt lat="42.033295" lon="1.882126">
        <ele>448.4163558027993</ele>
      </trkpt>
      <trkpt lat="42.03317" lon="1.882193">
        <ele>445.5577860831326</ele>
      </trkpt>
      <trkpt lat="42.033113" lon="1.882316">
        <ele>444.6881829786803</ele>
      </trkpt>
      <trkpt lat="42.03311" lon="1.8823100000000001">
        <ele>444.4973614604249</ele>
      </trkpt>
      <trkpt lat="42.033060000000006" lon="1.8823100000000001">
        <ele>444.1640273056564</ele>
      </trkpt>
      <trkpt lat="42.03269" lon="1.8822100000000002">
        <ele>443.5926862798188</ele>
      </trkpt>
      <trkpt lat="42.03271" lon="1.8820500000000002">
        <ele>443.99899782108383</ele>
      </trkpt>
      <trkpt lat="42.032700000000006" lon="1.8819500000000002">
        <ele>444.21628447297707</ele>
      </trkpt>
      <trkpt lat="42.032650000000004" lon="1.88179">
        <ele>444.1114916760963</ele>
      </trkpt>
      <trkpt lat="42.03258" lon="1.8817000000000002">
        <ele>444.1548915333724</ele>
      </trkpt>
      <trkpt lat="42.032410000000006" lon="1.8816300000000001">
        <ele>443.8007465058957</ele>
      </trkpt>
      <trkpt lat="42.03224" lon="1.88159">
        <ele>444.0792818971101</ele>
      </trkpt>
      <trkpt lat="42.03210000000001" lon="1.8814700000000002">
        <ele>442.0862411183131</ele>
      </trkpt>
      <trkpt lat="42.03140000006381" lon="1.881464999945392">
        <ele>442.14619672753037</ele>
      </trkpt>
      <trkpt lat="42.0307" lon="1.8814600000000001">
        <ele>441.7905592639064</ele>
      </trkpt>
      <trkpt lat="42.03034" lon="1.8815400000000002">
        <ele>441.3683886550572</ele>
      </trkpt>
      <trkpt lat="42.02996" lon="1.8816800000000002">
        <ele>441.0611180588159</ele>
      </trkpt>
      <trkpt lat="42.029340000000005" lon="1.8821">
        <ele>440.30297086113643</ele>
      </trkpt>
      <trkpt lat="42.02881" lon="1.8826">
        <ele>439.6714373493439</ele>
      </trkpt>
      <trkpt lat="42.02886" lon="1.88271">
        <ele>440.3008299566577</ele>
      </trkpt>
      <trkpt lat="42.028650000000006" lon="1.8829600000000002">
        <ele>440.22212974196304</ele>
      </trkpt>
      <trkpt lat="42.028310000000005" lon="1.8833100000000003">
        <ele>440.3726225770778</ele>
      </trkpt>
      <trkpt lat="42.028110000000005" lon="1.88369">
        <ele>441.2015745307908</ele>
      </trkpt>
      <trkpt lat="42.027950000000004" lon="1.8838800000000002">
        <ele>441.0706205829929</ele>
      </trkpt>
      <trkpt lat="42.0277" lon="1.8840200000000003">
        <ele>440.33783023806484</ele>
      </trkpt>
      <trkpt lat="42.02732" lon="1.8845600000000002">
        <ele>440.860717705879</ele>
      </trkpt>
      <trkpt lat="42.02689" lon="1.8849000000000002">
        <ele>440.8395979532868</ele>
      </trkpt>
      <trkpt lat="42.026395000166175" lon="1.8851450019542966">
        <ele>440.75390659358567</ele>
      </trkpt>
      <trkpt lat="42.0259" lon="1.8853900000000001">
        <ele>440.4306536481555</ele>
      </trkpt>
      <trkpt lat="42.02563000000001" lon="1.88559">
        <ele>441.0355014368172</ele>
      </trkpt>
      <trkpt lat="42.02507000000001" lon="1.8858300000000001">
        <ele>440.9110440495695</ele>
      </trkpt>
      <trkpt lat="42.02479" lon="1.8859800000000002">
        <ele>440.87787314217303</ele>
      </trkpt>
      <trkpt lat="42.024330000000006" lon="1.8858800000000002">
        <ele>437.22477447362945</ele>
      </trkpt>
      <trkpt lat="42.02411" lon="1.8859100000000002">
        <ele>435.85858373884366</ele>
      </trkpt>
      <trkpt lat="42.023520000000005" lon="1.8861400000000001">
        <ele>436.7873618156708</ele>
      </trkpt>
      <trkpt lat="42.023390000000006" lon="1.88623">
        <ele>437.2337397679719</ele>
      </trkpt>
      <trkpt lat="42.02263000000001" lon="1.88674">
        <ele>437.3209440883097</ele>
      </trkpt>
      <trkpt lat="42.02255" lon="1.8867200000000002">
        <ele>436.3690999357203</ele>
      </trkpt>
      <trkpt lat="42.02243" lon="1.8867200000000002">
        <ele>435.7337317413801</ele>
      </trkpt>
      <trkpt lat="42.02228" lon="1.8868000000000003">
        <ele>434.75317530287214</ele>
      </trkpt>
      <trkpt lat="42.021980000000006" lon="1.8871000000000002">
        <ele>435.90580156524743</ele>
      </trkpt>
      <trkpt lat="42.02169000000001" lon="1.8872600000000002">
        <ele>434.71456051323906</ele>
      </trkpt>
      <trkpt lat="42.021440000000005" lon="1.88745">
        <ele>434.0957464711807</ele>
      </trkpt>
      <trkpt lat="42.021300000000004" lon="1.88759">
        <ele>433.60446859218945</ele>
      </trkpt>
      <trkpt lat="42.021240000000006" lon="1.8877100000000002">
        <ele>434.2908111394338</ele>
      </trkpt>
      <trkpt lat="42.02114" lon="1.8877400000000002">
        <ele>435.74275958588646</ele>
      </trkpt>
      <trkpt lat="42.020990000000005" lon="1.8877300000000001">
        <ele>435.58379217565295</ele>
      </trkpt>
      <trkpt lat="42.020680000000006" lon="1.8878400000000002">
        <ele>435.11524262815095</ele>
      </trkpt>
      <trkpt lat="42.02047" lon="1.8878400000000002">
        <ele>433.6469581619858</ele>
      </trkpt>
      <trkpt lat="42.02019000000001" lon="1.88789">
        <ele>433.6216187050977</ele>
      </trkpt>
      <trkpt lat="42.01999" lon="1.8878800000000002">
        <ele>434.21656684907606</ele>
      </trkpt>
      <trkpt lat="42.019800000000004" lon="1.8878000000000001">
        <ele>434.2116835260896</ele>
      </trkpt>
      <trkpt lat="42.019580000000005" lon="1.88755">
        <ele>433.12705402109214</ele>
      </trkpt>
      <trkpt lat="42.019310000000004" lon="1.8874900000000001">
        <ele>434.5584655103238</ele>
      </trkpt>
      <trkpt lat="42.019020000000005" lon="1.8873400000000002">
        <ele>434.07032599713494</ele>
      </trkpt>
      <trkpt lat="42.01876" lon="1.88725">
        <ele>433.6736104534138</ele>
      </trkpt>
      <trkpt lat="42.01801000016075" lon="1.887049997637833">
        <ele>438.14899774215564</ele>
      </trkpt>
      <trkpt lat="42.01726" lon="1.8868500000000001">
        <ele>436.09154234417247</ele>
      </trkpt>
      <trkpt lat="42.01702" lon="1.88691">
        <ele>434.17536054387585</ele>
      </trkpt>
      <trkpt lat="42.01679" lon="1.8870300000000002">
        <ele>433.311916811022</ele>
      </trkpt>
      <trkpt lat="42.01659" lon="1.8868300000000002">
        <ele>434.53901973140717</ele>
      </trkpt>
      <trkpt lat="42.016380000000005" lon="1.88654">
        <ele>432.6822143930795</ele>
      </trkpt>
      <trkpt lat="42.0161" lon="1.8862800000000002">
        <ele>432.8900215506765</ele>
      </trkpt>
      <trkpt lat="42.01578000000001" lon="1.8860800000000002">
        <ele>432.5362088778475</ele>
      </trkpt>
      <trkpt lat="42.01516500006116" lon="1.885884998081442">
        <ele>431.865919308716</ele>
      </trkpt>
      <trkpt lat="42.01455000000001" lon="1.88569">
        <ele>430.83731881553297</ele>
      </trkpt>
      <trkpt lat="42.01428000000001" lon="1.8856300000000001">
        <ele>430.4689207069347</ele>
      </trkpt>
      <trkpt lat="42.01381000000001" lon="1.8857500000000003">
        <ele>429.9574244264045</ele>
      </trkpt>
      <trkpt lat="42.01352000000001" lon="1.8859100000000002">
        <ele>429.69394683365306</ele>
      </trkpt>
      <trkpt lat="42.01328" lon="1.8861200000000002">
        <ele>430.00412060474787</ele>
      </trkpt>
      <trkpt lat="42.01312" lon="1.8863600000000003">
        <ele>430.7968750185051</ele>
      </trkpt>
      <trkpt lat="42.013040000000004" lon="1.8865900000000002">
        <ele>432.42570463402734</ele>
      </trkpt>
      <trkpt lat="42.01277" lon="1.8867200000000002">
        <ele>433.36672161498757</ele>
      </trkpt>
      <trkpt lat="42.012530000000005" lon="1.88677">
        <ele>433.30733715525156</ele>
      </trkpt>
      <trkpt lat="42.0123" lon="1.88694">
        <ele>433.35490214713735</ele>
      </trkpt>
      <trkpt lat="42.01211000000001" lon="1.88698">
        <ele>433.0509717911708</ele>
      </trkpt>
      <trkpt lat="42.01192" lon="1.88698">
        <ele>430.6552205039667</ele>
      </trkpt>
      <trkpt lat="42.0116" lon="1.8871600000000002">
        <ele>432.33200589928356</ele>
      </trkpt>
      <trkpt lat="42.01151" lon="1.8871300000000002">
        <ele>430.0055633580927</ele>
      </trkpt>
      <trkpt lat="42.01129" lon="1.8872300000000002">
        <ele>432.89836190305095</ele>
      </trkpt>
      <trkpt lat="42.011050000000004" lon="1.8873000000000002">
        <ele>432.5442043110501</ele>
      </trkpt>
      <trkpt lat="42.01090000000001" lon="1.88728">
        <ele>431.8920621702771</ele>
      </trkpt>
      <trkpt lat="42.01061000000001" lon="1.8874000000000002">
        <ele>434.77955890106136</ele>
      </trkpt>
      <trkpt lat="42.01052000000001" lon="1.88738">
        <ele>433.6558422984477</ele>
      </trkpt>
      <trkpt lat="42.01017" lon="1.8874400000000002">
        <ele>433.9948910466213</ele>
      </trkpt>
      <trkpt lat="42.00986" lon="1.88742">
        <ele>433.99706661948926</ele>
      </trkpt>
      <trkpt lat="42.00956" lon="1.8873600000000001">
        <ele>438.62796010094064</ele>
      </trkpt>
      <trkpt lat="42.00940000000001" lon="1.8872700000000002">
        <ele>437.41879680691557</ele>
      </trkpt>
      <trkpt lat="42.009170000000005" lon="1.8871000000000002">
        <ele>437.356422691152</ele>
      </trkpt>
      <trkpt lat="42.00891" lon="1.88681">
        <ele>437.9715496449061</ele>
      </trkpt>
      <trkpt lat="42.00845" lon="1.8864">
        <ele>434.4686054718964</ele>
      </trkpt>
      <trkpt lat="42.00822" lon="1.88623">
        <ele>429.65323580325406</ele>
      </trkpt>
      <trkpt lat="42.007740000000005" lon="1.8860800000000002">
        <ele>430.27531475551007</ele>
      </trkpt>
      <trkpt lat="42.007470000000005" lon="1.8858400000000002">
        <ele>426.4287285879341</ele>
      </trkpt>
      <trkpt lat="42.00696000000001" lon="1.8855600000000001">
        <ele>424.0599333350979</ele>
      </trkpt>
      <trkpt lat="42.00658000000001" lon="1.88555">
        <ele>424.6333516190843</ele>
      </trkpt>
      <trkpt lat="42.00632" lon="1.88559">
        <ele>423.9450174744044</ele>
      </trkpt>
      <trkpt lat="42.006130000000006" lon="1.8857100000000002">
        <ele>423.7549040792296</ele>
      </trkpt>
      <trkpt lat="42.005970000000005" lon="1.88596">
        <ele>425.31144793391445</ele>
      </trkpt>
      <trkpt lat="42.005840000000006" lon="1.8861100000000002">
        <ele>423.81468091422056</ele>
      </trkpt>
      <trkpt lat="42.005700000000004" lon="1.8862">
        <ele>421.8405483975861</ele>
      </trkpt>
      <trkpt lat="42.00565" lon="1.8862700000000001">
        <ele>421.8258980182648</ele>
      </trkpt>
      <trkpt lat="42.00562" lon="1.88654">
        <ele>422.96519642910164</ele>
      </trkpt>
      <trkpt lat="42.00554" lon="1.8866200000000002">
        <ele>423.77145324556807</ele>
      </trkpt>
      <trkpt lat="42.00549" lon="1.8867600000000002">
        <ele>424.6938083997183</ele>
      </trkpt>
      <trkpt lat="42.005390000000006" lon="1.8868000000000003">
        <ele>424.8673622708883</ele>
      </trkpt>
      <trkpt lat="42.00529" lon="1.8867900000000002">
        <ele>423.7651047999156</ele>
      </trkpt>
      <trkpt lat="42.005120000000005" lon="1.8869500000000001">
        <ele>420.9866385491084</ele>
      </trkpt>
      <trkpt lat="42.005140000000004" lon="1.8871400000000003">
        <ele>423.4540438193743</ele>
      </trkpt>
      <trkpt lat="42.00507" lon="1.88732">
        <ele>422.84560617551057</ele>
      </trkpt>
      <trkpt lat="42.00506" lon="1.8874700000000002">
        <ele>423.9292423957105</ele>
      </trkpt>
      <trkpt lat="42.00498" lon="1.8876100000000002">
        <ele>421.76072390350345</ele>
      </trkpt>
      <trkpt lat="42.00486" lon="1.8879700000000001">
        <ele>422.7838691684915</ele>
      </trkpt>
      <trkpt lat="42.004760000000005" lon="1.8881800000000002">
        <ele>423.88590269039935</ele>
      </trkpt>
      <trkpt lat="42.00461000000001" lon="1.8883100000000002">
        <ele>420.09703303321334</ele>
      </trkpt>
      <trkpt lat="42.00437" lon="1.88857">
        <ele>418.7710982177272</ele>
      </trkpt>
      <trkpt lat="42.004160000000006" lon="1.8887600000000002">
        <ele>421.75356309848405</ele>
      </trkpt>
      <trkpt lat="42.0041" lon="1.8886900000000002">
        <ele>418.29733192832157</ele>
      </trkpt>
      <trkpt lat="42.004020000000004" lon="1.88847">
        <ele>416.19688722603814</ele>
      </trkpt>
      <trkpt lat="42.00392" lon="1.8883600000000003">
        <ele>417.78682854514335</ele>
      </trkpt>
      <trkpt lat="42.00392" lon="1.8882400000000001">
        <ele>419.6055522001104</ele>
      </trkpt>
      <trkpt lat="42.003840000000004" lon="1.8880200000000003">
        <ele>422.30497404390553</ele>
      </trkpt>
      <trkpt lat="42.003460000000004" lon="1.88799">
        <ele>421.91385718332305</ele>
      </trkpt>
      <trkpt lat="42.003350000000005" lon="1.8879100000000002">
        <ele>422.8287999038882</ele>
      </trkpt>
      <trkpt lat="42.00327" lon="1.88776">
        <ele>424.0200869572808</ele>
      </trkpt>
      <trkpt lat="42.00323" lon="1.8875600000000001">
        <ele>424.9192258049513</ele>
      </trkpt>
      <trkpt lat="42.00321" lon="1.8873700000000002">
        <ele>427.4580986302002</ele>
      </trkpt>
      <trkpt lat="42.003060000000005" lon="1.8869200000000002">
        <ele>426.38987185380347</ele>
      </trkpt>
      <trkpt lat="42.00285" lon="1.88582">
        <ele>423.55200338068016</ele>
      </trkpt>
      <trkpt lat="42.002720000000004" lon="1.8850200000000001">
        <ele>421.5685775554517</ele>
      </trkpt>
      <trkpt lat="42.00271" lon="1.8846500000000002">
        <ele>420.00568117661055</ele>
      </trkpt>
      <trkpt lat="42.00267" lon="1.88457">
        <ele>418.42571033273515</ele>
      </trkpt>
      <trkpt lat="42.00262" lon="1.8845200000000002">
        <ele>416.8067793568</ele>
      </trkpt>
      <trkpt lat="42.002410000000005" lon="1.88437">
        <ele>419.12003940675174</ele>
      </trkpt>
      <trkpt lat="42.00198" lon="1.8842900000000002">
        <ele>419.7761142565601</ele>
      </trkpt>
      <trkpt lat="42.00157" lon="1.8842400000000001">
        <ele>419.4485145676256</ele>
      </trkpt>
      <trkpt lat="42.001360000000005" lon="1.88426">
        <ele>420.42922751931076</ele>
      </trkpt>
      <trkpt lat="42.00114000000001" lon="1.88433">
        <ele>420.1390874624307</ele>
      </trkpt>
      <trkpt lat="42.000750000000004" lon="1.8845600000000002">
        <ele>421.3977209043768</ele>
      </trkpt>
      <trkpt lat="42.00029000000001" lon="1.8848900000000002">
        <ele>422.6003160795084</ele>
      </trkpt>
      <trkpt lat="41.99991000073479" lon="1.8852900023460561">
        <ele>422.4411986181453</ele>
      </trkpt>
      <trkpt lat="41.99953" lon="1.88569">
        <ele>420.38808684914125</ele>
      </trkpt>
      <trkpt lat="41.99893" lon="1.8863600000000003">
        <ele>417.8888363579208</ele>
      </trkpt>
      <trkpt lat="41.99844" lon="1.8868900000000002">
        <ele>415.8884854191986</ele>
      </trkpt>
      <trkpt lat="41.9983" lon="1.8870000000000002">
        <ele>415.3097611630093</ele>
      </trkpt>
      <trkpt lat="41.998020000000004" lon="1.88704">
        <ele>417.46291697259863</ele>
      </trkpt>
      <trkpt lat="41.997710000000005" lon="1.8870500000000001">
        <ele>420.3321298227747</ele>
      </trkpt>
      <trkpt lat="41.997690000000006" lon="1.8867900000000002">
        <ele>421.8884469403511</ele>
      </trkpt>
      <trkpt lat="41.997150000000005" lon="1.8864">
        <ele>424.95166710264743</ele>
      </trkpt>
      <trkpt lat="41.99694" lon="1.8862200000000002">
        <ele>426.5054170615173</ele>
      </trkpt>
      <trkpt lat="41.9968" lon="1.88603">
        <ele>428.2773818565162</ele>
      </trkpt>
      <trkpt lat="41.99649" lon="1.8858500000000002">
        <ele>432.27398281837236</ele>
      </trkpt>
      <trkpt lat="41.996170000000006" lon="1.8857300000000001">
        <ele>436.86876906350994</ele>
      </trkpt>
      <trkpt lat="41.99586" lon="1.88569">
        <ele>437.0076869525435</ele>
      </trkpt>
      <trkpt lat="41.995290000000004" lon="1.8856700000000002">
        <ele>430.77075131556796</ele>
      </trkpt>
      <trkpt lat="41.99515" lon="1.8856100000000002">
        <ele>432.41392270070196</ele>
      </trkpt>
      <trkpt lat="41.99452" lon="1.88559">
        <ele>429.1860729674624</ele>
      </trkpt>
      <trkpt lat="41.993680000000005" lon="1.8854600000000001">
        <ele>425.2950510102868</ele>
      </trkpt>
      <trkpt lat="41.993680000000005" lon="1.8854400000000002">
        <ele>426.0657876278014</ele>
      </trkpt>
      <trkpt lat="41.993640000000006" lon="1.8853400000000002">
        <ele>429.1431171475614</ele>
      </trkpt>
      <trkpt lat="41.993610000000004" lon="1.88532">
        <ele>428.94567725328636</ele>
      </trkpt>
      <trkpt lat="41.99356" lon="1.8853400000000002">
        <ele>428.8252398957964</ele>
      </trkpt>
      <trkpt lat="41.99318" lon="1.8852900000000001">
        <ele>428.190537517077</ele>
      </trkpt>
      <trkpt lat="41.99309" lon="1.8852700000000002">
        <ele>428.93886087266446</ele>
      </trkpt>
      <trkpt lat="41.99309" lon="1.8851700000000002">
        <ele>430.2129147469228</ele>
      </trkpt>
      <trkpt lat="41.99316" lon="1.8849700000000003">
        <ele>432.61328347050215</ele>
      </trkpt>
      <trkpt lat="41.99322" lon="1.88494">
        <ele>430.068739644341</ele>
      </trkpt>
      <trkpt lat="41.99326000000001" lon="1.8849600000000002">
        <ele>427.99846660268236</ele>
      </trkpt>
      <trkpt lat="41.993320000000004" lon="1.8851300000000002">
        <ele>424.7255667624575</ele>
      </trkpt>
      <trkpt lat="41.993320000000004" lon="1.88538">
        <ele>424.53455713441105</ele>
      </trkpt>
      <trkpt lat="41.993280000000006" lon="1.8856100000000002">
        <ele>413.369023621304</ele>
      </trkpt>
      <trkpt lat="41.993170000000006" lon="1.88579">
        <ele>409.2260388087769</ele>
      </trkpt>
      <trkpt lat="41.99261500075763" lon="1.8861950034979567">
        <ele>407.27632891087165</ele>
      </trkpt>
      <trkpt lat="41.99206" lon="1.8866">
        <ele>406.48382737919536</ele>
      </trkpt>
      <trkpt lat="41.991420000000005" lon="1.88725">
        <ele>406.7385752591011</ele>
      </trkpt>
      <trkpt lat="41.991110000000006" lon="1.8875800000000003">
        <ele>407.168571232236</ele>
      </trkpt>
      <trkpt lat="41.99071000038995" lon="1.8878650017642162">
        <ele>407.7948348881347</ele>
      </trkpt>
      <trkpt lat="41.99031" lon="1.8881500000000002">
        <ele>407.76903583396563</ele>
      </trkpt>
      <trkpt lat="41.990210000000005" lon="1.8881100000000002">
        <ele>408.61836240714433</ele>
      </trkpt>
      <trkpt lat="41.990140000000004" lon="1.8882500000000002">
        <ele>408.0644962101484</ele>
      </trkpt>
      <trkpt lat="41.99006000000001" lon="1.8883200000000002">
        <ele>407.8385367622662</ele>
      </trkpt>
      <trkpt lat="41.9898" lon="1.8884400000000001">
        <ele>409.25096180613934</ele>
      </trkpt>
      <trkpt lat="41.98921" lon="1.8888500000000001">
        <ele>410.91757916144405</ele>
      </trkpt>
      <trkpt lat="41.98895" lon="1.8891000000000002">
        <ele>409.48847350635754</ele>
      </trkpt>
      <trkpt lat="41.9889" lon="1.8891300000000002">
        <ele>409.1170496874947</ele>
      </trkpt>
      <trkpt lat="41.98872" lon="1.88918">
        <ele>409.0471075061537</ele>
      </trkpt>
      <trkpt lat="41.988490000000006" lon="1.88918">
        <ele>408.7864035152938</ele>
      </trkpt>
      <trkpt lat="41.98818000000001" lon="1.88901">
        <ele>408.2293537906345</ele>
      </trkpt>
      <trkpt lat="41.98799" lon="1.8887900000000002">
        <ele>407.7205643983637</ele>
      </trkpt>
      <trkpt lat="41.98785" lon="1.8887500000000002">
        <ele>405.2749300616045</ele>
      </trkpt>
      <trkpt lat="41.98778" lon="1.8886500000000002">
        <ele>404.88034113942143</ele>
      </trkpt>
      <trkpt lat="41.98767" lon="1.8887600000000002">
        <ele>400.31225857017887</ele>
      </trkpt>
      <trkpt lat="41.98741000107714" lon="1.8882549978802858">
        <ele>400.5854494032067</ele>
      </trkpt>
      <trkpt lat="41.98715000000001" lon="1.8877500000000003">
        <ele>401.6676451813836</ele>
      </trkpt>
      <trkpt lat="41.98709" lon="1.88755">
        <ele>401.5142804062681</ele>
      </trkpt>
      <trkpt lat="41.987080000000006" lon="1.8873400000000002">
        <ele>403.3610973898369</ele>
      </trkpt>
      <trkpt lat="41.987030000000004" lon="1.8869700000000003">
        <ele>404.12183866854673</ele>
      </trkpt>
      <trkpt lat="41.986790000000006" lon="1.8859500000000002">
        <ele>399.4433405424246</ele>
      </trkpt>
      <trkpt lat="41.986790000000006" lon="1.8856700000000002">
        <ele>400.45833350266923</ele>
      </trkpt>
      <trkpt lat="41.98666" lon="1.8855100000000002">
        <ele>398.52362994976954</ele>
      </trkpt>
      <trkpt lat="41.98649" lon="1.8853400000000002">
        <ele>397.7273051049866</ele>
      </trkpt>
      <trkpt lat="41.986230000000006" lon="1.88515">
        <ele>397.72361311179986</ele>
      </trkpt>
      <trkpt lat="41.985800000000005" lon="1.8850300000000002">
        <ele>398.17554735854014</ele>
      </trkpt>
      <trkpt lat="41.985620000000004" lon="1.8850700000000002">
        <ele>398.4148159615731</ele>
      </trkpt>
      <trkpt lat="41.984910000000006" lon="1.8851200000000001">
        <ele>399.33533176966216</ele>
      </trkpt>
      <trkpt lat="41.984880000000004" lon="1.88521">
        <ele>397.3505713454176</ele>
      </trkpt>
      <trkpt lat="41.984680000000004" lon="1.8852600000000002">
        <ele>398.2655037004307</ele>
      </trkpt>
      <trkpt lat="41.98425" lon="1.8855300000000002">
        <ele>395.2863190797005</ele>
      </trkpt>
      <trkpt lat="41.98396" lon="1.8855700000000002">
        <ele>396.9336520114099</ele>
      </trkpt>
      <trkpt lat="41.98384" lon="1.8855600000000001">
        <ele>397.8685633037114</ele>
      </trkpt>
      <trkpt lat="41.983650000000004" lon="1.8854700000000002">
        <ele>400.4526658107246</ele>
      </trkpt>
      <trkpt lat="41.98292" lon="1.8856000000000002">
        <ele>399.4683648464994</ele>
      </trkpt>
      <trkpt lat="41.982600000000005" lon="1.8856100000000002">
        <ele>398.1123002439261</ele>
      </trkpt>
      <trkpt lat="41.982290000000006" lon="1.88535">
        <ele>401.98578847068796</ele>
      </trkpt>
      <trkpt lat="41.98219" lon="1.8851200000000001">
        <ele>404.4208706810031</ele>
      </trkpt>
      <trkpt lat="41.98208" lon="1.8850200000000001">
        <ele>405.7577872128926</ele>
      </trkpt>
      <trkpt lat="41.98203" lon="1.8847900000000002">
        <ele>415.59758003590946</ele>
      </trkpt>
      <trkpt lat="41.982060000000004" lon="1.8845500000000002">
        <ele>408.1145068349625</ele>
      </trkpt>
      <trkpt lat="41.98216" lon="1.8843100000000002">
        <ele>409.4692986411044</ele>
      </trkpt>
      <trkpt lat="41.98219" lon="1.8838100000000002">
        <ele>411.5526618851535</ele>
      </trkpt>
      <trkpt lat="41.981550000000006" lon="1.8833600000000001">
        <ele>414.0889616516807</ele>
      </trkpt>
      <trkpt lat="41.98143" lon="1.8833100000000003">
        <ele>412.57349727899</ele>
      </trkpt>
      <trkpt lat="41.98131" lon="1.8833300000000002">
        <ele>406.26479552771735</ele>
      </trkpt>
      <trkpt lat="41.98124000000001" lon="1.8832300000000002">
        <ele>408.47859130280824</ele>
      </trkpt>
      <trkpt lat="41.98118" lon="1.88325">
        <ele>405.1077415605343</ele>
      </trkpt>
      <trkpt lat="41.98096" lon="1.8832200000000001">
        <ele>401.71894819440206</ele>
      </trkpt>
      <trkpt lat="41.980560000000004" lon="1.8830600000000002">
        <ele>401.9603490962261</ele>
      </trkpt>
      <trkpt lat="41.98033" lon="1.88288">
        <ele>412.179721576471</ele>
      </trkpt>
      <trkpt lat="41.97997" lon="1.8827800000000001">
        <ele>418.69993824632627</ele>
      </trkpt>
      <trkpt lat="41.97937" lon="1.88274">
        <ele>419.4401078233826</ele>
      </trkpt>
      <trkpt lat="41.97919" lon="1.8827800000000001">
        <ele>421.81144566569617</ele>
      </trkpt>
      <trkpt lat="41.97899" lon="1.88287">
        <ele>419.2222114380521</ele>
      </trkpt>
      <trkpt lat="41.978750000000005" lon="1.88291">
        <ele>422.65743140987314</ele>
      </trkpt>
      <trkpt lat="41.97862000000001" lon="1.8830300000000002">
        <ele>421.12428462754866</ele>
      </trkpt>
      <trkpt lat="41.97847" lon="1.8831200000000001">
        <ele>419.664648603005</ele>
      </trkpt>
      <trkpt lat="41.97843" lon="1.88318">
        <ele>415.0765008795642</ele>
      </trkpt>
      <trkpt lat="41.97838" lon="1.8832000000000002">
        <ele>413.3839372285785</ele>
      </trkpt>
      <trkpt lat="41.978350000000006" lon="1.88315">
        <ele>415.6126309510195</ele>
      </trkpt>
      <trkpt lat="41.978300000000004" lon="1.88311">
        <ele>416.0662749807923</ele>
      </trkpt>
      <trkpt lat="41.97823" lon="1.88311">
        <ele>414.44121824641826</ele>
      </trkpt>
      <trkpt lat="41.97815000000001" lon="1.8831700000000002">
        <ele>411.4122835671599</ele>
      </trkpt>
      <trkpt lat="41.97805" lon="1.8831600000000002">
        <ele>409.74515330252893</ele>
      </trkpt>
      <trkpt lat="41.978" lon="1.8832200000000001">
        <ele>407.19814334858665</ele>
      </trkpt>
      <trkpt lat="41.97807" lon="1.8833400000000002">
        <ele>405.6021217484738</ele>
      </trkpt>
      <trkpt lat="41.978060000000006" lon="1.8833900000000001">
        <ele>404.24915533771696</ele>
      </trkpt>
      <trkpt lat="41.97796" lon="1.88338">
        <ele>403.3053287735265</ele>
      </trkpt>
      <trkpt lat="41.977880000000006" lon="1.8834000000000002">
        <ele>401.6220618642625</ele>
      </trkpt>
      <trkpt lat="41.977878" lon="1.883402">
        <ele>401.5441718745108</ele>
      </trkpt>
      <trkpt lat="41.977604" lon="1.883026">
        <ele>404.7221913022325</ele>
      </trkpt>
      <trkpt lat="41.977432" lon="1.882798">
        <ele>405.9199375575136</ele>
      </trkpt>
      <trkpt lat="41.977222" lon="1.88252">
        <ele>406.31189209947564</ele>
      </trkpt>
      <trkpt lat="41.977093" lon="1.882394">
        <ele>405.43914870146887</ele>
      </trkpt>
      <trkpt lat="41.976893" lon="1.882154">
        <ele>407.9013825185857</ele>
      </trkpt>
      <trkpt lat="41.976794" lon="1.881992">
        <ele>409.8730655223069</ele>
      </trkpt>
      <trkpt lat="41.97673" lon="1.881865">
        <ele>411.17151918805394</ele>
      </trkpt>
      <trkpt lat="41.976695" lon="1.881654">
        <ele>412.49595932538585</ele>
      </trkpt>
      <trkpt lat="41.976647" lon="1.881465">
        <ele>412.6912019726071</ele>
      </trkpt>
      <trkpt lat="41.976635" lon="1.881327">
        <ele>412.2868464882555</ele>
      </trkpt>
      <trkpt lat="41.976541" lon="1.881248">
        <ele>410.69539104229585</ele>
      </trkpt>
      <trkpt lat="41.976487" lon="1.881178">
        <ele>410.1678591882028</ele>
      </trkpt>
      <trkpt lat="41.976499" lon="1.881113">
        <ele>410.47054799304345</ele>
      </trkpt>
      <trkpt lat="41.976035" lon="1.88065">
        <ele>415.99068256040226</ele>
      </trkpt>
      <trkpt lat="41.976013" lon="1.880572">
        <ele>416.7645589201678</ele>
      </trkpt>
      <trkpt lat="41.975988" lon="1.880515">
        <ele>417.3892785287353</ele>
      </trkpt>
      <trkpt lat="41.975964" lon="1.880478">
        <ele>417.93398695043084</ele>
      </trkpt>
      <trkpt lat="41.975931" lon="1.880248">
        <ele>421.5135443483468</ele>
      </trkpt>
      <trkpt lat="41.975915" lon="1.880184">
        <ele>422.43493198074714</ele>
      </trkpt>
      <trkpt lat="41.975877" lon="1.880057">
        <ele>424.74074659807354</ele>
      </trkpt>
      <trkpt lat="41.975772" lon="1.879945">
        <ele>426.7852767149483</ele>
      </trkpt>
      <trkpt lat="41.975583" lon="1.879683">
        <ele>433.7901615757245</ele>
      </trkpt>
      <trkpt lat="41.975539" lon="1.879652">
        <ele>434.45586801401595</ele>
      </trkpt>
      <trkpt lat="41.975521" lon="1.879533">
        <ele>436.9275884254832</ele>
      </trkpt>
      <trkpt lat="41.975197" lon="1.879573">
        <ele>437.4328538342258</ele>
      </trkpt>
      <trkpt lat="41.975158" lon="1.879488">
        <ele>438.86149763637627</ele>
      </trkpt>
      <trkpt lat="41.974956" lon="1.879316">
        <ele>439.4538914211389</ele>
      </trkpt>
      <trkpt lat="41.974764" lon="1.879094">
        <ele>440.2261968559961</ele>
      </trkpt>
      <trkpt lat="41.974459" lon="1.878785">
        <ele>440.8457794871491</ele>
      </trkpt>
      <trkpt lat="41.974422" lon="1.878823">
        <ele>441.00492745215234</ele>
      </trkpt>
      <trkpt lat="41.974054" lon="1.879183">
        <ele>440.73250017840854</ele>
      </trkpt>
      <trkpt lat="41.974422" lon="1.878823">
        <ele>441.00492745215234</ele>
      </trkpt>
      <trkpt lat="41.974459" lon="1.878785">
        <ele>440.8457794871491</ele>
      </trkpt>
      <trkpt lat="41.974764" lon="1.879094">
        <ele>440.2261968559961</ele>
      </trkpt>
      <trkpt lat="41.974956" lon="1.879316">
        <ele>439.4538914211389</ele>
      </trkpt>
      <trkpt lat="41.975158" lon="1.879488">
        <ele>438.86149763637627</ele>
      </trkpt>
      <trkpt lat="41.975197" lon="1.879573">
        <ele>437.4328538342258</ele>
      </trkpt>
      <trkpt lat="41.975521" lon="1.879533">
        <ele>436.9275884254832</ele>
      </trkpt>
      <trkpt lat="41.975539" lon="1.879652">
        <ele>434.45586801401595</ele>
      </trkpt>
      <trkpt lat="41.975583" lon="1.879683">
        <ele>433.7901615757245</ele>
      </trkpt>
      <trkpt lat="41.975772" lon="1.879945">
        <ele>426.7852767149483</ele>
      </trkpt>
      <trkpt lat="41.975877" lon="1.880057">
        <ele>424.74074659807354</ele>
      </trkpt>
      <trkpt lat="41.975915" lon="1.880184">
        <ele>422.43493198074714</ele>
      </trkpt>
      <trkpt lat="41.975931" lon="1.880248">
        <ele>421.5135443483468</ele>
      </trkpt>
      <trkpt lat="41.975964" lon="1.880478">
        <ele>417.93398695043084</ele>
      </trkpt>
      <trkpt lat="41.975988" lon="1.880515">
        <ele>417.3892785287353</ele>
      </trkpt>
      <trkpt lat="41.976013" lon="1.880572">
        <ele>416.7645589201678</ele>
      </trkpt>
      <trkpt lat="41.976035" lon="1.88065">
        <ele>415.99068256040226</ele>
      </trkpt>
      <trkpt lat="41.976052" lon="1.880666">
        <ele>415.8708721479471</ele>
      </trkpt>
      <trkpt lat="41.976149" lon="1.881318">
        <ele>405.92613881448807</ele>
      </trkpt>
      <trkpt lat="41.976092" lon="1.881352">
        <ele>405.12923720291303</ele>
      </trkpt>
      <trkpt lat="41.97606" lon="1.881399">
        <ele>403.7555706820134</ele>
      </trkpt>
      <trkpt lat="41.975993" lon="1.881361">
        <ele>402.83948117755045</ele>
      </trkpt>
      <trkpt lat="41.975676" lon="1.881382">
        <ele>393.779768946315</ele>
      </trkpt>
      <trkpt lat="41.975553" lon="1.88137">
        <ele>389.96689237996577</ele>
      </trkpt>
      <trkpt lat="41.975456" lon="1.881332">
        <ele>389.3070924628803</ele>
      </trkpt>
      <trkpt lat="41.975324" lon="1.881239">
        <ele>387.9613890381108</ele>
      </trkpt>
      <trkpt lat="41.975138" lon="1.881053">
        <ele>388.2699187530958</ele>
      </trkpt>
      <trkpt lat="41.975047" lon="1.880981">
        <ele>388.20735463420334</ele>
      </trkpt>
      <trkpt lat="41.974814" lon="1.880748">
        <ele>387.9268703679965</ele>
      </trkpt>
      <trkpt lat="41.974729" lon="1.880647">
        <ele>389.96857479745483</ele>
      </trkpt>
      <trkpt lat="41.974525" lon="1.880473">
        <ele>390.7377368773238</ele>
      </trkpt>
      <trkpt lat="41.97438" lon="1.880427">
        <ele>388.3357105672497</ele>
      </trkpt>
      <trkpt lat="41.974242" lon="1.880401">
        <ele>387.50292642752277</ele>
      </trkpt>
      <trkpt lat="41.974047" lon="1.880389">
        <ele>387.2904346180538</ele>
      </trkpt>
      <trkpt lat="41.973796" lon="1.880587">
        <ele>386.2904111296677</ele>
      </trkpt>
      <trkpt lat="41.973544" lon="1.880812">
        <ele>389.435531837427</ele>
      </trkpt>
      <trkpt lat="41.973544" lon="1.880812">
        <ele>389.435531837427</ele>
      </trkpt>
      <trkpt lat="41.973403" lon="1.880938">
        <ele>389.3045160666028</ele>
      </trkpt>
      <trkpt lat="41.97331217150024" lon="1.8811122800655247">
        <ele>390.5372971124391</ele>
      </trkpt>
      <trkpt lat="41.973206" lon="1.881316">
        <ele>391.78459009756716</ele>
      </trkpt>
      <trkpt lat="41.973200000000006" lon="1.8813100000000003">
        <ele>392.32037729884973</ele>
      </trkpt>
      <trkpt lat="41.973000000000006" lon="1.8820400000000002">
        <ele>395.56925649214617</ele>
      </trkpt>
      <trkpt lat="41.97296" lon="1.8828200000000002">
        <ele>389.95032374405844</ele>
      </trkpt>
      <trkpt lat="41.972860000000004" lon="1.8831000000000002">
        <ele>391.29745611078704</ele>
      </trkpt>
      <trkpt lat="41.97283" lon="1.8833600000000001">
        <ele>389.87482749947844</ele>
      </trkpt>
      <trkpt lat="41.97258" lon="1.88413">
        <ele>391.2008877429847</ele>
      </trkpt>
      <trkpt lat="41.972460000000005" lon="1.8846200000000002">
        <ele>391.450390299343</ele>
      </trkpt>
      <trkpt lat="41.972350000000006" lon="1.88545">
        <ele>389.25576317587587</ele>
      </trkpt>
      <trkpt lat="41.97223" lon="1.8856800000000002">
        <ele>389.96717479255403</ele>
      </trkpt>
      <trkpt lat="41.97214" lon="1.8857800000000002">
        <ele>392.0763327388983</ele>
      </trkpt>
      <trkpt lat="41.971830000000004" lon="1.8866600000000002">
        <ele>389.4092704986681</ele>
      </trkpt>
      <trkpt lat="41.97146" lon="1.8874900000000001">
        <ele>386.0836349136843</ele>
      </trkpt>
      <trkpt lat="41.97133" lon="1.8876600000000001">
        <ele>385.60384117537575</ele>
      </trkpt>
      <trkpt lat="41.97106" lon="1.88776">
        <ele>386.2271302093588</ele>
      </trkpt>
      <trkpt lat="41.97104" lon="1.8877700000000002">
        <ele>386.1763632884611</ele>
      </trkpt>
      <trkpt lat="41.97082" lon="1.8878700000000002">
        <ele>386.1665549150426</ele>
      </trkpt>
      <trkpt lat="41.970330000000004" lon="1.8879700000000001">
        <ele>385.9257340791587</ele>
      </trkpt>
      <trkpt lat="41.969660000000005" lon="1.8882">
        <ele>388.9646608221227</ele>
      </trkpt>
      <trkpt lat="41.96927" lon="1.88837">
        <ele>393.5059134049973</ele>
      </trkpt>
      <trkpt lat="41.968720000000005" lon="1.8885800000000001">
        <ele>396.00965728247843</ele>
      </trkpt>
      <trkpt lat="41.96858" lon="1.88857">
        <ele>398.06904754667875</ele>
      </trkpt>
      <trkpt lat="41.96847" lon="1.8885">
        <ele>402.4025444871884</ele>
      </trkpt>
      <trkpt lat="41.968300000000006" lon="1.8884800000000002">
        <ele>401.8144680541849</ele>
      </trkpt>
      <trkpt lat="41.96813" lon="1.8884">
        <ele>404.80450782329297</ele>
      </trkpt>
      <trkpt lat="41.96802" lon="1.8883800000000002">
        <ele>406.3882257465672</ele>
      </trkpt>
      <trkpt lat="41.96766" lon="1.8884900000000002">
        <ele>401.976769611545</ele>
      </trkpt>
      <trkpt lat="41.96734" lon="1.8884600000000002">
        <ele>400.18982997047567</ele>
      </trkpt>
      <trkpt lat="41.967000000000006" lon="1.8883400000000001">
        <ele>398.53221628478775</ele>
      </trkpt>
      <trkpt lat="41.96692" lon="1.8882900000000002">
        <ele>398.5202102691623</ele>
      </trkpt>
      <trkpt lat="41.96678" lon="1.8881500000000002">
        <ele>399.4642233550634</ele>
      </trkpt>
      <trkpt lat="41.966440000000006" lon="1.8878700000000002">
        <ele>397.6652356827059</ele>
      </trkpt>
      <trkpt lat="41.9664" lon="1.8878000000000001">
        <ele>398.06245298727964</ele>
      </trkpt>
      <trkpt lat="41.96634" lon="1.8877500000000003">
        <ele>397.6398095921133</ele>
      </trkpt>
      <trkpt lat="41.96625" lon="1.8875400000000002">
        <ele>397.4950903005708</ele>
      </trkpt>
      <trkpt lat="41.96594000374763" lon="1.8866049953131916">
        <ele>396.74493047072343</ele>
      </trkpt>
      <trkpt lat="41.965630000000004" lon="1.8856700000000002">
        <ele>395.0232594015292</ele>
      </trkpt>
      <trkpt lat="41.96546" lon="1.88579">
        <ele>389.5989921185223</ele>
      </trkpt>
      <trkpt lat="41.965120000000006" lon="1.8847800000000001">
        <ele>387.1137764885795</ele>
      </trkpt>
      <trkpt lat="41.96488" lon="1.8841200000000002">
        <ele>387.68221910846364</ele>
      </trkpt>
      <trkpt lat="41.9647" lon="1.88406">
        <ele>384.9935593183994</ele>
      </trkpt>
      <trkpt lat="41.96464" lon="1.8840200000000003">
        <ele>383.4056627913662</ele>
      </trkpt>
      <trkpt lat="41.964310000000005" lon="1.8832600000000002">
        <ele>378.8866485331059</ele>
      </trkpt>
      <trkpt lat="41.964290000000005" lon="1.8829600000000002">
        <ele>380.42890210108953</ele>
      </trkpt>
      <trkpt lat="41.96416000000001" lon="1.88271">
        <ele>380.31949126895887</ele>
      </trkpt>
      <trkpt lat="41.964110000000005" lon="1.8826600000000002">
        <ele>380.53582131165297</ele>
      </trkpt>
      <trkpt lat="41.96392" lon="1.8825600000000002">
        <ele>381.99742187821255</ele>
      </trkpt>
      <trkpt lat="41.96385" lon="1.8825">
        <ele>382.7950641533037</ele>
      </trkpt>
      <trkpt lat="41.96337000169907" lon="1.8818799953695602">
        <ele>378.8463053807408</ele>
      </trkpt>
      <trkpt lat="41.96289" lon="1.8812600000000002">
        <ele>386.80863720081163</ele>
      </trkpt>
      <trkpt lat="41.962880000000006" lon="1.8811600000000002">
        <ele>388.7997516191323</ele>
      </trkpt>
      <trkpt lat="41.96256" lon="1.8809200000000001">
        <ele>384.7081076064167</ele>
      </trkpt>
      <trkpt lat="41.962300000000006" lon="1.8806800000000001">
        <ele>383.52509571448263</ele>
      </trkpt>
      <trkpt lat="41.96217" lon="1.8806300000000002">
        <ele>383.2184013202116</ele>
      </trkpt>
      <trkpt lat="41.961470000000006" lon="1.88064">
        <ele>379.8451790324013</ele>
      </trkpt>
      <trkpt lat="41.961040000000004" lon="1.8807500000000001">
        <ele>378.1623919854559</ele>
      </trkpt>
      <trkpt lat="41.960620000000006" lon="1.8810000000000002">
        <ele>378.14292566125795</ele>
      </trkpt>
      <trkpt lat="41.960170000000005" lon="1.8813600000000001">
        <ele>375.9780485497839</ele>
      </trkpt>
      <trkpt lat="41.95991" lon="1.88162">
        <ele>375.26654904503033</ele>
      </trkpt>
      <trkpt lat="41.95943500053363" lon="1.881995002855651">
        <ele>378.7737054548906</ele>
      </trkpt>
      <trkpt lat="41.958960000000005" lon="1.88237">
        <ele>378.93121944279164</ele>
      </trkpt>
      <trkpt lat="41.958940000000005" lon="1.8823400000000001">
        <ele>379.9833774173959</ele>
      </trkpt>
      <trkpt lat="41.95890000000001" lon="1.8823600000000003">
        <ele>380.3180128207514</ele>
      </trkpt>
      <trkpt lat="41.95832" lon="1.8824500000000002">
        <ele>388.94165729788415</ele>
      </trkpt>
      <trkpt lat="41.957910000000005" lon="1.8825500000000002">
        <ele>396.3435127491589</ele>
      </trkpt>
      <trkpt lat="41.95774" lon="1.88267">
        <ele>396.6165494947661</ele>
      </trkpt>
      <trkpt lat="41.95761" lon="1.8827000000000003">
        <ele>395.0100090498712</ele>
      </trkpt>
      <trkpt lat="41.957570000000004" lon="1.8826800000000001">
        <ele>394.5581690815712</ele>
      </trkpt>
      <trkpt lat="41.95754" lon="1.8826100000000001">
        <ele>394.41550991365295</ele>
      </trkpt>
      <trkpt lat="41.95754" lon="1.8825300000000003">
        <ele>395.21091866893454</ele>
      </trkpt>
      <trkpt lat="41.957420000000006" lon="1.88247">
        <ele>391.7111229636672</ele>
      </trkpt>
      <trkpt lat="41.957275001799445" lon="1.881834998773969">
        <ele>390.8463979073073</ele>
      </trkpt>
      <trkpt lat="41.95713000000001" lon="1.8812000000000002">
        <ele>388.512789488715</ele>
      </trkpt>
      <trkpt lat="41.957" lon="1.88105">
        <ele>386.06163091720055</ele>
      </trkpt>
      <trkpt lat="41.956390000000006" lon="1.8806200000000002">
        <ele>379.8228739440081</ele>
      </trkpt>
      <trkpt lat="41.95628000000001" lon="1.8805">
        <ele>377.65791840368007</ele>
      </trkpt>
      <trkpt lat="41.9562" lon="1.8804900000000002">
        <ele>374.65064725852307</ele>
      </trkpt>
      <trkpt lat="41.95619000000001" lon="1.8805">
        <ele>373.878649969282</ele>
      </trkpt>
      <trkpt lat="41.956250000000004" lon="1.8805800000000001">
        <ele>374.08897956497947</ele>
      </trkpt>
      <trkpt lat="41.956230000000005" lon="1.8806500000000002">
        <ele>371.46361980943044</ele>
      </trkpt>
      <trkpt lat="41.95619000000001" lon="1.8806500000000002">
        <ele>369.59442740787324</ele>
      </trkpt>
      <trkpt lat="41.95606" lon="1.88057">
        <ele>367.0022662260763</ele>
      </trkpt>
      <trkpt lat="41.95595" lon="1.8805600000000002">
        <ele>364.88730920531407</ele>
      </trkpt>
      <trkpt lat="41.95590000000001" lon="1.88071">
        <ele>363.02346119578476</ele>
      </trkpt>
      <trkpt lat="41.95557" lon="1.88088">
        <ele>368.5494416541072</ele>
      </trkpt>
      <trkpt lat="41.95548" lon="1.88091">
        <ele>373.21824596556513</ele>
      </trkpt>
      <trkpt lat="41.955380000000005" lon="1.8808600000000002">
        <ele>373.02779884250026</ele>
      </trkpt>
      <trkpt lat="41.955290000000005" lon="1.8808500000000001">
        <ele>371.1762803447832</ele>
      </trkpt>
      <trkpt lat="41.95517" lon="1.8808700000000003">
        <ele>369.1235669354207</ele>
      </trkpt>
      <trkpt lat="41.955090000000006" lon="1.8809600000000002">
        <ele>370.0135852869869</ele>
      </trkpt>
      <trkpt lat="41.955090000000006" lon="1.8809500000000001">
        <ele>369.69163037333794</ele>
      </trkpt>
      <trkpt lat="41.95496000000001" lon="1.88111">
        <ele>371.82167130222257</ele>
      </trkpt>
      <trkpt lat="41.95478000000001" lon="1.8812000000000002">
        <ele>368.8269519940909</ele>
      </trkpt>
      <trkpt lat="41.95465" lon="1.8812300000000002">
        <ele>366.6056981945427</ele>
      </trkpt>
      <trkpt lat="41.954440000000005" lon="1.8813600000000001">
        <ele>364.1734367986819</ele>
      </trkpt>
      <trkpt lat="41.954330000000006" lon="1.8815600000000001">
        <ele>365.6980972365722</ele>
      </trkpt>
      <trkpt lat="41.954130000000006" lon="1.8816000000000002">
        <ele>364.51804876768773</ele>
      </trkpt>
      <trkpt lat="41.953970000000005" lon="1.8816800000000002">
        <ele>364.09772039032555</ele>
      </trkpt>
      <trkpt lat="41.953790000000005" lon="1.8818700000000002">
        <ele>364.3819516292193</ele>
      </trkpt>
      <trkpt lat="41.953700000000005" lon="1.8820200000000002">
        <ele>365.25720389637877</ele>
      </trkpt>
      <trkpt lat="41.953610000000005" lon="1.8820400000000002">
        <ele>363.3226988347664</ele>
      </trkpt>
      <trkpt lat="41.953430000000004" lon="1.8822400000000001">
        <ele>364.74476457139866</ele>
      </trkpt>
      <trkpt lat="41.95322" lon="1.8825">
        <ele>365.5177663781259</ele>
      </trkpt>
      <trkpt lat="41.952850000000005" lon="1.8829000000000002">
        <ele>362.95440580594794</ele>
      </trkpt>
      <trkpt lat="41.952740000000006" lon="1.8830600000000002">
        <ele>362.7265548648214</ele>
      </trkpt>
      <trkpt lat="41.95272000000001" lon="1.8831400000000003">
        <ele>363.46047247585756</ele>
      </trkpt>
      <trkpt lat="41.952670000000005" lon="1.88315">
        <ele>362.79485157960005</ele>
      </trkpt>
      <trkpt lat="41.952540000000006" lon="1.88332">
        <ele>362.74712545973733</ele>
      </trkpt>
      <trkpt lat="41.952380000000005" lon="1.8837000000000002">
        <ele>364.45254598372503</ele>
      </trkpt>
      <trkpt lat="41.952540000000006" lon="1.88332">
        <ele>362.74712545973733</ele>
      </trkpt>
      <trkpt lat="41.952670000000005" lon="1.88315">
        <ele>362.79485157960005</ele>
      </trkpt>
      <trkpt lat="41.95272000000001" lon="1.8831400000000003">
        <ele>363.46047247585756</ele>
      </trkpt>
      <trkpt lat="41.952740000000006" lon="1.8830600000000002">
        <ele>362.7265548648214</ele>
      </trkpt>
      <trkpt lat="41.952850000000005" lon="1.8829000000000002">
        <ele>362.95440580594794</ele>
      </trkpt>
      <trkpt lat="41.953250000000004" lon="1.8824800000000002">
        <ele>366.0637114570285</ele>
      </trkpt>
      <trkpt lat="41.953430000000004" lon="1.8822400000000001">
        <ele>364.74476457139866</ele>
      </trkpt>
      <trkpt lat="41.953610000000005" lon="1.8820400000000002">
        <ele>363.3226988347664</ele>
      </trkpt>
      <trkpt lat="41.953700000000005" lon="1.8820200000000002">
        <ele>365.25720389637877</ele>
      </trkpt>
      <trkpt lat="41.953790000000005" lon="1.8818700000000002">
        <ele>364.3819516292193</ele>
      </trkpt>
      <trkpt lat="41.95393000000001" lon="1.8817100000000002">
        <ele>364.0549893837183</ele>
      </trkpt>
      <trkpt lat="41.95393000000001" lon="1.88172">
        <ele>364.19574606504784</ele>
      </trkpt>
      <trkpt lat="41.953790000000005" lon="1.8818700000000002">
        <ele>364.3819516292193</ele>
      </trkpt>
      <trkpt lat="41.953700000000005" lon="1.8820200000000002">
        <ele>365.25720389637877</ele>
      </trkpt>
      <trkpt lat="41.953610000000005" lon="1.8820400000000002">
        <ele>363.3226988347664</ele>
      </trkpt>
      <trkpt lat="41.953430000000004" lon="1.8822400000000001">
        <ele>364.74476457139866</ele>
      </trkpt>
      <trkpt lat="41.953250000000004" lon="1.8824800000000002">
        <ele>366.0637114570285</ele>
      </trkpt>
      <trkpt lat="41.952850000000005" lon="1.8829000000000002">
        <ele>362.95440580594794</ele>
      </trkpt>
      <trkpt lat="41.952740000000006" lon="1.8830600000000002">
        <ele>362.7265548648214</ele>
      </trkpt>
      <trkpt lat="41.95272000000001" lon="1.8831400000000003">
        <ele>363.46047247585756</ele>
      </trkpt>
      <trkpt lat="41.952670000000005" lon="1.88315">
        <ele>362.79485157960005</ele>
      </trkpt>
      <trkpt lat="41.952540000000006" lon="1.88332">
        <ele>362.74712545973733</ele>
      </trkpt>
      <trkpt lat="41.952380000000005" lon="1.8837000000000002">
        <ele>364.45254598372503</ele>
      </trkpt>
      <trkpt lat="41.95237" lon="1.8838700000000002">
        <ele>365.3365467197886</ele>
      </trkpt>
      <trkpt lat="41.95239" lon="1.88393">
        <ele>365.3682400498601</ele>
      </trkpt>
      <trkpt lat="41.95243000000001" lon="1.88396">
        <ele>366.18058326277264</ele>
      </trkpt>
      <trkpt lat="41.95248" lon="1.8839700000000001">
        <ele>367.3140849366854</ele>
      </trkpt>
      <trkpt lat="41.952600000000004" lon="1.88393">
        <ele>370.0591430993084</ele>
      </trkpt>
      <trkpt lat="41.95290000000001" lon="1.88396">
        <ele>373.49548234535337</ele>
      </trkpt>
      <trkpt lat="41.95327" lon="1.88416">
        <ele>380.49103407342994</ele>
      </trkpt>
      <trkpt lat="41.95351" lon="1.8841900000000003">
        <ele>379.23856015543504</ele>
      </trkpt>
      <trkpt lat="41.95365" lon="1.8842400000000001">
        <ele>378.2194061001529</ele>
      </trkpt>
      <trkpt lat="41.95373" lon="1.8843400000000001">
        <ele>378.91494366866425</ele>
      </trkpt>
      <trkpt lat="41.95394" lon="1.88443">
        <ele>383.56336755218587</ele>
      </trkpt>
      <trkpt lat="41.954060000000005" lon="1.8845">
        <ele>385.1001975937631</ele>
      </trkpt>
      <trkpt lat="41.95393000000001" lon="1.8845300000000003">
        <ele>385.43947586623887</ele>
      </trkpt>
      <trkpt lat="41.953790000000005" lon="1.8846900000000002">
        <ele>385.63227444148924</ele>
      </trkpt>
      <trkpt lat="41.95347" lon="1.8851600000000002">
        <ele>389.8910953683755</ele>
      </trkpt>
      <trkpt lat="41.95326" lon="1.8854000000000002">
        <ele>390.29272084724823</ele>
      </trkpt>
      <trkpt lat="41.95318" lon="1.88582">
        <ele>391.74728649312533</ele>
      </trkpt>
      <trkpt lat="41.95309" lon="1.88616">
        <ele>395.26234055176485</ele>
      </trkpt>
      <trkpt lat="41.952980000000004" lon="1.8861500000000002">
        <ele>392.396126664543</ele>
      </trkpt>
      <trkpt lat="41.952890000000004" lon="1.8861700000000001">
        <ele>392.6489345900747</ele>
      </trkpt>
      <trkpt lat="41.952760000000005" lon="1.88616">
        <ele>394.5172373402439</ele>
      </trkpt>
      <trkpt lat="41.952580000000005" lon="1.8859000000000001">
        <ele>392.72033925049766</ele>
      </trkpt>
      <trkpt lat="41.952450000000006" lon="1.8856100000000002">
        <ele>388.5291839759283</ele>
      </trkpt>
      <trkpt lat="41.952220000000004" lon="1.88549">
        <ele>386.761459882483</ele>
      </trkpt>
      <trkpt lat="41.95212" lon="1.8854600000000001">
        <ele>386.13676403515484</ele>
      </trkpt>
      <trkpt lat="41.95199" lon="1.8854600000000001">
        <ele>386.4537925764299</ele>
      </trkpt>
      <trkpt lat="41.951710000000006" lon="1.88538">
        <ele>383.9688706576293</ele>
      </trkpt>
      <trkpt lat="41.95154" lon="1.8853700000000002">
        <ele>381.03991792433845</ele>
      </trkpt>
      <trkpt lat="41.951350000000005" lon="1.88548">
        <ele>380.4540881540472</ele>
      </trkpt>
      <trkpt lat="41.95085" lon="1.88603">
        <ele>385.5256726711989</ele>
      </trkpt>
      <trkpt lat="41.95073" lon="1.8860500000000002">
        <ele>391.79438862832336</ele>
      </trkpt>
      <trkpt lat="41.9506" lon="1.8860500000000002">
        <ele>396.1232851655471</ele>
      </trkpt>
      <trkpt lat="41.95046000000001" lon="1.8859500000000002">
        <ele>395.12167670595863</ele>
      </trkpt>
      <trkpt lat="41.95017" lon="1.8858300000000001">
        <ele>393.98053011995046</ele>
      </trkpt>
      <trkpt lat="41.94997" lon="1.88565">
        <ele>388.80244741230274</ele>
      </trkpt>
      <trkpt lat="41.94975" lon="1.8856000000000002">
        <ele>386.6497019385291</ele>
      </trkpt>
      <trkpt lat="41.94966" lon="1.8856300000000001">
        <ele>386.63877656730386</ele>
      </trkpt>
      <trkpt lat="41.94944" lon="1.8857800000000002">
        <ele>386.94310300063614</ele>
      </trkpt>
      <trkpt lat="41.94921" lon="1.8860000000000001">
        <ele>386.7099143334284</ele>
      </trkpt>
      <trkpt lat="41.948910000000005" lon="1.8861800000000002">
        <ele>383.47460901484163</ele>
      </trkpt>
      <trkpt lat="41.94847" lon="1.8863200000000002">
        <ele>383.3063137328754</ele>
      </trkpt>
      <trkpt lat="41.94802000000001" lon="1.8865300000000003">
        <ele>386.02470025952596</ele>
      </trkpt>
      <trkpt lat="41.947880000000005" lon="1.8866200000000002">
        <ele>385.60375218745605</ele>
      </trkpt>
      <trkpt lat="41.94784000000001" lon="1.8867500000000001">
        <ele>388.3806248485193</ele>
      </trkpt>
      <trkpt lat="41.94791" lon="1.88687">
        <ele>390.3695259067481</ele>
      </trkpt>
      <trkpt lat="41.94792" lon="1.88708">
        <ele>395.5347859263854</ele>
      </trkpt>
      <trkpt lat="41.947880000000005" lon="1.8872400000000003">
        <ele>398.28304044215633</ele>
      </trkpt>
      <trkpt lat="41.947810000000004" lon="1.8873900000000001">
        <ele>400.38481228359456</ele>
      </trkpt>
      <trkpt lat="41.947790000000005" lon="1.8875700000000002">
        <ele>404.7537306965475</ele>
      </trkpt>
      <trkpt lat="41.947630000000004" lon="1.88765">
        <ele>408.3562484281322</ele>
      </trkpt>
      <trkpt lat="41.9474" lon="1.88782">
        <ele>411.12770618304114</ele>
      </trkpt>
      <trkpt lat="41.94727" lon="1.8876700000000002">
        <ele>408.5104403581499</ele>
      </trkpt>
      <trkpt lat="41.94722" lon="1.8874300000000002">
        <ele>405.1200412266808</ele>
      </trkpt>
      <trkpt lat="41.947010000000006" lon="1.88711">
        <ele>402.35559823787526</ele>
      </trkpt>
      <trkpt lat="41.946740000000005" lon="1.8862900000000002">
        <ele>394.29587008666147</ele>
      </trkpt>
      <trkpt lat="41.94659" lon="1.8861200000000002">
        <ele>390.0159607750006</ele>
      </trkpt>
      <trkpt lat="41.94641" lon="1.8861500000000002">
        <ele>389.2703522592363</ele>
      </trkpt>
      <trkpt lat="41.945945000148235" lon="1.8859449984897763">
        <ele>387.80073564236824</ele>
      </trkpt>
      <trkpt lat="41.94548" lon="1.8857400000000002">
        <ele>391.41604369198774</ele>
      </trkpt>
      <trkpt lat="41.945" lon="1.8856100000000002">
        <ele>395.4187598618016</ele>
      </trkpt>
      <trkpt lat="41.94464000000001" lon="1.8854100000000003">
        <ele>394.9224653102759</ele>
      </trkpt>
      <trkpt lat="41.944300000000005" lon="1.8851000000000002">
        <ele>393.7872320672117</ele>
      </trkpt>
      <trkpt lat="41.94395" lon="1.8847500000000001">
        <ele>391.83597404605666</ele>
      </trkpt>
      <trkpt lat="41.943630000000006" lon="1.8843100000000002">
        <ele>383.5670496392742</ele>
      </trkpt>
      <trkpt lat="41.94342" lon="1.88379">
        <ele>374.88445906234676</ele>
      </trkpt>
      <trkpt lat="41.94324" lon="1.8836400000000002">
        <ele>374.45890043785926</ele>
      </trkpt>
      <trkpt lat="41.943020000000004" lon="1.8835100000000002">
        <ele>374.2036374639291</ele>
      </trkpt>
      <trkpt lat="41.942750000000004" lon="1.88308">
        <ele>372.98566012443166</ele>
      </trkpt>
      <trkpt lat="41.942510000000006" lon="1.8830000000000002">
        <ele>372.6330874091773</ele>
      </trkpt>
      <trkpt lat="41.942280000000004" lon="1.8827800000000001">
        <ele>372.225538851125</ele>
      </trkpt>
      <trkpt lat="41.94165" lon="1.88233">
        <ele>371.7466976807349</ele>
      </trkpt>
      <trkpt lat="41.941480000000006" lon="1.8827800000000001">
        <ele>375.1733903601039</ele>
      </trkpt>
      <trkpt lat="41.9412" lon="1.88274">
        <ele>374.87156749495887</ele>
      </trkpt>
      <trkpt lat="41.9408" lon="1.8827500000000001">
        <ele>377.6318597384553</ele>
      </trkpt>
      <trkpt lat="41.94053" lon="1.88271">
        <ele>380.298091067472</ele>
      </trkpt>
      <trkpt lat="41.93973000023791" lon="1.8824399965862815">
        <ele>376.7697533579597</ele>
      </trkpt>
      <trkpt lat="41.938930000000006" lon="1.8821700000000001">
        <ele>372.7261743844677</ele>
      </trkpt>
      <trkpt lat="41.93849" lon="1.8822">
        <ele>372.57961074586785</ele>
      </trkpt>
      <trkpt lat="41.938140000000004" lon="1.88213">
        <ele>373.25461911226904</ele>
      </trkpt>
      <trkpt lat="41.937780000000004" lon="1.8821500000000002">
        <ele>376.0821235380447</ele>
      </trkpt>
      <trkpt lat="41.93748" lon="1.8820400000000002">
        <ele>376.5811758253004</ele>
      </trkpt>
      <trkpt lat="41.93704" lon="1.8817300000000001">
        <ele>373.96921106789637</ele>
      </trkpt>
      <trkpt lat="41.93694" lon="1.8815700000000002">
        <ele>371.41859208996016</ele>
      </trkpt>
      <trkpt lat="41.936980000000005" lon="1.8814300000000002">
        <ele>370.29475043300715</ele>
      </trkpt>
      <trkpt lat="41.93701" lon="1.8811200000000001">
        <ele>368.1980746185691</ele>
      </trkpt>
      <trkpt lat="41.936910000000005" lon="1.8810000000000002">
        <ele>367.50128212294294</ele>
      </trkpt>
      <trkpt lat="41.936690000000006" lon="1.88088">
        <ele>367.61540604174763</ele>
      </trkpt>
      <trkpt lat="41.936530000000005" lon="1.8806500000000002">
        <ele>367.24022279668714</ele>
      </trkpt>
      <trkpt lat="41.93629000000001" lon="1.8805500000000002">
        <ele>367.2915912533049</ele>
      </trkpt>
      <trkpt lat="41.935840000000006" lon="1.88047">
        <ele>367.0945965574313</ele>
      </trkpt>
      <trkpt lat="41.93529" lon="1.8804600000000002">
        <ele>366.0319131250561</ele>
      </trkpt>
      <trkpt lat="41.93474500002112" lon="1.8805750009903373">
        <ele>366.39203289659605</ele>
      </trkpt>
      <trkpt lat="41.934200000000004" lon="1.8806900000000002">
        <ele>367.73008755074557</ele>
      </trkpt>
      <trkpt lat="41.933730000000004" lon="1.88091">
        <ele>368.3467351482406</ele>
      </trkpt>
      <trkpt lat="41.93319" lon="1.88104">
        <ele>368.3870615238817</ele>
      </trkpt>
      <trkpt lat="41.93283" lon="1.8810600000000002">
        <ele>367.2001107040767</ele>
      </trkpt>
      <trkpt lat="41.932590000000005" lon="1.88115">
        <ele>366.95343823804944</ele>
      </trkpt>
      <trkpt lat="41.931850000000004" lon="1.88138">
        <ele>364.2608235144776</ele>
      </trkpt>
      <trkpt lat="41.93137" lon="1.8815700000000002">
        <ele>363.4863588229672</ele>
      </trkpt>
      <trkpt lat="41.930780000000006" lon="1.88162">
        <ele>361.9476636446576</ele>
      </trkpt>
      <trkpt lat="41.93028" lon="1.8817300000000001">
        <ele>361.4855640889947</ele>
      </trkpt>
      <trkpt lat="41.929860000000005" lon="1.8817500000000003">
        <ele>360.9768514104688</ele>
      </trkpt>
      <trkpt lat="41.92962" lon="1.8816400000000002">
        <ele>360.4202289257563</ele>
      </trkpt>
      <trkpt lat="41.92925" lon="1.8813100000000003">
        <ele>358.94019868071484</ele>
      </trkpt>
      <trkpt lat="41.92925" lon="1.8812200000000001">
        <ele>358.1518284017359</ele>
      </trkpt>
      <trkpt lat="41.92918" lon="1.8811300000000002">
        <ele>356.040936197542</ele>
      </trkpt>
      <trkpt lat="41.92915" lon="1.8810200000000001">
        <ele>353.40467212717954</ele>
      </trkpt>
      <trkpt lat="41.929010000000005" lon="1.8808500000000001">
        <ele>349.669564991729</ele>
      </trkpt>
      <trkpt lat="41.92888000000001" lon="1.8805900000000002">
        <ele>347.36923412592455</ele>
      </trkpt>
      <trkpt lat="41.928790000000006" lon="1.8804600000000002">
        <ele>345.4881659860034</ele>
      </trkpt>
      <trkpt lat="41.92875" lon="1.8803500000000002">
        <ele>343.60366834295223</ele>
      </trkpt>
      <trkpt lat="41.92869" lon="1.88033">
        <ele>343.12920074178794</ele>
      </trkpt>
      <trkpt lat="41.928580000000004" lon="1.8802">
        <ele>341.0454578383951</ele>
      </trkpt>
      <trkpt lat="41.928430000000006" lon="1.88016">
        <ele>339.7919492566415</ele>
      </trkpt>
      <trkpt lat="41.92837" lon="1.8802500000000002">
        <ele>340.56635230444</ele>
      </trkpt>
      <trkpt lat="41.92828" lon="1.8803100000000001">
        <ele>340.529979381517</ele>
      </trkpt>
      <trkpt lat="41.92808" lon="1.8806100000000001">
        <ele>341.428145331705</ele>
      </trkpt>
      <trkpt lat="41.92785000000001" lon="1.88088">
        <ele>340.4391411396122</ele>
      </trkpt>
      <trkpt lat="41.92772" lon="1.88104">
        <ele>340.20964537209494</ele>
      </trkpt>
      <trkpt lat="41.92746" lon="1.8815800000000003">
        <ele>340.2095204436315</ele>
      </trkpt>
      <trkpt lat="41.92739" lon="1.8816800000000002">
        <ele>339.9629979969421</ele>
      </trkpt>
      <trkpt lat="41.927330000000005" lon="1.8818100000000002">
        <ele>339.7738924482354</ele>
      </trkpt>
      <trkpt lat="41.927290000000006" lon="1.8819500000000002">
        <ele>339.86862515781615</ele>
      </trkpt>
      <trkpt lat="41.927290000000006" lon="1.8820400000000002">
        <ele>339.8830041881066</ele>
      </trkpt>
      <trkpt lat="41.927330000000005" lon="1.8821200000000002">
        <ele>339.98329963581966</ele>
      </trkpt>
      <trkpt lat="41.927420000000005" lon="1.8821700000000001">
        <ele>340.2117249572769</ele>
      </trkpt>
      <trkpt lat="41.92741" lon="1.8822900000000002">
        <ele>338.49418678024773</ele>
      </trkpt>
      <trkpt lat="41.92756000000001" lon="1.8825100000000001">
        <ele>336.9104934756827</ele>
      </trkpt>
      <trkpt lat="41.92774" lon="1.88267">
        <ele>336.36204421292325</ele>
      </trkpt>
      <trkpt lat="41.92775" lon="1.8827000000000003">
        <ele>336.1924522146314</ele>
      </trkpt>
      <trkpt lat="41.92759" lon="1.8827000000000003">
        <ele>335.7774397411375</ele>
      </trkpt>
      <trkpt lat="41.92745" lon="1.88264">
        <ele>335.4316761886834</ele>
      </trkpt>
      <trkpt lat="41.92736" lon="1.8827500000000001">
        <ele>337.38290260205093</ele>
      </trkpt>
      <trkpt lat="41.92727" lon="1.88281">
        <ele>338.81045519342416</ele>
      </trkpt>
      <trkpt lat="41.92698" lon="1.8826800000000001">
        <ele>337.7950330416894</ele>
      </trkpt>
      <trkpt lat="41.9268" lon="1.8826500000000002">
        <ele>337.4552647659048</ele>
      </trkpt>
      <trkpt lat="41.92667" lon="1.8826500000000002">
        <ele>337.13320996260677</ele>
      </trkpt>
      <trkpt lat="41.926480000000005" lon="1.8828000000000003">
        <ele>337.2199975688989</ele>
      </trkpt>
      <trkpt lat="41.92638" lon="1.8830000000000002">
        <ele>337.3525897772979</ele>
      </trkpt>
      <trkpt lat="41.926080000000006" lon="1.8833700000000002">
        <ele>339.0353732500279</ele>
      </trkpt>
      <trkpt lat="41.925900000000006" lon="1.88348">
        <ele>341.91263888828706</ele>
      </trkpt>
      <trkpt lat="41.925580000000004" lon="1.88342">
        <ele>342.4136605436571</ele>
      </trkpt>
      <trkpt lat="41.92522" lon="1.8834300000000002">
        <ele>343.7846013092766</ele>
      </trkpt>
      <trkpt lat="41.924910000000004" lon="1.8834000000000002">
        <ele>343.99975674479674</ele>
      </trkpt>
      <trkpt lat="41.924170000000004" lon="1.88301">
        <ele>340.1606525180979</ele>
      </trkpt>
      <trkpt lat="41.92385" lon="1.88291">
        <ele>336.8658477378162</ele>
      </trkpt>
      <trkpt lat="41.92365" lon="1.8828900000000002">
        <ele>336.6196311182774</ele>
      </trkpt>
      <trkpt lat="41.923460000000006" lon="1.8831900000000001">
        <ele>338.0616289274562</ele>
      </trkpt>
      <trkpt lat="41.923030001169806" lon="1.8836900032704724">
        <ele>337.89142949179427</ele>
      </trkpt>
      <trkpt lat="41.9226" lon="1.8841900000000003">
        <ele>337.0318136928341</ele>
      </trkpt>
      <trkpt lat="41.92224" lon="1.88477">
        <ele>336.4480981407838</ele>
      </trkpt>
      <trkpt lat="41.921980000000005" lon="1.88542">
        <ele>338.18142308609157</ele>
      </trkpt>
      <trkpt lat="41.92174000000001" lon="1.88579">
        <ele>338.8485348386424</ele>
      </trkpt>
      <trkpt lat="41.92163" lon="1.88579">
        <ele>337.14674939271674</ele>
      </trkpt>
      <trkpt lat="41.921260000000004" lon="1.88609">
        <ele>336.77866844684377</ele>
      </trkpt>
      <trkpt lat="41.921040000000005" lon="1.8863200000000002">
        <ele>339.4164381783099</ele>
      </trkpt>
      <trkpt lat="41.92063" lon="1.8863900000000002">
        <ele>339.5543851400044</ele>
      </trkpt>
      <trkpt lat="41.919940000000004" lon="1.88623">
        <ele>337.0931722113704</ele>
      </trkpt>
      <trkpt lat="41.91913" lon="1.8862700000000001">
        <ele>336.8162601102112</ele>
      </trkpt>
      <trkpt lat="41.918870000000005" lon="1.8863400000000001">
        <ele>337.668669716311</ele>
      </trkpt>
      <trkpt lat="41.91834" lon="1.88623">
        <ele>336.7758796451818</ele>
      </trkpt>
      <trkpt lat="41.91803" lon="1.88633">
        <ele>339.4896261221912</ele>
      </trkpt>
      <trkpt lat="41.9176" lon="1.8862500000000002">
        <ele>336.4941425164852</ele>
      </trkpt>
      <trkpt lat="41.91682" lon="1.88623">
        <ele>338.76032659400266</ele>
      </trkpt>
      <trkpt lat="41.91662" lon="1.8861900000000003">
        <ele>339.47158082811677</ele>
      </trkpt>
      <trkpt lat="41.91599" lon="1.8858400000000002">
        <ele>340.65349570474984</ele>
      </trkpt>
      <trkpt lat="41.91575" lon="1.88569">
        <ele>340.7440412298314</ele>
      </trkpt>
      <trkpt lat="41.915400000000005" lon="1.88552">
        <ele>341.39107316609255</ele>
      </trkpt>
      <trkpt lat="41.91519" lon="1.8853400000000002">
        <ele>339.9578746447569</ele>
      </trkpt>
      <trkpt lat="41.915020000000005" lon="1.88535">
        <ele>341.5530166398338</ele>
      </trkpt>
      <trkpt lat="41.91487" lon="1.88532">
        <ele>341.7471299046839</ele>
      </trkpt>
      <trkpt lat="41.91478" lon="1.8852700000000002">
        <ele>341.6063124785798</ele>
      </trkpt>
      <trkpt lat="41.91465" lon="1.8852600000000002">
        <ele>342.3359037533742</ele>
      </trkpt>
      <trkpt lat="41.914570000000005" lon="1.8853000000000002">
        <ele>343.1438259423851</ele>
      </trkpt>
      <trkpt lat="41.914530000000006" lon="1.8853000000000002">
        <ele>343.19919015282363</ele>
      </trkpt>
      <trkpt lat="41.914260000000006" lon="1.8853400000000002">
        <ele>342.1319106312212</ele>
      </trkpt>
      <trkpt lat="41.91407" lon="1.8855400000000002">
        <ele>341.2906962024969</ele>
      </trkpt>
      <trkpt lat="41.913990000000005" lon="1.88562">
        <ele>340.63419852825325</ele>
      </trkpt>
      <trkpt lat="41.91393" lon="1.8855800000000003">
        <ele>340.8887528015201</ele>
      </trkpt>
      <trkpt lat="41.913650000000004" lon="1.8855800000000003">
        <ele>339.2209164556428</ele>
      </trkpt>
      <trkpt lat="41.9134" lon="1.8854400000000002">
        <ele>337.8500025299324</ele>
      </trkpt>
      <trkpt lat="41.91333" lon="1.88521">
        <ele>338.04188104794036</ele>
      </trkpt>
      <trkpt lat="41.91333" lon="1.88488">
        <ele>337.0270772493292</ele>
      </trkpt>
      <trkpt lat="41.91331" lon="1.88464">
        <ele>335.94437625174135</ele>
      </trkpt>
      <trkpt lat="41.913250000000005" lon="1.8843600000000003">
        <ele>335.5339848082341</ele>
      </trkpt>
      <trkpt lat="41.913070000000005" lon="1.8841100000000002">
        <ele>335.95166224900595</ele>
      </trkpt>
      <trkpt lat="41.912850000000006" lon="1.88399">
        <ele>337.8689111517711</ele>
      </trkpt>
      <trkpt lat="41.9127" lon="1.88386">
        <ele>337.4657219972733</ele>
      </trkpt>
      <trkpt lat="41.91252" lon="1.8838100000000002">
        <ele>338.1926870101919</ele>
      </trkpt>
      <trkpt lat="41.912380000000006" lon="1.8838400000000002">
        <ele>338.0677334019276</ele>
      </trkpt>
      <trkpt lat="41.912330000000004" lon="1.8839700000000001">
        <ele>338.0027210448918</ele>
      </trkpt>
      <trkpt lat="41.91227000000001" lon="1.8840000000000001">
        <ele>337.6732841915922</ele>
      </trkpt>
      <trkpt lat="41.91179" lon="1.8840800000000002">
        <ele>335.82360178492524</ele>
      </trkpt>
      <trkpt lat="41.91161" lon="1.8839400000000002">
        <ele>334.54685467489975</ele>
      </trkpt>
      <trkpt lat="41.911390000000004" lon="1.88372">
        <ele>329.7444722733579</ele>
      </trkpt>
      <trkpt lat="41.91084" lon="1.8832400000000002">
        <ele>327.32944934685804</ele>
      </trkpt>
      <trkpt lat="41.91078" lon="1.8832400000000002">
        <ele>329.5562230978443</ele>
      </trkpt>
      <trkpt lat="41.910790000000006" lon="1.88321">
        <ele>329.9731170019686</ele>
      </trkpt>
      <trkpt lat="41.91067" lon="1.8831300000000002">
        <ele>336.5817179016204</ele>
      </trkpt>
      <trkpt lat="41.910250000000005" lon="1.8840500000000002">
        <ele>331.47261182587533</ele>
      </trkpt>
      <trkpt lat="41.910050000000005" lon="1.8843400000000001">
        <ele>330.83718174000694</ele>
      </trkpt>
      <trkpt lat="41.90979" lon="1.88454">
        <ele>330.4385347575634</ele>
      </trkpt>
      <trkpt lat="41.909580000000005" lon="1.8846">
        <ele>331.7107981440454</ele>
      </trkpt>
      <trkpt lat="41.90894" lon="1.8845800000000001">
        <ele>331.9178298874063</ele>
      </trkpt>
      <trkpt lat="41.90880000000001" lon="1.8845300000000003">
        <ele>333.1282970161436</ele>
      </trkpt>
      <trkpt lat="41.90888" lon="1.8843400000000001">
        <ele>333.87348100867524</ele>
      </trkpt>
      <trkpt lat="41.909090000000006" lon="1.8835600000000001">
        <ele>334.8880185267837</ele>
      </trkpt>
      <trkpt lat="41.90921" lon="1.8831900000000001">
        <ele>335.911418800598</ele>
      </trkpt>
      <trkpt lat="41.9093" lon="1.88304">
        <ele>337.3468028047004</ele>
      </trkpt>
      <trkpt lat="41.909530000000004" lon="1.88298">
        <ele>339.32697379617565</ele>
      </trkpt>
      <trkpt lat="41.90935" lon="1.8822100000000002">
        <ele>340.6655205942732</ele>
      </trkpt>
      <trkpt lat="41.90919" lon="1.8819400000000002">
        <ele>340.0631196551485</ele>
      </trkpt>
      <trkpt lat="41.90898000000001" lon="1.8816400000000002">
        <ele>342.8185297087187</ele>
      </trkpt>
      <trkpt lat="41.90865" lon="1.8812900000000001">
        <ele>348.5243813114562</ele>
      </trkpt>
      <trkpt lat="41.908620000000006" lon="1.8811600000000002">
        <ele>352.28209302189657</ele>
      </trkpt>
      <trkpt lat="41.908750000000005" lon="1.8809300000000002">
        <ele>359.0676408258759</ele>
      </trkpt>
      <trkpt lat="41.9089" lon="1.88077">
        <ele>362.6498324927497</ele>
      </trkpt>
      <trkpt lat="41.90894" lon="1.8806200000000002">
        <ele>362.7504927505889</ele>
      </trkpt>
      <trkpt lat="41.90853000095318" lon="1.8801599970852088">
        <ele>359.9959343853113</ele>
      </trkpt>
      <trkpt lat="41.908120000000004" lon="1.8797000000000001">
        <ele>368.3961862993615</ele>
      </trkpt>
      <trkpt lat="41.90795000000001" lon="1.8794100000000002">
        <ele>372.2570845961088</ele>
      </trkpt>
      <trkpt lat="41.907700000000006" lon="1.8790900000000001">
        <ele>374.60976520887033</ele>
      </trkpt>
      <trkpt lat="41.9073050006755" lon="1.8786949975547094">
        <ele>371.42524546319044</ele>
      </trkpt>
      <trkpt lat="41.90691" lon="1.8783">
        <ele>370.2402165343251</ele>
      </trkpt>
      <trkpt lat="41.906490000000005" lon="1.8780200000000002">
        <ele>367.7283648567353</ele>
      </trkpt>
      <trkpt lat="41.90626" lon="1.8779400000000002">
        <ele>367.14014294360834</ele>
      </trkpt>
      <trkpt lat="41.906150000000004" lon="1.8780000000000001">
        <ele>366.9209528061775</ele>
      </trkpt>
      <trkpt lat="41.90597" lon="1.87799">
        <ele>366.9183137430208</ele>
      </trkpt>
      <trkpt lat="41.90585" lon="1.8780100000000002">
        <ele>366.7498339748478</ele>
      </trkpt>
      <trkpt lat="41.90574" lon="1.87806">
        <ele>366.7356321534022</ele>
      </trkpt>
      <trkpt lat="41.905660000000005" lon="1.8780500000000002">
        <ele>366.78851715238466</ele>
      </trkpt>
      <trkpt lat="41.905570000000004" lon="1.87793">
        <ele>366.9180934552826</ele>
      </trkpt>
      <trkpt lat="41.905573" lon="1.877932">
        <ele>366.909731436293</ele>
      </trkpt>
      <trkpt lat="41.905622" lon="1.877797">
        <ele>367.0713824418087</ele>
      </trkpt>
      <trkpt lat="41.904084" lon="1.878176">
        <ele>370.10174899493995</ele>
      </trkpt>
      <trkpt lat="41.903129" lon="1.878406">
        <ele>369.62658121624145</ele>
      </trkpt>
      <trkpt lat="41.903063" lon="1.878429">
        <ele>369.5846274541821</ele>
      </trkpt>
      <trkpt lat="41.903061" lon="1.878471">
        <ele>369.5423146333285</ele>
      </trkpt>
      <trkpt lat="41.90305" lon="1.878494">
        <ele>369.52053480771957</ele>
      </trkpt>
      <trkpt lat="41.903033" lon="1.878511">
        <ele>369.5022720957217</ele>
      </trkpt>
      <trkpt lat="41.903002" lon="1.878518">
        <ele>369.48227651704445</ele>
      </trkpt>
      <trkpt lat="41.902966" lon="1.878491">
        <ele>369.4804045812641</ele>
      </trkpt>
      <trkpt lat="41.902954" lon="1.878447">
        <ele>369.5084071415057</ele>
      </trkpt>
      <trkpt lat="41.902702" lon="1.878469">
        <ele>369.36106783501515</ele>
      </trkpt>
      <trkpt lat="41.90226" lon="1.878464">
        <ele>369.7368568439918</ele>
      </trkpt>
      <trkpt lat="41.902256" lon="1.878769">
        <ele>369.3015097713072</ele>
      </trkpt>
      <trkpt lat="41.902243" lon="1.879053">
        <ele>368.61401361481046</ele>
      </trkpt>
      <trkpt lat="41.901143" lon="1.879019">
        <ele>368.24484037353193</ele>
      </trkpt>
      <trkpt lat="41.90027" lon="1.878974">
        <ele>367.58345046737355</ele>
      </trkpt>
      <trkpt lat="41.900262" lon="1.879189">
        <ele>367.3123325253277</ele>
      </trkpt>
      <trkpt lat="41.900262" lon="1.879189">
        <ele>367.3123325253277</ele>
      </trkpt>
      <trkpt lat="41.900252" lon="1.879477">
        <ele>366.91192876190155</ele>
      </trkpt>
      <trkpt lat="41.899585" lon="1.879449">
        <ele>366.72280160252296</ele>
      </trkpt>
      <trkpt lat="41.898682" lon="1.879451">
        <ele>364.2055087452649</ele>
      </trkpt>
      <trkpt lat="41.898554" lon="1.879456">
        <ele>363.6178610621797</ele>
      </trkpt>
      <trkpt lat="41.898338" lon="1.879518">
        <ele>361.7712714502386</ele>
      </trkpt>
      <trkpt lat="41.898324" lon="1.879822">
        <ele>362.23041843104284</ele>
      </trkpt>
      <trkpt lat="41.898261" lon="1.879895">
        <ele>361.2681683867783</ele>
      </trkpt>
      <trkpt lat="41.898197" lon="1.880061">
        <ele>359.59891911220785</ele>
      </trkpt>
      <trkpt lat="41.89819" lon="1.880078">
        <ele>359.40591407676084</ele>
      </trkpt>
      <trkpt lat="41.898126" lon="1.880243">
        <ele>358.3213188917201</ele>
      </trkpt>
      <trkpt lat="41.898098" lon="1.880231">
        <ele>358.20695012349165</ele>
      </trkpt>
      <trkpt lat="41.898139" lon="1.880497">
        <ele>357.6622923964542</ele>
      </trkpt>
      <trkpt lat="41.898095" lon="1.880669">
        <ele>357.22296023470847</ele>
      </trkpt>
      <trkpt lat="41.898017" lon="1.880889">
        <ele>356.57462904301076</ele>
      </trkpt>
      <trkpt lat="41.898042" lon="1.88094">
        <ele>356.6317256355744</ele>
      </trkpt>
      <trkpt lat="41.898042" lon="1.88094">
        <ele>356.6317256355744</ele>
      </trkpt>
      <trkpt lat="41.898017" lon="1.880889">
        <ele>356.57462904301076</ele>
      </trkpt>
      <trkpt lat="41.897629" lon="1.8819">
        <ele>354.2103492315672</ele>
      </trkpt>
      <trkpt lat="41.897545" lon="1.882235">
        <ele>354.3791444288506</ele>
      </trkpt>
      <trkpt lat="41.897589" lon="1.88299">
        <ele>351.6246534892937</ele>
      </trkpt>
      <trkpt lat="41.89759" lon="1.8829900000000002">
        <ele>351.62179245316554</ele>
      </trkpt>
      <trkpt lat="41.897110000000005" lon="1.8830500000000001">
        <ele>352.6642431549553</ele>
      </trkpt>
      <trkpt lat="41.896930000000005" lon="1.8831700000000002">
        <ele>351.81415286271545</ele>
      </trkpt>
      <trkpt lat="41.896460000000005" lon="1.8838700000000002">
        <ele>350.9535418384229</ele>
      </trkpt>
      <trkpt lat="41.89632" lon="1.8840000000000001">
        <ele>348.85649851534214</ele>
      </trkpt>
      <trkpt lat="41.89616" lon="1.8841">
        <ele>346.12638149967347</ele>
      </trkpt>
      <trkpt lat="41.89572500018893" lon="1.8842600010611263">
        <ele>341.8342286361621</ele>
      </trkpt>
      <trkpt lat="41.89529" lon="1.8844200000000002">
        <ele>337.5750910081118</ele>
      </trkpt>
      <trkpt lat="41.89508" lon="1.8843800000000002">
        <ele>336.26103678740446</ele>
      </trkpt>
      <trkpt lat="41.89495" lon="1.8842700000000001">
        <ele>335.27308191823005</ele>
      </trkpt>
      <trkpt lat="41.89484" lon="1.88413">
        <ele>334.7654361406969</ele>
      </trkpt>
      <trkpt lat="41.89481000000001" lon="1.8841100000000002">
        <ele>335.51266305270343</ele>
      </trkpt>
      <trkpt lat="41.894740000000006" lon="1.8841100000000002">
        <ele>336.73666787879745</ele>
      </trkpt>
      <trkpt lat="41.894650000000006" lon="1.8842200000000002">
        <ele>337.638000425305</ele>
      </trkpt>
      <trkpt lat="41.89462" lon="1.8844100000000001">
        <ele>336.7658541842606</ele>
      </trkpt>
      <trkpt lat="41.894580000000005" lon="1.8844600000000002">
        <ele>336.3757801425143</ele>
      </trkpt>
      <trkpt lat="41.894029999996526" lon="1.8845050003885055">
        <ele>337.4444902588162</ele>
      </trkpt>
      <trkpt lat="41.893480000000004" lon="1.8845500000000002">
        <ele>335.06306067830326</ele>
      </trkpt>
      <trkpt lat="41.89309" lon="1.8848200000000002">
        <ele>332.43711817440567</ele>
      </trkpt>
      <trkpt lat="41.89246000000001" lon="1.8850500000000001">
        <ele>331.74498487098214</ele>
      </trkpt>
      <trkpt lat="41.8922" lon="1.8852600000000002">
        <ele>331.75588049863177</ele>
      </trkpt>
      <trkpt lat="41.89193" lon="1.8856400000000002">
        <ele>330.48139214619977</ele>
      </trkpt>
      <trkpt lat="41.89166" lon="1.8857300000000001">
        <ele>329.2559138630105</ele>
      </trkpt>
      <trkpt lat="41.89148" lon="1.8856800000000002">
        <ele>330.53876851813743</ele>
      </trkpt>
      <trkpt lat="41.891270000000006" lon="1.8854100000000003">
        <ele>331.0090642504208</ele>
      </trkpt>
      <trkpt lat="41.89103" lon="1.88504">
        <ele>332.6815193134824</ele>
      </trkpt>
      <trkpt lat="41.89072" lon="1.8844900000000002">
        <ele>338.018950513102</ele>
      </trkpt>
      <trkpt lat="41.89049000000001" lon="1.88416">
        <ele>341.52627696036035</ele>
      </trkpt>
      <trkpt lat="41.89021" lon="1.88403">
        <ele>342.2154756088389</ele>
      </trkpt>
      <trkpt lat="41.889720000000004" lon="1.8839700000000001">
        <ele>339.8179689113668</ele>
      </trkpt>
      <trkpt lat="41.889450000000004" lon="1.88389">
        <ele>339.83148627586553</ele>
      </trkpt>
      <trkpt lat="41.88928000000001" lon="1.8838000000000001">
        <ele>341.0683452803278</ele>
      </trkpt>
      <trkpt lat="41.889120000000005" lon="1.8836800000000002">
        <ele>341.2976751862174</ele>
      </trkpt>
      <trkpt lat="41.88904" lon="1.8835600000000001">
        <ele>335.6998063934686</ele>
      </trkpt>
      <trkpt lat="41.889010000000006" lon="1.8832700000000002">
        <ele>339.3096859532625</ele>
      </trkpt>
      <trkpt lat="41.88904" lon="1.8830300000000002">
        <ele>341.08544035471937</ele>
      </trkpt>
      <trkpt lat="41.888850000000005" lon="1.88308">
        <ele>342.97434849047664</ele>
      </trkpt>
      <trkpt lat="41.88861" lon="1.88321">
        <ele>348.07984843218765</ele>
      </trkpt>
      <trkpt lat="41.888470000000005" lon="1.8834300000000002">
        <ele>352.24338219808385</ele>
      </trkpt>
      <trkpt lat="41.88821" lon="1.8836400000000002">
        <ele>357.0539413530753</ele>
      </trkpt>
      <trkpt lat="41.887980000000006" lon="1.8837000000000002">
        <ele>360.06812093673364</ele>
      </trkpt>
      <trkpt lat="41.88785" lon="1.8838700000000002">
        <ele>362.42846625669324</ele>
      </trkpt>
      <trkpt lat="41.887170000000005" lon="1.8844100000000001">
        <ele>369.661181881878</ele>
      </trkpt>
      <trkpt lat="41.88689" lon="1.88457">
        <ele>373.4924645851568</ele>
      </trkpt>
      <trkpt lat="41.88653" lon="1.88474">
        <ele>366.44982720469864</ele>
      </trkpt>
      <trkpt lat="41.88582" lon="1.8846600000000002">
        <ele>356.80024946929353</ele>
      </trkpt>
      <trkpt lat="41.885560000000005" lon="1.8846600000000002">
        <ele>353.06449426850816</ele>
      </trkpt>
      <trkpt lat="41.885540000000006" lon="1.8846600000000002">
        <ele>352.78063066117005</ele>
      </trkpt>
      <trkpt lat="41.88543000000001" lon="1.8846600000000002">
        <ele>350.02825313985164</ele>
      </trkpt>
      <trkpt lat="41.88485" lon="1.8845900000000002">
        <ele>339.227790734185</ele>
      </trkpt>
      <trkpt lat="41.8847" lon="1.8846300000000002">
        <ele>336.2779080181257</ele>
      </trkpt>
      <trkpt lat="41.884660000000004" lon="1.8845900000000002">
        <ele>336.6564245526812</ele>
      </trkpt>
      <trkpt lat="41.884570000000004" lon="1.8846100000000001">
        <ele>335.2944950398015</ele>
      </trkpt>
      <trkpt lat="41.88443" lon="1.8845500000000002">
        <ele>335.2409719737027</ele>
      </trkpt>
      <trkpt lat="41.884240000000005" lon="1.8845300000000003">
        <ele>332.6533306832547</ele>
      </trkpt>
      <trkpt lat="41.88402000000001" lon="1.8846900000000002">
        <ele>328.31765835451216</ele>
      </trkpt>
      <trkpt lat="41.883950000000006" lon="1.88488">
        <ele>324.8382366980888</ele>
      </trkpt>
      <trkpt lat="41.883900000000004" lon="1.8848900000000002">
        <ele>322.99618697599294</ele>
      </trkpt>
      <trkpt lat="41.883860000000006" lon="1.8853600000000001">
        <ele>323.4725299294984</ele>
      </trkpt>
      <trkpt lat="41.883750000000006" lon="1.8859400000000002">
        <ele>320.7785621944396</ele>
      </trkpt>
      <trkpt lat="41.8836" lon="1.8861800000000002">
        <ele>320.5041009321016</ele>
      </trkpt>
      <trkpt lat="41.88346000000001" lon="1.8865200000000002">
        <ele>316.04832470510365</ele>
      </trkpt>
      <trkpt lat="41.88308000000001" lon="1.88654">
        <ele>311.4163337066086</ele>
      </trkpt>
      <trkpt lat="41.88266" lon="1.8865">
        <ele>310.9760359780797</ele>
      </trkpt>
      <trkpt lat="41.882180000000005" lon="1.8863800000000002">
        <ele>308.9736924983562</ele>
      </trkpt>
      <trkpt lat="41.88179" lon="1.8861800000000002">
        <ele>309.4196624614389</ele>
      </trkpt>
      <trkpt lat="41.88143" lon="1.8860800000000002">
        <ele>308.83231673837565</ele>
      </trkpt>
      <trkpt lat="41.88129" lon="1.8860500000000002">
        <ele>309.0438986969196</ele>
      </trkpt>
      <trkpt lat="41.880840000000006" lon="1.8860800000000002">
        <ele>313.50848370446397</ele>
      </trkpt>
      <trkpt lat="41.880500000000005" lon="1.8862100000000002">
        <ele>311.18549961418137</ele>
      </trkpt>
      <trkpt lat="41.88042" lon="1.8862800000000002">
        <ele>309.93425289560446</ele>
      </trkpt>
      <trkpt lat="41.88044" lon="1.8864200000000002">
        <ele>305.92378105953975</ele>
      </trkpt>
      <trkpt lat="41.879850000000005" lon="1.8867200000000002">
        <ele>307.3620079836036</ele>
      </trkpt>
      <trkpt lat="41.8795" lon="1.88698">
        <ele>307.2635240535439</ele>
      </trkpt>
      <trkpt lat="41.879110000000004" lon="1.8872300000000002">
        <ele>306.1097123416391</ele>
      </trkpt>
      <trkpt lat="41.878820000000005" lon="1.88738">
        <ele>306.0087981579801</ele>
      </trkpt>
      <trkpt lat="41.87859" lon="1.88752">
        <ele>305.69247039958043</ele>
      </trkpt>
      <trkpt lat="41.878370000000004" lon="1.88762">
        <ele>305.3614354238347</ele>
      </trkpt>
      <trkpt lat="41.87821" lon="1.88765">
        <ele>305.211692903921</ele>
      </trkpt>
      <trkpt lat="41.87816" lon="1.8873400000000002">
        <ele>307.02869671463844</ele>
      </trkpt>
      <trkpt lat="41.8781" lon="1.8872000000000002">
        <ele>308.27992264635867</ele>
      </trkpt>
      <trkpt lat="41.877990000000004" lon="1.8870500000000001">
        <ele>309.57256656687343</ele>
      </trkpt>
      <trkpt lat="41.87789" lon="1.8870000000000002">
        <ele>310.66902781267794</ele>
      </trkpt>
      <trkpt lat="41.87733" lon="1.88684">
        <ele>312.4355478389266</ele>
      </trkpt>
      <trkpt lat="41.87704" lon="1.8868600000000002">
        <ele>314.1825668996417</ele>
      </trkpt>
      <trkpt lat="41.87641" lon="1.8870200000000001">
        <ele>315.57658314747243</ele>
      </trkpt>
      <trkpt lat="41.87615" lon="1.8869900000000002">
        <ele>319.0104643353467</ele>
      </trkpt>
      <trkpt lat="41.87574" lon="1.8867800000000001">
        <ele>322.30527123475986</ele>
      </trkpt>
      <trkpt lat="41.875150000000005" lon="1.8863">
        <ele>323.2494504125712</ele>
      </trkpt>
      <trkpt lat="41.87473000000001" lon="1.8859100000000002">
        <ele>324.3770478632759</ele>
      </trkpt>
      <trkpt lat="41.87453" lon="1.88579">
        <ele>323.75608490146976</ele>
      </trkpt>
      <trkpt lat="41.87427" lon="1.88569">
        <ele>323.90614298687456</ele>
      </trkpt>
      <trkpt lat="41.87413" lon="1.8857300000000001">
        <ele>322.8939428687624</ele>
      </trkpt>
      <trkpt lat="41.87397" lon="1.88582">
        <ele>321.77423910871926</ele>
      </trkpt>
      <trkpt lat="41.873830000000005" lon="1.8859400000000002">
        <ele>320.9501197830774</ele>
      </trkpt>
      <trkpt lat="41.87366" lon="1.8862400000000001">
        <ele>317.8221754156512</ele>
      </trkpt>
      <trkpt lat="41.87351" lon="1.8862400000000001">
        <ele>316.73882228855047</ele>
      </trkpt>
      <trkpt lat="41.8731" lon="1.8863800000000002">
        <ele>311.7007053227022</ele>
      </trkpt>
      <trkpt lat="41.87268" lon="1.8867200000000002">
        <ele>305.24779021764436</ele>
      </trkpt>
      <trkpt lat="41.87225" lon="1.8870200000000001">
        <ele>302.42184831759863</ele>
      </trkpt>
      <trkpt lat="41.872130000000006" lon="1.8869300000000002">
        <ele>301.0898779033542</ele>
      </trkpt>
      <trkpt lat="41.87205" lon="1.8867">
        <ele>301.4515309933075</ele>
      </trkpt>
      <trkpt lat="41.87203" lon="1.88599">
        <ele>302.0294794261339</ele>
      </trkpt>
      <trkpt lat="41.871970000000005" lon="1.8857300000000001">
        <ele>301.77014880387094</ele>
      </trkpt>
      <trkpt lat="41.871860000000005" lon="1.8848500000000001">
        <ele>301.63481094839943</ele>
      </trkpt>
      <trkpt lat="41.871770000000005" lon="1.8845600000000002">
        <ele>301.0668589999327</ele>
      </trkpt>
      <trkpt lat="41.87158" lon="1.8841900000000003">
        <ele>300.9831453602444</ele>
      </trkpt>
      <trkpt lat="41.87124" lon="1.8838300000000001">
        <ele>301.5624109506049</ele>
      </trkpt>
      <trkpt lat="41.87097000000001" lon="1.8836400000000002">
        <ele>302.5269825184037</ele>
      </trkpt>
      <trkpt lat="41.870580000000004" lon="1.8834700000000002">
        <ele>302.46105250481224</ele>
      </trkpt>
      <trkpt lat="41.87058" lon="1.883478">
        <ele>302.31130035655235</ele>
      </trkpt>
      <trkpt lat="41.870385" lon="1.883474">
        <ele>302.42535691305216</ele>
      </trkpt>
      <trkpt lat="41.870018" lon="1.883539">
        <ele>300.73435278290407</ele>
      </trkpt>
      <trkpt lat="41.86995" lon="1.883519">
        <ele>301.50571601718053</ele>
      </trkpt>
      <trkpt lat="41.869907" lon="1.883533">
        <ele>301.7226709585077</ele>
      </trkpt>
      <trkpt lat="41.869767" lon="1.883636">
        <ele>300.3713025731066</ele>
      </trkpt>
      <trkpt lat="41.869463" lon="1.883728">
        <ele>301.4542388723547</ele>
      </trkpt>
      <trkpt lat="41.869314" lon="1.88383">
        <ele>300.3365457520601</ele>
      </trkpt>
      <trkpt lat="41.868899" lon="1.884029">
        <ele>300.3045888838251</ele>
      </trkpt>
      <trkpt lat="41.868334" lon="1.884397">
        <ele>299.93337808557476</ele>
      </trkpt>
      <trkpt lat="41.867862" lon="1.884754">
        <ele>301.4004572010757</ele>
      </trkpt>
      <trkpt lat="41.867446" lon="1.885137">
        <ele>301.18565424069754</ele>
      </trkpt>
      <trkpt lat="41.867169" lon="1.88542">
        <ele>301.2838689497404</ele>
      </trkpt>
      <trkpt lat="41.866741" lon="1.885881">
        <ele>299.75176057297716</ele>
      </trkpt>
      <trkpt lat="41.866491" lon="1.886131">
        <ele>300.05496760847</ele>
      </trkpt>
      <trkpt lat="41.866187" lon="1.886401">
        <ele>299.70330314989343</ele>
      </trkpt>
      <trkpt lat="41.865862" lon="1.886648">
        <ele>300.1960695634698</ele>
      </trkpt>
      <trkpt lat="41.865505" lon="1.886728">
        <ele>301.6590737768941</ele>
      </trkpt>
      <trkpt lat="41.865558" lon="1.886633">
        <ele>304.6469629628788</ele>
      </trkpt>
      <trkpt lat="41.865553" lon="1.886543">
        <ele>307.5401860636011</ele>
      </trkpt>
      <trkpt lat="41.865493" lon="1.886518">
        <ele>308.0580216736422</ele>
      </trkpt>
      <trkpt lat="41.865486" lon="1.886439">
        <ele>309.55395980333276</ele>
      </trkpt>
      <trkpt lat="41.865336" lon="1.886121">
        <ele>311.9302240541666</ele>
      </trkpt>
      <trkpt lat="41.8652" lon="1.885914">
        <ele>313.0118063891742</ele>
      </trkpt>
      <trkpt lat="41.865112" lon="1.88566">
        <ele>314.4361525875935</ele>
      </trkpt>
      <trkpt lat="41.865026" lon="1.885481">
        <ele>315.3055703202906</ele>
      </trkpt>
      <trkpt lat="41.864943" lon="1.885489">
        <ele>314.91512696631696</ele>
      </trkpt>
      <trkpt lat="41.864881" lon="1.885481">
        <ele>314.9799077179988</ele>
      </trkpt>
      <trkpt lat="41.864674" lon="1.88531">
        <ele>316.1360371141709</ele>
      </trkpt>
      <trkpt lat="41.864526" lon="1.885084">
        <ele>317.56356744938705</ele>
      </trkpt>
      <trkpt lat="41.864378" lon="1.88477">
        <ele>319.3897744282737</ele>
      </trkpt>
      <trkpt lat="41.864061" lon="1.884337">
        <ele>318.63483868642464</ele>
      </trkpt>
      <trkpt lat="41.863738" lon="1.883816">
        <ele>318.4247372222782</ele>
      </trkpt>
      <trkpt lat="41.86338" lon="1.88318">
        <ele>318.4760705565159</ele>
      </trkpt>
      <trkpt lat="41.86315" lon="1.882632">
        <ele>319.38868026045566</ele>
      </trkpt>
      <trkpt lat="41.862997" lon="1.882104">
        <ele>318.3192336791098</ele>
      </trkpt>
      <trkpt lat="41.862897" lon="1.881543">
        <ele>317.79306594295514</ele>
      </trkpt>
      <trkpt lat="41.862908" lon="1.881379">
        <ele>318.2147192931038</ele>
      </trkpt>
      <trkpt lat="41.862886" lon="1.881215">
        <ele>317.7529191552963</ele>
      </trkpt>
      <trkpt lat="41.862949" lon="1.881022">
        <ele>319.25683403581763</ele>
      </trkpt>
      <trkpt lat="41.863097" lon="1.880833">
        <ele>321.0234760238766</ele>
      </trkpt>
      <trkpt lat="41.862441" lon="1.879199">
        <ele>314.6976330689967</ele>
      </trkpt>
      <trkpt lat="41.862021" lon="1.878188">
        <ele>312.3335975367228</ele>
      </trkpt>
      <trkpt lat="41.862017" lon="1.878178">
        <ele>312.7561474749193</ele>
      </trkpt>
      <trkpt lat="41.862124" lon="1.878144">
        <ele>313.4866177710561</ele>
      </trkpt>
      <trkpt lat="41.862237" lon="1.878134">
        <ele>310.4259253973123</ele>
      </trkpt>
      <trkpt lat="41.86232" lon="1.878057">
        <ele>310.4218519238444</ele>
      </trkpt>
      <trkpt lat="41.862433" lon="1.87797">
        <ele>311.4506360575049</ele>
      </trkpt>
      <trkpt lat="41.862617" lon="1.877977">
        <ele>310.0672180462594</ele>
      </trkpt>
      <trkpt lat="41.862814" lon="1.877942">
        <ele>314.42744574032815</ele>
      </trkpt>
      <trkpt lat="41.862883" lon="1.877981">
        <ele>312.69333513563595</ele>
      </trkpt>
      <trkpt lat="41.862968" lon="1.87798">
        <ele>314.0254351958784</ele>
      </trkpt>
      <trkpt lat="41.862936" lon="1.877721">
        <ele>325.60812744699626</ele>
      </trkpt>
      <trkpt lat="41.862938" lon="1.877655">
        <ele>326.7749762432167</ele>
      </trkpt>
      <trkpt lat="41.86305" lon="1.877594">
        <ele>328.1764832711107</ele>
      </trkpt>
      <trkpt lat="41.863065" lon="1.877188">
        <ele>328.13239636984656</ele>
      </trkpt>
      <trkpt lat="41.863081" lon="1.876994">
        <ele>327.6294498412123</ele>
      </trkpt>
      <trkpt lat="41.863117" lon="1.876888">
        <ele>327.82036577961844</ele>
      </trkpt>
      <trkpt lat="41.863083" lon="1.876976">
        <ele>327.58217022398895</ele>
      </trkpt>
      <trkpt lat="41.863081" lon="1.876994">
        <ele>327.6294498412123</ele>
      </trkpt>
      <trkpt lat="41.863065" lon="1.877188">
        <ele>328.13239636984656</ele>
      </trkpt>
      <trkpt lat="41.86305" lon="1.877594">
        <ele>328.1764832711107</ele>
      </trkpt>
      <trkpt lat="41.862938" lon="1.877655">
        <ele>326.7749762432167</ele>
      </trkpt>
      <trkpt lat="41.862936" lon="1.877721">
        <ele>325.60812744699626</ele>
      </trkpt>
      <trkpt lat="41.862968" lon="1.87798">
        <ele>314.0254351958784</ele>
      </trkpt>
      <trkpt lat="41.862883" lon="1.877981">
        <ele>312.69333513563595</ele>
      </trkpt>
      <trkpt lat="41.862814" lon="1.877942">
        <ele>314.42744574032815</ele>
      </trkpt>
      <trkpt lat="41.862617" lon="1.877977">
        <ele>310.0672180462594</ele>
      </trkpt>
      <trkpt lat="41.862433" lon="1.87797">
        <ele>311.4506360575049</ele>
      </trkpt>
      <trkpt lat="41.86232" lon="1.878057">
        <ele>310.4218519238444</ele>
      </trkpt>
      <trkpt lat="41.862237" lon="1.878134">
        <ele>310.4259253973123</ele>
      </trkpt>
      <trkpt lat="41.862172" lon="1.878196">
        <ele>309.54716170476684</ele>
      </trkpt>
      <trkpt lat="41.861935" lon="1.878424">
        <ele>306.12550889162526</ele>
      </trkpt>
      <trkpt lat="41.861808" lon="1.87855">
        <ele>306.86686856387024</ele>
      </trkpt>
      <trkpt lat="41.861688" lon="1.878751">
        <ele>306.02586408909235</ele>
      </trkpt>
      <trkpt lat="41.861601" lon="1.878877">
        <ele>304.63420321924826</ele>
      </trkpt>
      <trkpt lat="41.861485" lon="1.878981">
        <ele>302.0922705847866</ele>
      </trkpt>
      <trkpt lat="41.86133" lon="1.879039">
        <ele>304.2757804722427</ele>
      </trkpt>
      <trkpt lat="41.861185" lon="1.879182">
        <ele>301.19323100736915</ele>
      </trkpt>
      <trkpt lat="41.861088" lon="1.879247">
        <ele>300.80747453594984</ele>
      </trkpt>
      <trkpt lat="41.860967" lon="1.879287">
        <ele>300.301641743926</ele>
      </trkpt>
      <trkpt lat="41.860693" lon="1.879398">
        <ele>299.5203872114898</ele>
      </trkpt>
      <trkpt lat="41.860365" lon="1.879511">
        <ele>299.81087827872443</ele>
      </trkpt>
      <trkpt lat="41.860322" lon="1.879543">
        <ele>298.98741382159255</ele>
      </trkpt>
      <trkpt lat="41.860283" lon="1.879572">
        <ele>298.03916797398716</ele>
      </trkpt>
      <trkpt lat="41.860223" lon="1.879599">
        <ele>297.1687796687199</ele>
      </trkpt>
      <trkpt lat="41.860111" lon="1.879573">
        <ele>298.029671552116</ele>
      </trkpt>
      <trkpt lat="41.860032" lon="1.879581">
        <ele>297.47003160052213</ele>
      </trkpt>
      <trkpt lat="41.859931" lon="1.879499">
        <ele>298.14070776632303</ele>
      </trkpt>
      <trkpt lat="41.859952" lon="1.879432">
        <ele>299.3038317820773</ele>
      </trkpt>
      <trkpt lat="41.859859" lon="1.879425">
        <ele>298.0679675036041</ele>
      </trkpt>
      <trkpt lat="41.859683" lon="1.8792">
        <ele>297.9047428708583</ele>
      </trkpt>
      <trkpt lat="41.85956" lon="1.879025">
        <ele>297.6895666938945</ele>
      </trkpt>
      <trkpt lat="41.859398" lon="1.878745">
        <ele>297.15999318567134</ele>
      </trkpt>
      <trkpt lat="41.859319" lon="1.878791">
        <ele>295.3055381956032</ele>
      </trkpt>
      <trkpt lat="41.859281" lon="1.878704">
        <ele>295.63997969147545</ele>
      </trkpt>
      <trkpt lat="41.859192" lon="1.878416">
        <ele>296.0331195463518</ele>
      </trkpt>
      <trkpt lat="41.859164" lon="1.878267">
        <ele>296.1254884267972</ele>
      </trkpt>
      <trkpt lat="41.859149" lon="1.87809">
        <ele>296.31593452586577</ele>
      </trkpt>
      <trkpt lat="41.859146" lon="1.877928">
        <ele>296.3380094082944</ele>
      </trkpt>
      <trkpt lat="41.85913" lon="1.877811">
        <ele>296.2269714838065</ele>
      </trkpt>
      <trkpt lat="41.859093" lon="1.877646">
        <ele>295.98064843255605</ele>
      </trkpt>
      <trkpt lat="41.859057" lon="1.877546">
        <ele>296.10442337428026</ele>
      </trkpt>
      <trkpt lat="41.858951" lon="1.877382">
        <ele>295.4857766445783</ele>
      </trkpt>
      <trkpt lat="41.858758" lon="1.877019">
        <ele>295.0174864780706</ele>
      </trkpt>
      <trkpt lat="41.858685" lon="1.876858">
        <ele>294.2195448966158</ele>
      </trkpt>
      <trkpt lat="41.858564" lon="1.876621">
        <ele>293.62984626477277</ele>
      </trkpt>
      <trkpt lat="41.858478" lon="1.876435">
        <ele>294.4570304033676</ele>
      </trkpt>
      <trkpt lat="41.858184" lon="1.875989">
        <ele>293.23684151157147</ele>
      </trkpt>
      <trkpt lat="41.858069" lon="1.875797">
        <ele>293.27211000540916</ele>
      </trkpt>
      <trkpt lat="41.85794" lon="1.875527">
        <ele>294.1594678211848</ele>
      </trkpt>
      <trkpt lat="41.857856" lon="1.875379">
        <ele>294.21821300071826</ele>
      </trkpt>
      <trkpt lat="41.857586" lon="1.87503">
        <ele>293.98416822207173</ele>
      </trkpt>
      <trkpt lat="41.857473" lon="1.874851">
        <ele>293.95052989944185</ele>
      </trkpt>
      <trkpt lat="41.857383" lon="1.874649">
        <ele>294.3472527616154</ele>
      </trkpt>
      <trkpt lat="41.857354" lon="1.8746">
        <ele>294.32390193320964</ele>
      </trkpt>
      <trkpt lat="41.8573" lon="1.874533">
        <ele>293.69471110926224</ele>
      </trkpt>
      <trkpt lat="41.85726" lon="1.87443">
        <ele>293.08619920342363</ele>
      </trkpt>
      <trkpt lat="41.857202" lon="1.874342">
        <ele>293.08142094164</ele>
      </trkpt>
      <trkpt lat="41.856969" lon="1.874066">
        <ele>293.3780676420953</ele>
      </trkpt>
      <trkpt lat="41.856838" lon="1.87387">
        <ele>293.82681984639595</ele>
      </trkpt>
      <trkpt lat="41.856658" lon="1.873524">
        <ele>293.79147258352845</ele>
      </trkpt>
      <trkpt lat="41.856473" lon="1.873231">
        <ele>295.0661669693977</ele>
      </trkpt>
      <trkpt lat="41.856461" lon="1.87322">
        <ele>295.22257381867735</ele>
      </trkpt>
      <trkpt lat="41.856431" lon="1.873219">
        <ele>295.094115587813</ele>
      </trkpt>
      <trkpt lat="41.856331" lon="1.873218">
        <ele>294.3690573199061</ele>
      </trkpt>
      <trkpt lat="41.85625" lon="1.873192">
        <ele>293.9569096310631</ele>
      </trkpt>
      <trkpt lat="41.856163" lon="1.87311">
        <ele>294.6387066770454</ele>
      </trkpt>
      <trkpt lat="41.856115" lon="1.872967">
        <ele>297.588281982613</ele>
      </trkpt>
      <trkpt lat="41.856102" lon="1.872852">
        <ele>296.87051486849185</ele>
      </trkpt>
      <trkpt lat="41.856118" lon="1.872789">
        <ele>297.2815589057415</ele>
      </trkpt>
      <trkpt lat="41.856217" lon="1.872714">
        <ele>298.93240906704455</ele>
      </trkpt>
      <trkpt lat="41.856214" lon="1.872672">
        <ele>298.308085259426</ele>
      </trkpt>
      <trkpt lat="41.856146" lon="1.872517">
        <ele>297.4166569243843</ele>
      </trkpt>
      <trkpt lat="41.856049" lon="1.872345">
        <ele>297.11312287983895</ele>
      </trkpt>
      <trkpt lat="41.855774" lon="1.872154">
        <ele>296.802153933341</ele>
      </trkpt>
      <trkpt lat="41.855606" lon="1.872101">
        <ele>296.35455698225815</ele>
      </trkpt>
      <trkpt lat="41.855365" lon="1.871967">
        <ele>298.2450649463584</ele>
      </trkpt>
      <trkpt lat="41.855249" lon="1.87196">
        <ele>296.7480663404087</ele>
      </trkpt>
      <trkpt lat="41.855133" lon="1.871917">
        <ele>296.90703426335494</ele>
      </trkpt>
      <trkpt lat="41.854921" lon="1.871891">
        <ele>297.197538954699</ele>
      </trkpt>
      <trkpt lat="41.854557" lon="1.871893">
        <ele>299.45658231420595</ele>
      </trkpt>
      <trkpt lat="41.854131" lon="1.871911">
        <ele>298.26673787980405</ele>
      </trkpt>
      <trkpt lat="41.854130000000005" lon="1.8719000000000001">
        <ele>298.42937996655064</ele>
      </trkpt>
      <trkpt lat="41.8537" lon="1.8719800000000002">
        <ele>297.994627807652</ele>
      </trkpt>
      <trkpt lat="41.85336" lon="1.8721200000000002">
        <ele>298.40019815684013</ele>
      </trkpt>
      <trkpt lat="41.85307" lon="1.8722800000000002">
        <ele>298.5211152892436</ele>
      </trkpt>
      <trkpt lat="41.852940000000004" lon="1.8724">
        <ele>298.34137558926886</ele>
      </trkpt>
      <trkpt lat="41.85275" lon="1.87264">
        <ele>298.66611109072517</ele>
      </trkpt>
      <trkpt lat="41.85228" lon="1.8733400000000002">
        <ele>299.3357029817523</ele>
      </trkpt>
      <trkpt lat="41.852000000000004" lon="1.8741800000000002">
        <ele>298.99831441527283</ele>
      </trkpt>
      <trkpt lat="41.85181" lon="1.8744600000000002">
        <ele>297.0481623876191</ele>
      </trkpt>
      <trkpt lat="41.85161" lon="1.87467">
        <ele>296.86218088373346</ele>
      </trkpt>
      <trkpt lat="41.8515" lon="1.8747600000000002">
        <ele>297.38646438547454</ele>
      </trkpt>
      <trkpt lat="41.85152" lon="1.8748500000000001">
        <ele>296.35173451786505</ele>
      </trkpt>
      <trkpt lat="41.851510000000005" lon="1.8749000000000002">
        <ele>295.82509084583415</ele>
      </trkpt>
      <trkpt lat="41.851380000000006" lon="1.8750400000000003">
        <ele>295.3066958963089</ele>
      </trkpt>
      <trkpt lat="41.851220000000005" lon="1.87515">
        <ele>296.1133882381631</ele>
      </trkpt>
      <trkpt lat="41.85108" lon="1.8754300000000002">
        <ele>295.31725762596363</ele>
      </trkpt>
      <trkpt lat="41.85094" lon="1.8756100000000002">
        <ele>294.3614144320943</ele>
      </trkpt>
      <trkpt lat="41.85074" lon="1.8757400000000002">
        <ele>294.8719393017515</ele>
      </trkpt>
      <trkpt lat="41.850345000462674" lon="1.8760750020889867">
        <ele>294.55519223212957</ele>
      </trkpt>
      <trkpt lat="41.84995000000001" lon="1.8764100000000001">
        <ele>295.1362006074871</ele>
      </trkpt>
      <trkpt lat="41.84942000114343" lon="1.876920004210571">
        <ele>294.52400844894976</ele>
      </trkpt>
      <trkpt lat="41.848890000000004" lon="1.8774300000000002">
        <ele>294.01140511794245</ele>
      </trkpt>
      <trkpt lat="41.848620000000004" lon="1.8775300000000001">
        <ele>295.53365288055045</ele>
      </trkpt>
      <trkpt lat="41.847935000229995" lon="1.8777350021807468">
        <ele>295.48626418322715</ele>
      </trkpt>
      <trkpt lat="41.84725" lon="1.8779400000000002">
        <ele>296.42600423774377</ele>
      </trkpt>
      <trkpt lat="41.84686000000001" lon="1.8780700000000001">
        <ele>296.21486070708596</ele>
      </trkpt>
      <trkpt lat="41.84653" lon="1.8781400000000001">
        <ele>296.1117544692329</ele>
      </trkpt>
      <trkpt lat="41.84604" lon="1.8782200000000002">
        <ele>296.4781069227205</ele>
      </trkpt>
      <trkpt lat="41.84521500028618" lon="1.878480003354809">
        <ele>296.01425324170725</ele>
      </trkpt>
      <trkpt lat="41.844390000000004" lon="1.87874">
        <ele>294.08086133380135</ele>
      </trkpt>
      <trkpt lat="41.8444" lon="1.8788000000000002">
        <ele>292.75663528341533</ele>
      </trkpt>
      <trkpt lat="41.843970000000006" lon="1.87884">
        <ele>293.30794628312367</ele>
      </trkpt>
      <trkpt lat="41.84358" lon="1.87891">
        <ele>294.21831384557515</ele>
      </trkpt>
      <trkpt lat="41.843210000000006" lon="1.8790600000000002">
        <ele>293.3246872085851</ele>
      </trkpt>
      <trkpt lat="41.8429" lon="1.8791200000000001">
        <ele>293.2176500703359</ele>
      </trkpt>
      <trkpt lat="41.842410000107286" lon="1.8791600002981244">
        <ele>292.92217326742906</ele>
      </trkpt>
      <trkpt lat="41.84192" lon="1.8792000000000002">
        <ele>293.42177371167196</ele>
      </trkpt>
      <trkpt lat="41.84169000000001" lon="1.8792600000000002">
        <ele>292.6973802025913</ele>
      </trkpt>
      <trkpt lat="41.84141" lon="1.87928">
        <ele>290.9537582372334</ele>
      </trkpt>
      <trkpt lat="41.8412" lon="1.87925">
        <ele>291.98760164205464</ele>
      </trkpt>
      <trkpt lat="41.840880000000006" lon="1.8792400000000002">
        <ele>289.5443142954769</ele>
      </trkpt>
      <trkpt lat="41.84038" lon="1.87911">
        <ele>293.41647408016814</ele>
      </trkpt>
      <trkpt lat="41.84010000000001" lon="1.8787600000000002">
        <ele>295.248115725612</ele>
      </trkpt>
      <trkpt lat="41.8397150005158" lon="1.8783749975566715">
        <ele>294.55951885499564</ele>
      </trkpt>
      <trkpt lat="41.839330000000004" lon="1.87799">
        <ele>293.14889144466315</ele>
      </trkpt>
      <trkpt lat="41.838710000000006" lon="1.87742">
        <ele>293.9149784022984</ele>
      </trkpt>
      <trkpt lat="41.83863" lon="1.8773100000000003">
        <ele>294.00314927912</ele>
      </trkpt>
      <trkpt lat="41.838285001959" lon="1.8766499965756618">
        <ele>294.80602203780046</ele>
      </trkpt>
      <trkpt lat="41.83794" lon="1.87599">
        <ele>293.77294274103673</ele>
      </trkpt>
      <trkpt lat="41.837810000000005" lon="1.8758800000000002">
        <ele>293.84769889620935</ele>
      </trkpt>
      <trkpt lat="41.83725000021586" lon="1.8755949974367574">
        <ele>294.4063037617495</ele>
      </trkpt>
      <trkpt lat="41.836690000000004" lon="1.8753100000000003">
        <ele>294.0895948125707</ele>
      </trkpt>
      <trkpt lat="41.83648" lon="1.8753000000000002">
        <ele>293.62254692504877</ele>
      </trkpt>
      <trkpt lat="41.836360000000006" lon="1.8752000000000002">
        <ele>293.66891070677354</ele>
      </trkpt>
      <trkpt lat="41.835930000000005" lon="1.87494">
        <ele>291.5155255815922</ele>
      </trkpt>
      <trkpt lat="41.835330000000006" lon="1.8748200000000002">
        <ele>286.2683588336049</ele>
      </trkpt>
      <trkpt lat="41.835190000000004" lon="1.87477">
        <ele>283.1288306800815</ele>
      </trkpt>
      <trkpt lat="41.834700000000005" lon="1.8743900000000002">
        <ele>291.8245511991911</ele>
      </trkpt>
      <trkpt lat="41.83466000000001" lon="1.8743900000000002">
        <ele>292.6394151543725</ele>
      </trkpt>
      <trkpt lat="41.8346" lon="1.8744300000000003">
        <ele>292.82605389904995</ele>
      </trkpt>
      <trkpt lat="41.834030000000006" lon="1.8750300000000002">
        <ele>295.257894731884</ele>
      </trkpt>
      <trkpt lat="41.834" lon="1.8750400000000003">
        <ele>295.39787653233424</ele>
      </trkpt>
      <trkpt lat="41.83348" lon="1.87569">
        <ele>295.19030394172927</ele>
      </trkpt>
      <trkpt lat="41.83334000000001" lon="1.8757700000000002">
        <ele>295.07480556086836</ele>
      </trkpt>
      <trkpt lat="41.83276" lon="1.87589">
        <ele>295.0362490435634</ele>
      </trkpt>
      <trkpt lat="41.83269000000001" lon="1.8759400000000002">
        <ele>295.2507379164167</ele>
      </trkpt>
      <trkpt lat="41.832640000000005" lon="1.8760900000000003">
        <ele>294.9529782882219</ele>
      </trkpt>
      <trkpt lat="41.83229" lon="1.8765800000000001">
        <ele>294.48192132139616</ele>
      </trkpt>
      <trkpt lat="41.83196" lon="1.8768300000000002">
        <ele>294.9790521237371</ele>
      </trkpt>
      <trkpt lat="41.83171" lon="1.8770700000000002">
        <ele>294.5534003594037</ele>
      </trkpt>
      <trkpt lat="41.831270000239144" lon="1.877355002032282">
        <ele>293.9962776673934</ele>
      </trkpt>
      <trkpt lat="41.830830000000006" lon="1.8776400000000002">
        <ele>295.64114847590395</ele>
      </trkpt>
      <trkpt lat="41.83064" lon="1.8778400000000002">
        <ele>297.24746987080715</ele>
      </trkpt>
      <trkpt lat="41.830360000000006" lon="1.87857">
        <ele>299.1158719553864</ele>
      </trkpt>
      <trkpt lat="41.83026" lon="1.87904">
        <ele>299.35960960117296</ele>
      </trkpt>
      <trkpt lat="41.83008" lon="1.8796800000000002">
        <ele>298.9800756949452</ele>
      </trkpt>
      <trkpt lat="41.83005" lon="1.8799000000000001">
        <ele>299.9599959470655</ele>
      </trkpt>
      <trkpt lat="41.830040000000004" lon="1.8802500000000002">
        <ele>299.0224356942017</ele>
      </trkpt>
      <trkpt lat="41.83001" lon="1.8804">
        <ele>298.8048772917742</ele>
      </trkpt>
      <trkpt lat="41.829820000000005" lon="1.88098">
        <ele>295.8437332369016</ele>
      </trkpt>
      <trkpt lat="41.82969000000001" lon="1.8812400000000002">
        <ele>296.50021979063774</ele>
      </trkpt>
      <trkpt lat="41.82954" lon="1.8818700000000002">
        <ele>294.8721863401583</ele>
      </trkpt>
      <trkpt lat="41.82945" lon="1.8820200000000002">
        <ele>293.7551261091622</ele>
      </trkpt>
      <trkpt lat="41.829280000000004" lon="1.8822100000000002">
        <ele>292.36090757901985</ele>
      </trkpt>
      <trkpt lat="41.82921" lon="1.88274">
        <ele>296.09665312863683</ele>
      </trkpt>
      <trkpt lat="41.82914" lon="1.8834100000000003">
        <ele>296.4795276134454</ele>
      </trkpt>
      <trkpt lat="41.82907" lon="1.88386">
        <ele>299.13352621249044</ele>
      </trkpt>
      <trkpt lat="41.82882" lon="1.8844500000000002">
        <ele>298.4543709882565</ele>
      </trkpt>
      <trkpt lat="41.82875000000001" lon="1.8846900000000002">
        <ele>297.13741743600076</ele>
      </trkpt>
      <trkpt lat="41.82851" lon="1.88528">
        <ele>296.15656368426255</ele>
      </trkpt>
      <trkpt lat="41.82844" lon="1.88538">
        <ele>296.5871158579489</ele>
      </trkpt>
      <trkpt lat="41.828120000000006" lon="1.8857300000000001">
        <ele>298.21374041782644</ele>
      </trkpt>
      <trkpt lat="41.828010000000006" lon="1.8859000000000001">
        <ele>296.84330907301035</ele>
      </trkpt>
      <trkpt lat="41.82777" lon="1.8861200000000002">
        <ele>294.38335964109575</ele>
      </trkpt>
      <trkpt lat="41.8277" lon="1.8861500000000002">
        <ele>293.51596935954296</ele>
      </trkpt>
      <trkpt lat="41.82762" lon="1.88616">
        <ele>292.84748040675845</ele>
      </trkpt>
      <trkpt lat="41.8275" lon="1.88613">
        <ele>295.6279883901899</ele>
      </trkpt>
      <trkpt lat="41.82743000000001" lon="1.8861500000000002">
        <ele>297.5262593833708</ele>
      </trkpt>
      <trkpt lat="41.82739" lon="1.8862200000000002">
        <ele>297.69968606344537</ele>
      </trkpt>
      <trkpt lat="41.82737" lon="1.88633">
        <ele>296.2662428398115</ele>
      </trkpt>
      <trkpt lat="41.82733" lon="1.8863900000000002">
        <ele>295.954455129192</ele>
      </trkpt>
      <trkpt lat="41.826645000849226" lon="1.8868250046360868">
        <ele>296.2127620256422</ele>
      </trkpt>
      <trkpt lat="41.82596" lon="1.8872600000000002">
        <ele>296.07659165333956</ele>
      </trkpt>
      <trkpt lat="41.82541500065644" lon="1.8876350031600637">
        <ele>296.4570251754679</ele>
      </trkpt>
      <trkpt lat="41.824870000000004" lon="1.8880100000000002">
        <ele>295.82348130592214</ele>
      </trkpt>
      <trkpt lat="41.82442000065746" lon="1.888370002453836">
        <ele>296.6194696147328</ele>
      </trkpt>
      <trkpt lat="41.82397" lon="1.8887300000000002">
        <ele>297.26585892418035</ele>
      </trkpt>
      <trkpt lat="41.82343" lon="1.8891300000000002">
        <ele>296.7779565491311</ele>
      </trkpt>
      <trkpt lat="41.82289" lon="1.8895000000000002">
        <ele>297.47574385567873</ele>
      </trkpt>
      <trkpt lat="41.822450000517605" lon="1.8897450015402784">
        <ele>298.56762127466686</ele>
      </trkpt>
      <trkpt lat="41.822010000000006" lon="1.88999">
        <ele>295.621239392522</ele>
      </trkpt>
      <trkpt lat="41.822160000000004" lon="1.89047">
        <ele>294.54939946739887</ele>
      </trkpt>
      <trkpt lat="41.822120000000005" lon="1.8906900000000002">
        <ele>292.6580780825816</ele>
      </trkpt>
      <trkpt lat="41.822050000000004" lon="1.89087">
        <ele>293.31071903235016</ele>
      </trkpt>
      <trkpt lat="41.82202" lon="1.8911900000000001">
        <ele>294.3355411234797</ele>
      </trkpt>
      <trkpt lat="41.822100000000006" lon="1.8914700000000002">
        <ele>294.06608347403386</ele>
      </trkpt>
      <trkpt lat="41.82208000000001" lon="1.89206">
        <ele>293.48212677608524</ele>
      </trkpt>
      <trkpt lat="41.82215" lon="1.8920700000000001">
        <ele>293.09710026921357</ele>
      </trkpt>
      <trkpt lat="41.82268000021053" lon="1.8922399986201985">
        <ele>285.35403231947714</ele>
      </trkpt>
      <trkpt lat="41.82321" lon="1.8924100000000001">
        <ele>279.46973856758206</ele>
      </trkpt>
      <trkpt lat="41.82347" lon="1.8925800000000002">
        <ele>274.814780707951</ele>
      </trkpt>
      <trkpt lat="41.82383500273581" lon="1.8933749954571384">
        <ele>263.787147305047</ele>
      </trkpt>
      <trkpt lat="41.824200000000005" lon="1.8941700000000001">
        <ele>272.67445384105565</ele>
      </trkpt>
      <trkpt lat="41.82412" lon="1.89443">
        <ele>272.82671557447105</ele>
      </trkpt>
      <trkpt lat="41.82403" lon="1.8945400000000001">
        <ele>272.7677392811493</ele>
      </trkpt>
      <trkpt lat="41.82392" lon="1.8948300000000002">
        <ele>273.5416301980546</ele>
      </trkpt>
      <trkpt lat="41.82376" lon="1.8954700000000002">
        <ele>273.088914139384</ele>
      </trkpt>
      <trkpt lat="41.823350000000005" lon="1.89586">
        <ele>273.202474120423</ele>
      </trkpt>
      <trkpt lat="41.822950000000006" lon="1.8961100000000002">
        <ele>270.35012123666206</ele>
      </trkpt>
      <trkpt lat="41.82285" lon="1.89623">
        <ele>269.2464735961585</ele>
      </trkpt>
      <trkpt lat="41.82274" lon="1.8965200000000002">
        <ele>267.9703416133059</ele>
      </trkpt>
      <trkpt lat="41.822630000000004" lon="1.8966300000000003">
        <ele>266.79687579479224</ele>
      </trkpt>
      <trkpt lat="41.82229" lon="1.8970700000000003">
        <ele>267.4554939715246</ele>
      </trkpt>
      <trkpt lat="41.821960000000004" lon="1.8969300000000002">
        <ele>262.73327749882696</ele>
      </trkpt>
      <trkpt lat="41.82182" lon="1.89697">
        <ele>261.67399367199386</ele>
      </trkpt>
      <trkpt lat="41.8212700015189" lon="1.8973833404057758">
        <ele>260.4149732466399</ele>
      </trkpt>
      <trkpt lat="41.82072000155603" lon="1.897796673711105">
        <ele>260.11050515876815</ele>
      </trkpt>
      <trkpt lat="41.820170000000005" lon="1.8982100000000002">
        <ele>259.5951065911783</ele>
      </trkpt>
      <trkpt lat="41.81947" lon="1.89881">
        <ele>259.15589046533523</ele>
      </trkpt>
      <trkpt lat="41.818935001327425" lon="1.899375004780229">
        <ele>258.91106763230744</ele>
      </trkpt>
      <trkpt lat="41.818400000000004" lon="1.8999400000000002">
        <ele>258.9938583364543</ele>
      </trkpt>
      <trkpt lat="41.81780000147337" lon="1.9005250054911889">
        <ele>259.1038188564901</ele>
      </trkpt>
      <trkpt lat="41.81720000000001" lon="1.90111">
        <ele>259.6537579901237</ele>
      </trkpt>
      <trkpt lat="41.81650500129577" lon="1.9016400056922242">
        <ele>259.6747455911487</ele>
      </trkpt>
      <trkpt lat="41.815810000000006" lon="1.9021700000000001">
        <ele>259.80027038078913</ele>
      </trkpt>
      <trkpt lat="41.815340000000006" lon="1.90247">
        <ele>259.2697336827075</ele>
      </trkpt>
      <trkpt lat="41.81488" lon="1.9026800000000001">
        <ele>260.3288771129914</ele>
      </trkpt>
      <trkpt lat="41.81465" lon="1.90267">
        <ele>260.733421682672</ele>
      </trkpt>
      <trkpt lat="41.814220000000006" lon="1.90247">
        <ele>260.47461023907596</ele>
      </trkpt>
      <trkpt lat="41.813810000000004" lon="1.9023100000000002">
        <ele>259.16238712380226</ele>
      </trkpt>
      <trkpt lat="41.81304" lon="1.9021700000000001">
        <ele>258.94732440216694</ele>
      </trkpt>
      <trkpt lat="41.81293" lon="1.9021100000000002">
        <ele>257.8396930012784</ele>
      </trkpt>
      <trkpt lat="41.81215" lon="1.90206">
        <ele>256.6013589743387</ele>
      </trkpt>
      <trkpt lat="41.81162999996581" lon="1.902075000122784">
        <ele>256.518545117783</ele>
      </trkpt>
      <trkpt lat="41.811110000000006" lon="1.90209">
        <ele>256.15733784022376</ele>
      </trkpt>
      <trkpt lat="41.811110000000006" lon="1.9021100000000002">
        <ele>256.1209997990663</ele>
      </trkpt>
      <trkpt lat="41.8111" lon="1.90209">
        <ele>256.1394442301845</ele>
      </trkpt>
      <trkpt lat="41.810480000000005" lon="1.9021400000000002">
        <ele>255.53387612580974</ele>
      </trkpt>
      <trkpt lat="41.80983500001707" lon="1.9022600012166908">
        <ele>255.40794470578817</ele>
      </trkpt>
      <trkpt lat="41.80919" lon="1.9023800000000002">
        <ele>255.2966637014869</ele>
      </trkpt>
      <trkpt lat="41.80859000020143" lon="1.9026250023186675">
        <ele>255.37467303988083</ele>
      </trkpt>
      <trkpt lat="41.807990000000004" lon="1.90287">
        <ele>255.94362820384438</ele>
      </trkpt>
      <trkpt lat="41.807306667626875" lon="1.9032066738597533">
        <ele>258.5815318063387</ele>
      </trkpt>
      <trkpt lat="41.806623334270746" lon="1.9035433405375375">
        <ele>258.1208006738528</ele>
      </trkpt>
      <trkpt lat="41.80594000000001" lon="1.9038800000000002">
        <ele>258.85598554226544</ele>
      </trkpt>
      <trkpt lat="41.805490000000006" lon="1.9038700000000002">
        <ele>259.3591302076685</ele>
      </trkpt>
      <trkpt lat="41.80501" lon="1.9039700000000002">
        <ele>259.2113428939829</ele>
      </trkpt>
      <trkpt lat="41.8042" lon="1.9039400000000002">
        <ele>261.4147325929017</ele>
      </trkpt>
      <trkpt lat="41.803630000000005" lon="1.90402">
        <ele>257.0198942226885</ele>
      </trkpt>
      <trkpt lat="41.80331" lon="1.9041800000000002">
        <ele>256.2769291019182</ele>
      </trkpt>
      <trkpt lat="41.80280000022038" lon="1.904510002789538">
        <ele>255.58261064244903</ele>
      </trkpt>
      <trkpt lat="41.802290000000006" lon="1.90484">
        <ele>258.96029284053753</ele>
      </trkpt>
      <trkpt lat="41.80198" lon="1.9049200000000002">
        <ele>259.1215051601174</ele>
      </trkpt>
      <trkpt lat="41.801700000000004" lon="1.9049600000000002">
        <ele>260.0319693897266</ele>
      </trkpt>
      <trkpt lat="41.80125" lon="1.9048800000000001">
        <ele>260.98918541559146</ele>
      </trkpt>
      <trkpt lat="41.80077" lon="1.9046800000000002">
        <ele>261.9650004612942</ele>
      </trkpt>
      <trkpt lat="41.800380000000004" lon="1.9043700000000001">
        <ele>257.7934275611766</ele>
      </trkpt>
      <trkpt lat="41.79988" lon="1.9041500000000002">
        <ele>256.3657726481284</ele>
      </trkpt>
      <trkpt lat="41.799580000000006" lon="1.9039700000000002">
        <ele>256.2503402112605</ele>
      </trkpt>
      <trkpt lat="41.799490000000006" lon="1.90396">
        <ele>256.54863860118337</ele>
      </trkpt>
      <trkpt lat="41.79946" lon="1.90362">
        <ele>253.77269589542252</ele>
      </trkpt>
      <trkpt lat="41.799350000000004" lon="1.9032300000000002">
        <ele>252.1517211469066</ele>
      </trkpt>
      <trkpt lat="41.7993" lon="1.9032000000000002">
        <ele>251.5863932498817</ele>
      </trkpt>
      <trkpt lat="41.799290000000006" lon="1.9031700000000003">
        <ele>251.5655530753697</ele>
      </trkpt>
      <trkpt lat="41.7993" lon="1.9030200000000002">
        <ele>252.34568219925637</ele>
      </trkpt>
      <trkpt lat="41.79957" lon="1.90189">
        <ele>250.36835124286262</ele>
      </trkpt>
      <trkpt lat="41.799760000000006" lon="1.9010600000000002">
        <ele>252.05803458346037</ele>
      </trkpt>
      <trkpt lat="41.79984" lon="1.9008300000000002">
        <ele>252.80859656954152</ele>
      </trkpt>
      <trkpt lat="41.79988" lon="1.9007600000000002">
        <ele>252.99343392846004</ele>
      </trkpt>
      <trkpt lat="41.80004000184989" lon="1.9001150014252035">
        <ele>255.56813990922637</ele>
      </trkpt>
      <trkpt lat="41.800200000000004" lon="1.8994700000000002">
        <ele>256.276696430389</ele>
      </trkpt>
      <trkpt lat="41.8003" lon="1.8991600000000002">
        <ele>256.7087278346478</ele>
      </trkpt>
      <trkpt lat="41.80057" lon="1.8987800000000001">
        <ele>257.5992125948588</ele>
      </trkpt>
      <trkpt lat="41.80059000000001" lon="1.8986900000000002">
        <ele>257.89993823096887</ele>
      </trkpt>
      <trkpt lat="41.80055" lon="1.8985900000000002">
        <ele>258.24382441620446</ele>
      </trkpt>
      <trkpt lat="41.799930000093724" lon="1.8986250003336387">
        <ele>256.75006233414354</ele>
      </trkpt>
      <trkpt lat="41.799310000000006" lon="1.8986600000000002">
        <ele>256.08765361236254</ele>
      </trkpt>
      <trkpt lat="41.79875000003871" lon="1.8987650009192416">
        <ele>256.64162660745285</ele>
      </trkpt>
      <trkpt lat="41.798190000000005" lon="1.89887">
        <ele>256.2845243563057</ele>
      </trkpt>
      <trkpt lat="41.79749" lon="1.8990600000000002">
        <ele>255.73722772066432</ele>
      </trkpt>
      <trkpt lat="41.797090000000004" lon="1.8991500000000001">
        <ele>255.1309509035774</ele>
      </trkpt>
      <trkpt lat="41.79663" lon="1.89921">
        <ele>254.30359361749927</ele>
      </trkpt>
      <trkpt lat="41.795910000000006" lon="1.8992300000000002">
        <ele>255.10547389708847</ele>
      </trkpt>
      <trkpt lat="41.79543500027613" lon="1.8991849996918224">
        <ele>251.8924932122569</ele>
      </trkpt>
      <trkpt lat="41.79496" lon="1.89914">
        <ele>250.66346675260658</ele>
      </trkpt>
      <trkpt lat="41.79446" lon="1.8989600000000002">
        <ele>250.35529783675221</ele>
      </trkpt>
      <trkpt lat="41.794050000000006" lon="1.89877">
        <ele>250.43819551435777</ele>
      </trkpt>
      <trkpt lat="41.793380000000006" lon="1.89881">
        <ele>249.63067146438465</ele>
      </trkpt>
      <trkpt lat="41.79317" lon="1.8988600000000002">
        <ele>250.416841443939</ele>
      </trkpt>
      <trkpt lat="41.79296" lon="1.89897">
        <ele>250.82506400594997</ele>
      </trkpt>
      <trkpt lat="41.79280000000001" lon="1.8990200000000002">
        <ele>251.40968170747954</ele>
      </trkpt>
      <trkpt lat="41.79247" lon="1.89908">
        <ele>256.2034072945678</ele>
      </trkpt>
      <trkpt lat="41.792300000000004" lon="1.8993200000000001">
        <ele>257.1709613825653</ele>
      </trkpt>
      <trkpt lat="41.79214" lon="1.89948">
        <ele>256.3606559370158</ele>
      </trkpt>
      <trkpt lat="41.792080000000006" lon="1.8996000000000002">
        <ele>255.42668779469858</ele>
      </trkpt>
      <trkpt lat="41.791970000000006" lon="1.8997000000000002">
        <ele>253.64928563466566</ele>
      </trkpt>
      <trkpt lat="41.791650000000004" lon="1.89992">
        <ele>250.7065204383907</ele>
      </trkpt>
      <trkpt lat="41.791540000000005" lon="1.8999500000000002">
        <ele>250.4785493014236</ele>
      </trkpt>
      <trkpt lat="41.7914" lon="1.8999500000000002">
        <ele>251.1943093406027</ele>
      </trkpt>
      <trkpt lat="41.79128" lon="1.9000100000000002">
        <ele>251.85161045599202</ele>
      </trkpt>
      <trkpt lat="41.79075500119456" lon="1.9004950038108275">
        <ele>251.3169509808036</ele>
      </trkpt>
      <trkpt lat="41.79023" lon="1.9009800000000001">
        <ele>250.3583848352372</ele>
      </trkpt>
      <trkpt lat="41.7897" lon="1.9013000000000002">
        <ele>249.70199993859322</ele>
      </trkpt>
      <trkpt lat="41.78934" lon="1.9014400000000002">
        <ele>249.18078456556495</ele>
      </trkpt>
      <trkpt lat="41.78904" lon="1.90162">
        <ele>248.59329273387175</ele>
      </trkpt>
      <trkpt lat="41.788570000152916" lon="1.9018550017661522">
        <ele>248.90373002931508</ele>
      </trkpt>
      <trkpt lat="41.7881" lon="1.90209">
        <ele>248.66396769669907</ele>
      </trkpt>
      <trkpt lat="41.7875266674669" lon="1.9023933387574907">
        <ele>248.31794913479396</ele>
      </trkpt>
      <trkpt lat="41.78695333413587" lon="1.902696672089533">
        <ele>248.1167523459396</ele>
      </trkpt>
      <trkpt lat="41.78638" lon="1.9030000000000002">
        <ele>247.64512438606843</ele>
      </trkpt>
      <trkpt lat="41.785590000000006" lon="1.90355">
        <ele>247.32301382683337</ele>
      </trkpt>
      <trkpt lat="41.785180000000004" lon="1.9037600000000001">
        <ele>247.7869203409102</ele>
      </trkpt>
      <trkpt lat="41.785030000000006" lon="1.9038000000000002">
        <ele>248.5428521574396</ele>
      </trkpt>
      <trkpt lat="41.784960000000005" lon="1.9038400000000002">
        <ele>248.6053586041956</ele>
      </trkpt>
      <trkpt lat="41.78477" lon="1.90406">
        <ele>248.60679500272116</ele>
      </trkpt>
      <trkpt lat="41.78425" lon="1.9047600000000002">
        <ele>248.14355960561397</ele>
      </trkpt>
      <trkpt lat="41.78416" lon="1.9048500000000002">
        <ele>247.84952159542684</ele>
      </trkpt>
      <trkpt lat="41.78348500031023" lon="1.9050850024492694">
        <ele>247.8592740010758</ele>
      </trkpt>
      <trkpt lat="41.782810000000005" lon="1.9053200000000001">
        <ele>247.98436261431837</ele>
      </trkpt>
      <trkpt lat="41.78271" lon="1.9053600000000002">
        <ele>248.15600166389976</ele>
      </trkpt>
      <trkpt lat="41.782630000000005" lon="1.90535">
        <ele>248.76664743363008</ele>
      </trkpt>
      <trkpt lat="41.7826" lon="1.9052600000000002">
        <ele>248.55761735373588</ele>
      </trkpt>
      <trkpt lat="41.78248000598609" lon="1.9040849978003669">
        <ele>249.33577132035106</ele>
      </trkpt>
      <trkpt lat="41.782360000000004" lon="1.90291">
        <ele>252.6345280514435</ele>
      </trkpt>
      <trkpt lat="41.782160000000005" lon="1.9025100000000001">
        <ele>253.39973208871623</ele>
      </trkpt>
      <trkpt lat="41.782030000000006" lon="1.9025100000000001">
        <ele>253.99532412441312</ele>
      </trkpt>
      <trkpt lat="41.78197" lon="1.9026800000000001">
        <ele>253.48974109782483</ele>
      </trkpt>
      <trkpt lat="41.78188" lon="1.90274">
        <ele>253.094260800071</ele>
      </trkpt>
      <trkpt lat="41.78182" lon="1.9027500000000002">
        <ele>252.99691839297142</ele>
      </trkpt>
      <trkpt lat="41.78175" lon="1.9027200000000002">
        <ele>252.68348910965375</ele>
      </trkpt>
      <trkpt lat="41.78166" lon="1.9025900000000002">
        <ele>252.5110189869696</ele>
      </trkpt>
      <trkpt lat="41.781650000000006" lon="1.9025">
        <ele>252.6818185326216</ele>
      </trkpt>
      <trkpt lat="41.78097" lon="1.90243">
        <ele>250.40520454093166</ele>
      </trkpt>
      <trkpt lat="41.78065" lon="1.9024200000000002">
        <ele>247.58163992765952</ele>
      </trkpt>
      <trkpt lat="41.78043" lon="1.9023900000000002">
        <ele>247.29594139733584</ele>
      </trkpt>
      <trkpt lat="41.780120000000004" lon="1.90233">
        <ele>247.33979254404517</ele>
      </trkpt>
      <trkpt lat="41.77991" lon="1.9023100000000002">
        <ele>247.7243730288906</ele>
      </trkpt>
      <trkpt lat="41.779740000000004" lon="1.9023400000000001">
        <ele>247.43154868842473</ele>
      </trkpt>
      <trkpt lat="41.77939000000001" lon="1.9025">
        <ele>248.49461279453706</ele>
      </trkpt>
      <trkpt lat="41.77889000005287" lon="1.902575000580483">
        <ele>250.01444239091347</ele>
      </trkpt>
      <trkpt lat="41.77839" lon="1.9026500000000002">
        <ele>249.78270853901822</ele>
      </trkpt>
      <trkpt lat="41.77825" lon="1.90264">
        <ele>249.94451577225894</ele>
      </trkpt>
      <trkpt lat="41.77814" lon="1.9026800000000001">
        <ele>249.72870320842858</ele>
      </trkpt>
      <trkpt lat="41.778000000000006" lon="1.9026900000000002">
        <ele>249.80385865430762</ele>
      </trkpt>
      <trkpt lat="41.777910000000006" lon="1.9027300000000003">
        <ele>249.75334224814193</ele>
      </trkpt>
      <trkpt lat="41.777680000000004" lon="1.90274">
        <ele>250.10570607180358</ele>
      </trkpt>
      <trkpt lat="41.777480000000004" lon="1.90284">
        <ele>249.78147649284665</ele>
      </trkpt>
      <trkpt lat="41.77727" lon="1.90291">
        <ele>249.4931473697655</ele>
      </trkpt>
      <trkpt lat="41.776880000000006" lon="1.9028500000000002">
        <ele>250.01776548526408</ele>
      </trkpt>
      <trkpt lat="41.7766" lon="1.90267">
        <ele>251.47009242499462</ele>
      </trkpt>
      <trkpt lat="41.776340000000005" lon="1.90264">
        <ele>252.07802555873326</ele>
      </trkpt>
      <trkpt lat="41.77610000000001" lon="1.90274">
        <ele>252.56766256461333</ele>
      </trkpt>
      <trkpt lat="41.776" lon="1.9027200000000002">
        <ele>253.25749044247252</ele>
      </trkpt>
      <trkpt lat="41.77575" lon="1.9031300000000002">
        <ele>249.10692634170374</ele>
      </trkpt>
      <trkpt lat="41.77568" lon="1.9033600000000002">
        <ele>247.2920053781881</ele>
      </trkpt>
      <trkpt lat="41.77564" lon="1.9034000000000002">
        <ele>247.04445986170194</ele>
      </trkpt>
      <trkpt lat="41.775600000000004" lon="1.90341">
        <ele>246.86139383298797</ele>
      </trkpt>
      <trkpt lat="41.775400000000005" lon="1.9033000000000002">
        <ele>248.10836263718724</ele>
      </trkpt>
      <trkpt lat="41.77523" lon="1.90331">
        <ele>249.52098339781998</ele>
      </trkpt>
      <trkpt lat="41.77501" lon="1.9033700000000002">
        <ele>244.9732591450046</ele>
      </trkpt>
      <trkpt lat="41.77476" lon="1.90341">
        <ele>242.18387427539437</ele>
      </trkpt>
      <trkpt lat="41.77452" lon="1.90328">
        <ele>243.41960592061344</ele>
      </trkpt>
      <trkpt lat="41.77423" lon="1.90328">
        <ele>243.6733083165527</ele>
      </trkpt>
      <trkpt lat="41.773520000000005" lon="1.9034700000000002">
        <ele>247.07672132911046</ele>
      </trkpt>
      <trkpt lat="41.77266" lon="1.9038000000000002">
        <ele>252.93772196458337</ele>
      </trkpt>
      <trkpt lat="41.77232" lon="1.9039100000000002">
        <ele>251.5333206150945</ele>
      </trkpt>
      <trkpt lat="41.77208" lon="1.9039300000000001">
        <ele>249.5941889320762</ele>
      </trkpt>
      <trkpt lat="41.772110000000005" lon="1.9040400000000002">
        <ele>246.6640703792461</ele>
      </trkpt>
      <trkpt lat="41.772110000000005" lon="1.9051300000000002">
        <ele>250.92228450472555</ele>
      </trkpt>
      <trkpt lat="41.772130000000004" lon="1.9052700000000002">
        <ele>252.99657684643051</ele>
      </trkpt>
      <trkpt lat="41.772180000000006" lon="1.90535">
        <ele>253.75455549787583</ele>
      </trkpt>
      <trkpt lat="41.77226" lon="1.9054200000000001">
        <ele>254.0560131122197</ele>
      </trkpt>
      <trkpt lat="41.77219" lon="1.90552">
        <ele>255.05996423852068</ele>
      </trkpt>
      <trkpt lat="41.772000000000006" lon="1.9054300000000002">
        <ele>254.23641724092448</ele>
      </trkpt>
      <trkpt lat="41.771800000000006" lon="1.90541">
        <ele>250.9504054165129</ele>
      </trkpt>
      <trkpt lat="41.77168" lon="1.9054300000000002">
        <ele>248.39215250226022</ele>
      </trkpt>
      <trkpt lat="41.77163" lon="1.9055000000000002">
        <ele>248.21340544409068</ele>
      </trkpt>
      <trkpt lat="41.77161" lon="1.9056000000000002">
        <ele>249.20394738049868</ele>
      </trkpt>
      <trkpt lat="41.77152" lon="1.9056700000000002">
        <ele>250.44986910603913</ele>
      </trkpt>
      <trkpt lat="41.771420000000006" lon="1.90562">
        <ele>250.50679374984793</ele>
      </trkpt>
      <trkpt lat="41.771350000000005" lon="1.90562">
        <ele>250.50679374984793</ele>
      </trkpt>
      <trkpt lat="41.771260000000005" lon="1.9056700000000002">
        <ele>250.02880858303809</ele>
      </trkpt>
      <trkpt lat="41.77087" lon="1.9060000000000001">
        <ele>250.66282115700392</ele>
      </trkpt>
      <trkpt lat="41.77073" lon="1.9063900000000003">
        <ele>249.53539937088357</ele>
      </trkpt>
      <trkpt lat="41.77071" lon="1.9066400000000001">
        <ele>250.37898637955632</ele>
      </trkpt>
      <trkpt lat="41.77074" lon="1.90677">
        <ele>252.1199147171622</ele>
      </trkpt>
      <trkpt lat="41.77089" lon="1.9070300000000002">
        <ele>253.97600471787726</ele>
      </trkpt>
      <trkpt lat="41.77089" lon="1.9070600000000002">
        <ele>254.5380543089621</ele>
      </trkpt>
      <trkpt lat="41.77085" lon="1.9071200000000001">
        <ele>256.3024586177054</ele>
      </trkpt>
      <trkpt lat="41.77075000000001" lon="1.90711">
        <ele>257.7476978919257</ele>
      </trkpt>
      <trkpt lat="41.770540000000004" lon="1.9069900000000002">
        <ele>257.7227712324779</ele>
      </trkpt>
      <trkpt lat="41.77024" lon="1.90691">
        <ele>256.4842781496084</ele>
      </trkpt>
      <trkpt lat="41.77015" lon="1.9068600000000002">
        <ele>256.69981162461767</ele>
      </trkpt>
      <trkpt lat="41.769940000000005" lon="1.90647">
        <ele>257.2973230329118</ele>
      </trkpt>
      <trkpt lat="41.76981000000001" lon="1.9063100000000002">
        <ele>256.921132735897</ele>
      </trkpt>
      <trkpt lat="41.769740000000006" lon="1.9062700000000001">
        <ele>256.596897893613</ele>
      </trkpt>
      <trkpt lat="41.76955" lon="1.9062800000000002">
        <ele>255.655389674713</ele>
      </trkpt>
      <trkpt lat="41.76941" lon="1.90633">
        <ele>254.714655664231</ele>
      </trkpt>
      <trkpt lat="41.76928" lon="1.90643">
        <ele>253.48280832959367</ele>
      </trkpt>
      <trkpt lat="41.76912" lon="1.9067100000000001">
        <ele>254.51347599999673</ele>
      </trkpt>
      <trkpt lat="41.76881" lon="1.9069200000000002">
        <ele>254.4662291442554</ele>
      </trkpt>
      <trkpt lat="41.76865" lon="1.9072200000000001">
        <ele>255.82671332594595</ele>
      </trkpt>
      <trkpt lat="41.76847" lon="1.9074400000000002">
        <ele>258.34872846754075</ele>
      </trkpt>
      <trkpt lat="41.768390000000004" lon="1.9074900000000001">
        <ele>258.3166194373318</ele>
      </trkpt>
      <trkpt lat="41.768130000000006" lon="1.9075400000000002">
        <ele>259.28899847485764</ele>
      </trkpt>
      <trkpt lat="41.768040000000006" lon="1.90758">
        <ele>259.491788045354</ele>
      </trkpt>
      <trkpt lat="41.767830000000004" lon="1.9077400000000002">
        <ele>261.69494011738135</ele>
      </trkpt>
      <trkpt lat="41.76762" lon="1.90782">
        <ele>263.55427534613597</ele>
      </trkpt>
      <trkpt lat="41.76755" lon="1.9078700000000002">
        <ele>263.3680537202938</ele>
      </trkpt>
      <trkpt lat="41.76742" lon="1.90802">
        <ele>264.78383482503943</ele>
      </trkpt>
      <trkpt lat="41.767360000000004" lon="1.9080400000000002">
        <ele>266.41385906112697</ele>
      </trkpt>
      <trkpt lat="41.767140000000005" lon="1.90796">
        <ele>266.4004818013975</ele>
      </trkpt>
      <trkpt lat="41.767070000000004" lon="1.90799">
        <ele>265.97190270415945</ele>
      </trkpt>
      <trkpt lat="41.766740000000006" lon="1.9083200000000002">
        <ele>264.0758207648669</ele>
      </trkpt>
      <trkpt lat="41.766670000000005" lon="1.9083700000000001">
        <ele>265.24137987423217</ele>
      </trkpt>
      <trkpt lat="41.76659" lon="1.90836">
        <ele>266.77705775106614</ele>
      </trkpt>
      <trkpt lat="41.766360000000006" lon="1.9080700000000002">
        <ele>265.1068114538224</ele>
      </trkpt>
      <trkpt lat="41.76628" lon="1.9080400000000002">
        <ele>263.5629646802847</ele>
      </trkpt>
      <trkpt lat="41.766200000000005" lon="1.9080700000000002">
        <ele>262.1525689278516</ele>
      </trkpt>
      <trkpt lat="41.765890000000006" lon="1.90846">
        <ele>263.2207360030115</ele>
      </trkpt>
      <trkpt lat="41.76583" lon="1.9084800000000002">
        <ele>265.1518713341405</ele>
      </trkpt>
      <trkpt lat="41.76576" lon="1.90843">
        <ele>266.13691421535873</ele>
      </trkpt>
      <trkpt lat="41.76572" lon="1.9083200000000002">
        <ele>264.95609486497267</ele>
      </trkpt>
      <trkpt lat="41.765640000000005" lon="1.9079800000000002">
        <ele>261.3533639411663</ele>
      </trkpt>
      <trkpt lat="41.76559" lon="1.9078300000000001">
        <ele>260.34490906940914</ele>
      </trkpt>
      <trkpt lat="41.765150000000006" lon="1.9076000000000002">
        <ele>256.5890674585738</ele>
      </trkpt>
      <trkpt lat="41.76496" lon="1.9074300000000002">
        <ele>253.93247107961355</ele>
      </trkpt>
      <trkpt lat="41.764720000000004" lon="1.9072600000000002">
        <ele>251.89964782005677</ele>
      </trkpt>
      <trkpt lat="41.764570000000006" lon="1.9071300000000002">
        <ele>250.6265978974465</ele>
      </trkpt>
      <trkpt lat="41.763760000000005" lon="1.90745">
        <ele>259.4204757286583</ele>
      </trkpt>
      <trkpt lat="41.763670000000005" lon="1.90745">
        <ele>261.3238165551802</ele>
      </trkpt>
      <trkpt lat="41.763360000000006" lon="1.9071600000000002">
        <ele>262.67815897541925</ele>
      </trkpt>
      <trkpt lat="41.763220000000004" lon="1.90708">
        <ele>264.4052749364103</ele>
      </trkpt>
      <trkpt lat="41.763180000000006" lon="1.9071000000000002">
        <ele>266.04580469364237</ele>
      </trkpt>
      <trkpt lat="41.76343000000001" lon="1.9074200000000001">
        <ele>264.044972838082</ele>
      </trkpt>
      <trkpt lat="41.76323" lon="1.9077300000000001">
        <ele>269.2108652831923</ele>
      </trkpt>
      <trkpt lat="41.76303" lon="1.90799">
        <ele>273.2024111877231</ele>
      </trkpt>
      <trkpt lat="41.762600000000006" lon="1.90846">
        <ele>277.6754784112503</ele>
      </trkpt>
      <trkpt lat="41.76207" lon="1.9087600000000002">
        <ele>274.17976358770795</ele>
      </trkpt>
      <trkpt lat="41.761810000000004" lon="1.9089500000000001">
        <ele>272.6098031778038</ele>
      </trkpt>
      <trkpt lat="41.76167" lon="1.9091500000000001">
        <ele>271.2520298245558</ele>
      </trkpt>
      <trkpt lat="41.76146000000001" lon="1.90952">
        <ele>268.34548734960157</ele>
      </trkpt>
      <trkpt lat="41.761190000000006" lon="1.9099000000000002">
        <ele>263.8734483074486</ele>
      </trkpt>
      <trkpt lat="41.76097" lon="1.91013">
        <ele>261.42622919781354</ele>
      </trkpt>
      <trkpt lat="41.76077" lon="1.91023">
        <ele>261.06991104973946</ele>
      </trkpt>
      <trkpt lat="41.76055" lon="1.9102200000000003">
        <ele>260.52356259434896</ele>
      </trkpt>
      <trkpt lat="41.76034000000001" lon="1.9101700000000001">
        <ele>255.82770615881384</ele>
      </trkpt>
      <trkpt lat="41.76021" lon="1.9101100000000002">
        <ele>251.87660209494427</ele>
      </trkpt>
      <trkpt lat="41.76008" lon="1.9100300000000001">
        <ele>249.59023378655752</ele>
      </trkpt>
      <trkpt lat="41.759980000000006" lon="1.90992">
        <ele>248.14115622207714</ele>
      </trkpt>
      <trkpt lat="41.759620000000005" lon="1.9093300000000002">
        <ele>243.9139570102611</ele>
      </trkpt>
      <trkpt lat="41.75952" lon="1.9091900000000002">
        <ele>243.21583771988776</ele>
      </trkpt>
      <trkpt lat="41.75901500190753" lon="1.9085349949073072">
        <ele>237.6225355788734</ele>
      </trkpt>
      <trkpt lat="41.75851" lon="1.9078800000000002">
        <ele>236.01098130853495</ele>
      </trkpt>
      <trkpt lat="41.758210000000005" lon="1.9075400000000002">
        <ele>236.1205041848129</ele>
      </trkpt>
      <trkpt lat="41.758070000000004" lon="1.9074600000000002">
        <ele>235.37948352418408</ele>
      </trkpt>
      <trkpt lat="41.75804" lon="1.9074700000000002">
        <ele>234.7463380588746</ele>
      </trkpt>
      <trkpt lat="41.757850000000005" lon="1.90792">
        <ele>236.18717289789925</ele>
      </trkpt>
      <trkpt lat="41.75779" lon="1.9080000000000001">
        <ele>237.83608767725374</ele>
      </trkpt>
      <trkpt lat="41.75775" lon="1.9080000000000001">
        <ele>238.4710281633504</ele>
      </trkpt>
      <trkpt lat="41.75741" lon="1.90775">
        <ele>238.66064211258214</ele>
      </trkpt>
      <trkpt lat="41.757416" lon="1.907751">
        <ele>238.6400508756142</ele>
      </trkpt>
      <trkpt lat="41.757415" lon="1.907758">
        <ele>238.70463750905833</ele>
      </trkpt>
      <trkpt lat="41.757274" lon="1.907766">
        <ele>239.15630486453114</ele>
      </trkpt>
      <trkpt lat="41.757122" lon="1.907825">
        <ele>239.54492041475794</ele>
      </trkpt>
      <trkpt lat="41.756879" lon="1.908">
        <ele>241.2637892799322</ele>
      </trkpt>
      <trkpt lat="41.756815" lon="1.908015">
        <ele>241.51687907734495</ele>
      </trkpt>
      <trkpt lat="41.756772" lon="1.90801">
        <ele>241.79977455499753</ele>
      </trkpt>
      <trkpt lat="41.75666" lon="1.907967">
        <ele>243.0413183002513</ele>
      </trkpt>
      <trkpt lat="41.756592" lon="1.907927">
        <ele>243.9305728214671</ele>
      </trkpt>
      <trkpt lat="41.756441" lon="1.90776">
        <ele>247.4844295866</ele>
      </trkpt>
      <trkpt lat="41.756101" lon="1.907317">
        <ele>251.1656745433246</ele>
      </trkpt>
      <trkpt lat="41.756018" lon="1.907218">
        <ele>250.98906878037621</ele>
      </trkpt>
      <trkpt lat="41.755911" lon="1.907149">
        <ele>251.94747429075636</ele>
      </trkpt>
      <trkpt lat="41.755574" lon="1.906995">
        <ele>254.15904562982763</ele>
      </trkpt>
      <trkpt lat="41.755479" lon="1.906958">
        <ele>254.69675477148755</ele>
      </trkpt>
      <trkpt lat="41.755187" lon="1.906781">
        <ele>255.64523522599552</ele>
      </trkpt>
      <trkpt lat="41.754889" lon="1.906292">
        <ele>254.96557225786816</ele>
      </trkpt>
      <trkpt lat="41.754659" lon="1.905817">
        <ele>254.1459656169752</ele>
      </trkpt>
      <trkpt lat="41.754555" lon="1.905669">
        <ele>253.5010772720725</ele>
      </trkpt>
      <trkpt lat="41.754405" lon="1.905479">
        <ele>252.72290137932046</ele>
      </trkpt>
      <trkpt lat="41.754112" lon="1.905144">
        <ele>250.87987516173874</ele>
      </trkpt>
      <trkpt lat="41.753603" lon="1.905096">
        <ele>249.21441416006775</ele>
      </trkpt>
      <trkpt lat="41.753461" lon="1.905071">
        <ele>249.74719615156096</ele>
      </trkpt>
      <trkpt lat="41.753438" lon="1.905165">
        <ele>249.85052573772845</ele>
      </trkpt>
      <trkpt lat="41.753378" lon="1.905119">
        <ele>250.10642178427835</ele>
      </trkpt>
      <trkpt lat="41.753147" lon="1.904856">
        <ele>251.51619443014462</ele>
      </trkpt>
      <trkpt lat="41.753131" lon="1.904791">
        <ele>251.8288072780166</ele>
      </trkpt>
      <trkpt lat="41.753131" lon="1.904732">
        <ele>252.16321513330777</ele>
      </trkpt>
      <trkpt lat="41.753156" lon="1.904432">
        <ele>256.6271343383339</ele>
      </trkpt>
      <trkpt lat="41.753159" lon="1.904272">
        <ele>258.45493844384856</ele>
      </trkpt>
      <trkpt lat="41.753154" lon="1.904196">
        <ele>259.06597967683786</ele>
      </trkpt>
      <trkpt lat="41.753118" lon="1.904106">
        <ele>259.79370679845385</ele>
      </trkpt>
      <trkpt lat="41.753088" lon="1.903984">
        <ele>259.7154421268257</ele>
      </trkpt>
      <trkpt lat="41.752806" lon="1.904377">
        <ele>261.4413588596445</ele>
      </trkpt>
      <trkpt lat="41.752668" lon="1.904502">
        <ele>261.5860927253367</ele>
      </trkpt>
      <trkpt lat="41.752601" lon="1.90449">
        <ele>261.9948296543483</ele>
      </trkpt>
      <trkpt lat="41.752547" lon="1.904424">
        <ele>262.03037399687923</ele>
      </trkpt>
      <trkpt lat="41.751728" lon="1.903855">
        <ele>252.3056057125437</ele>
      </trkpt>
      <trkpt lat="41.75178" lon="1.903687">
        <ele>252.03150006631412</ele>
      </trkpt>
      <trkpt lat="41.751477" lon="1.9035">
        <ele>251.61497683121553</ele>
      </trkpt>
      <trkpt lat="41.751477" lon="1.9035">
        <ele>251.61497683121553</ele>
      </trkpt>
      <trkpt lat="41.750691" lon="1.902945">
        <ele>245.84461714310856</ele>
      </trkpt>
      <trkpt lat="41.75064" lon="1.9029">
        <ele>245.58942228727008</ele>
      </trkpt>
      <trkpt lat="41.751211" lon="1.901813">
        <ele>245.94536184592351</ele>
      </trkpt>
      <trkpt lat="41.750461" lon="1.901097">
        <ele>242.28021750668552</ele>
      </trkpt>
      <trkpt lat="41.751211" lon="1.901813">
        <ele>245.94536184592351</ele>
      </trkpt>
      <trkpt lat="41.750657" lon="1.902868">
        <ele>245.60495153956677</ele>
      </trkpt>
      <trkpt lat="41.750657" lon="1.902868">
        <ele>245.60495153956677</ele>
      </trkpt>
      <trkpt lat="41.750657" lon="1.902868">
        <ele>245.60495153956677</ele>
      </trkpt>
      <trkpt lat="41.751211" lon="1.901813">
        <ele>245.94536184592351</ele>
      </trkpt>
      <trkpt lat="41.750864" lon="1.901475">
        <ele>244.1464579044029</ele>
      </trkpt>
      <trkpt lat="41.74981" lon="1.90048">
        <ele>239.8452877384777</ele>
      </trkpt>
      <trkpt lat="41.748992" lon="1.899704">
        <ele>231.04752030117197</ele>
      </trkpt>
      <trkpt lat="41.748763" lon="1.899488">
        <ele>229.38201871128192</ele>
      </trkpt>
      <trkpt lat="41.748693" lon="1.899454">
        <ele>228.56415395269238</ele>
      </trkpt>
      <trkpt lat="41.748625" lon="1.899434">
        <ele>227.56246284930197</ele>
      </trkpt>
      <trkpt lat="41.748574" lon="1.899431">
        <ele>226.67691009762945</ele>
      </trkpt>
      <trkpt lat="41.748486" lon="1.899455">
        <ele>225.76845252517023</ele>
      </trkpt>
      <trkpt lat="41.748416" lon="1.899492">
        <ele>225.33105672002955</ele>
      </trkpt>
      <trkpt lat="41.748416" lon="1.899516">
        <ele>225.39564428991767</ele>
      </trkpt>
      <trkpt lat="41.748402" lon="1.899546">
        <ele>225.24901391756896</ele>
      </trkpt>
      <trkpt lat="41.748386" lon="1.899557">
        <ele>224.94058431337916</ele>
      </trkpt>
      <trkpt lat="41.748359" lon="1.899554">
        <ele>224.2088296940776</ele>
      </trkpt>
      <trkpt lat="41.748336" lon="1.89952">
        <ele>223.58270165094012</ele>
      </trkpt>
      <trkpt lat="41.748246" lon="1.899571">
        <ele>221.23971823470526</ele>
      </trkpt>
      <trkpt lat="41.747385" lon="1.899989">
        <ele>223.63714244811356</ele>
      </trkpt>
      <trkpt lat="41.747054" lon="1.900165">
        <ele>223.92722693069723</ele>
      </trkpt>
      <trkpt lat="41.746804" lon="1.900261">
        <ele>224.42408507078824</ele>
      </trkpt>
      <trkpt lat="41.746767" lon="1.900243">
        <ele>224.34368990257192</ele>
      </trkpt>
      <trkpt lat="41.746782" lon="1.9002">
        <ele>223.86854900346387</ele>
      </trkpt>
      <trkpt lat="41.746788" lon="1.900154">
        <ele>223.40088373151954</ele>
      </trkpt>
      <trkpt lat="41.746784" lon="1.900113">
        <ele>223.0559228291148</ele>
      </trkpt>
      <trkpt lat="41.746751" lon="1.900033">
        <ele>223.34228244848453</ele>
      </trkpt>
      <trkpt lat="41.746658" lon="1.899845">
        <ele>225.55836871232552</ele>
      </trkpt>
      <trkpt lat="41.746585" lon="1.8997">
        <ele>226.2588143234895</ele>
      </trkpt>
      <trkpt lat="41.746547" lon="1.899513">
        <ele>226.88322069387357</ele>
      </trkpt>
      <trkpt lat="41.746535" lon="1.899352">
        <ele>227.4646820476711</ele>
      </trkpt>
      <trkpt lat="41.746574" lon="1.899173">
        <ele>228.3897571831841</ele>
      </trkpt>
      <trkpt lat="41.746636" lon="1.899018">
        <ele>229.2665900963838</ele>
      </trkpt>
      <trkpt lat="41.746911" lon="1.898413">
        <ele>234.2112115641478</ele>
      </trkpt>
      <trkpt lat="41.746979" lon="1.89833">
        <ele>234.33498058672424</ele>
      </trkpt>
      <trkpt lat="41.746933" lon="1.898303">
        <ele>234.81432990051817</ele>
      </trkpt>
      <trkpt lat="41.746893" lon="1.898316">
        <ele>234.9610175326211</ele>
      </trkpt>
      <trkpt lat="41.746855" lon="1.898362">
        <ele>235.02766171289068</ele>
      </trkpt>
      <trkpt lat="41.746816" lon="1.898433">
        <ele>235.01817648192753</ele>
      </trkpt>
      <trkpt lat="41.746762" lon="1.898485">
        <ele>235.2788203024605</ele>
      </trkpt>
      <trkpt lat="41.74673" lon="1.898574">
        <ele>235.2410252703408</ele>
      </trkpt>
      <trkpt lat="41.746666" lon="1.898663">
        <ele>234.36150486205196</ele>
      </trkpt>
      <trkpt lat="41.746531" lon="1.898744">
        <ele>234.72996952010988</ele>
      </trkpt>
      <trkpt lat="41.74653" lon="1.89874">
        <ele>234.7725751626234</ele>
      </trkpt>
      <trkpt lat="41.746080000000006" lon="1.8988600000000002">
        <ele>234.22024675954611</ele>
      </trkpt>
      <trkpt lat="41.745560000000005" lon="1.8990600000000002">
        <ele>234.3207493328086</ele>
      </trkpt>
      <trkpt lat="41.74486" lon="1.8991500000000001">
        <ele>233.37635107951098</ele>
      </trkpt>
      <trkpt lat="41.74438000000001" lon="1.8991500000000001">
        <ele>232.29934492106676</ele>
      </trkpt>
      <trkpt lat="41.74362" lon="1.8992200000000001">
        <ele>232.7726206163985</ele>
      </trkpt>
      <trkpt lat="41.743230000000004" lon="1.8992200000000001">
        <ele>234.33504552355174</ele>
      </trkpt>
      <trkpt lat="41.7432" lon="1.8991900000000002">
        <ele>234.7426760168956</ele>
      </trkpt>
      <trkpt lat="41.74315" lon="1.8990900000000002">
        <ele>235.8944756007974</ele>
      </trkpt>
      <trkpt lat="41.74316" lon="1.8988500000000001">
        <ele>236.91386372892808</ele>
      </trkpt>
      <trkpt lat="41.7432" lon="1.8987200000000002">
        <ele>237.53928796685557</ele>
      </trkpt>
      <trkpt lat="41.742990000000006" lon="1.8987800000000001">
        <ele>237.36627118876493</ele>
      </trkpt>
      <trkpt lat="41.74279000000001" lon="1.8987800000000001">
        <ele>237.46274670643243</ele>
      </trkpt>
      <trkpt lat="41.742470000000004" lon="1.8987300000000003">
        <ele>236.79034990739132</ele>
      </trkpt>
      <trkpt lat="41.74179" lon="1.8983900000000002">
        <ele>235.94830141269247</ele>
      </trkpt>
      <trkpt lat="41.741150000000005" lon="1.89796">
        <ele>234.63594856788455</ele>
      </trkpt>
      <trkpt lat="41.741040000000005" lon="1.89799">
        <ele>233.3846090624249</ele>
      </trkpt>
      <trkpt lat="41.74092" lon="1.8980400000000002">
        <ele>231.50791341156435</ele>
      </trkpt>
      <trkpt lat="41.74071" lon="1.8981800000000002">
        <ele>229.27984222035423</ele>
      </trkpt>
      <trkpt lat="41.740390000000005" lon="1.8986100000000001">
        <ele>222.56278153406987</ele>
      </trkpt>
      <trkpt lat="41.74027" lon="1.8984400000000001">
        <ele>223.62346549199088</ele>
      </trkpt>
      <trkpt lat="41.74007" lon="1.89826">
        <ele>223.90077167613214</ele>
      </trkpt>
      <trkpt lat="41.739760000000004" lon="1.8980400000000002">
        <ele>222.8577003734158</ele>
      </trkpt>
      <trkpt lat="41.73944" lon="1.8976300000000001">
        <ele>224.1749667370167</ele>
      </trkpt>
      <trkpt lat="41.739180000000005" lon="1.8971900000000002">
        <ele>227.02858346803413</ele>
      </trkpt>
      <trkpt lat="41.73908" lon="1.8967600000000002">
        <ele>227.75140607195758</ele>
      </trkpt>
      <trkpt lat="41.73897" lon="1.89657">
        <ele>225.70067599816397</ele>
      </trkpt>
      <trkpt lat="41.73877" lon="1.8963400000000001">
        <ele>221.7938001815909</ele>
      </trkpt>
      <trkpt lat="41.738620000000004" lon="1.89586">
        <ele>220.08961145290175</ele>
      </trkpt>
      <trkpt lat="41.73854" lon="1.8951300000000002">
        <ele>219.00578712654482</ele>
      </trkpt>
      <trkpt lat="41.73859" lon="1.8943600000000003">
        <ele>217.13044092477122</ele>
      </trkpt>
      <trkpt lat="41.738780000000006" lon="1.8937800000000002">
        <ele>218.20935567365976</ele>
      </trkpt>
      <trkpt lat="41.739000000000004" lon="1.8934000000000002">
        <ele>216.65667152159494</ele>
      </trkpt>
      <trkpt lat="41.739050000000006" lon="1.89328">
        <ele>216.29834196879523</ele>
      </trkpt>
      <trkpt lat="41.739090000000004" lon="1.8931200000000001">
        <ele>216.57670497562907</ele>
      </trkpt>
      <trkpt lat="41.73912000173673" lon="1.8924850005357228">
        <ele>215.9462654158561</ele>
      </trkpt>
      <trkpt lat="41.73915" lon="1.8918500000000003">
        <ele>217.8836124447257</ele>
      </trkpt>
      <trkpt lat="41.739200000000004" lon="1.89159">
        <ele>218.44046002094024</ele>
      </trkpt>
      <trkpt lat="41.73922" lon="1.8913600000000002">
        <ele>217.56890704936342</ele>
      </trkpt>
      <trkpt lat="41.739050000000006" lon="1.8908300000000002">
        <ele>216.26629031311353</ele>
      </trkpt>
      <trkpt lat="41.7389" lon="1.8902100000000002">
        <ele>215.18474919146587</ele>
      </trkpt>
      <trkpt lat="41.73865500219654" lon="1.8894949972148865">
        <ele>213.1462157138432</ele>
      </trkpt>
      <trkpt lat="41.73841" lon="1.8887800000000001">
        <ele>213.5212054947877</ele>
      </trkpt>
      <trkpt lat="41.73803000287046" lon="1.8879649951583244">
        <ele>213.73198068138146</ele>
      </trkpt>
      <trkpt lat="41.73765" lon="1.88715">
        <ele>216.43155761963544</ele>
      </trkpt>
      <trkpt lat="41.737300000000005" lon="1.88616">
        <ele>220.8647208407205</ele>
      </trkpt>
      <trkpt lat="41.73696000107609" lon="1.8856599973417263">
        <ele>219.94567215087017</ele>
      </trkpt>
      <trkpt lat="41.73662" lon="1.8851600000000002">
        <ele>219.60913579881836</ele>
      </trkpt>
      <trkpt lat="41.736160000000005" lon="1.8846900000000002">
        <ele>217.5527508873037</ele>
      </trkpt>
      <trkpt lat="41.73592" lon="1.8843900000000002">
        <ele>216.74161312290562</ele>
      </trkpt>
      <trkpt lat="41.7357" lon="1.8840400000000002">
        <ele>215.81423909224824</ele>
      </trkpt>
      <trkpt lat="41.73557" lon="1.8839200000000003">
        <ele>214.51202712239348</ele>
      </trkpt>
      <trkpt lat="41.735220000000005" lon="1.8837000000000002">
        <ele>213.09826564171624</ele>
      </trkpt>
      <trkpt lat="41.735060000000004" lon="1.8835100000000002">
        <ele>213.01412454022804</ele>
      </trkpt>
      <trkpt lat="41.734970000000004" lon="1.8832600000000002">
        <ele>213.25210945897277</ele>
      </trkpt>
      <trkpt lat="41.73483" lon="1.8829900000000002">
        <ele>213.2123991848769</ele>
      </trkpt>
      <trkpt lat="41.734660000000005" lon="1.8827500000000001">
        <ele>213.1660590437416</ele>
      </trkpt>
      <trkpt lat="41.73447" lon="1.8825600000000002">
        <ele>213.10149499335796</ele>
      </trkpt>
      <trkpt lat="41.733940000000004" lon="1.8821200000000002">
        <ele>212.51981081708993</ele>
      </trkpt>
      <trkpt lat="41.733520000000006" lon="1.8818100000000002">
        <ele>212.3155484819358</ele>
      </trkpt>
      <trkpt lat="41.732980000000005" lon="1.8813000000000002">
        <ele>213.37220175539576</ele>
      </trkpt>
      <trkpt lat="41.73277" lon="1.88118">
        <ele>212.59568119228237</ele>
      </trkpt>
      <trkpt lat="41.73214" lon="1.8806300000000002">
        <ele>212.53990822510593</ele>
      </trkpt>
      <trkpt lat="41.731740000374906" lon="1.8803299981204493">
        <ele>212.4796811864943</ele>
      </trkpt>
      <trkpt lat="41.73134" lon="1.88003">
        <ele>212.63392890886453</ele>
      </trkpt>
      <trkpt lat="41.73118" lon="1.87986">
        <ele>212.5534563889409</ele>
      </trkpt>
      <trkpt lat="41.73102" lon="1.87962">
        <ele>212.74621174930178</ele>
      </trkpt>
      <trkpt lat="41.73073" lon="1.87925">
        <ele>212.40004742386753</ele>
      </trkpt>
      <trkpt lat="41.730720000000005" lon="1.8790200000000001">
        <ele>212.516871346466</ele>
      </trkpt>
      <trkpt lat="41.73077000000001" lon="1.8789000000000002">
        <ele>213.38892988733232</ele>
      </trkpt>
      <trkpt lat="41.730900000000005" lon="1.87881">
        <ele>215.62698157119485</ele>
      </trkpt>
      <trkpt lat="41.73105" lon="1.8787600000000002">
        <ele>216.61412949335644</ele>
      </trkpt>
      <trkpt lat="41.73133000000001" lon="1.8787500000000001">
        <ele>216.30752102949145</ele>
      </trkpt>
      <trkpt lat="41.731410000000004" lon="1.8786600000000002">
        <ele>212.72130443034723</ele>
      </trkpt>
      <trkpt lat="41.73145" lon="1.8785200000000002">
        <ele>212.28426787897286</ele>
      </trkpt>
      <trkpt lat="41.731440000000006" lon="1.87847">
        <ele>212.30305907990675</ele>
      </trkpt>
      <trkpt lat="41.73136" lon="1.8783900000000002">
        <ele>212.56737246147887</ele>
      </trkpt>
      <trkpt lat="41.7308" lon="1.8783400000000001">
        <ele>212.09600716506256</ele>
      </trkpt>
      <trkpt lat="41.730700000000006" lon="1.87827">
        <ele>212.08625139934182</ele>
      </trkpt>
      <trkpt lat="41.73051" lon="1.8777800000000002">
        <ele>212.8485114902486</ele>
      </trkpt>
      <trkpt lat="41.73046" lon="1.8775400000000002">
        <ele>212.72708011440216</ele>
      </trkpt>
      <trkpt lat="41.73044" lon="1.87715">
        <ele>213.1353850610583</ele>
      </trkpt>
      <trkpt lat="41.730560000000004" lon="1.87667">
        <ele>215.138399901828</ele>
      </trkpt>
      <trkpt lat="41.73068000000001" lon="1.8760500000000002">
        <ele>216.0826530915791</ele>
      </trkpt>
      <trkpt lat="41.730720000000005" lon="1.8753000000000002">
        <ele>212.98387762912273</ele>
      </trkpt>
      <trkpt lat="41.73096" lon="1.8743600000000002">
        <ele>212.61730655897063</ele>
      </trkpt>
      <trkpt lat="41.73113" lon="1.8739000000000001">
        <ele>213.53146442916756</ele>
      </trkpt>
      <trkpt lat="41.73109" lon="1.8734000000000002">
        <ele>212.05780468281944</ele>
      </trkpt>
      <trkpt lat="41.73107" lon="1.8733300000000002">
        <ele>211.7579188096912</ele>
      </trkpt>
      <trkpt lat="41.731010000000005" lon="1.8733000000000002">
        <ele>211.0124713181395</ele>
      </trkpt>
      <trkpt lat="41.730940000000004" lon="1.8733100000000003">
        <ele>208.83781030935688</ele>
      </trkpt>
      <trkpt lat="41.73091" lon="1.8732900000000001">
        <ele>207.19685513080617</ele>
      </trkpt>
      <trkpt lat="41.73086000000001" lon="1.8727300000000002">
        <ele>206.14685592898013</ele>
      </trkpt>
      <trkpt lat="41.730750003087806" lon="1.8718849984957613">
        <ele>206.44525722145005</ele>
      </trkpt>
      <trkpt lat="41.73064" lon="1.8710400000000003">
        <ele>207.65215991513185</ele>
      </trkpt>
      <trkpt lat="41.73058" lon="1.8708900000000002">
        <ele>207.96875939473983</ele>
      </trkpt>
      <trkpt lat="41.73035" lon="1.8705800000000001">
        <ele>207.710041501055</ele>
      </trkpt>
      <trkpt lat="41.73024" lon="1.8704800000000001">
        <ele>207.4008892308161</ele>
      </trkpt>
      <trkpt lat="41.73006" lon="1.8704">
        <ele>206.46601884685512</ele>
      </trkpt>
      <trkpt lat="41.73008" lon="1.8704100000000001">
        <ele>206.4099957892695</ele>
      </trkpt>
      <trkpt lat="41.729850000000006" lon="1.8703400000000001">
        <ele>206.11589123145646</ele>
      </trkpt>
      <trkpt lat="41.72961" lon="1.8703">
        <ele>206.70554111721992</ele>
      </trkpt>
      <trkpt lat="41.72936000000001" lon="1.87033">
        <ele>206.83888828523516</ele>
      </trkpt>
      <trkpt lat="41.72887500000043" lon="1.8704600010009673">
        <ele>204.91974054985906</ele>
      </trkpt>
      <trkpt lat="41.728390000000005" lon="1.8705900000000002">
        <ele>202.99258433998332</ele>
      </trkpt>
      <trkpt lat="41.72831" lon="1.8706900000000002">
        <ele>202.75354726818892</ele>
      </trkpt>
      <trkpt lat="41.72863" lon="1.87074">
        <ele>200.1374629526998</ele>
      </trkpt>
      <trkpt lat="41.7289" lon="1.8709000000000002">
        <ele>199.2547390932351</ele>
      </trkpt>
      <trkpt lat="41.729110000000006" lon="1.87115">
        <ele>200.28135947210592</ele>
      </trkpt>
      <trkpt lat="41.72914" lon="1.8712300000000002">
        <ele>200.83443860242278</ele>
      </trkpt>
      <trkpt lat="41.72912" lon="1.8713300000000002">
        <ele>201.7781522221798</ele>
      </trkpt>
      <trkpt lat="41.72907" lon="1.87142">
        <ele>202.75677963360124</ele>
      </trkpt>
      <trkpt lat="41.729020000000006" lon="1.8714600000000001">
        <ele>203.19730528549658</ele>
      </trkpt>
      <trkpt lat="41.728460000000005" lon="1.8715700000000002">
        <ele>206.42342312121832</ele>
      </trkpt>
      <trkpt lat="41.72831" lon="1.8717400000000002">
        <ele>207.08457397754344</ele>
      </trkpt>
      <trkpt lat="41.72829" lon="1.8718700000000001">
        <ele>208.58767386700177</ele>
      </trkpt>
      <trkpt lat="41.72811" lon="1.8722200000000002">
        <ele>207.21358289999546</ele>
      </trkpt>
      <trkpt lat="41.72768000000001" lon="1.8727500000000001">
        <ele>205.32835252296024</ele>
      </trkpt>
      <trkpt lat="41.7276" lon="1.8728200000000002">
        <ele>204.41315217223217</ele>
      </trkpt>
      <trkpt lat="41.727520000000005" lon="1.87294">
        <ele>203.0993417561731</ele>
      </trkpt>
      <trkpt lat="41.727410000000006" lon="1.8732100000000003">
        <ele>202.6761881797234</ele>
      </trkpt>
      <trkpt lat="41.72703667146141" lon="1.8739533419637198">
        <ele>202.36339118450766</ele>
      </trkpt>
      <trkpt lat="41.72666333813233" lon="1.874696675288471">
        <ele>202.94965111750133</ele>
      </trkpt>
      <trkpt lat="41.726290000000006" lon="1.8754400000000002">
        <ele>203.657782082059</ele>
      </trkpt>
      <trkpt lat="41.72578" lon="1.8761400000000001">
        <ele>203.4342467848462</ele>
      </trkpt>
      <trkpt lat="41.72565" lon="1.8763600000000002">
        <ele>204.8922154446836</ele>
      </trkpt>
      <trkpt lat="41.725260000000006" lon="1.87677">
        <ele>206.0999713788845</ele>
      </trkpt>
      <trkpt lat="41.72495000000001" lon="1.87708">
        <ele>205.97006836887937</ele>
      </trkpt>
      <trkpt lat="41.72478" lon="1.87722">
        <ele>206.43890967035432</ele>
      </trkpt>
      <trkpt lat="41.72458" lon="1.8773600000000001">
        <ele>206.62966710452764</ele>
      </trkpt>
      <trkpt lat="41.724140000000006" lon="1.87759">
        <ele>210.57709096444236</ele>
      </trkpt>
      <trkpt lat="41.72377" lon="1.87766">
        <ele>210.71158715349216</ele>
      </trkpt>
      <trkpt lat="41.723420000000004" lon="1.8777500000000003">
        <ele>214.38328002839899</ele>
      </trkpt>
      <trkpt lat="41.72308" lon="1.8779100000000002">
        <ele>213.34043632097976</ele>
      </trkpt>
      <trkpt lat="41.722660000000005" lon="1.8780800000000002">
        <ele>209.46569126615935</ele>
      </trkpt>
      <trkpt lat="41.722240000000006" lon="1.8781200000000002">
        <ele>208.85390848675962</ele>
      </trkpt>
      <trkpt lat="41.722150000000006" lon="1.8781">
        <ele>209.3993927404042</ele>
      </trkpt>
      <trkpt lat="41.722060000000006" lon="1.87806">
        <ele>208.8835400282253</ele>
      </trkpt>
      <trkpt lat="41.72175" lon="1.8778400000000002">
        <ele>205.63183601628066</ele>
      </trkpt>
      <trkpt lat="41.721430000000005" lon="1.8777000000000001">
        <ele>205.82307926080256</ele>
      </trkpt>
      <trkpt lat="41.72126" lon="1.8776700000000002">
        <ele>205.34882098817835</ele>
      </trkpt>
      <trkpt lat="41.72111" lon="1.8777300000000001">
        <ele>205.42536252390798</ele>
      </trkpt>
      <trkpt lat="41.72099" lon="1.8778000000000001">
        <ele>204.00339665021318</ele>
      </trkpt>
      <trkpt lat="41.72091" lon="1.8779500000000002">
        <ele>204.9400193329443</ele>
      </trkpt>
      <trkpt lat="41.720740000000006" lon="1.8784600000000002">
        <ele>204.8440978684045</ele>
      </trkpt>
      <trkpt lat="41.720760000000006" lon="1.8786300000000002">
        <ele>204.73564154343507</ele>
      </trkpt>
      <trkpt lat="41.72081" lon="1.8788300000000002">
        <ele>204.81642146351493</ele>
      </trkpt>
      <trkpt lat="41.72091" lon="1.87904">
        <ele>204.91653663644092</ele>
      </trkpt>
      <trkpt lat="41.721270000000004" lon="1.8795800000000003">
        <ele>205.6105566692828</ele>
      </trkpt>
      <trkpt lat="41.721790000000006" lon="1.8801200000000002">
        <ele>205.45260594566162</ele>
      </trkpt>
      <trkpt lat="41.721990000000005" lon="1.88027">
        <ele>206.29955723063512</ele>
      </trkpt>
      <trkpt lat="41.72229" lon="1.8804400000000001">
        <ele>206.58601883547857</ele>
      </trkpt>
      <trkpt lat="41.72258" lon="1.8807300000000002">
        <ele>206.87895766729733</ele>
      </trkpt>
      <trkpt lat="41.72272" lon="1.8810000000000002">
        <ele>207.0536247727442</ele>
      </trkpt>
      <trkpt lat="41.722750000000005" lon="1.8810900000000002">
        <ele>207.1142544101347</ele>
      </trkpt>
      <trkpt lat="41.722770000000004" lon="1.8814000000000002">
        <ele>207.63554599277234</ele>
      </trkpt>
      <trkpt lat="41.72274" lon="1.8815300000000001">
        <ele>208.00279002547913</ele>
      </trkpt>
      <trkpt lat="41.7227" lon="1.8814300000000002">
        <ele>207.67092649089048</ele>
      </trkpt>
      <trkpt lat="41.7226" lon="1.8813400000000002">
        <ele>207.68292918567465</ele>
      </trkpt>
      <trkpt lat="41.72245" lon="1.8814700000000002">
        <ele>209.52551640383524</ele>
      </trkpt>
      <trkpt lat="41.722240000000006" lon="1.8816000000000002">
        <ele>213.62643752132564</ele>
      </trkpt>
      <trkpt lat="41.72216" lon="1.8811600000000002">
        <ele>211.74554884537878</ele>
      </trkpt>
      <trkpt lat="41.722060000000006" lon="1.8810300000000002">
        <ele>211.46045064784306</ele>
      </trkpt>
      <trkpt lat="41.72187" lon="1.8809600000000002">
        <ele>211.7485961124045</ele>
      </trkpt>
      <trkpt lat="41.721650000000004" lon="1.8808200000000002">
        <ele>212.81514455416365</ele>
      </trkpt>
      <trkpt lat="41.72142" lon="1.8807800000000001">
        <ele>218.09492251679654</ele>
      </trkpt>
      <trkpt lat="41.72138" lon="1.8807300000000002">
        <ele>220.04017845683677</ele>
      </trkpt>
      <trkpt lat="41.72131" lon="1.8806900000000002">
        <ele>222.2826009085257</ele>
      </trkpt>
      <trkpt lat="41.72111" lon="1.8805200000000002">
        <ele>226.10239925830936</ele>
      </trkpt>
      <trkpt lat="41.72097" lon="1.8805">
        <ele>227.74605245784804</ele>
      </trkpt>
      <trkpt lat="41.72082" lon="1.88054">
        <ele>230.4104115653323</ele>
      </trkpt>
      <trkpt lat="41.72073" lon="1.8806900000000002">
        <ele>233.21661183332327</ele>
      </trkpt>
      <trkpt lat="41.72041" lon="1.8806300000000002">
        <ele>240.66403672298873</ele>
      </trkpt>
      <trkpt lat="41.72035" lon="1.8805800000000001">
        <ele>242.04599630402586</ele>
      </trkpt>
      <trkpt lat="41.72026" lon="1.8805600000000002">
        <ele>245.69839181342616</ele>
      </trkpt>
      <trkpt lat="41.720200000000006" lon="1.8805100000000001">
        <ele>248.01995710742696</ele>
      </trkpt>
      <trkpt lat="41.72012" lon="1.8803600000000003">
        <ele>251.78238161757346</ele>
      </trkpt>
      <trkpt lat="41.7201" lon="1.8802200000000002">
        <ele>251.92752328052455</ele>
      </trkpt>
      <trkpt lat="41.720020000000005" lon="1.8799700000000001">
        <ele>253.5603768043021</ele>
      </trkpt>
      <trkpt lat="41.719910000000006" lon="1.8797300000000001">
        <ele>256.2598651652001</ele>
      </trkpt>
      <trkpt lat="41.71981" lon="1.8795800000000003">
        <ele>260.45619366808654</ele>
      </trkpt>
      <trkpt lat="41.719770000000004" lon="1.8794400000000002">
        <ele>261.2487010067175</ele>
      </trkpt>
      <trkpt lat="41.7197" lon="1.8793100000000003">
        <ele>263.9929834994237</ele>
      </trkpt>
      <trkpt lat="41.71954" lon="1.8787800000000001">
        <ele>264.9293665680868</ele>
      </trkpt>
      <trkpt lat="41.71947" lon="1.87871">
        <ele>264.9965205321909</ele>
      </trkpt>
      <trkpt lat="41.719480000000004" lon="1.8786300000000002">
        <ele>264.1983880419492</ele>
      </trkpt>
      <trkpt lat="41.719440000000006" lon="1.8786200000000002">
        <ele>264.45197652787755</ele>
      </trkpt>
      <trkpt lat="41.71938" lon="1.8786600000000002">
        <ele>263.5243601071547</ele>
      </trkpt>
      <trkpt lat="41.71929" lon="1.87881">
        <ele>263.0725097021114</ele>
      </trkpt>
      <trkpt lat="41.719210000000004" lon="1.8788900000000002">
        <ele>260.3464661358089</ele>
      </trkpt>
      <trkpt lat="41.71913000000001" lon="1.8792000000000002">
        <ele>259.362584858309</ele>
      </trkpt>
      <trkpt lat="41.71911" lon="1.87925">
        <ele>259.5581012743138</ele>
      </trkpt>
      <trkpt lat="41.719080000000005" lon="1.8792700000000002">
        <ele>258.97967907204566</ele>
      </trkpt>
      <trkpt lat="41.719010000000004" lon="1.8794700000000002">
        <ele>261.2715052971453</ele>
      </trkpt>
      <trkpt lat="41.71896" lon="1.87952">
        <ele>262.0221908373573</ele>
      </trkpt>
      <trkpt lat="41.71891" lon="1.8795400000000002">
        <ele>262.6681878050405</ele>
      </trkpt>
      <trkpt lat="41.71886000000001" lon="1.8795300000000001">
        <ele>263.55581165639546</ele>
      </trkpt>
      <trkpt lat="41.71864" lon="1.87938">
        <ele>263.80978115520526</ele>
      </trkpt>
      <trkpt lat="41.71853" lon="1.87935">
        <ele>261.3187805692481</ele>
      </trkpt>
      <trkpt lat="41.71849" lon="1.87938">
        <ele>260.1576828977386</ele>
      </trkpt>
      <trkpt lat="41.71837" lon="1.87955">
        <ele>259.50701087617125</ele>
      </trkpt>
      <trkpt lat="41.718140000000005" lon="1.87996">
        <ele>261.0805960270858</ele>
      </trkpt>
      <trkpt lat="41.71804" lon="1.8801500000000002">
        <ele>260.9927087022918</ele>
      </trkpt>
      <trkpt lat="41.71792000000001" lon="1.8804600000000002">
        <ele>264.67962314568126</ele>
      </trkpt>
      <trkpt lat="41.71786" lon="1.8805600000000002">
        <ele>266.9761643724953</ele>
      </trkpt>
      <trkpt lat="41.717690000000005" lon="1.8806600000000002">
        <ele>266.97258639454105</ele>
      </trkpt>
      <trkpt lat="41.717470000000006" lon="1.8810200000000001">
        <ele>269.20344319347174</ele>
      </trkpt>
      <trkpt lat="41.717220000000005" lon="1.8815700000000002">
        <ele>277.2824937272749</ele>
      </trkpt>
      <trkpt lat="41.71667" lon="1.8820100000000002">
        <ele>283.5089530957382</ele>
      </trkpt>
      <trkpt lat="41.716480000000004" lon="1.8821900000000003">
        <ele>284.713771963098</ele>
      </trkpt>
      <trkpt lat="41.71634" lon="1.8823500000000002">
        <ele>289.14650315589745</ele>
      </trkpt>
      <trkpt lat="41.71622000000001" lon="1.8823800000000002">
        <ele>289.3409767009732</ele>
      </trkpt>
      <trkpt lat="41.716190000000005" lon="1.8823500000000002">
        <ele>290.518573720913</ele>
      </trkpt>
      <trkpt lat="41.71616" lon="1.88223">
        <ele>289.9293059395697</ele>
      </trkpt>
      <trkpt lat="41.71616" lon="1.8821100000000002">
        <ele>288.54447065973244</ele>
      </trkpt>
      <trkpt lat="41.716240000000006" lon="1.8818700000000002">
        <ele>288.3508955923352</ele>
      </trkpt>
      <trkpt lat="41.71623" lon="1.88165">
        <ele>292.15251261781975</ele>
      </trkpt>
      <trkpt lat="41.71632" lon="1.88105">
        <ele>293.5732320738608</ele>
      </trkpt>
      <trkpt lat="41.71632" lon="1.8809600000000002">
        <ele>292.78991504234637</ele>
      </trkpt>
      <trkpt lat="41.716300000000004" lon="1.88088">
        <ele>292.5665382654619</ele>
      </trkpt>
      <trkpt lat="41.71616" lon="1.8806800000000001">
        <ele>292.47440118995485</ele>
      </trkpt>
      <trkpt lat="41.716150000000006" lon="1.88057">
        <ele>291.73102282550013</ele>
      </trkpt>
      <trkpt lat="41.716120000000004" lon="1.8804800000000002">
        <ele>292.29024518355504</ele>
      </trkpt>
      <trkpt lat="41.71605" lon="1.8803900000000002">
        <ele>292.4365050268638</ele>
      </trkpt>
      <trkpt lat="41.715990000000005" lon="1.8804500000000002">
        <ele>294.8004412522955</ele>
      </trkpt>
      <trkpt lat="41.715860000000006" lon="1.8805">
        <ele>294.5889179261869</ele>
      </trkpt>
      <trkpt lat="41.715590000000006" lon="1.8808000000000002">
        <ele>297.3458019637285</ele>
      </trkpt>
      <trkpt lat="41.715450000000004" lon="1.8809000000000002">
        <ele>298.58343798491654</ele>
      </trkpt>
      <trkpt lat="41.7154" lon="1.88091">
        <ele>300.27011548869103</ele>
      </trkpt>
      <trkpt lat="41.71538" lon="1.88088">
        <ele>300.1090532460676</ele>
      </trkpt>
      <trkpt lat="41.715360000000004" lon="1.8805800000000001">
        <ele>298.48944918452435</ele>
      </trkpt>
      <trkpt lat="41.71531" lon="1.8804500000000002">
        <ele>301.6480561767116</ele>
      </trkpt>
      <trkpt lat="41.715300000000006" lon="1.8802600000000003">
        <ele>300.31591761007064</ele>
      </trkpt>
      <trkpt lat="41.715270000000004" lon="1.8801700000000001">
        <ele>301.3820881074913</ele>
      </trkpt>
      <trkpt lat="41.71538" lon="1.8798000000000001">
        <ele>293.68702243466424</ele>
      </trkpt>
      <trkpt lat="41.71533" lon="1.87938">
        <ele>291.66669879111447</ele>
      </trkpt>
      <trkpt lat="41.715340000000005" lon="1.87932">
        <ele>290.3312609664006</ele>
      </trkpt>
      <trkpt lat="41.715360000000004" lon="1.8793000000000002">
        <ele>289.1543713402735</ele>
      </trkpt>
      <trkpt lat="41.715390000000006" lon="1.8793100000000003">
        <ele>287.3602908401173</ele>
      </trkpt>
      <trkpt lat="41.71544" lon="1.8794600000000001">
        <ele>287.019220684428</ele>
      </trkpt>
      <trkpt lat="41.71553" lon="1.8793900000000001">
        <ele>280.4857055218099</ele>
      </trkpt>
      <trkpt lat="41.715540000000004" lon="1.8789700000000003">
        <ele>276.9812735814863</ele>
      </trkpt>
      <trkpt lat="41.71566000000001" lon="1.87867">
        <ele>273.4257550347187</ele>
      </trkpt>
      <trkpt lat="41.715700000000005" lon="1.8783100000000001">
        <ele>272.5988485886736</ele>
      </trkpt>
      <trkpt lat="41.715740000000004" lon="1.8782">
        <ele>271.5807675720829</ele>
      </trkpt>
      <trkpt lat="41.71587" lon="1.8779800000000002">
        <ele>268.3044120445393</ele>
      </trkpt>
      <trkpt lat="41.715860000000006" lon="1.87786">
        <ele>269.4669480297248</ele>
      </trkpt>
      <trkpt lat="41.715830000000004" lon="1.87776">
        <ele>269.8804631201145</ele>
      </trkpt>
      <trkpt lat="41.71578" lon="1.8776700000000002">
        <ele>268.79675221356024</ele>
      </trkpt>
      <trkpt lat="41.71569" lon="1.87762">
        <ele>269.3236660411587</ele>
      </trkpt>
      <trkpt lat="41.71555" lon="1.8775000000000002">
        <ele>266.5205770361134</ele>
      </trkpt>
      <trkpt lat="41.7154" lon="1.87725">
        <ele>265.0143114426819</ele>
      </trkpt>
      <trkpt lat="41.71531" lon="1.8771600000000002">
        <ele>265.4765434699287</ele>
      </trkpt>
      <trkpt lat="41.71508" lon="1.8770300000000002">
        <ele>265.89424469452916</ele>
      </trkpt>
      <trkpt lat="41.71502" lon="1.8769200000000001">
        <ele>265.89067557994684</ele>
      </trkpt>
      <trkpt lat="41.71501000000001" lon="1.8767500000000001">
        <ele>264.0755068912954</ele>
      </trkpt>
      <trkpt lat="41.71484" lon="1.8764600000000002">
        <ele>264.04686718767084</ele>
      </trkpt>
      <trkpt lat="41.714330000000004" lon="1.8761200000000002">
        <ele>259.2519288271754</ele>
      </trkpt>
      <trkpt lat="41.71423" lon="1.8760800000000002">
        <ele>257.6407704904238</ele>
      </trkpt>
      <trkpt lat="41.71397" lon="1.8760200000000002">
        <ele>254.26686829400208</ele>
      </trkpt>
      <trkpt lat="41.71392" lon="1.8759800000000002">
        <ele>253.65858059421785</ele>
      </trkpt>
      <trkpt lat="41.713890000000006" lon="1.8758700000000001">
        <ele>253.5675922297013</ele>
      </trkpt>
      <trkpt lat="41.7139" lon="1.87569">
        <ele>254.1261142532827</ele>
      </trkpt>
      <trkpt lat="41.71399" lon="1.8759000000000001">
        <ele>252.47241345072706</ele>
      </trkpt>
      <trkpt lat="41.71405" lon="1.8759500000000002">
        <ele>253.15857479223405</ele>
      </trkpt>
      <trkpt lat="41.71414" lon="1.8759500000000002">
        <ele>253.1257506117202</ele>
      </trkpt>
      <trkpt lat="41.71435" lon="1.8758800000000002">
        <ele>251.69048599949292</ele>
      </trkpt>
      <trkpt lat="41.714510000000004" lon="1.87586">
        <ele>251.19949706498946</ele>
      </trkpt>
      <trkpt lat="41.71466" lon="1.8758700000000001">
        <ele>250.15346041654942</ele>
      </trkpt>
      <trkpt lat="41.71481" lon="1.8759100000000002">
        <ele>248.67721530970874</ele>
      </trkpt>
      <trkpt lat="41.71493" lon="1.8759700000000001">
        <ele>248.187247298859</ele>
      </trkpt>
      <trkpt lat="41.71501000000001" lon="1.8760500000000002">
        <ele>248.37304284342213</ele>
      </trkpt>
      <trkpt lat="41.71510000000001" lon="1.8760700000000001">
        <ele>246.9241007480006</ele>
      </trkpt>
      <trkpt lat="41.71517" lon="1.8760400000000002">
        <ele>245.53836799378794</ele>
      </trkpt>
      <trkpt lat="41.715250000000005" lon="1.8759500000000002">
        <ele>243.16715953006792</ele>
      </trkpt>
      <trkpt lat="41.715340000000005" lon="1.8759000000000001">
        <ele>242.97514023667392</ele>
      </trkpt>
      <trkpt lat="41.71544" lon="1.8759100000000002">
        <ele>242.8249250706777</ele>
      </trkpt>
      <trkpt lat="41.71557000000001" lon="1.87606">
        <ele>243.07483138299912</ele>
      </trkpt>
      <trkpt lat="41.715630000000004" lon="1.8763800000000002">
        <ele>243.52361182587475</ele>
      </trkpt>
      <trkpt lat="41.71567" lon="1.8764600000000002">
        <ele>243.7848532013031</ele>
      </trkpt>
      <trkpt lat="41.7158" lon="1.8765500000000002">
        <ele>243.81709047629164</ele>
      </trkpt>
      <trkpt lat="41.71602" lon="1.8767800000000001">
        <ele>242.17450063759205</ele>
      </trkpt>
      <trkpt lat="41.71614" lon="1.8768300000000002">
        <ele>241.65165749257338</ele>
      </trkpt>
      <trkpt lat="41.716240000000006" lon="1.87684">
        <ele>239.95241071886966</ele>
      </trkpt>
      <trkpt lat="41.71647" lon="1.8768200000000002">
        <ele>235.66131204915473</ele>
      </trkpt>
      <trkpt lat="41.716570000000004" lon="1.87667">
        <ele>232.93160282726166</ele>
      </trkpt>
      <trkpt lat="41.71674" lon="1.8762100000000002">
        <ele>226.80969086070613</ele>
      </trkpt>
      <trkpt lat="41.716750000000005" lon="1.8761">
        <ele>225.717401063439</ele>
      </trkpt>
      <trkpt lat="41.71674" lon="1.8759700000000001">
        <ele>224.20324195255984</ele>
      </trkpt>
      <trkpt lat="41.71661" lon="1.8757700000000002">
        <ele>221.09481381842505</ele>
      </trkpt>
      <trkpt lat="41.71660000000001" lon="1.8756400000000002">
        <ele>219.62954546148333</ele>
      </trkpt>
      <trkpt lat="41.71665" lon="1.8755400000000002">
        <ele>218.97696393037972</ele>
      </trkpt>
      <trkpt lat="41.716860000000004" lon="1.87538">
        <ele>218.44590311491066</ele>
      </trkpt>
      <trkpt lat="41.7167" lon="1.8751000000000002">
        <ele>209.9411135061599</ele>
      </trkpt>
      <trkpt lat="41.71667" lon="1.8747300000000002">
        <ele>209.2040905824126</ele>
      </trkpt>
      <trkpt lat="41.716750000000005" lon="1.8743400000000001">
        <ele>210.93087779829307</ele>
      </trkpt>
      <trkpt lat="41.716910000000006" lon="1.87379">
        <ele>207.07386227272497</ele>
      </trkpt>
      <trkpt lat="41.71703" lon="1.8735000000000002">
        <ele>205.1752910466937</ele>
      </trkpt>
      <trkpt lat="41.7171" lon="1.8732700000000002">
        <ele>203.13012226307478</ele>
      </trkpt>
      <trkpt lat="41.7171" lon="1.8731600000000002">
        <ele>202.00441766548443</ele>
      </trkpt>
      <trkpt lat="41.71699" lon="1.8732400000000002">
        <ele>200.78939131795147</ele>
      </trkpt>
      <trkpt lat="41.716460000000005" lon="1.8737400000000002">
        <ele>196.5164676085018</ele>
      </trkpt>
      <trkpt lat="41.716260000000005" lon="1.8738700000000001">
        <ele>193.25394205294248</ele>
      </trkpt>
      <trkpt lat="41.71567" lon="1.87457">
        <ele>192.24116304164897</ele>
      </trkpt>
      <trkpt lat="41.71524" lon="1.8750400000000003">
        <ele>196.35459389725133</ele>
      </trkpt>
      <trkpt lat="41.71508" lon="1.8751200000000001">
        <ele>198.98630520735557</ele>
      </trkpt>
      <trkpt lat="41.714600000000004" lon="1.8751900000000001">
        <ele>202.43832781554914</ele>
      </trkpt>
      <trkpt lat="41.71437" lon="1.8750700000000002">
        <ele>208.8421196912045</ele>
      </trkpt>
      <trkpt lat="41.714110000000005" lon="1.8748600000000002">
        <ele>208.36617356287985</ele>
      </trkpt>
      <trkpt lat="41.71372" lon="1.8743400000000001">
        <ele>205.16514813427744</ele>
      </trkpt>
      <trkpt lat="41.71359" lon="1.8742100000000002">
        <ele>206.25141460340484</ele>
      </trkpt>
      <trkpt lat="41.713440000000006" lon="1.8738200000000003">
        <ele>205.34620842967433</ele>
      </trkpt>
      <trkpt lat="41.713190000000004" lon="1.87277">
        <ele>193.68406601296562</ele>
      </trkpt>
      <trkpt lat="41.71312" lon="1.8723900000000002">
        <ele>191.31566885930872</ele>
      </trkpt>
      <trkpt lat="41.71284" lon="1.8715400000000002">
        <ele>189.06783255642787</ele>
      </trkpt>
      <trkpt lat="41.71249" lon="1.8707900000000002">
        <ele>188.63811308303042</ele>
      </trkpt>
      <trkpt lat="41.71219000000001" lon="1.8704600000000002">
        <ele>188.97813404682074</ele>
      </trkpt>
      <trkpt lat="41.71195" lon="1.87016">
        <ele>188.7553566842481</ele>
      </trkpt>
      <trkpt lat="41.71163000000001" lon="1.8699000000000001">
        <ele>188.2848662863915</ele>
      </trkpt>
      <trkpt lat="41.71137" lon="1.8697500000000002">
        <ele>188.24428455541315</ele>
      </trkpt>
      <trkpt lat="41.711000000000006" lon="1.86966">
        <ele>187.7815384766484</ele>
      </trkpt>
      <trkpt lat="41.710480000000004" lon="1.8697100000000002">
        <ele>187.94573277328635</ele>
      </trkpt>
      <trkpt lat="41.71023" lon="1.86972">
        <ele>187.78823395922097</ele>
      </trkpt>
      <trkpt lat="41.70989" lon="1.8698200000000003">
        <ele>187.61965241915334</ele>
      </trkpt>
      <trkpt lat="41.709340000000005" lon="1.8700800000000002">
        <ele>187.22708988113018</ele>
      </trkpt>
      <trkpt lat="41.708670000000005" lon="1.8705">
        <ele>187.02435444098722</ele>
      </trkpt>
      <trkpt lat="41.708105000738065" lon="1.870920003710882">
        <ele>188.2123504860008</ele>
      </trkpt>
      <trkpt lat="41.70754" lon="1.8713400000000002">
        <ele>192.37247015182166</ele>
      </trkpt>
      <trkpt lat="41.70738" lon="1.8714400000000002">
        <ele>190.6973419007603</ele>
      </trkpt>
      <trkpt lat="41.707010000000004" lon="1.8715000000000002">
        <ele>197.30352705270136</ele>
      </trkpt>
      <trkpt lat="41.70701" lon="1.871503">
        <ele>197.6131605326667</ele>
      </trkpt>
      <trkpt lat="41.706732" lon="1.871486">
        <ele>197.63534073044949</ele>
      </trkpt>
      <trkpt lat="41.706299" lon="1.871381">
        <ele>193.5264061697917</ele>
      </trkpt>
      <trkpt lat="41.706083" lon="1.871266">
        <ele>188.86219424506612</ele>
      </trkpt>
      <trkpt lat="41.705854" lon="1.871122">
        <ele>188.34008926686965</ele>
      </trkpt>
      <trkpt lat="41.705695" lon="1.87092">
        <ele>186.34577855567602</ele>
      </trkpt>
      <trkpt lat="41.705569" lon="1.87069">
        <ele>185.13063035699145</ele>
      </trkpt>
      <trkpt lat="41.704918" lon="1.869994">
        <ele>186.1533387583138</ele>
      </trkpt>
      <trkpt lat="41.704505" lon="1.869918">
        <ele>185.5904272309856</ele>
      </trkpt>
      <trkpt lat="41.70384" lon="1.869738">
        <ele>184.59066062002793</ele>
      </trkpt>
      <trkpt lat="41.703574" lon="1.869657">
        <ele>185.2025957381333</ele>
      </trkpt>
      <trkpt lat="41.703421" lon="1.869519">
        <ele>184.6154231502272</ele>
      </trkpt>
      <trkpt lat="41.703321" lon="1.869478">
        <ele>184.24488107991147</ele>
      </trkpt>
      <trkpt lat="41.703320000000005" lon="1.8694700000000002">
        <ele>184.1783217336027</ele>
      </trkpt>
      <trkpt lat="41.703190000000006" lon="1.8695300000000001">
        <ele>184.0631830212363</ele>
      </trkpt>
      <trkpt lat="41.70306" lon="1.86955">
        <ele>184.14361234838447</ele>
      </trkpt>
      <trkpt lat="41.702630000000006" lon="1.86952">
        <ele>184.42834348295472</ele>
      </trkpt>
      <trkpt lat="41.702360000000006" lon="1.86945">
        <ele>184.02424820356674</ele>
      </trkpt>
      <trkpt lat="41.702110000000005" lon="1.8694800000000003">
        <ele>184.2574817621508</ele>
      </trkpt>
      <trkpt lat="41.70139" lon="1.8695000000000002">
        <ele>184.30937166192942</ele>
      </trkpt>
      <trkpt lat="41.701330000000006" lon="1.8695300000000001">
        <ele>184.30948640444592</ele>
      </trkpt>
      <trkpt lat="41.7013" lon="1.86969">
        <ele>185.6169546146744</ele>
      </trkpt>
      <trkpt lat="41.70121" lon="1.8697100000000002">
        <ele>185.63557297899965</ele>
      </trkpt>
      <trkpt lat="41.701" lon="1.86983">
        <ele>186.3239664224751</ele>
      </trkpt>
      <trkpt lat="41.700950000000006" lon="1.86993">
        <ele>187.10191120780473</ele>
      </trkpt>
      <trkpt lat="41.700893" lon="1.86992">
        <ele>187.4684714927933</ele>
      </trkpt>
      <trkpt lat="41.700893" lon="1.869797">
        <ele>186.70221499294587</ele>
      </trkpt>
      <trkpt lat="41.700837" lon="1.86916">
        <ele>177.62518521929337</ele>
      </trkpt>
      <trkpt lat="41.700796" lon="1.868933">
        <ele>179.86388356530557</ele>
      </trkpt>
      <trkpt lat="41.700784" lon="1.868427">
        <ele>183.25825459363563</ele>
      </trkpt>
      <trkpt lat="41.700781" lon="1.868326">
        <ele>185.0397523381398</ele>
      </trkpt>
      <trkpt lat="41.700939" lon="1.868359">
        <ele>184.6810473423851</ele>
      </trkpt>
      <trkpt lat="41.701215" lon="1.868398">
        <ele>184.2625360846188</ele>
      </trkpt>
      <trkpt lat="41.701213" lon="1.868455">
        <ele>183.78847543081574</ele>
      </trkpt>
      <trkpt lat="41.701193" lon="1.868485">
        <ele>183.4499876445154</ele>
      </trkpt>
      <trkpt lat="41.701132" lon="1.868523">
        <ele>182.7438531249848</ele>
      </trkpt>
      <trkpt lat="41.700934" lon="1.86858">
        <ele>181.9698062133747</ele>
      </trkpt>
      <trkpt lat="41.701132" lon="1.868523">
        <ele>182.7438531249848</ele>
      </trkpt>
      <trkpt lat="41.701193" lon="1.868485">
        <ele>183.4499876445154</ele>
      </trkpt>
      <trkpt lat="41.701213" lon="1.868455">
        <ele>183.78847543081574</ele>
      </trkpt>
      <trkpt lat="41.701215" lon="1.868398">
        <ele>184.2625360846188</ele>
      </trkpt>
      <trkpt lat="41.700939" lon="1.868359">
        <ele>184.6810473423851</ele>
      </trkpt>
      <trkpt lat="41.700781" lon="1.868326">
        <ele>185.0397523381398</ele>
      </trkpt>
      <trkpt lat="41.700784" lon="1.868427">
        <ele>183.25825459363563</ele>
      </trkpt>
      <trkpt lat="41.700796" lon="1.868933">
        <ele>179.86388356530557</ele>
      </trkpt>
      <trkpt lat="41.700837" lon="1.86916">
        <ele>177.62518521929337</ele>
      </trkpt>
      <trkpt lat="41.700893" lon="1.869797">
        <ele>186.70221499294587</ele>
      </trkpt>
      <trkpt lat="41.700893" lon="1.869894">
        <ele>187.3432759457665</ele>
      </trkpt>
      <trkpt lat="41.70089" lon="1.8699200000000002">
        <ele>187.48898344289802</ele>
      </trkpt>
      <trkpt lat="41.700810000000004" lon="1.8701">
        <ele>188.555801439447</ele>
      </trkpt>
      <trkpt lat="41.70073" lon="1.8705500000000002">
        <ele>193.05745957322972</ele>
      </trkpt>
      <trkpt lat="41.700680000000006" lon="1.8704900000000002">
        <ele>192.2082701890338</ele>
      </trkpt>
      <trkpt lat="41.70056" lon="1.8704600000000002">
        <ele>192.9673136068315</ele>
      </trkpt>
      <trkpt lat="41.699870000000004" lon="1.8702100000000002">
        <ele>193.8435434290887</ele>
      </trkpt>
      <trkpt lat="41.69901" lon="1.8701800000000002">
        <ele>192.46666402905714</ele>
      </trkpt>
      <trkpt lat="41.699020000000004" lon="1.8701">
        <ele>191.54312606972871</ele>
      </trkpt>
      <trkpt lat="41.699000000000005" lon="1.8699800000000002">
        <ele>190.63070071863575</ele>
      </trkpt>
      <trkpt lat="41.69897" lon="1.8699100000000002">
        <ele>190.1117669177575</ele>
      </trkpt>
      <trkpt lat="41.69887000000001" lon="1.86989">
        <ele>189.83138812278446</ele>
      </trkpt>
      <trkpt lat="41.698871" lon="1.869895">
        <ele>189.9272097961253</ele>
      </trkpt>
      <trkpt lat="41.698749" lon="1.869939">
        <ele>190.27552336058028</ele>
      </trkpt>
      <trkpt lat="41.698508" lon="1.870048">
        <ele>190.7135838779492</ele>
      </trkpt>
      <trkpt lat="41.698026" lon="1.870266">
        <ele>188.43402227019266</ele>
      </trkpt>
      <trkpt lat="41.697784" lon="1.870375">
        <ele>190.23011987599236</ele>
      </trkpt>
      <trkpt lat="41.697535" lon="1.870454">
        <ele>189.92713756752656</ele>
      </trkpt>
      <trkpt lat="41.697237" lon="1.870502">
        <ele>188.88738391130238</ele>
      </trkpt>
      <trkpt lat="41.697093" lon="1.870534">
        <ele>188.8343881905073</ele>
      </trkpt>
      <trkpt lat="41.696843" lon="1.870636">
        <ele>187.38454228186487</ele>
      </trkpt>
      <trkpt lat="41.696571" lon="1.870814">
        <ele>186.42807988104983</ele>
      </trkpt>
      <trkpt lat="41.695566" lon="1.871472">
        <ele>183.12969907848998</ele>
      </trkpt>
      <trkpt lat="41.695139" lon="1.871733">
        <ele>182.33639968176783</ele>
      </trkpt>
      <trkpt lat="41.694592" lon="1.87197">
        <ele>181.60282857841386</ele>
      </trkpt>
      <trkpt lat="41.694590000000005" lon="1.87196">
        <ele>181.47682885748816</ele>
      </trkpt>
      <trkpt lat="41.69379200168492" lon="1.8722720154840877">
        <ele>182.46426961244703</ele>
      </trkpt>
      <trkpt lat="41.692994002525936" lon="1.872584023226277">
        <ele>186.17519829870832</ele>
      </trkpt>
      <trkpt lat="41.69219600252309" lon="1.8728960232269694">
        <ele>182.9100540877013</ele>
      </trkpt>
      <trkpt lat="41.69139800167643" lon="1.8732080154865653">
        <ele>182.8499804761052</ele>
      </trkpt>
      <trkpt lat="41.6906" lon="1.87352">
        <ele>184.22431963412362</ele>
      </trkpt>
      <trkpt lat="41.69026" lon="1.8736500000000003">
        <ele>185.3663187441318</ele>
      </trkpt>
      <trkpt lat="41.69006" lon="1.87366">
        <ele>183.2302081104276</ele>
      </trkpt>
      <trkpt lat="41.68953000014457" lon="1.873619999680842">
        <ele>189.27069732944068</ele>
      </trkpt>
      <trkpt lat="41.689" lon="1.8735800000000002">
        <ele>195.16516900097935</ele>
      </trkpt>
      <trkpt lat="41.68876" lon="1.8735000000000002">
        <ele>196.3224743482382</ele>
      </trkpt>
      <trkpt lat="41.68847" lon="1.87325">
        <ele>199.06304312277098</ele>
      </trkpt>
      <trkpt lat="41.68795" lon="1.8727200000000002">
        <ele>203.3529776218097</ele>
      </trkpt>
      <trkpt lat="41.6878" lon="1.8725100000000001">
        <ele>201.72594973835768</ele>
      </trkpt>
      <trkpt lat="41.68744000480342" lon="1.8714599941974321">
        <ele>204.54133560193918</ele>
      </trkpt>
      <trkpt lat="41.68708" lon="1.8704100000000001">
        <ele>205.34006554748294</ele>
      </trkpt>
      <trkpt lat="41.686930000000004" lon="1.86993">
        <ele>206.8420749449196</ele>
      </trkpt>
      <trkpt lat="41.68681" lon="1.86969">
        <ele>208.5214522144704</ele>
      </trkpt>
      <trkpt lat="41.686440000000005" lon="1.86911">
        <ele>207.0215461489555</ele>
      </trkpt>
      <trkpt lat="41.685880000000004" lon="1.86837">
        <ele>214.6129188787407</ele>
      </trkpt>
      <trkpt lat="41.685770000000005" lon="1.8682900000000002">
        <ele>215.32696716503654</ele>
      </trkpt>
      <trkpt lat="41.685210000000005" lon="1.86796">
        <ele>219.40536140815306</ele>
      </trkpt>
      <trkpt lat="41.68457000043732" lon="1.867619996584236">
        <ele>224.25788401271151</ele>
      </trkpt>
      <trkpt lat="41.683930000000004" lon="1.86728">
        <ele>227.641048273398</ele>
      </trkpt>
      <trkpt lat="41.683300001529204" lon="1.8668599917757085">
        <ele>223.47463336198552</ele>
      </trkpt>
      <trkpt lat="41.68267000152928" lon="1.8664399917758865">
        <ele>219.16310670313962</ele>
      </trkpt>
      <trkpt lat="41.68204" lon="1.8660200000000002">
        <ele>215.36728632217392</ele>
      </trkpt>
      <trkpt lat="41.68222" lon="1.86562">
        <ele>212.45896813710266</ele>
      </trkpt>
      <trkpt lat="41.6824" lon="1.8648600000000002">
        <ele>214.09335515887213</ele>
      </trkpt>
      <trkpt lat="41.68247" lon="1.8646300000000002">
        <ele>215.75074536084475</ele>
      </trkpt>
      <trkpt lat="41.682570000000005" lon="1.8644900000000002">
        <ele>216.87530626677216</ele>
      </trkpt>
      <trkpt lat="41.68265" lon="1.8643100000000001">
        <ele>217.7842902920987</ele>
      </trkpt>
      <trkpt lat="41.68272" lon="1.8640700000000001">
        <ele>218.44002859912166</ele>
      </trkpt>
      <trkpt lat="41.682790000000004" lon="1.8638100000000002">
        <ele>218.56205366885578</ele>
      </trkpt>
      <trkpt lat="41.682970000000005" lon="1.8634000000000002">
        <ele>217.54190126219956</ele>
      </trkpt>
      <trkpt lat="41.683110000000006" lon="1.8632100000000003">
        <ele>216.5253317131029</ele>
      </trkpt>
      <trkpt lat="41.68332" lon="1.8630400000000003">
        <ele>215.42664897863847</ele>
      </trkpt>
      <trkpt lat="41.683580000000006" lon="1.86278">
        <ele>214.4873902613686</ele>
      </trkpt>
      <trkpt lat="41.683690000000006" lon="1.8625500000000001">
        <ele>213.49309351868408</ele>
      </trkpt>
      <trkpt lat="41.68401" lon="1.8617400000000002">
        <ele>211.78536788486673</ele>
      </trkpt>
      <trkpt lat="41.684140000000006" lon="1.8610400000000002">
        <ele>209.60957477912405</ele>
      </trkpt>
      <trkpt lat="41.684270000000005" lon="1.8606300000000002">
        <ele>208.7771851440324</ele>
      </trkpt>
      <trkpt lat="41.684340000000006" lon="1.8605200000000002">
        <ele>208.87995820089034</ele>
      </trkpt>
      <trkpt lat="41.684740000000005" lon="1.8600400000000001">
        <ele>208.73326035884452</ele>
      </trkpt>
      <trkpt lat="41.68488000000001" lon="1.8599">
        <ele>208.02594017640547</ele>
      </trkpt>
      <trkpt lat="41.68498" lon="1.85989">
        <ele>208.73317225920889</ele>
      </trkpt>
      <trkpt lat="41.68531" lon="1.8597500000000002">
        <ele>206.97688113835838</ele>
      </trkpt>
      <trkpt lat="41.68544000000001" lon="1.85973">
        <ele>206.87975480052015</ele>
      </trkpt>
      <trkpt lat="41.685550000000006" lon="1.85976">
        <ele>207.32785098625283</ele>
      </trkpt>
      <trkpt lat="41.68576" lon="1.8599">
        <ele>208.4561397071064</ele>
      </trkpt>
      <trkpt lat="41.685900000000004" lon="1.8600400000000001">
        <ele>208.8169922291217</ele>
      </trkpt>
      <trkpt lat="41.686" lon="1.8601900000000002">
        <ele>209.20743890357016</ele>
      </trkpt>
      <trkpt lat="41.68609" lon="1.8602500000000002">
        <ele>208.84091620723422</ele>
      </trkpt>
      <trkpt lat="41.68625" lon="1.86027">
        <ele>207.87906259697394</ele>
      </trkpt>
      <trkpt lat="41.68652" lon="1.8602100000000001">
        <ele>205.88685480349318</ele>
      </trkpt>
      <trkpt lat="41.68694" lon="1.8600100000000002">
        <ele>202.78274949613285</ele>
      </trkpt>
      <trkpt lat="41.687340000000006" lon="1.85973">
        <ele>202.1145452737454</ele>
      </trkpt>
      <trkpt lat="41.687830000000005" lon="1.8593300000000001">
        <ele>203.2924282548747</ele>
      </trkpt>
      <trkpt lat="41.68818" lon="1.8589700000000002">
        <ele>200.16802063013193</ele>
      </trkpt>
      <trkpt lat="41.688340000000004" lon="1.8589300000000002">
        <ele>199.2024249509902</ele>
      </trkpt>
      <trkpt lat="41.68854" lon="1.85898">
        <ele>197.69082359996938</ele>
      </trkpt>
      <trkpt lat="41.688930000000006" lon="1.85922">
        <ele>195.64486161597802</ele>
      </trkpt>
      <trkpt lat="41.68920000000001" lon="1.8594700000000002">
        <ele>194.17696465086541</ele>
      </trkpt>
      <trkpt lat="41.689260000000004" lon="1.8593400000000002">
        <ele>191.57351220859164</ele>
      </trkpt>
      <trkpt lat="41.689240000000005" lon="1.85891">
        <ele>190.3258139951502</ele>
      </trkpt>
      <trkpt lat="41.689280000000004" lon="1.85878">
        <ele>189.55739427326915</ele>
      </trkpt>
      <trkpt lat="41.689350000000005" lon="1.85871">
        <ele>187.77853797265908</ele>
      </trkpt>
      <trkpt lat="41.689420000000005" lon="1.8587000000000002">
        <ele>186.30889373065096</ele>
      </trkpt>
      <trkpt lat="41.6897" lon="1.8587300000000002">
        <ele>184.0556391819049</ele>
      </trkpt>
      <trkpt lat="41.690250000000006" lon="1.8588900000000002">
        <ele>181.75515747558887</ele>
      </trkpt>
      <trkpt lat="41.69041" lon="1.8589600000000002">
        <ele>181.2881486912474</ele>
      </trkpt>
      <trkpt lat="41.690690000000004" lon="1.8590400000000002">
        <ele>180.44927438873248</ele>
      </trkpt>
      <trkpt lat="41.6908" lon="1.8589600000000002">
        <ele>180.2520924915197</ele>
      </trkpt>
      <trkpt lat="41.690850000000005" lon="1.8587600000000002">
        <ele>179.9775819525833</ele>
      </trkpt>
      <trkpt lat="41.69082" lon="1.8583200000000002">
        <ele>179.49581513718698</ele>
      </trkpt>
      <trkpt lat="41.69082" lon="1.8579900000000003">
        <ele>179.1134315436336</ele>
      </trkpt>
      <trkpt lat="41.690870000000004" lon="1.8570700000000002">
        <ele>177.00072487381348</ele>
      </trkpt>
      <trkpt lat="41.690810000000006" lon="1.8569400000000003">
        <ele>176.81919049353257</ele>
      </trkpt>
      <trkpt lat="41.69064" lon="1.8567900000000002">
        <ele>177.0059830115472</ele>
      </trkpt>
      <trkpt lat="41.690160000000006" lon="1.85623">
        <ele>176.65433549558045</ele>
      </trkpt>
      <trkpt lat="41.689620000000005" lon="1.8557000000000001">
        <ele>176.96255454881742</ele>
      </trkpt>
      <trkpt lat="41.68957" lon="1.85562">
        <ele>177.56635338559335</ele>
      </trkpt>
      <trkpt lat="41.68958000000001" lon="1.85552">
        <ele>178.08108200063353</ele>
      </trkpt>
      <trkpt lat="41.690070000000006" lon="1.8549000000000002">
        <ele>176.32943089636493</ele>
      </trkpt>
      <trkpt lat="41.69033" lon="1.85464">
        <ele>174.07440086618269</ele>
      </trkpt>
      <trkpt lat="41.690380000000005" lon="1.85454">
        <ele>174.3551155817187</ele>
      </trkpt>
      <trkpt lat="41.69037" lon="1.8544">
        <ele>174.90978603253694</ele>
      </trkpt>
      <trkpt lat="41.69026" lon="1.8542500000000002">
        <ele>177.40904245758588</ele>
      </trkpt>
      <trkpt lat="41.69014000000001" lon="1.85417">
        <ele>174.97085205830416</ele>
      </trkpt>
      <trkpt lat="41.69008" lon="1.8541800000000002">
        <ele>174.59994606572928</ele>
      </trkpt>
      <trkpt lat="41.69003" lon="1.85423">
        <ele>174.80299401437853</ele>
      </trkpt>
      <trkpt lat="41.68959" lon="1.85491">
        <ele>176.5256469456491</ele>
      </trkpt>
      <trkpt lat="41.68941" lon="1.85515">
        <ele>177.36906303038458</ele>
      </trkpt>
      <trkpt lat="41.689330000000005" lon="1.85522">
        <ele>177.31552586873846</ele>
      </trkpt>
      <trkpt lat="41.68927" lon="1.8552300000000002">
        <ele>177.18433380759348</ele>
      </trkpt>
      <trkpt lat="41.68920000000001" lon="1.8552000000000002">
        <ele>176.81932486405614</ele>
      </trkpt>
      <trkpt lat="41.688750000000006" lon="1.85481">
        <ele>177.74750074160713</ele>
      </trkpt>
      <trkpt lat="41.688250000000004" lon="1.8542600000000002">
        <ele>177.5165093276459</ele>
      </trkpt>
      <trkpt lat="41.68777500034832" lon="1.8539249974292267">
        <ele>176.92053392443367</ele>
      </trkpt>
      <trkpt lat="41.6873" lon="1.85359">
        <ele>176.89362297116315</ele>
      </trkpt>
      <trkpt lat="41.68708" lon="1.8533800000000002">
        <ele>176.0825458922526</ele>
      </trkpt>
      <trkpt lat="41.68694" lon="1.8532700000000002">
        <ele>174.95511091436896</ele>
      </trkpt>
      <trkpt lat="41.6864950003439" lon="1.8530549985822886">
        <ele>174.0167366346702</ele>
      </trkpt>
      <trkpt lat="41.68605" lon="1.85284">
        <ele>169.3176484885278</ele>
      </trkpt>
      <trkpt lat="41.6861" lon="1.8524800000000001">
        <ele>167.34194448780107</ele>
      </trkpt>
      <trkpt lat="41.68592" lon="1.8524200000000002">
        <ele>166.82563903148088</ele>
      </trkpt>
      <trkpt lat="41.68567" lon="1.85237">
        <ele>166.24807064963167</ele>
      </trkpt>
      <trkpt lat="41.68545" lon="1.8523500000000002">
        <ele>166.07469074029268</ele>
      </trkpt>
      <trkpt lat="41.685340000000004" lon="1.8523600000000002">
        <ele>165.9525542318927</ele>
      </trkpt>
      <trkpt lat="41.68466" lon="1.8522900000000002">
        <ele>165.73442001340473</ele>
      </trkpt>
      <trkpt lat="41.68469" lon="1.8522900000000002">
        <ele>165.75429825352737</ele>
      </trkpt>
      <trkpt lat="41.68469" lon="1.85229">
        <ele>165.75429825352737</ele>
      </trkpt>
      <trkpt lat="41.684465" lon="1.852332">
        <ele>165.6761847712617</ele>
      </trkpt>
      <trkpt lat="41.684342" lon="1.852379">
        <ele>166.40426689364526</ele>
      </trkpt>
      <trkpt lat="41.683895" lon="1.852608">
        <ele>165.6412335655201</ele>
      </trkpt>
      <trkpt lat="41.683808" lon="1.85263">
        <ele>165.6153708052884</ele>
      </trkpt>
      <trkpt lat="41.683509" lon="1.852767">
        <ele>165.6301688390358</ele>
      </trkpt>
      <trkpt lat="41.683355" lon="1.852812">
        <ele>166.3370185226508</ele>
      </trkpt>
      <trkpt lat="41.683219" lon="1.852832">
        <ele>167.83141482286345</ele>
      </trkpt>
      <trkpt lat="41.683018" lon="1.852845">
        <ele>168.73721637584043</ele>
      </trkpt>
      <trkpt lat="41.682866" lon="1.852876">
        <ele>169.08605722493283</ele>
      </trkpt>
      <trkpt lat="41.682761" lon="1.852919">
        <ele>168.08042065585053</ele>
      </trkpt>
      <trkpt lat="41.682553" lon="1.853041">
        <ele>167.6143252896718</ele>
      </trkpt>
      <trkpt lat="41.682398" lon="1.853131">
        <ele>165.74951996804523</ele>
      </trkpt>
      <trkpt lat="41.682147" lon="1.853287">
        <ele>165.90813018777686</ele>
      </trkpt>
      <trkpt lat="41.681916" lon="1.853475">
        <ele>168.0708232107711</ele>
      </trkpt>
      <trkpt lat="41.681859" lon="1.853322">
        <ele>165.37914310736235</ele>
      </trkpt>
      <trkpt lat="41.681795" lon="1.853237">
        <ele>164.61215532429196</ele>
      </trkpt>
      <trkpt lat="41.681739" lon="1.853212">
        <ele>164.22228839286223</ele>
      </trkpt>
      <trkpt lat="41.681683" lon="1.853202">
        <ele>163.96422052566567</ele>
      </trkpt>
      <trkpt lat="41.681027" lon="1.853478">
        <ele>164.03088055071834</ele>
      </trkpt>
      <trkpt lat="41.680821" lon="1.853588">
        <ele>164.21726109284782</ele>
      </trkpt>
      <trkpt lat="41.680626" lon="1.853598">
        <ele>164.27449674611768</ele>
      </trkpt>
      <trkpt lat="41.680529" lon="1.853568">
        <ele>164.18310955874676</ele>
      </trkpt>
      <trkpt lat="41.680319" lon="1.853628">
        <ele>165.30202705290714</ele>
      </trkpt>
      <trkpt lat="41.680259" lon="1.853669">
        <ele>167.15714930821878</ele>
      </trkpt>
      <trkpt lat="41.680176" lon="1.853762">
        <ele>170.10297346918387</ele>
      </trkpt>
      <trkpt lat="41.680031" lon="1.853699">
        <ele>169.5007185403347</ele>
      </trkpt>
      <trkpt lat="41.679932" lon="1.85369">
        <ele>166.5735057324079</ele>
      </trkpt>
      <trkpt lat="41.679831" lon="1.853697">
        <ele>165.68804818444735</ele>
      </trkpt>
      <trkpt lat="41.678764" lon="1.853909">
        <ele>170.9308171257689</ele>
      </trkpt>
      <trkpt lat="41.67804" lon="1.854053">
        <ele>172.08426980365857</ele>
      </trkpt>
      <trkpt lat="41.677096" lon="1.85424">
        <ele>169.70606518016132</ele>
      </trkpt>
      <trkpt lat="41.677111" lon="1.854506">
        <ele>167.7075533171223</ele>
      </trkpt>
      <trkpt lat="41.677071" lon="1.854669">
        <ele>167.16267493729927</ele>
      </trkpt>
      <trkpt lat="41.677021" lon="1.854784">
        <ele>168.1000144919</ele>
      </trkpt>
      <trkpt lat="41.676981" lon="1.854884">
        <ele>172.12822188131412</ele>
      </trkpt>
      <trkpt lat="41.676846" lon="1.854907">
        <ele>173.83989022481597</ele>
      </trkpt>
      <trkpt lat="41.676389" lon="1.854955">
        <ele>175.5394524179686</ele>
      </trkpt>
      <trkpt lat="41.676189" lon="1.854963">
        <ele>176.97567503579154</ele>
      </trkpt>
      <trkpt lat="41.676079" lon="1.854963">
        <ele>177.11650057479855</ele>
      </trkpt>
      <trkpt lat="41.675759" lon="1.854917">
        <ele>173.90613519036398</ele>
      </trkpt>
      <trkpt lat="41.675728" lon="1.854925">
        <ele>173.76750736996897</ele>
      </trkpt>
      <trkpt lat="41.675643" lon="1.85475">
        <ele>170.0238686414333</ele>
      </trkpt>
      <trkpt lat="41.675547" lon="1.854628">
        <ele>168.6948414626754</ele>
      </trkpt>
      <trkpt lat="41.675489" lon="1.854509">
        <ele>167.24714066390766</ele>
      </trkpt>
      <trkpt lat="41.675437" lon="1.854423">
        <ele>165.7259910333396</ele>
      </trkpt>
      <trkpt lat="41.675489" lon="1.854294">
        <ele>164.26263940679854</ele>
      </trkpt>
      <trkpt lat="41.675465" lon="1.854184">
        <ele>163.0166749651664</ele>
      </trkpt>
      <trkpt lat="41.675425" lon="1.854178">
        <ele>162.93151803003806</ele>
      </trkpt>
      <trkpt lat="41.675314" lon="1.854203">
        <ele>162.90620842361392</ele>
      </trkpt>
      <trkpt lat="41.675245" lon="1.854176">
        <ele>162.51001832255287</ele>
      </trkpt>
      <trkpt lat="41.67479" lon="1.854399">
        <ele>162.37813889245768</ele>
      </trkpt>
      <trkpt lat="41.674369" lon="1.854581">
        <ele>162.44521066891326</ele>
      </trkpt>
      <trkpt lat="41.673483" lon="1.85492">
        <ele>162.50450706090487</ele>
      </trkpt>
      <trkpt lat="41.672971" lon="1.855132">
        <ele>162.81630649711417</ele>
      </trkpt>
      <trkpt lat="41.6727" lon="1.85515">
        <ele>162.74029060266506</ele>
      </trkpt>
      <trkpt lat="41.672604" lon="1.855206">
        <ele>162.80160028065956</ele>
      </trkpt>
      <trkpt lat="41.672453" lon="1.855323">
        <ele>162.5379502994987</ele>
      </trkpt>
      <trkpt lat="41.672212" lon="1.855402">
        <ele>162.4467362016006</ele>
      </trkpt>
      <trkpt lat="41.67185" lon="1.855556">
        <ele>162.50718498833476</ele>
      </trkpt>
      <trkpt lat="41.671674" lon="1.855655">
        <ele>162.27467496555272</ele>
      </trkpt>
      <trkpt lat="41.671209" lon="1.855811">
        <ele>162.28453142593105</ele>
      </trkpt>
      <trkpt lat="41.671077" lon="1.855881">
        <ele>162.20773256591173</ele>
      </trkpt>
      <trkpt lat="41.670813" lon="1.855991">
        <ele>162.25975635170656</ele>
      </trkpt>
      <trkpt lat="41.67037" lon="1.85615">
        <ele>162.06141876910704</ele>
      </trkpt>
      <trkpt lat="41.669495" lon="1.856497">
        <ele>162.13448972506262</ele>
      </trkpt>
      <trkpt lat="41.66956" lon="1.856703">
        <ele>162.59452384705472</ele>
      </trkpt>
      <trkpt lat="41.668124" lon="1.857274">
        <ele>163.2222143482475</ele>
      </trkpt>
      <trkpt lat="41.667418" lon="1.857539">
        <ele>163.83776337962587</ele>
      </trkpt>
      <trkpt lat="41.667031" lon="1.857862">
        <ele>163.44895066820646</ele>
      </trkpt>
      <trkpt lat="41.666966" lon="1.857925">
        <ele>163.33087982865558</ele>
      </trkpt>
      <trkpt lat="41.666193" lon="1.858557">
        <ele>163.16984742716423</ele>
      </trkpt>
      <trkpt lat="41.665723" lon="1.858947">
        <ele>163.81349474879494</ele>
      </trkpt>
      <trkpt lat="41.665756" lon="1.859037">
        <ele>163.87115274989168</ele>
      </trkpt>
      <trkpt lat="41.665778" lon="1.859168">
        <ele>164.05870564963828</ele>
      </trkpt>
      <trkpt lat="41.665776" lon="1.859238">
        <ele>164.10426445049993</ele>
      </trkpt>
      <trkpt lat="41.665755" lon="1.859362">
        <ele>164.04860118069035</ele>
      </trkpt>
      <trkpt lat="41.665572" lon="1.86003">
        <ele>163.0134211661666</ele>
      </trkpt>
      <trkpt lat="41.66556" lon="1.860111">
        <ele>162.9670830353723</ele>
      </trkpt>
      <trkpt lat="41.665565" lon="1.860294">
        <ele>162.7805400276999</ele>
      </trkpt>
      <trkpt lat="41.665615" lon="1.860461">
        <ele>164.3683116789528</ele>
      </trkpt>
      <trkpt lat="41.665668" lon="1.860623">
        <ele>164.06117446543902</ele>
      </trkpt>
      <trkpt lat="41.665784" lon="1.860841">
        <ele>162.30786354031866</ele>
      </trkpt>
      <trkpt lat="41.665706" lon="1.86092">
        <ele>162.25759077661712</ele>
      </trkpt>
      <trkpt lat="41.665534" lon="1.861148">
        <ele>162.2031629689111</ele>
      </trkpt>
      <trkpt lat="41.665503" lon="1.861202">
        <ele>162.26451969925185</ele>
      </trkpt>
      <trkpt lat="41.665207" lon="1.861611">
        <ele>162.872123798415</ele>
      </trkpt>
      <trkpt lat="41.665494" lon="1.863734">
        <ele>168.0664993164112</ele>
      </trkpt>
      <trkpt lat="41.665519" lon="1.863731">
        <ele>168.10683232998463</ele>
      </trkpt>
      <trkpt lat="41.665568" lon="1.86375">
        <ele>168.22769514322002</ele>
      </trkpt>
      <trkpt lat="41.665604" lon="1.8638">
        <ele>168.37398840376568</ele>
      </trkpt>
      <trkpt lat="41.665616" lon="1.863866">
        <ele>168.50743898544448</ele>
      </trkpt>
      <trkpt lat="41.665673" lon="1.863854">
        <ele>168.61743588560725</ele>
      </trkpt>
      <trkpt lat="41.665691" lon="1.864004">
        <ele>168.97122249311747</ele>
      </trkpt>
      <trkpt lat="41.665659" lon="1.864011">
        <ele>168.879417098302</ele>
      </trkpt>
      <trkpt lat="41.665691" lon="1.864004">
        <ele>168.97122249311747</ele>
      </trkpt>
      <trkpt lat="41.665673" lon="1.863854">
        <ele>168.61743588560725</ele>
      </trkpt>
      <trkpt lat="41.665616" lon="1.863866">
        <ele>168.50743898544448</ele>
      </trkpt>
      <trkpt lat="41.665604" lon="1.8638">
        <ele>168.37398840376568</ele>
      </trkpt>
      <trkpt lat="41.665568" lon="1.86375">
        <ele>168.22769514322002</ele>
      </trkpt>
      <trkpt lat="41.665519" lon="1.863731">
        <ele>168.10683232998463</ele>
      </trkpt>
      <trkpt lat="41.665494" lon="1.863734">
        <ele>168.0664993164112</ele>
      </trkpt>
      <trkpt lat="41.665207" lon="1.861611">
        <ele>162.872123798415</ele>
      </trkpt>
      <trkpt lat="41.665503" lon="1.861202">
        <ele>162.26451969925185</ele>
      </trkpt>
      <trkpt lat="41.665534" lon="1.861148">
        <ele>162.2031629689111</ele>
      </trkpt>
      <trkpt lat="41.665706" lon="1.86092">
        <ele>162.25759077661712</ele>
      </trkpt>
      <trkpt lat="41.665784" lon="1.860841">
        <ele>162.30786354031866</ele>
      </trkpt>
      <trkpt lat="41.665668" lon="1.860623">
        <ele>164.06117446543902</ele>
      </trkpt>
      <trkpt lat="41.665615" lon="1.860461">
        <ele>164.3683116789528</ele>
      </trkpt>
      <trkpt lat="41.665565" lon="1.860294">
        <ele>162.7805400276999</ele>
      </trkpt>
      <trkpt lat="41.66556" lon="1.860111">
        <ele>162.9670830353723</ele>
      </trkpt>
      <trkpt lat="41.665572" lon="1.86003">
        <ele>163.0134211661666</ele>
      </trkpt>
      <trkpt lat="41.665755" lon="1.859362">
        <ele>164.04860118069035</ele>
      </trkpt>
      <trkpt lat="41.665776" lon="1.859238">
        <ele>164.10426445049993</ele>
      </trkpt>
      <trkpt lat="41.665778" lon="1.859168">
        <ele>164.05870564963828</ele>
      </trkpt>
      <trkpt lat="41.665756" lon="1.859037">
        <ele>163.87115274989168</ele>
      </trkpt>
      <trkpt lat="41.665577" lon="1.858583">
        <ele>164.53420117221972</ele>
      </trkpt>
      <trkpt lat="41.665617" lon="1.858556">
        <ele>164.73079026731682</ele>
      </trkpt>
      <trkpt lat="41.665463" lon="1.85818">
        <ele>162.33570125471138</ele>
      </trkpt>
      <trkpt lat="41.664977" lon="1.857">
        <ele>162.19547767454063</ele>
      </trkpt>
      <trkpt lat="41.664972" lon="1.856966">
        <ele>162.91042607453596</ele>
      </trkpt>
      <trkpt lat="41.664881" lon="1.857031">
        <ele>161.9369684513199</ele>
      </trkpt>
      <trkpt lat="41.664828" lon="1.856996">
        <ele>162.9450507398318</ele>
      </trkpt>
      <trkpt lat="41.664784" lon="1.856991">
        <ele>163.7421124594764</ele>
      </trkpt>
      <trkpt lat="41.664675" lon="1.85702">
        <ele>164.8715656719342</ele>
      </trkpt>
      <trkpt lat="41.66467" lon="1.85701">
        <ele>165.17357013839907</ele>
      </trkpt>
      <trkpt lat="41.664640000000006" lon="1.8570400000000002">
        <ele>164.8302142208542</ele>
      </trkpt>
      <trkpt lat="41.66481" lon="1.8571100000000003">
        <ele>160.84054565769415</ele>
      </trkpt>
      <trkpt lat="41.664910000000006" lon="1.8571300000000002">
        <ele>159.79306520357585</ele>
      </trkpt>
      <trkpt lat="41.665060000000004" lon="1.8571000000000002">
        <ele>161.96677679137053</ele>
      </trkpt>
      <trkpt lat="41.66468000056833" lon="1.8574350019048433">
        <ele>158.2212388167328</ele>
      </trkpt>
      <trkpt lat="41.664300000000004" lon="1.8577700000000001">
        <ele>157.71095690031112</ele>
      </trkpt>
      <trkpt lat="41.66387" lon="1.8582200000000002">
        <ele>157.32042412259096</ele>
      </trkpt>
      <trkpt lat="41.663500000000006" lon="1.85867">
        <ele>158.81677352669848</ele>
      </trkpt>
      <trkpt lat="41.663125001057026" lon="1.8591700029471363">
        <ele>157.1740251093656</ele>
      </trkpt>
      <trkpt lat="41.66275" lon="1.8596700000000002">
        <ele>157.5548155021425</ele>
      </trkpt>
      <trkpt lat="41.662650000000006" lon="1.8598800000000002">
        <ele>157.6120694802731</ele>
      </trkpt>
      <trkpt lat="41.66248" lon="1.86">
        <ele>158.353608317536</ele>
      </trkpt>
      <trkpt lat="41.66237" lon="1.86003">
        <ele>159.06802346735944</ele>
      </trkpt>
      <trkpt lat="41.66235" lon="1.8601400000000001">
        <ele>158.39227928673992</ele>
      </trkpt>
      <trkpt lat="41.66226" lon="1.86037">
        <ele>157.71938333954228</ele>
      </trkpt>
      <trkpt lat="41.66195000111842" lon="1.8609000027206386">
        <ele>157.21652178670578</ele>
      </trkpt>
      <trkpt lat="41.661640000000006" lon="1.8614300000000001">
        <ele>156.78118226668735</ele>
      </trkpt>
      <trkpt lat="41.66124000000001" lon="1.8619200000000002">
        <ele>156.7521154050473</ele>
      </trkpt>
      <trkpt lat="41.66107" lon="1.86206">
        <ele>156.16880582419827</ele>
      </trkpt>
      <trkpt lat="41.66085" lon="1.8621900000000002">
        <ele>156.73137625262842</ele>
      </trkpt>
      <trkpt lat="41.66073" lon="1.8622">
        <ele>156.98450946184562</ele>
      </trkpt>
      <trkpt lat="41.66057" lon="1.86227">
        <ele>157.212484746963</ele>
      </trkpt>
      <trkpt lat="41.660125000795624" lon="1.862675002721464">
        <ele>157.59585739720083</ele>
      </trkpt>
      <trkpt lat="41.65968" lon="1.86308">
        <ele>155.60971127853682</ele>
      </trkpt>
      <trkpt lat="41.65957" lon="1.8631400000000002">
        <ele>155.52017000668317</ele>
      </trkpt>
      <trkpt lat="41.65946" lon="1.86315">
        <ele>155.5768934996232</ele>
      </trkpt>
      <trkpt lat="41.65925" lon="1.86311">
        <ele>155.81642474114742</ele>
      </trkpt>
      <trkpt lat="41.65892" lon="1.8630000000000002">
        <ele>156.85441075475862</ele>
      </trkpt>
      <trkpt lat="41.65880000000001" lon="1.8629300000000002">
        <ele>157.4665683385836</ele>
      </trkpt>
      <trkpt lat="41.658710000000006" lon="1.8629200000000001">
        <ele>157.1584769716066</ele>
      </trkpt>
      <trkpt lat="41.65852" lon="1.8628500000000001">
        <ele>156.16989759285008</ele>
      </trkpt>
      <trkpt lat="41.658480000000004" lon="1.86281">
        <ele>156.25206065232015</ele>
      </trkpt>
      <trkpt lat="41.65843" lon="1.8627200000000002">
        <ele>156.7424067821384</ele>
      </trkpt>
      <trkpt lat="41.65841" lon="1.8626200000000002">
        <ele>157.17972262444</ele>
      </trkpt>
      <trkpt lat="41.65851000000001" lon="1.86223">
        <ele>160.8882703044665</ele>
      </trkpt>
      <trkpt lat="41.658480000000004" lon="1.8621200000000002">
        <ele>161.40721698477424</ele>
      </trkpt>
      <trkpt lat="41.658350000000006" lon="1.8620100000000002">
        <ele>161.53475506361002</ele>
      </trkpt>
      <trkpt lat="41.658100000000005" lon="1.8619">
        <ele>161.5640588067003</ele>
      </trkpt>
      <trkpt lat="41.65784" lon="1.86183">
        <ele>161.21365945638655</ele>
      </trkpt>
      <trkpt lat="41.6578" lon="1.86179">
        <ele>161.08007312456775</ele>
      </trkpt>
      <trkpt lat="41.657740000000004" lon="1.8618500000000002">
        <ele>160.5768683371493</ele>
      </trkpt>
      <trkpt lat="41.657700000000006" lon="1.8618500000000002">
        <ele>160.3369563558777</ele>
      </trkpt>
      <trkpt lat="41.65688" lon="1.8614600000000001">
        <ele>157.88028775161794</ele>
      </trkpt>
      <trkpt lat="41.656510000000004" lon="1.86115">
        <ele>159.42832506435943</ele>
      </trkpt>
      <trkpt lat="41.65601" lon="1.8608000000000002">
        <ele>158.1154310679812</ele>
      </trkpt>
      <trkpt lat="41.65581" lon="1.8606800000000001">
        <ele>157.25340957416444</ele>
      </trkpt>
      <trkpt lat="41.655590000000004" lon="1.8604100000000001">
        <ele>157.31520541211236</ele>
      </trkpt>
      <trkpt lat="41.65529" lon="1.8599900000000003">
        <ele>157.8708080947431</ele>
      </trkpt>
      <trkpt lat="41.655260000000006" lon="1.85989">
        <ele>158.4849127655821</ele>
      </trkpt>
      <trkpt lat="41.655260000000006" lon="1.85979">
        <ele>159.2513347728766</ele>
      </trkpt>
      <trkpt lat="41.65531" lon="1.8597000000000001">
        <ele>160.1742784921774</ele>
      </trkpt>
      <trkpt lat="41.65556" lon="1.8596400000000002">
        <ele>161.94362264675587</ele>
      </trkpt>
      <trkpt lat="41.65561" lon="1.85959">
        <ele>162.20462203826793</ele>
      </trkpt>
      <trkpt lat="41.655730000000005" lon="1.8592000000000002">
        <ele>162.96199152338653</ele>
      </trkpt>
      <trkpt lat="41.655910000000006" lon="1.8587500000000001">
        <ele>163.64755010273788</ele>
      </trkpt>
      <trkpt lat="41.65617" lon="1.8582500000000002">
        <ele>165.1451239369883</ele>
      </trkpt>
      <trkpt lat="41.655350000000006" lon="1.85807">
        <ele>163.39752963576578</ele>
      </trkpt>
      <trkpt lat="41.65493" lon="1.85796">
        <ele>162.08409311431316</ele>
      </trkpt>
      <trkpt lat="41.654790000000006" lon="1.8579">
        <ele>161.70415026756515</ele>
      </trkpt>
      <trkpt lat="41.65422" lon="1.8578400000000002">
        <ele>161.9898251523395</ele>
      </trkpt>
      <trkpt lat="41.65392000000001" lon="1.85783">
        <ele>160.64718649431825</ele>
      </trkpt>
      <trkpt lat="41.653580000000005" lon="1.85786">
        <ele>158.19233309229813</ele>
      </trkpt>
      <trkpt lat="41.65346" lon="1.85783">
        <ele>157.6774348982467</ele>
      </trkpt>
      <trkpt lat="41.653240000000004" lon="1.85773">
        <ele>156.8167806854354</ele>
      </trkpt>
      <trkpt lat="41.653110000000005" lon="1.8577000000000001">
        <ele>156.58382027615306</ele>
      </trkpt>
      <trkpt lat="41.652890000000006" lon="1.8577100000000002">
        <ele>156.8922134736245</ele>
      </trkpt>
      <trkpt lat="41.65281" lon="1.85766">
        <ele>157.12206974169666</ele>
      </trkpt>
      <trkpt lat="41.652620000000006" lon="1.8576700000000002">
        <ele>156.5326283546127</ele>
      </trkpt>
      <trkpt lat="41.651810000000005" lon="1.85793">
        <ele>156.83696714214858</ele>
      </trkpt>
      <trkpt lat="41.651590000000006" lon="1.8579500000000002">
        <ele>157.1382747050533</ele>
      </trkpt>
      <trkpt lat="41.6514" lon="1.8579100000000002">
        <ele>157.62442379614174</ele>
      </trkpt>
      <trkpt lat="41.651300000000006" lon="1.8579100000000002">
        <ele>157.41296401806338</ele>
      </trkpt>
      <trkpt lat="41.651030000000006" lon="1.8580400000000001">
        <ele>156.3864560465536</ele>
      </trkpt>
      <trkpt lat="41.650830000000006" lon="1.85807">
        <ele>156.18590145029137</ele>
      </trkpt>
      <trkpt lat="41.65063000000001" lon="1.8580500000000002">
        <ele>156.69985340596165</ele>
      </trkpt>
      <trkpt lat="41.65057" lon="1.8580900000000002">
        <ele>156.1939946055574</ele>
      </trkpt>
      <trkpt lat="41.65039" lon="1.85827">
        <ele>154.20221183092448</ele>
      </trkpt>
      <trkpt lat="41.650130000000004" lon="1.8583900000000002">
        <ele>152.30618410996283</ele>
      </trkpt>
      <trkpt lat="41.650020000000005" lon="1.8584">
        <ele>152.00999002627503</ele>
      </trkpt>
      <trkpt lat="41.649910000000006" lon="1.85837">
        <ele>153.06090309532587</ele>
      </trkpt>
      <trkpt lat="41.649750000000004" lon="1.8584100000000001">
        <ele>152.05667322686176</ele>
      </trkpt>
      <trkpt lat="41.64925" lon="1.8586000000000003">
        <ele>150.46714622848353</ele>
      </trkpt>
      <trkpt lat="41.64857000000001" lon="1.8586200000000002">
        <ele>150.42232721460869</ele>
      </trkpt>
      <trkpt lat="41.64838" lon="1.8585900000000002">
        <ele>150.3774198985824</ele>
      </trkpt>
      <trkpt lat="41.648010000000006" lon="1.8585000000000003">
        <ele>151.6343378001637</ele>
      </trkpt>
      <trkpt lat="41.647670000000005" lon="1.8583800000000001">
        <ele>151.91399816700374</ele>
      </trkpt>
      <trkpt lat="41.64732" lon="1.8582800000000002">
        <ele>150.9228456022282</ele>
      </trkpt>
      <trkpt lat="41.647180000000006" lon="1.8581800000000002">
        <ele>151.55291294034953</ele>
      </trkpt>
      <trkpt lat="41.64706" lon="1.85813">
        <ele>152.06890809507559</ele>
      </trkpt>
      <trkpt lat="41.646640000000005" lon="1.8580200000000002">
        <ele>150.49049221146942</ele>
      </trkpt>
      <trkpt lat="41.64593" lon="1.8577400000000002">
        <ele>151.15493845763962</ele>
      </trkpt>
      <trkpt lat="41.645700000000005" lon="1.8576700000000002">
        <ele>150.84044258581076</ele>
      </trkpt>
      <trkpt lat="41.64542" lon="1.8576400000000002">
        <ele>151.5213419733916</ele>
      </trkpt>
      <trkpt lat="41.645230000000005" lon="1.8576400000000002">
        <ele>151.88626945985172</ele>
      </trkpt>
      <trkpt lat="41.64495" lon="1.85766">
        <ele>150.96838691212184</ele>
      </trkpt>
      <trkpt lat="41.644760000000005" lon="1.8577100000000002">
        <ele>150.67242250093872</ele>
      </trkpt>
      <trkpt lat="41.644270000000006" lon="1.8577200000000003">
        <ele>150.6630329839613</ele>
      </trkpt>
      <trkpt lat="41.64397" lon="1.8578500000000002">
        <ele>150.41764595615155</ele>
      </trkpt>
      <trkpt lat="41.64361" lon="1.8580400000000001">
        <ele>150.93010013844463</ele>
      </trkpt>
      <trkpt lat="41.643150000000006" lon="1.85844">
        <ele>150.93633172531054</ele>
      </trkpt>
      <trkpt lat="41.64298" lon="1.85867">
        <ele>155.21581467010606</ele>
      </trkpt>
      <trkpt lat="41.642610000000005" lon="1.85939">
        <ele>157.11856704027866</ele>
      </trkpt>
      <trkpt lat="41.64246000000001" lon="1.8598400000000002">
        <ele>157.95056111836462</ele>
      </trkpt>
      <trkpt lat="41.64233" lon="1.86044">
        <ele>159.63866958541536</ele>
      </trkpt>
      <trkpt lat="41.642350001927106" lon="1.8611050001517533">
        <ele>153.56879539037183</ele>
      </trkpt>
      <trkpt lat="41.64237000000001" lon="1.8617700000000001">
        <ele>151.2640373103133</ele>
      </trkpt>
      <trkpt lat="41.64229" lon="1.8624300000000003">
        <ele>152.8917944211318</ele>
      </trkpt>
      <trkpt lat="41.642210000000006" lon="1.8628000000000002">
        <ele>155.00767804447656</ele>
      </trkpt>
      <trkpt lat="41.64215" lon="1.8636000000000001">
        <ele>153.89364681167908</ele>
      </trkpt>
      <trkpt lat="41.64211" lon="1.8638700000000001">
        <ele>154.29668982600873</ele>
      </trkpt>
      <trkpt lat="41.641780000000004" lon="1.86498">
        <ele>154.35944625476324</ele>
      </trkpt>
      <trkpt lat="41.641600000000004" lon="1.8654400000000002">
        <ele>155.43389454981636</ele>
      </trkpt>
      <trkpt lat="41.64146" lon="1.8656800000000002">
        <ele>156.30904763669082</ele>
      </trkpt>
      <trkpt lat="41.641290000000005" lon="1.8660800000000002">
        <ele>154.23548582532842</ele>
      </trkpt>
      <trkpt lat="41.64103" lon="1.8665200000000002">
        <ele>152.20848871871323</ele>
      </trkpt>
      <trkpt lat="41.64092" lon="1.8666300000000002">
        <ele>152.11420303218</ele>
      </trkpt>
      <trkpt lat="41.6407" lon="1.8667600000000002">
        <ele>153.10006238986685</ele>
      </trkpt>
      <trkpt lat="41.640420000000006" lon="1.8668500000000001">
        <ele>154.77139867817343</ele>
      </trkpt>
      <trkpt lat="41.640240000000006" lon="1.8668300000000002">
        <ele>156.37167017743198</ele>
      </trkpt>
      <trkpt lat="41.64007" lon="1.86678">
        <ele>157.56154984206353</ele>
      </trkpt>
      <trkpt lat="41.63989" lon="1.86664">
        <ele>158.29152642535283</ele>
      </trkpt>
      <trkpt lat="41.639790000000005" lon="1.86637">
        <ele>159.2555179979977</ele>
      </trkpt>
      <trkpt lat="41.639720000000004" lon="1.86606">
        <ele>158.96367567419927</ele>
      </trkpt>
      <trkpt lat="41.639720000000004" lon="1.86562">
        <ele>159.93833668364053</ele>
      </trkpt>
      <trkpt lat="41.63983" lon="1.8652000000000002">
        <ele>166.6653714744573</ele>
      </trkpt>
      <trkpt lat="41.639900000000004" lon="1.86501">
        <ele>165.72986739455249</ele>
      </trkpt>
      <trkpt lat="41.63989" lon="1.8648600000000002">
        <ele>165.1801604578931</ele>
      </trkpt>
      <trkpt lat="41.63983" lon="1.8646900000000002">
        <ele>163.89380817720027</ele>
      </trkpt>
      <trkpt lat="41.639860000000006" lon="1.86454">
        <ele>163.180220956992</ele>
      </trkpt>
      <trkpt lat="41.63994" lon="1.8643500000000002">
        <ele>163.8055717814822</ele>
      </trkpt>
      <trkpt lat="41.64" lon="1.86372">
        <ele>159.03265848428845</ele>
      </trkpt>
      <trkpt lat="41.64018" lon="1.86318">
        <ele>162.66449825000018</ele>
      </trkpt>
      <trkpt lat="41.64025" lon="1.8630300000000002">
        <ele>163.0184143254319</ele>
      </trkpt>
      <trkpt lat="41.64040000000001" lon="1.8623500000000002">
        <ele>163.30212488822934</ele>
      </trkpt>
      <trkpt lat="41.64036" lon="1.8620200000000002">
        <ele>160.25965432485546</ele>
      </trkpt>
      <trkpt lat="41.640390000000004" lon="1.8615500000000003">
        <ele>152.67538239343494</ele>
      </trkpt>
      <trkpt lat="41.64058" lon="1.8604200000000002">
        <ele>141.59838267359814</ele>
      </trkpt>
      <trkpt lat="41.640690000000006" lon="1.8601100000000002">
        <ele>142.4960076530309</ele>
      </trkpt>
      <trkpt lat="41.64082000179923" lon="1.8594600014693887">
        <ele>141.3148589028034</ele>
      </trkpt>
      <trkpt lat="41.640950000000004" lon="1.85881">
        <ele>141.88021627428532</ele>
      </trkpt>
      <trkpt lat="41.64096000000001" lon="1.8581200000000002">
        <ele>141.19906145121337</ele>
      </trkpt>
      <trkpt lat="41.641020000000005" lon="1.8576300000000001">
        <ele>143.47721452988833</ele>
      </trkpt>
      <trkpt lat="41.64105" lon="1.85759">
        <ele>144.21509967617556</ele>
      </trkpt>
      <trkpt lat="41.641160000000006" lon="1.85756">
        <ele>147.33799518682636</ele>
      </trkpt>
      <trkpt lat="41.641200000000005" lon="1.8575300000000001">
        <ele>148.0673139783578</ele>
      </trkpt>
      <trkpt lat="41.64128" lon="1.85752">
        <ele>149.71638283943832</ele>
      </trkpt>
      <trkpt lat="41.64152" lon="1.8572300000000002">
        <ele>149.3231351130546</ele>
      </trkpt>
      <trkpt lat="41.641670000000005" lon="1.8571300000000002">
        <ele>151.71952845764525</ele>
      </trkpt>
      <trkpt lat="41.6418" lon="1.8569400000000003">
        <ele>151.08578416444098</ele>
      </trkpt>
      <trkpt lat="41.64199000000001" lon="1.8567200000000001">
        <ele>152.53231544511948</ele>
      </trkpt>
      <trkpt lat="41.64208" lon="1.8565300000000002">
        <ele>152.27069488177065</ele>
      </trkpt>
      <trkpt lat="41.642100000000006" lon="1.8563200000000002">
        <ele>148.55085879044145</ele>
      </trkpt>
      <trkpt lat="41.64197" lon="1.8562400000000001">
        <ele>145.21782196178145</ele>
      </trkpt>
      <trkpt lat="41.641850000000005" lon="1.8560900000000002">
        <ele>144.1012269030211</ele>
      </trkpt>
      <trkpt lat="41.64179" lon="1.8560500000000002">
        <ele>145.88552947122108</ele>
      </trkpt>
      <trkpt lat="41.64173" lon="1.8560500000000002">
        <ele>147.0356985229381</ele>
      </trkpt>
      <trkpt lat="41.641630000000006" lon="1.8561200000000002">
        <ele>148.6908943048721</ele>
      </trkpt>
      <trkpt lat="41.641490000000005" lon="1.8562500000000002">
        <ele>150.43046887422872</ele>
      </trkpt>
      <trkpt lat="41.64132" lon="1.85647">
        <ele>153.9732441767637</ele>
      </trkpt>
      <trkpt lat="41.64123" lon="1.8565300000000002">
        <ele>153.66597739314804</ele>
      </trkpt>
      <trkpt lat="41.641160000000006" lon="1.8565200000000002">
        <ele>150.59618232741354</ele>
      </trkpt>
      <trkpt lat="41.641090000000005" lon="1.85637">
        <ele>151.5205515045276</ele>
      </trkpt>
      <trkpt lat="41.64050500029295" lon="1.8566050021117688">
        <ele>138.44424892293728</ele>
      </trkpt>
      <trkpt lat="41.639920000000004" lon="1.85684">
        <ele>147.423275132554</ele>
      </trkpt>
      <trkpt lat="41.63987" lon="1.85688">
        <ele>147.52342564926886</ele>
      </trkpt>
      <trkpt lat="41.639700000000005" lon="1.8569600000000002">
        <ele>147.06013952912554</ele>
      </trkpt>
      <trkpt lat="41.63933" lon="1.8571000000000002">
        <ele>147.83035127592618</ele>
      </trkpt>
      <trkpt lat="41.63929" lon="1.8568700000000002">
        <ele>146.7893886436964</ele>
      </trkpt>
      <trkpt lat="41.639250000000004" lon="1.8567700000000003">
        <ele>146.4916690073662</ele>
      </trkpt>
      <trkpt lat="41.6392" lon="1.8566900000000002">
        <ele>146.1930508203236</ele>
      </trkpt>
      <trkpt lat="41.638980000000004" lon="1.8564800000000001">
        <ele>146.95891877449293</ele>
      </trkpt>
      <trkpt lat="41.63886" lon="1.8563200000000002">
        <ele>148.47378804444654</ele>
      </trkpt>
      <trkpt lat="41.638780000000004" lon="1.8561600000000003">
        <ele>149.98118994503</ele>
      </trkpt>
      <trkpt lat="41.63871" lon="1.8559500000000002">
        <ele>152.68867712641438</ele>
      </trkpt>
      <trkpt lat="41.63864" lon="1.8556400000000002">
        <ele>156.01183690911964</ele>
      </trkpt>
      <trkpt lat="41.63853" lon="1.8553400000000002">
        <ele>162.1212469186755</ele>
      </trkpt>
      <trkpt lat="41.638400000000004" lon="1.8550700000000002">
        <ele>162.64640609416907</ele>
      </trkpt>
      <trkpt lat="41.63828" lon="1.8548900000000001">
        <ele>162.03181887550667</ele>
      </trkpt>
      <trkpt lat="41.637480000000004" lon="1.85437">
        <ele>165.9487186314809</ele>
      </trkpt>
      <trkpt lat="41.63694000021493" lon="1.8542249988183521">
        <ele>163.64936345045146</ele>
      </trkpt>
      <trkpt lat="41.6364" lon="1.8540800000000002">
        <ele>164.04211601431706</ele>
      </trkpt>
      <trkpt lat="41.63564499993748" lon="1.8540699998820267">
        <ele>164.265164901873</ele>
      </trkpt>
      <trkpt lat="41.634890000000006" lon="1.85406">
        <ele>164.04752095572445</ele>
      </trkpt>
      <trkpt lat="41.63461" lon="1.8540200000000002">
        <ele>167.10065954872687</ele>
      </trkpt>
      <trkpt lat="41.63438" lon="1.8539500000000002">
        <ele>165.59567195857895</ele>
      </trkpt>
      <trkpt lat="41.63354" lon="1.85356">
        <ele>166.52859389666682</ele>
      </trkpt>
      <trkpt lat="41.633280000000006" lon="1.8534800000000002">
        <ele>168.20487214721712</ele>
      </trkpt>
      <trkpt lat="41.63315" lon="1.8534700000000002">
        <ele>168.20971286926041</ele>
      </trkpt>
      <trkpt lat="41.63291" lon="1.8535300000000001">
        <ele>168.02772042172768</ele>
      </trkpt>
      <trkpt lat="41.632630000000006" lon="1.8536700000000002">
        <ele>167.78470379127882</ele>
      </trkpt>
      <trkpt lat="41.63212" lon="1.8540500000000002">
        <ele>167.0024188897509</ele>
      </trkpt>
      <trkpt lat="41.631440000000005" lon="1.8545600000000002">
        <ele>166.32697504583206</ele>
      </trkpt>
      <trkpt lat="41.63123" lon="1.8547900000000002">
        <ele>166.09874689005898</ele>
      </trkpt>
      <trkpt lat="41.630880000000005" lon="1.8553300000000001">
        <ele>165.20177517928687</ele>
      </trkpt>
      <trkpt lat="41.63076" lon="1.8555500000000003">
        <ele>165.08827918790888</ele>
      </trkpt>
      <trkpt lat="41.63047" lon="1.8563">
        <ele>164.907429438666</ele>
      </trkpt>
      <trkpt lat="41.630250000000004" lon="1.8567900000000002">
        <ele>163.40654152327238</ele>
      </trkpt>
      <trkpt lat="41.629975001598886" lon="1.857375002248835">
        <ele>162.44751624339762</ele>
      </trkpt>
      <trkpt lat="41.62970000000001" lon="1.85796">
        <ele>161.04430370162032</ele>
      </trkpt>
      <trkpt lat="41.629630000000006" lon="1.8582100000000001">
        <ele>160.19319492730477</ele>
      </trkpt>
      <trkpt lat="41.629490000000004" lon="1.85922">
        <ele>158.6955355638401</ele>
      </trkpt>
      <trkpt lat="41.62925667357524" lon="1.8601133398288239">
        <ele>157.12132497261473</ele>
      </trkpt>
      <trkpt lat="41.62902334023433" lon="1.8610066731910635">
        <ele>157.11004183360726</ele>
      </trkpt>
      <trkpt lat="41.62879" lon="1.8619">
        <ele>157.29473662933833</ele>
      </trkpt>
      <trkpt lat="41.6286750014932" lon="1.8624900011302647">
        <ele>157.84029497614392</ele>
      </trkpt>
      <trkpt lat="41.62856" lon="1.86308">
        <ele>159.20804999944824</ele>
      </trkpt>
      <trkpt lat="41.628550000000004" lon="1.86325">
        <ele>159.07873460067682</ele>
      </trkpt>
      <trkpt lat="41.62859" lon="1.8634300000000001">
        <ele>158.9411406177812</ele>
      </trkpt>
      <trkpt lat="41.62872" lon="1.8635800000000002">
        <ele>159.03005254302096</ele>
      </trkpt>
      <trkpt lat="41.62899" lon="1.8637700000000001">
        <ele>160.81605310086573</ele>
      </trkpt>
      <trkpt lat="41.628980000000006" lon="1.8638400000000002">
        <ele>160.85571739931117</ele>
      </trkpt>
      <trkpt lat="41.62899" lon="1.8638700000000001">
        <ele>160.89396863668736</ele>
      </trkpt>
      <trkpt lat="41.629020000000004" lon="1.86389">
        <ele>160.94965911881724</ele>
      </trkpt>
      <trkpt lat="41.62901" lon="1.8640200000000002">
        <ele>161.1470256604312</ele>
      </trkpt>
      <trkpt lat="41.628969119787634" lon="1.864154904700816">
        <ele>161.33097308275697</ele>
      </trkpt>
      <trkpt lat="41.628910000000005" lon="1.8643500000000002">
        <ele>161.57614357868943</ele>
      </trkpt>
      <trkpt lat="41.62866000163662" lon="1.8649500021426337">
        <ele>161.0051005673527</ele>
      </trkpt>
      <trkpt lat="41.62841" lon="1.8655500000000003">
        <ele>161.70648049694063</ele>
      </trkpt>
      <trkpt lat="41.62805" lon="1.8660800000000002">
        <ele>162.73143723836466</ele>
      </trkpt>
      <trkpt lat="41.62776" lon="1.8665500000000002">
        <ele>161.21840992027364</ele>
      </trkpt>
      <trkpt lat="41.627280000000006" lon="1.8673100000000002">
        <ele>155.4598316521879</ele>
      </trkpt>
      <trkpt lat="41.627030000000005" lon="1.86786">
        <ele>153.54500417714252</ele>
      </trkpt>
      <trkpt lat="41.62693" lon="1.8679900000000003">
        <ele>151.87873460763234</ele>
      </trkpt>
      <trkpt lat="41.62640500045764" lon="1.8683400028987711">
        <ele>152.21050791909883</ele>
      </trkpt>
      <trkpt lat="41.62588" lon="1.8686900000000002">
        <ele>148.5930033216462</ele>
      </trkpt>
      <trkpt lat="41.6257" lon="1.86878">
        <ele>146.34278255015477</ele>
      </trkpt>
      <trkpt lat="41.625600000000006" lon="1.86878">
        <ele>146.09795208973713</ele>
      </trkpt>
      <trkpt lat="41.62558000000001" lon="1.86878">
        <ele>146.0557103974491</ele>
      </trkpt>
      <trkpt lat="41.62473500059078" lon="1.868389994857413">
        <ele>144.7863875687676</ele>
      </trkpt>
      <trkpt lat="41.62389" lon="1.868">
        <ele>143.0168188682237</ele>
      </trkpt>
      <trkpt lat="41.6235" lon="1.86776">
        <ele>137.58585836495618</ele>
      </trkpt>
      <trkpt lat="41.623250000000006" lon="1.8675800000000002">
        <ele>136.4738587984853</ele>
      </trkpt>
      <trkpt lat="41.62277" lon="1.8671600000000002">
        <ele>135.41667939919142</ele>
      </trkpt>
      <trkpt lat="41.62242500079404" lon="1.86672499764002">
        <ele>135.699164608815</ele>
      </trkpt>
      <trkpt lat="41.622080000000004" lon="1.8662900000000002">
        <ele>135.721987329409</ele>
      </trkpt>
      <trkpt lat="41.62178" lon="1.86586">
        <ele>135.62443193591884</ele>
      </trkpt>
      <trkpt lat="41.62144000000001" lon="1.86542">
        <ele>133.38015234099024</ele>
      </trkpt>
      <trkpt lat="41.621230000000004" lon="1.8649900000000001">
        <ele>133.72159725491915</ele>
      </trkpt>
      <trkpt lat="41.62118" lon="1.8647700000000003">
        <ele>134.62502927983198</ele>
      </trkpt>
      <trkpt lat="41.621170000000006" lon="1.8645600000000002">
        <ele>134.94404246536402</ele>
      </trkpt>
      <trkpt lat="41.62118" lon="1.86437">
        <ele>135.6282407982615</ele>
      </trkpt>
      <trkpt lat="41.62122" lon="1.8641800000000002">
        <ele>136.07459987835506</ele>
      </trkpt>
      <trkpt lat="41.62133" lon="1.86386">
        <ele>136.38193194572264</ele>
      </trkpt>
      <trkpt lat="41.6216250014328" lon="1.8632750027755163">
        <ele>135.84953688871764</ele>
      </trkpt>
      <trkpt lat="41.62192" lon="1.8626900000000002">
        <ele>135.881999524227</ele>
      </trkpt>
      <trkpt lat="41.62234" lon="1.8617500000000002">
        <ele>136.12587854727232</ele>
      </trkpt>
      <trkpt lat="41.62268" lon="1.8607900000000002">
        <ele>136.4048679376513</ele>
      </trkpt>
      <trkpt lat="41.62286" lon="1.86003">
        <ele>134.3668064409123</ele>
      </trkpt>
      <trkpt lat="41.62292" lon="1.8598800000000002">
        <ele>133.75078592499966</ele>
      </trkpt>
      <trkpt lat="41.62326" lon="1.8592000000000002">
        <ele>132.56333173718613</ele>
      </trkpt>
      <trkpt lat="41.62337" lon="1.8591700000000002">
        <ele>131.85241240542044</ele>
      </trkpt>
      <trkpt lat="41.623490000000004" lon="1.8589300000000002">
        <ele>131.96654294111153</ele>
      </trkpt>
      <trkpt lat="41.623740000000005" lon="1.8580900000000002">
        <ele>129.84609387901423</ele>
      </trkpt>
      <trkpt lat="41.62375" lon="1.85779">
        <ele>130.32052790048886</ele>
      </trkpt>
      <trkpt lat="41.623780000000004" lon="1.85756">
        <ele>130.3003563176356</ele>
      </trkpt>
      <trkpt lat="41.623830000000005" lon="1.8573600000000001">
        <ele>129.64750022050066</ele>
      </trkpt>
      <trkpt lat="41.623850000000004" lon="1.8571000000000002">
        <ele>129.2906894517961</ele>
      </trkpt>
      <trkpt lat="41.623830000000005" lon="1.8566300000000002">
        <ele>129.1201193745838</ele>
      </trkpt>
      <trkpt lat="41.62389" lon="1.8564300000000002">
        <ele>128.06163201940527</ele>
      </trkpt>
      <trkpt lat="41.623870000000004" lon="1.8563200000000002">
        <ele>128.18670106711755</ele>
      </trkpt>
      <trkpt lat="41.623580000000004" lon="1.8553800000000003">
        <ele>127.38574153842171</ele>
      </trkpt>
      <trkpt lat="41.623540000000006" lon="1.8550700000000002">
        <ele>127.16619772092325</ele>
      </trkpt>
      <trkpt lat="41.623450000000005" lon="1.8548700000000002">
        <ele>127.49254977163997</ele>
      </trkpt>
      <trkpt lat="41.623310000000004" lon="1.8546300000000002">
        <ele>127.21652073443926</ele>
      </trkpt>
      <trkpt lat="41.62301" lon="1.8543200000000002">
        <ele>127.168716982315</ele>
      </trkpt>
      <trkpt lat="41.62292" lon="1.8542600000000002">
        <ele>126.90567998257733</ele>
      </trkpt>
      <trkpt lat="41.622780000000006" lon="1.8542100000000001">
        <ele>127.15815089074812</ele>
      </trkpt>
      <trkpt lat="41.622550000000004" lon="1.8540800000000002">
        <ele>127.38833501029512</ele>
      </trkpt>
      <trkpt lat="41.622370000000004" lon="1.8539100000000002">
        <ele>127.76989681679514</ele>
      </trkpt>
      <trkpt lat="41.62221" lon="1.8538100000000002">
        <ele>127.22365592146463</ele>
      </trkpt>
      <trkpt lat="41.62149" lon="1.85352">
        <ele>127.58206294235433</ele>
      </trkpt>
      <trkpt lat="41.62118" lon="1.8534700000000002">
        <ele>127.14097432802522</ele>
      </trkpt>
      <trkpt lat="41.621" lon="1.85339">
        <ele>127.35753208013935</ele>
      </trkpt>
      <trkpt lat="41.62073" lon="1.8533600000000001">
        <ele>127.52506212701886</ele>
      </trkpt>
      <trkpt lat="41.62024" lon="1.8531600000000001">
        <ele>127.63222326059199</ele>
      </trkpt>
      <trkpt lat="41.6201" lon="1.8531300000000002">
        <ele>127.57016363641407</ele>
      </trkpt>
      <trkpt lat="41.61981" lon="1.8529900000000001">
        <ele>127.75198227278133</ele>
      </trkpt>
      <trkpt lat="41.61941" lon="1.85284">
        <ele>127.5536730004208</ele>
      </trkpt>
      <trkpt lat="41.619310000000006" lon="1.8528300000000002">
        <ele>127.76098547348755</ele>
      </trkpt>
      <trkpt lat="41.619170000000004" lon="1.85284">
        <ele>128.28172912166184</ele>
      </trkpt>
      <trkpt lat="41.618430000000004" lon="1.8526300000000002">
        <ele>128.5275850148501</ele>
      </trkpt>
      <trkpt lat="41.61813" lon="1.8525900000000002">
        <ele>128.9518388359172</ele>
      </trkpt>
      <trkpt lat="41.61768" lon="1.8524900000000002">
        <ele>128.85051993961204</ele>
      </trkpt>
      <trkpt lat="41.61750000000001" lon="1.8524200000000002">
        <ele>128.3003603585801</ele>
      </trkpt>
      <trkpt lat="41.61732000000001" lon="1.8524">
        <ele>128.97176992532698</ele>
      </trkpt>
      <trkpt lat="41.616960000000006" lon="1.8522900000000002">
        <ele>129.5544892317501</ele>
      </trkpt>
      <trkpt lat="41.61668" lon="1.8522500000000002">
        <ele>130.73991107187598</ele>
      </trkpt>
      <trkpt lat="41.61661" lon="1.8523200000000002">
        <ele>132.37331107179637</ele>
      </trkpt>
      <trkpt lat="41.616400000000006" lon="1.8522500000000002">
        <ele>132.47516048208942</ele>
      </trkpt>
      <trkpt lat="41.615790000000004" lon="1.85196">
        <ele>133.2835833157781</ele>
      </trkpt>
      <trkpt lat="41.615135001114226" lon="1.8514449947426204">
        <ele>130.98589793141844</ele>
      </trkpt>
      <trkpt lat="41.61448" lon="1.8509300000000002">
        <ele>135.84345573936562</ele>
      </trkpt>
      <trkpt lat="41.61428" lon="1.8506300000000002">
        <ele>135.8716195143592</ele>
      </trkpt>
      <trkpt lat="41.614160000000005" lon="1.8503200000000002">
        <ele>135.5702431706601</ele>
      </trkpt>
      <trkpt lat="41.613915005013766" lon="1.8492399957209404">
        <ele>145.14681786493497</ele>
      </trkpt>
      <trkpt lat="41.613670000000006" lon="1.8481600000000002">
        <ele>143.29323412261837</ele>
      </trkpt>
      <trkpt lat="41.613400000000006" lon="1.8476400000000002">
        <ele>141.0517640307167</ele>
      </trkpt>
      <trkpt lat="41.613290000000006" lon="1.8475500000000002">
        <ele>142.55059838648154</ele>
      </trkpt>
      <trkpt lat="41.61323" lon="1.8475300000000001">
        <ele>144.14159720168823</ele>
      </trkpt>
      <trkpt lat="41.612700000000004" lon="1.8472400000000002">
        <ele>141.76654260363384</ele>
      </trkpt>
      <trkpt lat="41.6122" lon="1.8471300000000002">
        <ele>144.97593130853974</ele>
      </trkpt>
      <trkpt lat="41.61196" lon="1.84712">
        <ele>143.3632157107077</ele>
      </trkpt>
      <trkpt lat="41.61195" lon="1.84712">
        <ele>143.18720101379324</ele>
      </trkpt>
      <trkpt lat="41.61157" lon="1.84719">
        <ele>138.70335440079972</ele>
      </trkpt>
      <trkpt lat="41.611450000000005" lon="1.8472600000000001">
        <ele>136.48871408272367</ele>
      </trkpt>
      <trkpt lat="41.611050000000006" lon="1.8478400000000001">
        <ele>140.07111843334042</ele>
      </trkpt>
      <trkpt lat="41.61095" lon="1.8478700000000001">
        <ele>139.6297160340027</ele>
      </trkpt>
      <trkpt lat="41.61092" lon="1.8478200000000002">
        <ele>139.10212288332954</ele>
      </trkpt>
      <trkpt lat="41.61066500330781" lon="1.8469449965085751">
        <ele>120.43392060036635</ele>
      </trkpt>
      <trkpt lat="41.610417" lon="1.846067">
        <ele>137.28547648515786</ele>
      </trkpt>
      <trkpt lat="41.610404" lon="1.846006">
        <ele>138.5499210809709</ele>
      </trkpt>
      <trkpt lat="41.610506" lon="1.845975">
        <ele>138.37472140120786</ele>
      </trkpt>
      <trkpt lat="41.610579" lon="1.845939">
        <ele>137.89624285091813</ele>
      </trkpt>
      <trkpt lat="41.610644" lon="1.845893">
        <ele>137.72637932201098</ele>
      </trkpt>
      <trkpt lat="41.610627" lon="1.845494">
        <ele>139.03714770975432</ele>
      </trkpt>
      <trkpt lat="41.610653" lon="1.845301">
        <ele>140.21964051133534</ele>
      </trkpt>
      <trkpt lat="41.610727" lon="1.845093">
        <ele>142.3780766905487</ele>
      </trkpt>
      <trkpt lat="41.610662" lon="1.845011">
        <ele>143.03348934589403</ele>
      </trkpt>
      <trkpt lat="41.610639" lon="1.844724">
        <ele>147.3092252760563</ele>
      </trkpt>
      <trkpt lat="41.610604" lon="1.844553">
        <ele>150.8836213588218</ele>
      </trkpt>
      <trkpt lat="41.610587" lon="1.844503">
        <ele>152.30053525784288</ele>
      </trkpt>
      <trkpt lat="41.610562" lon="1.844462">
        <ele>152.8896684985218</ele>
      </trkpt>
      <trkpt lat="41.610591" lon="1.844414">
        <ele>153.5844626452742</ele>
      </trkpt>
      <trkpt lat="41.610594" lon="1.84439">
        <ele>153.93182756986243</ele>
      </trkpt>
      <trkpt lat="41.610627" lon="1.844357">
        <ele>154.48685481744056</ele>
      </trkpt>
      <trkpt lat="41.610613" lon="1.844327">
        <ele>154.91271343135338</ele>
      </trkpt>
      <trkpt lat="41.610615" lon="1.844305">
        <ele>155.2411288324343</ele>
      </trkpt>
      <trkpt lat="41.610586" lon="1.84427">
        <ele>155.61350037174844</ele>
      </trkpt>
      <trkpt lat="41.610484" lon="1.84407">
        <ele>157.14415597144534</ele>
      </trkpt>
      <trkpt lat="41.61016" lon="1.843576">
        <ele>157.28631413793482</ele>
      </trkpt>
      <trkpt lat="41.610003" lon="1.843283">
        <ele>156.03497817209706</ele>
      </trkpt>
      <trkpt lat="41.609933" lon="1.843131">
        <ele>155.49251847902522</ele>
      </trkpt>
      <trkpt lat="41.609893" lon="1.842904">
        <ele>156.14734210225163</ele>
      </trkpt>
      <trkpt lat="41.609756" lon="1.842741">
        <ele>154.98367921362484</ele>
      </trkpt>
      <trkpt lat="41.609727" lon="1.842485">
        <ele>155.0648250010593</ele>
      </trkpt>
    </trkseg>
  </trk>
</gpx>
