<?xml version="1.0" encoding="UTF-8"?>
<gpx creator="StravaGPX" version="1.1" schemaLocation="http://www.topografix.com/GPX/1/1 http://www.topografix.com/GPX/1/1/gpx.xsd http://www.garmin.com/xmlschemas/GpxExtensions/v3 http://www.garmin.com/xmlschemas/GpxExtensionsv3.xsd http://www.garmin.com/xmlschemas/TrackPointExtension/v1 http://www.garmin.com/xmlschemas/TrackPointExtensionv1.xsd http://www.garmin.com/xmlschemas/PowerExtension/v1 http://www.garmin.com/xmlschemas/PowerExtensionv1.xsd http://www.topografix.com/GPX/gpx_style/0/2 http://www.topografix.com/GPX/gpx_style/0/2/gpx_style.xsd" xmlns="http://www.topografix.com/GPX/1/1" xmlns:xsi="http://www.w3.org/2001/XMLSchema-instance" xsi:schemaLocation="http://www.topografix.com/GPX/1/1 http://www.topografix.com/GPX/1/1/gpx.xsd http://www.garmin.com/xmlschemas/GpxExtensions/v3 http://www.garmin.com/xmlschemas/GpxExtensionsv3.xsd http://www.garmin.com/xmlschemas/TrackPointExtension/v1 http://www.garmin.com/xmlschemas/TrackPointExtensionv1.xsd http://www.garmin.com/xmlschemas/PowerExtension/v1 http://www.garmin.com/xmlschemas/PowerExtensionv1.xsd http://www.topografix.com/GPX/gpx_style/0/2 http://www.topografix.com/GPX/gpx_style/0/2/gpx_style.xsd" xmlns:gpxtpx="http://www.garmin.com/xmlschemas/TrackPointExtension/v1" xmlns:gpxx="http://www.garmin.com/xmlschemas/GpxExtensions/v3" xmlns:gpxpx="http://www.garmin.com/xmlschemas/PowerExtension/v1" xmlns:gpx_style="http://www.topografix.com/GPX/gpx_style/0/2">
  <metadata>
    <name>Etapa 1 - s</name>
    <author>
      <name>gpx.studio</name>
      <link href="https://gpx.studio"/>
    </author>
    <link href="https://www.strava.com/routes/3533166144465343694"/>
  </metadata>
  <wpt lat="42.282243" lon="2.016636">
    <ele>1385.2450341661804</ele>
    <name>Etapa 1 (Km 0) - Sortida - Castellar de n&apos;Hug</name>
    <sym>Drinking Water</sym>
  </wpt>
  <wpt lat="42.243803" lon="1.974786">
    <ele>839.6290087128962</ele>
    <name>Etapa 1 (Km 8,4) - Punt de pas La Poble de Lillet</name>
    <sym>Drinking Water</sym>
  </wpt>
  <wpt lat="42.233122" lon="1.87941">
    <ele>726.675630902072</ele>
    <name>Etapa 1 (Km 21,6)- Punt de pas Guardiola de Berguedà</name>
    <sym>Drinking Water</sym>
  </wpt>
  <wpt lat="42.151566" lon="1.85613">
    <ele>753.7605177244261</ele>
    <name>Etapa 1 (Km 36,7) Punt de pas Cercs</name>
    <sym>Drinking Water</sym>
  </wpt>
  <wpt lat="42.099042" lon="1.85105">
    <ele>644.1015262950898</ele>
    <name>Etapa 1 (Km 47,7) Punt de pas Berga</name>
    <sym>Drinking Water</sym>
  </wpt>
  <wpt lat="42.067883" lon="1.868541">
    <ele>475.4657915156865</ele>
    <name>Etapa 1 (Km 56,2) Punt de pas Cal Rosal</name>
    <sym>Drinking Water</sym>
  </wpt>
  <wpt lat="42.033703" lon="1.882563">
    <ele>465.1687925435265</ele>
    <name>Etapa 1 (Km 60,3) Arribada Gironella</name>
    <sym>Drinking Water</sym>
  </wpt>
  <trk>
    <name>Etapa 1 - s</name>
    <link href="https://www.strava.com/routes/3533166144465343694"/>
    <type>hiking</type>
    <trkseg>
      <trkpt lat="42.282252" lon="2.016629">
        <ele>1385.0461586027661</ele>
        <time>2026-08-31T22:00:00.000Z</time>
      </trkpt>
      <trkpt lat="42.282113" lon="2.016606">
        <ele>1385.392716577747</ele>
        <time>2026-08-31T22:00:09.075Z</time>
      </trkpt>
      <trkpt lat="42.281865" lon="2.016565">
        <ele>1388.6881253600643</ele>
        <time>2026-08-31T22:00:23.102Z</time>
      </trkpt>
      <trkpt lat="42.281837" lon="2.016509">
        <ele>1387.6229768041142</ele>
        <time>2026-08-31T22:00:25.392Z</time>
      </trkpt>
      <trkpt lat="42.281864" lon="2.016473">
        <ele>1385.8548506977027</ele>
        <time>2026-08-31T22:00:27.129Z</time>
      </trkpt>
      <trkpt lat="42.282028" lon="2.016509">
        <ele>1384.162102621225</ele>
        <time>2026-08-31T22:00:34.303Z</time>
      </trkpt>
      <trkpt lat="42.281951" lon="2.016432">
        <ele>1382.9890148923557</ele>
        <time>2026-08-31T22:00:37.085Z</time>
      </trkpt>
      <trkpt lat="42.281811" lon="2.016113">
        <ele>1378.9138748751393</ele>
        <time>2026-08-31T22:00:44.965Z</time>
      </trkpt>
      <trkpt lat="42.281951" lon="2.016165">
        <ele>1376.1043068643276</ele>
        <time>2026-08-31T22:00:49.440Z</time>
      </trkpt>
      <trkpt lat="42.281987" lon="2.016055">
        <ele>1373.5646518889837</ele>
        <time>2026-08-31T22:00:52.280Z</time>
      </trkpt>
      <trkpt lat="42.281899" lon="2.016022">
        <ele>1373.9427323731497</ele>
        <time>2026-08-31T22:00:55.758Z</time>
      </trkpt>
      <trkpt lat="42.281835" lon="2.015985">
        <ele>1374.3441439030091</ele>
        <time>2026-08-31T22:00:58.420Z</time>
      </trkpt>
      <trkpt lat="42.281751" lon="2.015914">
        <ele>1374.1149099323172</ele>
        <time>2026-08-31T22:01:02.209Z</time>
      </trkpt>
      <trkpt lat="42.281649" lon="2.015795">
        <ele>1374.6816934360022</ele>
        <time>2026-08-31T22:01:07.584Z</time>
      </trkpt>
      <trkpt lat="42.281606" lon="2.01573">
        <ele>1374.3128300702426</ele>
        <time>2026-08-31T22:01:09.790Z</time>
      </trkpt>
      <trkpt lat="42.281497" lon="2.015545">
        <ele>1372.928841593406</ele>
        <time>2026-08-31T22:01:14.645Z</time>
      </trkpt>
      <trkpt lat="42.28147" lon="2.01548">
        <ele>1371.6727997760106</ele>
        <time>2026-08-31T22:01:16.151Z</time>
      </trkpt>
      <trkpt lat="42.281484" lon="2.015365">
        <ele>1366.2558101884574</ele>
        <time>2026-08-31T22:01:18.554Z</time>
      </trkpt>
      <trkpt lat="42.281526" lon="2.015254">
        <ele>1360.5590060824684</ele>
        <time>2026-08-31T22:01:21.029Z</time>
      </trkpt>
      <trkpt lat="42.281532" lon="2.015206">
        <ele>1358.477269779628</ele>
        <time>2026-08-31T22:01:21.991Z</time>
      </trkpt>
      <trkpt lat="42.281516" lon="2.015157">
        <ele>1356.5331268846255</ele>
        <time>2026-08-31T22:01:23.042Z</time>
      </trkpt>
      <trkpt lat="42.281488" lon="2.015135">
        <ele>1356.158546436996</ele>
        <time>2026-08-31T22:01:23.893Z</time>
      </trkpt>
      <trkpt lat="42.281409" lon="2.015095">
        <ele>1357.5164883655787</ele>
        <time>2026-08-31T22:01:26.116Z</time>
      </trkpt>
      <trkpt lat="42.281358" lon="2.015042">
        <ele>1358.019632504322</ele>
        <time>2026-08-31T22:01:27.836Z</time>
      </trkpt>
      <trkpt lat="42.28134" lon="2.015008">
        <ele>1358.0112376346046</ele>
        <time>2026-08-31T22:01:28.657Z</time>
      </trkpt>
      <trkpt lat="42.281345" lon="2.014963">
        <ele>1355.9340819658098</ele>
        <time>2026-08-31T22:01:29.567Z</time>
      </trkpt>
      <trkpt lat="42.281403" lon="2.014992">
        <ele>1353.6912406031781</ele>
        <time>2026-08-31T22:01:31.239Z</time>
      </trkpt>
      <trkpt lat="42.281436" lon="2.015029">
        <ele>1353.7218930855888</ele>
        <time>2026-08-31T22:01:32.456Z</time>
      </trkpt>
      <trkpt lat="42.281468" lon="2.015031">
        <ele>1352.4226582274484</ele>
        <time>2026-08-31T22:01:33.352Z</time>
      </trkpt>
      <trkpt lat="42.281477" lon="2.015002">
        <ele>1350.7690359459257</ele>
        <time>2026-08-31T22:01:34.003Z</time>
      </trkpt>
      <trkpt lat="42.281473" lon="2.014978">
        <ele>1349.9068538385056</ele>
        <time>2026-08-31T22:01:34.513Z</time>
      </trkpt>
      <trkpt lat="42.281442" lon="2.014936">
        <ele>1349.9293896569093</ele>
        <time>2026-08-31T22:01:35.767Z</time>
      </trkpt>
      <trkpt lat="42.281397" lon="2.014902">
        <ele>1351.355773006744</ele>
        <time>2026-08-31T22:01:37.222Z</time>
      </trkpt>
      <trkpt lat="42.281373" lon="2.014861">
        <ele>1351.7525237512307</ele>
        <time>2026-08-31T22:01:38.286Z</time>
      </trkpt>
      <trkpt lat="42.28138" lon="2.014827">
        <ele>1350.6038014319042</ele>
        <time>2026-08-31T22:01:39.010Z</time>
      </trkpt>
      <trkpt lat="42.281416" lon="2.014839">
        <ele>1348.736662470634</ele>
        <time>2026-08-31T22:01:40.015Z</time>
      </trkpt>
      <trkpt lat="42.281473" lon="2.01491">
        <ele>1347.5792279345656</ele>
        <time>2026-08-31T22:01:42.098Z</time>
      </trkpt>
      <trkpt lat="42.281523" lon="2.014934">
        <ele>1346.4136304452813</ele>
        <time>2026-08-31T22:01:43.561Z</time>
      </trkpt>
      <trkpt lat="42.28155" lon="2.014909">
        <ele>1344.8731890935815</ele>
        <time>2026-08-31T22:01:44.463Z</time>
      </trkpt>
      <trkpt lat="42.281561" lon="2.014858">
        <ele>1342.8060969788357</ele>
        <time>2026-08-31T22:01:45.548Z</time>
      </trkpt>
      <trkpt lat="42.281531" lon="2.01479">
        <ele>1341.2467781157316</ele>
        <time>2026-08-31T22:01:47.180Z</time>
      </trkpt>
      <trkpt lat="42.281487" lon="2.014717">
        <ele>1340.8680332868735</ele>
        <time>2026-08-31T22:01:49.121Z</time>
      </trkpt>
      <trkpt lat="42.281466" lon="2.014661">
        <ele>1340.7439390248019</ele>
        <time>2026-08-31T22:01:50.381Z</time>
      </trkpt>
      <trkpt lat="42.281468" lon="2.01463">
        <ele>1339.752947733365</ele>
        <time>2026-08-31T22:01:50.999Z</time>
      </trkpt>
      <trkpt lat="42.28149" lon="2.01462">
        <ele>1337.910883352638</ele>
        <time>2026-08-31T22:01:51.624Z</time>
      </trkpt>
      <trkpt lat="42.281526" lon="2.014635">
        <ele>1336.777375629319</ele>
        <time>2026-08-31T22:01:52.647Z</time>
      </trkpt>
      <trkpt lat="42.281572" lon="2.014697">
        <ele>1337.207550003849</ele>
        <time>2026-08-31T22:01:54.403Z</time>
      </trkpt>
      <trkpt lat="42.281628" lon="2.014741">
        <ele>1336.9510646918534</ele>
        <time>2026-08-31T22:01:56.169Z</time>
      </trkpt>
      <trkpt lat="42.281721" lon="2.014734">
        <ele>1334.3109485573439</ele>
        <time>2026-08-31T22:01:58.735Z</time>
      </trkpt>
      <trkpt lat="42.281826" lon="2.014705">
        <ele>1331.7036249103842</ele>
        <time>2026-08-31T22:02:01.936Z</time>
      </trkpt>
      <trkpt lat="42.28193" lon="2.014615">
        <ele>1330.0319689185153</ele>
        <time>2026-08-31T22:02:05.635Z</time>
      </trkpt>
      <trkpt lat="42.282051" lon="2.014497">
        <ele>1329.8605263202903</ele>
        <time>2026-08-31T22:02:10.518Z</time>
      </trkpt>
      <trkpt lat="42.282127" lon="2.014403">
        <ele>1329.6469266897582</ele>
        <time>2026-08-31T22:02:13.893Z</time>
      </trkpt>
      <trkpt lat="42.282202" lon="2.014251">
        <ele>1328.892636584054</ele>
        <time>2026-08-31T22:02:18.610Z</time>
      </trkpt>
      <trkpt lat="42.282218" lon="2.014072">
        <ele>1326.9766123166783</ele>
        <time>2026-08-31T22:02:23.224Z</time>
      </trkpt>
      <trkpt lat="42.282214" lon="2.013979">
        <ele>1325.5440083158528</ele>
        <time>2026-08-31T22:02:25.352Z</time>
      </trkpt>
      <trkpt lat="42.282236" lon="2.013857">
        <ele>1324.5527331943772</ele>
        <time>2026-08-31T22:02:28.107Z</time>
      </trkpt>
      <trkpt lat="42.282283" lon="2.013677">
        <ele>1322.5271531934886</ele>
        <time>2026-08-31T22:02:32.174Z</time>
      </trkpt>
      <trkpt lat="42.282262" lon="2.013655">
        <ele>1321.2119839923287</ele>
        <time>2026-08-31T22:02:32.926Z</time>
      </trkpt>
      <trkpt lat="42.282221" lon="2.013677">
        <ele>1320.1906866174227</ele>
        <time>2026-08-31T22:02:34.178Z</time>
      </trkpt>
      <trkpt lat="42.28217" lon="2.013729">
        <ele>1319.537573058366</ele>
        <time>2026-08-31T22:02:35.991Z</time>
      </trkpt>
      <trkpt lat="42.282139" lon="2.013717">
        <ele>1318.036635489888</ele>
        <time>2026-08-31T22:02:36.906Z</time>
      </trkpt>
      <trkpt lat="42.282147" lon="2.013667">
        <ele>1317.0850531066708</ele>
        <time>2026-08-31T22:02:38.195Z</time>
      </trkpt>
      <trkpt lat="42.28217" lon="2.013595">
        <ele>1316.1528261876947</ele>
        <time>2026-08-31T22:02:40.171Z</time>
      </trkpt>
      <trkpt lat="42.282236" lon="2.013427">
        <ele>1314.3476217647092</ele>
        <time>2026-08-31T22:02:44.989Z</time>
      </trkpt>
      <trkpt lat="42.282299" lon="2.013384">
        <ele>1313.6655330243268</ele>
        <time>2026-08-31T22:02:47.536Z</time>
      </trkpt>
      <trkpt lat="42.282414" lon="2.013484">
        <ele>1317.492493162624</ele>
        <time>2026-08-31T22:02:52.760Z</time>
      </trkpt>
      <trkpt lat="42.282562" lon="2.013586">
        <ele>1319.3465904177322</ele>
        <time>2026-08-31T22:02:58.519Z</time>
      </trkpt>
      <trkpt lat="42.282629" lon="2.01357">
        <ele>1315.7640068144278</ele>
        <time>2026-08-31T22:03:00.488Z</time>
      </trkpt>
      <trkpt lat="42.282786" lon="2.013635">
        <ele>1310.4143315079295</ele>
        <time>2026-08-31T22:03:05.042Z</time>
      </trkpt>
      <trkpt lat="42.282875" lon="2.013654">
        <ele>1306.4987778246984</ele>
        <time>2026-08-31T22:03:07.415Z</time>
      </trkpt>
      <trkpt lat="42.282983" lon="2.013631">
        <ele>1301.572727316847</ele>
        <time>2026-08-31T22:03:10.291Z</time>
      </trkpt>
      <trkpt lat="42.283048" lon="2.013597">
        <ele>1297.6561597047537</ele>
        <time>2026-08-31T22:03:12.124Z</time>
      </trkpt>
      <trkpt lat="42.283049" lon="2.013542">
        <ele>1294.9368614285145</ele>
        <time>2026-08-31T22:03:13.191Z</time>
      </trkpt>
      <trkpt lat="42.282987" lon="2.013493">
        <ele>1294.1847439497972</ele>
        <time>2026-08-31T22:03:15.075Z</time>
      </trkpt>
      <trkpt lat="42.282849" lon="2.013432">
        <ele>1296.0763728627596</ele>
        <time>2026-08-31T22:03:18.888Z</time>
      </trkpt>
      <trkpt lat="42.28279" lon="2.013347">
        <ele>1293.4456966179678</ele>
        <time>2026-08-31T22:03:21.174Z</time>
      </trkpt>
      <trkpt lat="42.282782" lon="2.013253">
        <ele>1287.6686422828352</ele>
        <time>2026-08-31T22:03:23.077Z</time>
      </trkpt>
      <trkpt lat="42.282766" lon="2.01318">
        <ele>1286.1007557272237</ele>
        <time>2026-08-31T22:03:24.655Z</time>
      </trkpt>
      <trkpt lat="42.282746" lon="2.013086">
        <ele>1284.3917344707902</ele>
        <time>2026-08-31T22:03:26.853Z</time>
      </trkpt>
      <trkpt lat="42.282718" lon="2.012969">
        <ele>1283.5938149268538</ele>
        <time>2026-08-31T22:03:29.521Z</time>
      </trkpt>
      <trkpt lat="42.282691" lon="2.012938">
        <ele>1283.1685707359159</ele>
        <time>2026-08-31T22:03:30.489Z</time>
      </trkpt>
      <trkpt lat="42.282665" lon="2.012935">
        <ele>1283.0056731410684</ele>
        <time>2026-08-31T22:03:31.202Z</time>
      </trkpt>
      <trkpt lat="42.282608" lon="2.012938">
        <ele>1284.0058044898892</ele>
        <time>2026-08-31T22:03:32.761Z</time>
      </trkpt>
      <trkpt lat="42.282476" lon="2.012913">
        <ele>1283.586439708949</ele>
        <time>2026-08-31T22:03:36.501Z</time>
      </trkpt>
      <trkpt lat="42.282405" lon="2.012913">
        <ele>1281.422785286822</ele>
        <time>2026-08-31T22:03:38.970Z</time>
      </trkpt>
      <trkpt lat="42.282433" lon="2.012845">
        <ele>1280.4474280671852</ele>
        <time>2026-08-31T22:03:40.815Z</time>
      </trkpt>
      <trkpt lat="42.282428" lon="2.012786">
        <ele>1279.52701912611</ele>
        <time>2026-08-31T22:03:42.213Z</time>
      </trkpt>
      <trkpt lat="42.282373" lon="2.012679">
        <ele>1278.8343694326547</ele>
        <time>2026-08-31T22:03:45.109Z</time>
      </trkpt>
      <trkpt lat="42.28231" lon="2.012499">
        <ele>1278.646742341595</ele>
        <time>2026-08-31T22:03:49.318Z</time>
      </trkpt>
      <trkpt lat="42.282247" lon="2.012465">
        <ele>1274.9638593451455</ele>
        <time>2026-08-31T22:03:51.137Z</time>
      </trkpt>
      <trkpt lat="42.282205" lon="2.012398">
        <ele>1274.2834740533517</ele>
        <time>2026-08-31T22:03:52.885Z</time>
      </trkpt>
      <trkpt lat="42.282181" lon="2.012326">
        <ele>1271.6407345345747</ele>
        <time>2026-08-31T22:03:54.482Z</time>
      </trkpt>
      <trkpt lat="42.282067" lon="2.012207">
        <ele>1265.7588504905843</ele>
        <time>2026-08-31T22:03:58.421Z</time>
      </trkpt>
      <trkpt lat="42.281899" lon="2.011982">
        <ele>1262.7246540039218</ele>
        <time>2026-08-31T22:04:04.746Z</time>
      </trkpt>
      <trkpt lat="42.281819" lon="2.011889">
        <ele>1262.1655578288696</ele>
        <time>2026-08-31T22:04:07.833Z</time>
      </trkpt>
      <trkpt lat="42.281784" lon="2.011871">
        <ele>1261.229349389002</ele>
        <time>2026-08-31T22:04:09.123Z</time>
      </trkpt>
      <trkpt lat="42.281695" lon="2.011846">
        <ele>1261.0189823327582</ele>
        <time>2026-08-31T22:04:12.255Z</time>
      </trkpt>
      <trkpt lat="42.281612" lon="2.011805">
        <ele>1261.6125770590754</ele>
        <time>2026-08-31T22:04:15.490Z</time>
      </trkpt>
      <trkpt lat="42.28158" lon="2.011773">
        <ele>1262.072015842117</ele>
        <time>2026-08-31T22:04:17.055Z</time>
      </trkpt>
      <trkpt lat="42.281493" lon="2.011788">
        <ele>1260.4156000942487</ele>
        <time>2026-08-31T22:04:20.504Z</time>
      </trkpt>
      <trkpt lat="42.281446" lon="2.011774">
        <ele>1259.824794663169</ele>
        <time>2026-08-31T22:04:22.385Z</time>
      </trkpt>
      <trkpt lat="42.281393" lon="2.011795">
        <ele>1258.4863416554265</ele>
        <time>2026-08-31T22:04:24.544Z</time>
      </trkpt>
      <trkpt lat="42.281295" lon="2.011675">
        <ele>1258.6071889915356</ele>
        <time>2026-08-31T22:04:29.714Z</time>
      </trkpt>
      <trkpt lat="42.281098" lon="2.011325">
        <ele>1255.922984828776</ele>
        <time>2026-08-31T22:04:41.339Z</time>
      </trkpt>
      <trkpt lat="42.280993" lon="2.011149">
        <ele>1250.8902294992854</ele>
        <time>2026-08-31T22:04:46.374Z</time>
      </trkpt>
      <trkpt lat="42.280914" lon="2.011027">
        <ele>1249.4504273528034</ele>
        <time>2026-08-31T22:04:49.718Z</time>
      </trkpt>
      <trkpt lat="42.280867" lon="2.010928">
        <ele>1248.8594395403172</ele>
        <time>2026-08-31T22:04:52.144Z</time>
      </trkpt>
      <trkpt lat="42.280860000000004" lon="2.01093">
        <ele>1248.831945613458</ele>
        <time>2026-08-31T22:04:52.404Z</time>
      </trkpt>
      <trkpt lat="42.28079" lon="2.0103400000000002">
        <ele>1249.5345109047526</ele>
        <time>2026-08-31T22:05:08.525Z</time>
      </trkpt>
      <trkpt lat="42.280710000000006" lon="2.0099500000000003">
        <ele>1245.6354263532437</ele>
        <time>2026-08-31T22:05:21.271Z</time>
      </trkpt>
      <trkpt lat="42.280680000000004" lon="2.00923">
        <ele>1240.2570815558165</ele>
        <time>2026-08-31T22:05:38.507Z</time>
      </trkpt>
      <trkpt lat="42.28065" lon="2.0090500000000002">
        <ele>1238.586179444159</ele>
        <time>2026-08-31T22:05:44.385Z</time>
      </trkpt>
      <trkpt lat="42.28058" lon="2.0088000000000004">
        <ele>1242.1089929265693</ele>
        <time>2026-08-31T22:05:57.086Z</time>
      </trkpt>
      <trkpt lat="42.28061" lon="2.00837">
        <ele>1242.2267632907678</ele>
        <time>2026-08-31T22:06:15.972Z</time>
      </trkpt>
      <trkpt lat="42.280590000000004" lon="2.00815">
        <ele>1239.6728412700172</ele>
        <time>2026-08-31T22:06:22.135Z</time>
      </trkpt>
      <trkpt lat="42.28052" lon="2.00802">
        <ele>1239.1087778913193</ele>
        <time>2026-08-31T22:06:25.783Z</time>
      </trkpt>
      <trkpt lat="42.28043" lon="2.00793">
        <ele>1237.0810502906168</ele>
        <time>2026-08-31T22:06:29.216Z</time>
      </trkpt>
      <trkpt lat="42.279920000000004" lon="2.0075700000000003">
        <ele>1237.2257091974907</ele>
        <time>2026-08-31T22:06:52.748Z</time>
      </trkpt>
      <trkpt lat="42.279880000000006" lon="2.00746">
        <ele>1238.281568585913</ele>
        <time>2026-08-31T22:06:57.600Z</time>
      </trkpt>
      <trkpt lat="42.27987" lon="2.0073000000000003">
        <ele>1237.5188235859623</ele>
        <time>2026-08-31T22:07:04.189Z</time>
      </trkpt>
      <trkpt lat="42.279990000000005" lon="2.00688">
        <ele>1229.024483931634</ele>
        <time>2026-08-31T22:07:13.959Z</time>
      </trkpt>
      <trkpt lat="42.279990000000005" lon="2.00667">
        <ele>1226.5711816983642</ele>
        <time>2026-08-31T22:07:18.155Z</time>
      </trkpt>
      <trkpt lat="42.27982" lon="2.00585">
        <ele>1227.1496312616457</ele>
        <time>2026-08-31T22:07:47.567Z</time>
      </trkpt>
      <trkpt lat="42.27973" lon="2.00559">
        <ele>1225.6668634215303</ele>
        <time>2026-08-31T22:07:58.119Z</time>
      </trkpt>
      <trkpt lat="42.27955" lon="2.0052000000000003">
        <ele>1218.2033442023978</ele>
        <time>2026-08-31T22:08:08.039Z</time>
      </trkpt>
      <trkpt lat="42.27947" lon="2.0051200000000002">
        <ele>1217.097772944946</ele>
        <time>2026-08-31T22:08:11.027Z</time>
      </trkpt>
      <trkpt lat="42.279340000000005" lon="2.0051300000000003">
        <ele>1215.902980107024</ele>
        <time>2026-08-31T22:08:14.937Z</time>
      </trkpt>
      <trkpt lat="42.279160000000005" lon="2.00517">
        <ele>1215.177322410283</ele>
        <time>2026-08-31T22:08:21.018Z</time>
      </trkpt>
      <trkpt lat="42.27895" lon="2.00515">
        <ele>1211.8793244765457</ele>
        <time>2026-08-31T22:08:28.267Z</time>
      </trkpt>
      <trkpt lat="42.27875" lon="2.0051900000000002">
        <ele>1210.5877503820584</ele>
        <time>2026-08-31T22:08:35.307Z</time>
      </trkpt>
      <trkpt lat="42.27846" lon="2.0051900000000002">
        <ele>1208.5088795848978</ele>
        <time>2026-08-31T22:08:45.200Z</time>
      </trkpt>
      <trkpt lat="42.278330000000004" lon="2.0050600000000003">
        <ele>1206.8520303830974</ele>
        <time>2026-08-31T22:08:51.423Z</time>
      </trkpt>
      <trkpt lat="42.278270000000006" lon="2.00482">
        <ele>1206.5561274333827</ele>
        <time>2026-08-31T22:08:59.011Z</time>
      </trkpt>
      <trkpt lat="42.27823" lon="2.0047900000000003">
        <ele>1206.140215990768</ele>
        <time>2026-08-31T22:09:01.024Z</time>
      </trkpt>
      <trkpt lat="42.278150000000004" lon="2.0048500000000002">
        <ele>1206.435566910299</ele>
        <time>2026-08-31T22:09:05.051Z</time>
      </trkpt>
      <trkpt lat="42.27808" lon="2.00481">
        <ele>1205.487236935022</ele>
        <time>2026-08-31T22:09:08.318Z</time>
      </trkpt>
      <trkpt lat="42.277930000000005" lon="2.0048500000000002">
        <ele>1206.6278863027976</ele>
        <time>2026-08-31T22:09:13.933Z</time>
      </trkpt>
      <trkpt lat="42.27787" lon="2.0048000000000004">
        <ele>1205.676611650279</ele>
        <time>2026-08-31T22:09:16.766Z</time>
      </trkpt>
      <trkpt lat="42.27783" lon="2.00474">
        <ele>1204.0490295667778</ele>
        <time>2026-08-31T22:09:19.167Z</time>
      </trkpt>
      <trkpt lat="42.27781" lon="2.00462">
        <ele>1200.975118942856</ele>
        <time>2026-08-31T22:09:22.130Z</time>
      </trkpt>
      <trkpt lat="42.2777" lon="2.00449">
        <ele>1202.9254182533116</ele>
        <time>2026-08-31T22:09:26.777Z</time>
      </trkpt>
      <trkpt lat="42.277680000000004" lon="2.0044">
        <ele>1202.1154873182638</ele>
        <time>2026-08-31T22:09:28.749Z</time>
      </trkpt>
      <trkpt lat="42.277710000000006" lon="2.00427">
        <ele>1198.0919402419934</ele>
        <time>2026-08-31T22:09:31.646Z</time>
      </trkpt>
      <trkpt lat="42.27769000000001" lon="2.00416">
        <ele>1196.45650342721</ele>
        <time>2026-08-31T22:09:34.369Z</time>
      </trkpt>
      <trkpt lat="42.2777" lon="2.00402">
        <ele>1194.1642489456049</ele>
        <time>2026-08-31T22:09:38.396Z</time>
      </trkpt>
      <trkpt lat="42.277680000000004" lon="2.00389">
        <ele>1193.2254163919135</ele>
        <time>2026-08-31T22:09:41.707Z</time>
      </trkpt>
      <trkpt lat="42.27760000000001" lon="2.00382">
        <ele>1195.4115447881416</ele>
        <time>2026-08-31T22:09:45.260Z</time>
      </trkpt>
      <trkpt lat="42.27758" lon="2.00372">
        <ele>1196.0453606277133</ele>
        <time>2026-08-31T22:09:48.727Z</time>
      </trkpt>
      <trkpt lat="42.277590000000004" lon="2.0035800000000004">
        <ele>1195.72439172866</ele>
        <time>2026-08-31T22:09:53.320Z</time>
      </trkpt>
      <trkpt lat="42.27758" lon="2.00346">
        <ele>1196.6802158192356</ele>
        <time>2026-08-31T22:09:56.993Z</time>
      </trkpt>
      <trkpt lat="42.27752" lon="2.0033100000000004">
        <ele>1195.7271576441424</ele>
        <time>2026-08-31T22:10:02.331Z</time>
      </trkpt>
      <trkpt lat="42.277420000000006" lon="2.00321">
        <ele>1193.5518643917328</ele>
        <time>2026-08-31T22:10:06.495Z</time>
      </trkpt>
      <trkpt lat="42.27732" lon="2.00315">
        <ele>1190.0094799383617</ele>
        <time>2026-08-31T22:10:10.006Z</time>
      </trkpt>
      <trkpt lat="42.2772" lon="2.00313">
        <ele>1187.8762682593251</ele>
        <time>2026-08-31T22:10:13.769Z</time>
      </trkpt>
      <trkpt lat="42.277" lon="2.0030300000000003">
        <ele>1185.9698551353147</ele>
        <time>2026-08-31T22:10:20.499Z</time>
      </trkpt>
      <trkpt lat="42.276860000000006" lon="2.00299">
        <ele>1187.2381522433107</ele>
        <time>2026-08-31T22:10:25.539Z</time>
      </trkpt>
      <trkpt lat="42.27666000000001" lon="2.00278">
        <ele>1186.3050893558172</ele>
        <time>2026-08-31T22:10:35.801Z</time>
      </trkpt>
      <trkpt lat="42.27658" lon="2.0026300000000004">
        <ele>1183.879918594858</ele>
        <time>2026-08-31T22:10:43.019Z</time>
      </trkpt>
      <trkpt lat="42.2764" lon="2.00257">
        <ele>1186.1420136706365</ele>
        <time>2026-08-31T22:10:54.496Z</time>
      </trkpt>
      <trkpt lat="42.276270000000004" lon="2.0026">
        <ele>1190.3109065792178</ele>
        <time>2026-08-31T22:10:59.759Z</time>
      </trkpt>
      <trkpt lat="42.276140000000005" lon="2.0023500000000003">
        <ele>1182.4375901460612</ele>
        <time>2026-08-31T22:11:09.944Z</time>
      </trkpt>
      <trkpt lat="42.276030000000006" lon="2.00232">
        <ele>1182.426257667198</ele>
        <time>2026-08-31T22:11:13.256Z</time>
      </trkpt>
      <trkpt lat="42.27593" lon="2.00226">
        <ele>1181.487692012632</ele>
        <time>2026-08-31T22:11:16.175Z</time>
      </trkpt>
      <trkpt lat="42.27579" lon="2.00205">
        <ele>1174.4825622759606</ele>
        <time>2026-08-31T22:11:21.772Z</time>
      </trkpt>
      <trkpt lat="42.27572000000001" lon="2.00199">
        <ele>1171.8973420414316</ele>
        <time>2026-08-31T22:11:24.026Z</time>
      </trkpt>
      <trkpt lat="42.27562" lon="2.00196">
        <ele>1169.9157829156256</ele>
        <time>2026-08-31T22:11:26.750Z</time>
      </trkpt>
      <trkpt lat="42.27557" lon="2.00191">
        <ele>1168.5928159219034</ele>
        <time>2026-08-31T22:11:28.392Z</time>
      </trkpt>
      <trkpt lat="42.27548" lon="2.0018800000000003">
        <ele>1166.3845093801408</ele>
        <time>2026-08-31T22:11:30.880Z</time>
      </trkpt>
      <trkpt lat="42.27541" lon="2.00189">
        <ele>1164.4602782580077</ele>
        <time>2026-08-31T22:11:32.769Z</time>
      </trkpt>
      <trkpt lat="42.27535" lon="2.00193">
        <ele>1161.888600285679</ele>
        <time>2026-08-31T22:11:34.564Z</time>
      </trkpt>
      <trkpt lat="42.275330000000004" lon="2.0021600000000004">
        <ele>1159.177802603411</ele>
        <time>2026-08-31T22:11:39.190Z</time>
      </trkpt>
      <trkpt lat="42.275150000000004" lon="2.0026800000000002">
        <ele>1143.9540948450585</ele>
        <time>2026-08-31T22:11:50.380Z</time>
      </trkpt>
      <trkpt lat="42.27516000000001" lon="2.0029500000000002">
        <ele>1141.6388069486773</ele>
        <time>2026-08-31T22:11:55.646Z</time>
      </trkpt>
      <trkpt lat="42.27506" lon="2.00291">
        <ele>1137.12926132832</ele>
        <time>2026-08-31T22:11:58.459Z</time>
      </trkpt>
      <trkpt lat="42.274950000000004" lon="2.00333">
        <ele>1129.6258566838292</ele>
        <time>2026-08-31T22:12:07.245Z</time>
      </trkpt>
      <trkpt lat="42.274890000000006" lon="2.0033100000000004">
        <ele>1126.3978371631176</ele>
        <time>2026-08-31T22:12:08.899Z</time>
      </trkpt>
      <trkpt lat="42.27483" lon="2.00311">
        <ele>1124.0675844268462</ele>
        <time>2026-08-31T22:12:13.247Z</time>
      </trkpt>
      <trkpt lat="42.274750000000004" lon="2.0029500000000002">
        <ele>1122.4278811240642</ele>
        <time>2026-08-31T22:12:17.464Z</time>
      </trkpt>
      <trkpt lat="42.27459" lon="2.00279">
        <ele>1121.294322065377</ele>
        <time>2026-08-31T22:12:23.581Z</time>
      </trkpt>
      <trkpt lat="42.27449" lon="2.00251">
        <ele>1119.354929865046</ele>
        <time>2026-08-31T22:12:30.672Z</time>
      </trkpt>
      <trkpt lat="42.2744" lon="2.0024100000000002">
        <ele>1115.5854100763304</ele>
        <time>2026-08-31T22:12:33.922Z</time>
      </trkpt>
      <trkpt lat="42.274370000000005" lon="2.0023">
        <ele>1114.121735939854</ele>
        <time>2026-08-31T22:12:36.235Z</time>
      </trkpt>
      <trkpt lat="42.27425" lon="2.00223">
        <ele>1108.290084909549</ele>
        <time>2026-08-31T22:12:39.731Z</time>
      </trkpt>
      <trkpt lat="42.274190000000004" lon="2.00205">
        <ele>1103.478278482356</ele>
        <time>2026-08-31T22:12:43.639Z</time>
      </trkpt>
      <trkpt lat="42.27416" lon="2.0018700000000003">
        <ele>1100.7260752789243</ele>
        <time>2026-08-31T22:12:47.318Z</time>
      </trkpt>
      <trkpt lat="42.27418" lon="2.0016700000000003">
        <ele>1100.774886607025</ele>
        <time>2026-08-31T22:12:51.323Z</time>
      </trkpt>
      <trkpt lat="42.27418" lon="2.0011300000000003">
        <ele>1094.7901640344112</ele>
        <time>2026-08-31T22:13:02.819Z</time>
      </trkpt>
      <trkpt lat="42.2742" lon="2.00095">
        <ele>1095.7086934701108</ele>
        <time>2026-08-31T22:13:08.190Z</time>
      </trkpt>
      <trkpt lat="42.27423" lon="2.0008500000000002">
        <ele>1097.2753030299957</ele>
        <time>2026-08-31T22:13:13.980Z</time>
      </trkpt>
      <trkpt lat="42.274100000000004" lon="2.0003200000000003">
        <ele>1086.202092803091</ele>
        <time>2026-08-31T22:13:26.459Z</time>
      </trkpt>
      <trkpt lat="42.274100000000004" lon="2.0001700000000002">
        <ele>1082.8369783664816</ele>
        <time>2026-08-31T22:13:29.398Z</time>
      </trkpt>
      <trkpt lat="42.27402" lon="1.9997900000000002">
        <ele>1074.9868592020398</ele>
        <time>2026-08-31T22:13:37.420Z</time>
      </trkpt>
      <trkpt lat="42.273920000000004" lon="1.9996300000000002">
        <ele>1074.9179904823623</ele>
        <time>2026-08-31T22:13:41.897Z</time>
      </trkpt>
      <trkpt lat="42.27384000000001" lon="1.9995500000000002">
        <ele>1073.253794471012</ele>
        <time>2026-08-31T22:13:44.966Z</time>
      </trkpt>
      <trkpt lat="42.27373" lon="1.9995100000000001">
        <ele>1073.8737280138726</ele>
        <time>2026-08-31T22:13:49.626Z</time>
      </trkpt>
      <trkpt lat="42.27369" lon="1.9992900000000002">
        <ele>1072.226608115255</ele>
        <time>2026-08-31T22:13:58.019Z</time>
      </trkpt>
      <trkpt lat="42.273590000000006" lon="1.99906">
        <ele>1074.3202552535993</ele>
        <time>2026-08-31T22:14:07.845Z</time>
      </trkpt>
      <trkpt lat="42.27333" lon="1.99889">
        <ele>1085.4047114554533</ele>
        <time>2026-08-31T22:14:29.509Z</time>
      </trkpt>
      <trkpt lat="42.27328000000001" lon="1.9987300000000001">
        <ele>1085.6070735083772</ele>
        <time>2026-08-31T22:14:39.353Z</time>
      </trkpt>
      <trkpt lat="42.273270000000004" lon="1.99862">
        <ele>1083.7394596526372</ele>
        <time>2026-08-31T22:14:45.655Z</time>
      </trkpt>
      <trkpt lat="42.27311" lon="1.9983400000000002">
        <ele>1089.3678099839385</ele>
        <time>2026-08-31T22:15:03.678Z</time>
      </trkpt>
      <trkpt lat="42.27299" lon="1.99801">
        <ele>1091.6733133060677</ele>
        <time>2026-08-31T22:15:23.334Z</time>
      </trkpt>
      <trkpt lat="42.272870000000005" lon="1.99801">
        <ele>1093.9159514716316</ele>
        <time>2026-08-31T22:15:28.784Z</time>
      </trkpt>
      <trkpt lat="42.27299" lon="1.99771">
        <ele>1087.4615795716395</ele>
        <time>2026-08-31T22:15:38.515Z</time>
      </trkpt>
      <trkpt lat="42.273030000000006" lon="1.9975600000000002">
        <ele>1084.4539502715074</ele>
        <time>2026-08-31T22:15:42.001Z</time>
      </trkpt>
      <trkpt lat="42.27302" lon="1.9970400000000001">
        <ele>1079.0084358919808</ele>
        <time>2026-08-31T22:15:52.608Z</time>
      </trkpt>
      <trkpt lat="42.27304" lon="1.9967100000000002">
        <ele>1077.51933284694</ele>
        <time>2026-08-31T22:16:00.357Z</time>
      </trkpt>
      <trkpt lat="42.27313" lon="1.9966100000000002">
        <ele>1075.6027334156079</ele>
        <time>2026-08-31T22:16:04.341Z</time>
      </trkpt>
      <trkpt lat="42.273210000000006" lon="1.9961700000000002">
        <ele>1073.403709469686</ele>
        <time>2026-08-31T22:16:16.425Z</time>
      </trkpt>
      <trkpt lat="42.273430000000005" lon="1.9958600000000002">
        <ele>1067.0568120567207</ele>
        <time>2026-08-31T22:16:26.160Z</time>
      </trkpt>
      <trkpt lat="42.27346" lon="1.99561">
        <ele>1061.194198449208</ele>
        <time>2026-08-31T22:16:31.147Z</time>
      </trkpt>
      <trkpt lat="42.273500000000006" lon="1.9954900000000002">
        <ele>1057.9637047207978</ele>
        <time>2026-08-31T22:16:33.734Z</time>
      </trkpt>
      <trkpt lat="42.27355" lon="1.99506">
        <ele>1051.2117757518479</ele>
        <time>2026-08-31T22:16:42.258Z</time>
      </trkpt>
      <trkpt lat="42.27365" lon="1.9950400000000001">
        <ele>1047.5728096068067</ele>
        <time>2026-08-31T22:16:45.211Z</time>
      </trkpt>
      <trkpt lat="42.27378" lon="1.99493">
        <ele>1048.6479841764208</ele>
        <time>2026-08-31T22:16:49.958Z</time>
      </trkpt>
      <trkpt lat="42.2738" lon="1.99483">
        <ele>1049.693162750362</ele>
        <time>2026-08-31T22:16:54.231Z</time>
      </trkpt>
      <trkpt lat="42.273790000000005" lon="1.9943800000000003">
        <ele>1052.22419239837</ele>
        <time>2026-08-31T22:17:12.804Z</time>
      </trkpt>
      <trkpt lat="42.27391" lon="1.9936300000000002">
        <ele>1054.9488881723303</ele>
        <time>2026-08-31T22:17:50.184Z</time>
      </trkpt>
      <trkpt lat="42.27391" lon="1.99337">
        <ele>1055.94371698927</ele>
        <time>2026-08-31T22:18:03.189Z</time>
      </trkpt>
      <trkpt lat="42.27396" lon="1.9931200000000002">
        <ele>1059.3985812349877</ele>
        <time>2026-08-31T22:18:17.178Z</time>
      </trkpt>
      <trkpt lat="42.27394" lon="1.99279">
        <ele>1062.5761425196642</ele>
        <time>2026-08-31T22:18:34.439Z</time>
      </trkpt>
      <trkpt lat="42.273860000000006" lon="1.9926500000000003">
        <ele>1062.2678967746044</ele>
        <time>2026-08-31T22:18:43.407Z</time>
      </trkpt>
      <trkpt lat="42.27385" lon="1.99239">
        <ele>1063.6970526863709</ele>
        <time>2026-08-31T22:18:54.743Z</time>
      </trkpt>
      <trkpt lat="42.2738" lon="1.9923100000000002">
        <ele>1062.7756901378498</ele>
        <time>2026-08-31T22:18:58.458Z</time>
      </trkpt>
      <trkpt lat="42.273680000000006" lon="1.9922800000000003">
        <ele>1061.6215922717092</ele>
        <time>2026-08-31T22:19:03.993Z</time>
      </trkpt>
      <trkpt lat="42.273430000000005" lon="1.9922600000000001">
        <ele>1060.2665280021351</ele>
        <time>2026-08-31T22:19:15.162Z</time>
      </trkpt>
      <trkpt lat="42.27335" lon="1.99235">
        <ele>1060.0656570892365</ele>
        <time>2026-08-31T22:19:19.167Z</time>
      </trkpt>
      <trkpt lat="42.27335" lon="1.9922700000000002">
        <ele>1059.5797642258112</ele>
        <time>2026-08-31T22:19:20.847Z</time>
      </trkpt>
      <trkpt lat="42.27329" lon="1.9923000000000002">
        <ele>1059.428092344789</ele>
        <time>2026-08-31T22:19:22.663Z</time>
      </trkpt>
      <trkpt lat="42.273230000000005" lon="1.9923000000000002">
        <ele>1058.489534630815</ele>
        <time>2026-08-31T22:19:24.283Z</time>
      </trkpt>
      <trkpt lat="42.27329" lon="1.99201">
        <ele>1050.698948098319</ele>
        <time>2026-08-31T22:19:30.567Z</time>
      </trkpt>
      <trkpt lat="42.273250000000004" lon="1.9919900000000001">
        <ele>1047.8737062061946</ele>
        <time>2026-08-31T22:19:31.713Z</time>
      </trkpt>
      <trkpt lat="42.27313" lon="1.9921300000000002">
        <ele>1047.732693554033</ele>
        <time>2026-08-31T22:19:35.922Z</time>
      </trkpt>
      <trkpt lat="42.273070000000004" lon="1.9921700000000002">
        <ele>1047.4154792860322</ele>
        <time>2026-08-31T22:19:37.686Z</time>
      </trkpt>
      <trkpt lat="42.27309" lon="1.9920200000000001">
        <ele>1041.7509211110778</ele>
        <time>2026-08-31T22:19:40.672Z</time>
      </trkpt>
      <trkpt lat="42.273010000000006" lon="1.99198">
        <ele>1037.0783190092036</ele>
        <time>2026-08-31T22:19:42.939Z</time>
      </trkpt>
      <trkpt lat="42.27310000000001" lon="1.9917900000000002">
        <ele>1033.3953514879645</ele>
        <time>2026-08-31T22:19:47.422Z</time>
      </trkpt>
      <trkpt lat="42.27302" lon="1.9917300000000002">
        <ele>1031.892885018616</ele>
        <time>2026-08-31T22:19:49.935Z</time>
      </trkpt>
      <trkpt lat="42.27277" lon="1.99188">
        <ele>1031.716132234577</ele>
        <time>2026-08-31T22:19:57.914Z</time>
      </trkpt>
      <trkpt lat="42.272670000000005" lon="1.9918900000000002">
        <ele>1030.6908107848233</ele>
        <time>2026-08-31T22:20:03.309Z</time>
      </trkpt>
      <trkpt lat="42.272650000000006" lon="1.9917200000000002">
        <ele>1034.4929412138881</ele>
        <time>2026-08-31T22:20:10.857Z</time>
      </trkpt>
      <trkpt lat="42.2725" lon="1.9916900000000002">
        <ele>1033.906253402861</ele>
        <time>2026-08-31T22:20:19.075Z</time>
      </trkpt>
      <trkpt lat="42.272240000000004" lon="1.9916700000000003">
        <ele>1032.261358369411</ele>
        <time>2026-08-31T22:20:33.189Z</time>
      </trkpt>
      <trkpt lat="42.27201" lon="1.9916000000000003">
        <ele>1031.0354380787662</ele>
        <time>2026-08-31T22:20:42.750Z</time>
      </trkpt>
      <trkpt lat="42.27178000000001" lon="1.9914800000000001">
        <ele>1027.4135035377897</ele>
        <time>2026-08-31T22:20:50.998Z</time>
      </trkpt>
      <trkpt lat="42.271480000000004" lon="1.99127">
        <ele>1023.378407181053</ele>
        <time>2026-08-31T22:21:01.342Z</time>
      </trkpt>
      <trkpt lat="42.27107" lon="1.9907200000000003">
        <ele>1024.0499959822919</ele>
        <time>2026-08-31T22:21:26.690Z</time>
      </trkpt>
      <trkpt lat="42.27093000000001" lon="1.9907000000000001">
        <ele>1021.9775631504835</ele>
        <time>2026-08-31T22:21:33.040Z</time>
      </trkpt>
      <trkpt lat="42.27066000000001" lon="1.99052">
        <ele>1020.219874964419</ele>
        <time>2026-08-31T22:21:44.638Z</time>
      </trkpt>
      <trkpt lat="42.2706" lon="1.9903600000000001">
        <ele>1020.3329434408835</ele>
        <time>2026-08-31T22:21:49.751Z</time>
      </trkpt>
      <trkpt lat="42.270270000000004" lon="1.9902400000000002">
        <ele>1019.0072189149198</ele>
        <time>2026-08-31T22:22:04.633Z</time>
      </trkpt>
      <trkpt lat="42.27011" lon="1.9902300000000002">
        <ele>1018.2559765571227</ele>
        <time>2026-08-31T22:22:11.855Z</time>
      </trkpt>
      <trkpt lat="42.26991" lon="1.9901700000000002">
        <ele>1018.1375794392513</ele>
        <time>2026-08-31T22:22:20.739Z</time>
      </trkpt>
      <trkpt lat="42.26973" lon="1.9900300000000002">
        <ele>1016.7637882695661</ele>
        <time>2026-08-31T22:22:29.620Z</time>
      </trkpt>
      <trkpt lat="42.26955" lon="1.98984">
        <ele>1015.6339273370552</ele>
        <time>2026-08-31T22:22:39.663Z</time>
      </trkpt>
      <trkpt lat="42.269470000000005" lon="1.9896900000000002">
        <ele>1015.433393563463</ele>
        <time>2026-08-31T22:22:45.743Z</time>
      </trkpt>
      <trkpt lat="42.26943000000001" lon="1.9893">
        <ele>1015.190771507757</ele>
        <time>2026-08-31T22:22:59.429Z</time>
      </trkpt>
      <trkpt lat="42.26939" lon="1.98913">
        <ele>1014.983945219607</ele>
        <time>2026-08-31T22:23:05.812Z</time>
      </trkpt>
      <trkpt lat="42.26919" lon="1.9889200000000002">
        <ele>1014.2930598331486</ele>
        <time>2026-08-31T22:23:18.277Z</time>
      </trkpt>
      <trkpt lat="42.269090000000006" lon="1.9889400000000002">
        <ele>1014.4398751100307</ele>
        <time>2026-08-31T22:23:23.382Z</time>
      </trkpt>
      <trkpt lat="42.26885" lon="1.9891600000000003">
        <ele>1014.6290792346795</ele>
        <time>2026-08-31T22:23:38.146Z</time>
      </trkpt>
      <trkpt lat="42.26867" lon="1.9894">
        <ele>1013.0714453445073</ele>
        <time>2026-08-31T22:23:50.230Z</time>
      </trkpt>
      <trkpt lat="42.26852" lon="1.9896900000000002">
        <ele>1013.8008795362202</ele>
        <time>2026-08-31T22:24:00.793Z</time>
      </trkpt>
      <trkpt lat="42.26838" lon="1.9898500000000001">
        <ele>1010.825068031093</ele>
        <time>2026-08-31T22:24:08.330Z</time>
      </trkpt>
      <trkpt lat="42.268" lon="1.9900200000000001">
        <ele>1007.7105878714301</ele>
        <time>2026-08-31T22:24:23.839Z</time>
      </trkpt>
      <trkpt lat="42.267810000000004" lon="1.9900600000000002">
        <ele>1003.9858517248083</ele>
        <time>2026-08-31T22:24:30.333Z</time>
      </trkpt>
      <trkpt lat="42.26771" lon="1.9899700000000002">
        <ele>1003.7588759295891</ele>
        <time>2026-08-31T22:24:34.626Z</time>
      </trkpt>
      <trkpt lat="42.26758" lon="1.9899200000000001">
        <ele>1002.5353843958633</ele>
        <time>2026-08-31T22:24:39.456Z</time>
      </trkpt>
      <trkpt lat="42.26746000000001" lon="1.98984">
        <ele>1002.9087071104021</ele>
        <time>2026-08-31T22:24:44.237Z</time>
      </trkpt>
      <trkpt lat="42.26695" lon="1.9892900000000002">
        <ele>1000.4137045324823</ele>
        <time>2026-08-31T22:25:13.206Z</time>
      </trkpt>
      <trkpt lat="42.26677" lon="1.9891600000000003">
        <ele>998.133150837819</ele>
        <time>2026-08-31T22:25:21.774Z</time>
      </trkpt>
      <trkpt lat="42.26661" lon="1.9889700000000001">
        <ele>997.9895104414982</ele>
        <time>2026-08-31T22:25:30.225Z</time>
      </trkpt>
      <trkpt lat="42.26637" lon="1.9888400000000002">
        <ele>994.9137058759757</ele>
        <time>2026-08-31T22:25:40.266Z</time>
      </trkpt>
      <trkpt lat="42.26623" lon="1.98883">
        <ele>995.2837714325422</ele>
        <time>2026-08-31T22:25:45.980Z</time>
      </trkpt>
      <trkpt lat="42.26594" lon="1.9889700000000001">
        <ele>994.2944256285659</ele>
        <time>2026-08-31T22:25:58.531Z</time>
      </trkpt>
      <trkpt lat="42.26579" lon="1.98896">
        <ele>997.2435013356636</ele>
        <time>2026-08-31T22:26:06.851Z</time>
      </trkpt>
      <trkpt lat="42.265690000000006" lon="1.98903">
        <ele>995.5903617178792</ele>
        <time>2026-08-31T22:26:12.069Z</time>
      </trkpt>
      <trkpt lat="42.26552" lon="1.9891">
        <ele>996.130838871605</ele>
        <time>2026-08-31T22:26:20.303Z</time>
      </trkpt>
      <trkpt lat="42.265420000000006" lon="1.98923">
        <ele>992.8216366061015</ele>
        <time>2026-08-31T22:26:26.824Z</time>
      </trkpt>
      <trkpt lat="42.26521" lon="1.9892900000000002">
        <ele>992.5102082335097</ele>
        <time>2026-08-31T22:26:34.783Z</time>
      </trkpt>
      <trkpt lat="42.264950000000006" lon="1.9890200000000002">
        <ele>984.6394767513988</ele>
        <time>2026-08-31T22:26:44.127Z</time>
      </trkpt>
      <trkpt lat="42.26435" lon="1.9888000000000001">
        <ele>979.9438755962713</ele>
        <time>2026-08-31T22:27:03.102Z</time>
      </trkpt>
      <trkpt lat="42.264190000000006" lon="1.98883">
        <ele>979.416326789915</ele>
        <time>2026-08-31T22:27:09.259Z</time>
      </trkpt>
      <trkpt lat="42.26402" lon="1.98883">
        <ele>978.2420786284777</ele>
        <time>2026-08-31T22:27:14.511Z</time>
      </trkpt>
      <trkpt lat="42.2638" lon="1.98876">
        <ele>972.8445273829856</ele>
        <time>2026-08-31T22:27:21.494Z</time>
      </trkpt>
      <trkpt lat="42.26362" lon="1.98832">
        <ele>974.7693515182528</ele>
        <time>2026-08-31T22:27:36.098Z</time>
      </trkpt>
      <trkpt lat="42.263400000000004" lon="1.9880700000000002">
        <ele>967.8480310547427</ele>
        <time>2026-08-31T22:27:46.659Z</time>
      </trkpt>
      <trkpt lat="42.26332" lon="1.9878700000000002">
        <ele>969.0945882353169</ele>
        <time>2026-08-31T22:27:51.646Z</time>
      </trkpt>
      <trkpt lat="42.26315" lon="1.9877700000000003">
        <ele>965.4280994343239</ele>
        <time>2026-08-31T22:28:00.397Z</time>
      </trkpt>
      <trkpt lat="42.26305000000001" lon="1.9876600000000002">
        <ele>966.8073045770855</ele>
        <time>2026-08-31T22:28:08.278Z</time>
      </trkpt>
      <trkpt lat="42.262910000000005" lon="1.9874600000000002">
        <ele>970.5669929132268</ele>
        <time>2026-08-31T22:28:20.243Z</time>
      </trkpt>
      <trkpt lat="42.26265" lon="1.9873">
        <ele>968.3629462439096</ele>
        <time>2026-08-31T22:28:38.159Z</time>
      </trkpt>
      <trkpt lat="42.262550000000005" lon="1.9870200000000002">
        <ele>973.1789237248598</ele>
        <time>2026-08-31T22:28:52.730Z</time>
      </trkpt>
      <trkpt lat="42.262510000000006" lon="1.9865700000000002">
        <ele>971.4609887195516</ele>
        <time>2026-08-31T22:29:14.234Z</time>
      </trkpt>
      <trkpt lat="42.26256" lon="1.9863600000000001">
        <ele>972.3600088710803</ele>
        <time>2026-08-31T22:29:22.131Z</time>
      </trkpt>
      <trkpt lat="42.26254" lon="1.98591">
        <ele>967.0321711421195</ele>
        <time>2026-08-31T22:29:33.756Z</time>
      </trkpt>
      <trkpt lat="42.262350000000005" lon="1.9854500000000002">
        <ele>960.226558839089</ele>
        <time>2026-08-31T22:29:44.881Z</time>
      </trkpt>
      <trkpt lat="42.262370000000004" lon="1.9848800000000002">
        <ele>964.2427544796284</ele>
        <time>2026-08-31T22:30:03.626Z</time>
      </trkpt>
      <trkpt lat="42.26216" lon="1.9845300000000001">
        <ele>959.3656159041534</ele>
        <time>2026-08-31T22:30:20.144Z</time>
      </trkpt>
      <trkpt lat="42.261950000000006" lon="1.9837900000000002">
        <ele>956.8690616549961</ele>
        <time>2026-08-31T22:30:41.310Z</time>
      </trkpt>
      <trkpt lat="42.26153" lon="1.9832600000000002">
        <ele>948.8445834349085</ele>
        <time>2026-08-31T22:31:01.225Z</time>
      </trkpt>
      <trkpt lat="42.26165" lon="1.9830400000000001">
        <ele>951.3599442377626</ele>
        <time>2026-08-31T22:31:08.809Z</time>
      </trkpt>
      <trkpt lat="42.26178" lon="1.98242">
        <ele>951.7793168556474</ele>
        <time>2026-08-31T22:31:38.311Z</time>
      </trkpt>
      <trkpt lat="42.26183" lon="1.9820300000000002">
        <ele>949.7834034396114</ele>
        <time>2026-08-31T22:31:52.209Z</time>
      </trkpt>
      <trkpt lat="42.2618" lon="1.9812100000000001">
        <ele>954.8024059183552</ele>
        <time>2026-08-31T22:32:28.574Z</time>
      </trkpt>
      <trkpt lat="42.261720000000004" lon="1.9806300000000001">
        <ele>956.3125668429608</ele>
        <time>2026-08-31T22:32:57.175Z</time>
      </trkpt>
      <trkpt lat="42.26153" lon="1.9799600000000002">
        <ele>959.3571321164246</ele>
        <time>2026-08-31T22:33:30.434Z</time>
      </trkpt>
      <trkpt lat="42.26145" lon="1.9797900000000002">
        <ele>958.2832050072356</ele>
        <time>2026-08-31T22:33:39.208Z</time>
      </trkpt>
      <trkpt lat="42.26097" lon="1.9793500000000002">
        <ele>947.6246714763192</ele>
        <time>2026-08-31T22:33:55.935Z</time>
      </trkpt>
      <trkpt lat="42.26046" lon="1.9789400000000001">
        <ele>939.1554170496756</ele>
        <time>2026-08-31T22:34:12.991Z</time>
      </trkpt>
      <trkpt lat="42.2603" lon="1.9787500000000002">
        <ele>937.7622239730213</ele>
        <time>2026-08-31T22:34:19.660Z</time>
      </trkpt>
      <trkpt lat="42.260180000000005" lon="1.9783800000000002">
        <ele>935.2621566285138</ele>
        <time>2026-08-31T22:34:30.631Z</time>
      </trkpt>
      <trkpt lat="42.26008" lon="1.9781600000000001">
        <ele>934.9209914428529</ele>
        <time>2026-08-31T22:34:38.217Z</time>
      </trkpt>
      <trkpt lat="42.259890000000006" lon="1.9774500000000002">
        <ele>935.5601131112747</ele>
        <time>2026-08-31T22:35:07.906Z</time>
      </trkpt>
      <trkpt lat="42.25979" lon="1.9771100000000001">
        <ele>933.6775603111394</ele>
        <time>2026-08-31T22:35:21.093Z</time>
      </trkpt>
      <trkpt lat="42.259570000000004" lon="1.97659">
        <ele>932.7929302110833</ele>
        <time>2026-08-31T22:35:40.356Z</time>
      </trkpt>
      <trkpt lat="42.25943" lon="1.9765100000000002">
        <ele>930.8690648866913</ele>
        <time>2026-08-31T22:35:47.252Z</time>
      </trkpt>
      <trkpt lat="42.259330000000006" lon="1.97642">
        <ele>932.0940854498311</ele>
        <time>2026-08-31T22:35:52.451Z</time>
      </trkpt>
      <trkpt lat="42.25916" lon="1.9764000000000002">
        <ele>931.0380285313864</ele>
        <time>2026-08-31T22:36:01.268Z</time>
      </trkpt>
      <trkpt lat="42.25893000000001" lon="1.9762100000000002">
        <ele>932.6322306253278</ele>
        <time>2026-08-31T22:36:15.197Z</time>
      </trkpt>
      <trkpt lat="42.258660000000006" lon="1.9755700000000003">
        <ele>930.2840404540573</ele>
        <time>2026-08-31T22:36:41.328Z</time>
      </trkpt>
      <trkpt lat="42.25844" lon="1.9749100000000002">
        <ele>927.9501436194105</ele>
        <time>2026-08-31T22:37:04.106Z</time>
      </trkpt>
      <trkpt lat="42.258430000000004" lon="1.97483">
        <ele>928.2695896154337</ele>
        <time>2026-08-31T22:37:06.531Z</time>
      </trkpt>
      <trkpt lat="42.25845" lon="1.9746700000000001">
        <ele>928.411098571573</ele>
        <time>2026-08-31T22:37:11.911Z</time>
      </trkpt>
      <trkpt lat="42.258520000000004" lon="1.9745400000000002">
        <ele>927.5952475861043</ele>
        <time>2026-08-31T22:37:16.994Z</time>
      </trkpt>
      <trkpt lat="42.25847" lon="1.9744800000000002">
        <ele>925.3954435101983</ele>
        <time>2026-08-31T22:37:20.348Z</time>
      </trkpt>
      <trkpt lat="42.258370000000006" lon="1.97439">
        <ele>926.3748557024752</ele>
        <time>2026-08-31T22:37:26.375Z</time>
      </trkpt>
      <trkpt lat="42.258300000000006" lon="1.9744100000000002">
        <ele>925.590176848898</ele>
        <time>2026-08-31T22:37:29.859Z</time>
      </trkpt>
      <trkpt lat="42.258210000000005" lon="1.9743800000000002">
        <ele>927.3850175407163</ele>
        <time>2026-08-31T22:37:34.229Z</time>
      </trkpt>
      <trkpt lat="42.25773" lon="1.97385">
        <ele>933.3460414623269</ele>
        <time>2026-08-31T22:38:14.472Z</time>
      </trkpt>
      <trkpt lat="42.257490000000004" lon="1.97354">
        <ele>935.24130367253</ele>
        <time>2026-08-31T22:38:37.268Z</time>
      </trkpt>
      <trkpt lat="42.257380000000005" lon="1.9734600000000002">
        <ele>938.8430967362201</ele>
        <time>2026-08-31T22:38:45.457Z</time>
      </trkpt>
      <trkpt lat="42.257270000000005" lon="1.9734600000000002">
        <ele>938.778168297405</ele>
        <time>2026-08-31T22:38:52.759Z</time>
      </trkpt>
      <trkpt lat="42.25712" lon="1.97351">
        <ele>937.8795114318386</ele>
        <time>2026-08-31T22:39:04.609Z</time>
      </trkpt>
      <trkpt lat="42.257290000000005" lon="1.9733500000000002">
        <ele>944.5420392855888</ele>
        <time>2026-08-31T22:39:20.597Z</time>
      </trkpt>
      <trkpt lat="42.25724" lon="1.9732800000000001">
        <ele>948.0796361415933</ele>
        <time>2026-08-31T22:39:25.934Z</time>
      </trkpt>
      <trkpt lat="42.257130000000004" lon="1.9732900000000002">
        <ele>951.7410716024806</ele>
        <time>2026-08-31T22:39:33.812Z</time>
      </trkpt>
      <trkpt lat="42.25703" lon="1.9734200000000002">
        <ele>948.0518890027639</ele>
        <time>2026-08-31T22:39:44.151Z</time>
      </trkpt>
      <trkpt lat="42.256870000000006" lon="1.9734800000000001">
        <ele>947.7084385112461</ele>
        <time>2026-08-31T22:39:53.856Z</time>
      </trkpt>
      <trkpt lat="42.2567" lon="1.9735700000000003">
        <ele>946.36028011597</ele>
        <time>2026-08-31T22:40:00.401Z</time>
      </trkpt>
      <trkpt lat="42.25657" lon="1.9737200000000001">
        <ele>941.7938429880367</ele>
        <time>2026-08-31T22:40:05.384Z</time>
      </trkpt>
      <trkpt lat="42.256420000000006" lon="1.9738300000000002">
        <ele>937.498540825812</ele>
        <time>2026-08-31T22:40:10.118Z</time>
      </trkpt>
      <trkpt lat="42.256330000000005" lon="1.9738300000000002">
        <ele>935.9972759671315</ele>
        <time>2026-08-31T22:40:12.674Z</time>
      </trkpt>
      <trkpt lat="42.25620000000001" lon="1.9734800000000001">
        <ele>934.0255037130722</ele>
        <time>2026-08-31T22:40:20.906Z</time>
      </trkpt>
      <trkpt lat="42.25623" lon="1.97303">
        <ele>932.2875268963959</ele>
        <time>2026-08-31T22:40:33.183Z</time>
      </trkpt>
      <trkpt lat="42.256220000000006" lon="1.9728800000000002">
        <ele>931.2290544933365</ele>
        <time>2026-08-31T22:40:37.127Z</time>
      </trkpt>
      <trkpt lat="42.256170000000004" lon="1.9727700000000001">
        <ele>930.2898657048565</ele>
        <time>2026-08-31T22:40:40.398Z</time>
      </trkpt>
      <trkpt lat="42.25603" lon="1.9726700000000001">
        <ele>926.2643790723537</ele>
        <time>2026-08-31T22:40:46.316Z</time>
      </trkpt>
      <trkpt lat="42.25601" lon="1.9725800000000002">
        <ele>927.4774351655236</ele>
        <time>2026-08-31T22:40:49.095Z</time>
      </trkpt>
      <trkpt lat="42.255950000000006" lon="1.9725000000000001">
        <ele>926.0095638542549</ele>
        <time>2026-08-31T22:40:52.463Z</time>
      </trkpt>
      <trkpt lat="42.25591" lon="1.9723400000000002">
        <ele>927.6683575724006</ele>
        <time>2026-08-31T22:40:58.039Z</time>
      </trkpt>
      <trkpt lat="42.25582" lon="1.97219">
        <ele>927.8356453494871</ele>
        <time>2026-08-31T22:41:03.864Z</time>
      </trkpt>
      <trkpt lat="42.255680000000005" lon="1.97205">
        <ele>928.4005869314593</ele>
        <time>2026-08-31T22:41:13.786Z</time>
      </trkpt>
      <trkpt lat="42.255570000000006" lon="1.97202">
        <ele>925.7612149672274</ele>
        <time>2026-08-31T22:41:20.921Z</time>
      </trkpt>
      <trkpt lat="42.255480000000006" lon="1.9719200000000001">
        <ele>927.9581826832137</ele>
        <time>2026-08-31T22:41:28.007Z</time>
      </trkpt>
      <trkpt lat="42.2554" lon="1.9719000000000002">
        <ele>927.5991229482669</ele>
        <time>2026-08-31T22:41:33.348Z</time>
      </trkpt>
      <trkpt lat="42.25531" lon="1.9718400000000003">
        <ele>930.4414409845049</ele>
        <time>2026-08-31T22:41:40.093Z</time>
      </trkpt>
      <trkpt lat="42.25515" lon="1.9718400000000003">
        <ele>932.5573333178384</ele>
        <time>2026-08-31T22:41:51.389Z</time>
      </trkpt>
      <trkpt lat="42.254940000000005" lon="1.9718700000000002">
        <ele>936.025848887192</ele>
        <time>2026-08-31T22:42:07.179Z</time>
      </trkpt>
      <trkpt lat="42.25447500020664" lon="1.9721000017072323">
        <ele>939.7258457521245</ele>
        <time>2026-08-31T22:42:42.669Z</time>
      </trkpt>
      <trkpt lat="42.25401" lon="1.9723300000000001">
        <ele>949.9508343464054</ele>
        <time>2026-08-31T22:43:19.533Z</time>
      </trkpt>
      <trkpt lat="42.253800000000005" lon="1.9725300000000001">
        <ele>951.1793887655809</ele>
        <time>2026-08-31T22:43:38.836Z</time>
      </trkpt>
      <trkpt lat="42.25361" lon="1.97286">
        <ele>950.4995730194997</ele>
        <time>2026-08-31T22:43:55.691Z</time>
      </trkpt>
      <trkpt lat="42.25341" lon="1.97286">
        <ele>946.6129722182345</ele>
        <time>2026-08-31T22:44:01.556Z</time>
      </trkpt>
      <trkpt lat="42.253310000000006" lon="1.97276">
        <ele>941.5934607327354</ele>
        <time>2026-08-31T22:44:04.896Z</time>
      </trkpt>
      <trkpt lat="42.25320000000001" lon="1.9723500000000003">
        <ele>935.2942028817969</ele>
        <time>2026-08-31T22:44:13.563Z</time>
      </trkpt>
      <trkpt lat="42.25282000000001" lon="1.9720600000000001">
        <ele>925.6413487806848</ele>
        <time>2026-08-31T22:44:25.268Z</time>
      </trkpt>
      <trkpt lat="42.252700000000004" lon="1.9719900000000001">
        <ele>922.242603721626</ele>
        <time>2026-08-31T22:44:29.113Z</time>
      </trkpt>
      <trkpt lat="42.25255000000001" lon="1.9719900000000001">
        <ele>917.1628972686406</ele>
        <time>2026-08-31T22:44:34.542Z</time>
      </trkpt>
      <trkpt lat="42.25245" lon="1.9719400000000002">
        <ele>921.2401520693231</ele>
        <time>2026-08-31T22:44:39.575Z</time>
      </trkpt>
      <trkpt lat="42.2524" lon="1.97198">
        <ele>922.1037937927471</ele>
        <time>2026-08-31T22:44:42.254Z</time>
      </trkpt>
      <trkpt lat="42.252320000000005" lon="1.9721800000000003">
        <ele>924.3186926186916</ele>
        <time>2026-08-31T22:44:50.012Z</time>
      </trkpt>
      <trkpt lat="42.25231" lon="1.9724100000000002">
        <ele>923.5669512536309</ele>
        <time>2026-08-31T22:45:02.270Z</time>
      </trkpt>
      <trkpt lat="42.252250000000004" lon="1.9725800000000002">
        <ele>924.1855300872284</ele>
        <time>2026-08-31T22:45:10.229Z</time>
      </trkpt>
      <trkpt lat="42.252120000000005" lon="1.9728400000000001">
        <ele>922.863192214082</ele>
        <time>2026-08-31T22:45:20.564Z</time>
      </trkpt>
      <trkpt lat="42.25198" lon="1.9730600000000003">
        <ele>921.7601779403221</ele>
        <time>2026-08-31T22:45:30.259Z</time>
      </trkpt>
      <trkpt lat="42.25141" lon="1.9736300000000002">
        <ele>914.5860619504042</ele>
        <time>2026-08-31T22:45:55.558Z</time>
      </trkpt>
      <trkpt lat="42.2513" lon="1.9737000000000002">
        <ele>915.9950973268884</ele>
        <time>2026-08-31T22:46:00.193Z</time>
      </trkpt>
      <trkpt lat="42.251110000000004" lon="1.9739900000000001">
        <ele>914.2640753901022</ele>
        <time>2026-08-31T22:46:14.627Z</time>
      </trkpt>
      <trkpt lat="42.25092" lon="1.97432">
        <ele>912.5017966159176</ele>
        <time>2026-08-31T22:46:28.718Z</time>
      </trkpt>
      <trkpt lat="42.250690000000006" lon="1.9746200000000003">
        <ele>907.8842810417586</ele>
        <time>2026-08-31T22:46:39.381Z</time>
      </trkpt>
      <trkpt lat="42.25003" lon="1.9749500000000002">
        <ele>899.452279387229</ele>
        <time>2026-08-31T22:47:01.117Z</time>
      </trkpt>
      <trkpt lat="42.249770000000005" lon="1.9749800000000002">
        <ele>897.6489699829928</ele>
        <time>2026-08-31T22:47:09.500Z</time>
      </trkpt>
      <trkpt lat="42.249610000000004" lon="1.9749800000000002">
        <ele>895.1533234343729</ele>
        <time>2026-08-31T22:47:15.033Z</time>
      </trkpt>
      <trkpt lat="42.24954" lon="1.9749200000000002">
        <ele>894.858706251488</ele>
        <time>2026-08-31T22:47:17.899Z</time>
      </trkpt>
      <trkpt lat="42.249100000000006" lon="1.9741400000000002">
        <ele>891.6987285700562</ele>
        <time>2026-08-31T22:47:46.276Z</time>
      </trkpt>
      <trkpt lat="42.248960000000004" lon="1.9739900000000001">
        <ele>891.8507116722086</ele>
        <time>2026-08-31T22:47:54.122Z</time>
      </trkpt>
      <trkpt lat="42.248780000000004" lon="1.97398">
        <ele>890.8915711173855</ele>
        <time>2026-08-31T22:48:02.587Z</time>
      </trkpt>
      <trkpt lat="42.2485" lon="1.9739400000000002">
        <ele>888.2721659824441</ele>
        <time>2026-08-31T22:48:13.596Z</time>
      </trkpt>
      <trkpt lat="42.24835" lon="1.9739300000000002">
        <ele>886.84715366903</ele>
        <time>2026-08-31T22:48:19.386Z</time>
      </trkpt>
      <trkpt lat="42.248310000000004" lon="1.9739600000000002">
        <ele>885.8850450395718</ele>
        <time>2026-08-31T22:48:21.150Z</time>
      </trkpt>
      <trkpt lat="42.24817" lon="1.9738700000000002">
        <ele>886.8117790152286</ele>
        <time>2026-08-31T22:48:27.796Z</time>
      </trkpt>
      <trkpt lat="42.24763" lon="1.9737600000000002">
        <ele>887.265269057679</ele>
        <time>2026-08-31T22:48:54.869Z</time>
      </trkpt>
      <trkpt lat="42.247460000000004" lon="1.9737900000000002">
        <ele>887.642841996431</ele>
        <time>2026-08-31T22:49:03.192Z</time>
      </trkpt>
      <trkpt lat="42.247260000000004" lon="1.9738900000000001">
        <ele>885.35425752783</ele>
        <time>2026-08-31T22:49:11.618Z</time>
      </trkpt>
      <trkpt lat="42.24718" lon="1.9739000000000002">
        <ele>884.5192382010737</ele>
        <time>2026-08-31T22:49:14.233Z</time>
      </trkpt>
      <trkpt lat="42.246840000000006" lon="1.9738700000000002">
        <ele>878.4909186688674</ele>
        <time>2026-08-31T22:49:24.361Z</time>
      </trkpt>
      <trkpt lat="42.24665" lon="1.97395">
        <ele>873.0640533305799</ele>
        <time>2026-08-31T22:49:29.964Z</time>
      </trkpt>
      <trkpt lat="42.24653" lon="1.97395">
        <ele>871.0014458606727</ele>
        <time>2026-08-31T22:49:33.581Z</time>
      </trkpt>
      <trkpt lat="42.246410000000004" lon="1.9739000000000002">
        <ele>869.9818810609628</ele>
        <time>2026-08-31T22:49:37.366Z</time>
      </trkpt>
      <trkpt lat="42.246230000000004" lon="1.9738600000000002">
        <ele>869.8546879309229</ele>
        <time>2026-08-31T22:49:42.864Z</time>
      </trkpt>
      <trkpt lat="42.24557" lon="1.9743400000000002">
        <ele>860.7978321781156</ele>
        <time>2026-08-31T22:50:07.637Z</time>
      </trkpt>
      <trkpt lat="42.245569" lon="1.974347">
        <ele>860.6964314408258</ele>
        <time>2026-08-31T22:50:07.813Z</time>
      </trkpt>
      <trkpt lat="42.245455" lon="1.974329">
        <ele>859.5924035891342</ele>
        <time>2026-08-31T22:50:12.437Z</time>
      </trkpt>
      <trkpt lat="42.245401" lon="1.974303">
        <ele>859.2404085133631</ele>
        <time>2026-08-31T22:50:14.746Z</time>
      </trkpt>
      <trkpt lat="42.245281" lon="1.974193">
        <ele>859.0314730065616</ele>
        <time>2026-08-31T22:50:20.588Z</time>
      </trkpt>
      <trkpt lat="42.244973" lon="1.97386">
        <ele>856.5751416269968</ele>
        <time>2026-08-31T22:50:36.185Z</time>
      </trkpt>
      <trkpt lat="42.244871" lon="1.973664">
        <ele>856.0594828022827</ele>
        <time>2026-08-31T22:50:44.000Z</time>
      </trkpt>
      <trkpt lat="42.244824" lon="1.9735">
        <ele>856.5153467581863</ele>
        <time>2026-08-31T22:50:50.463Z</time>
      </trkpt>
      <trkpt lat="42.244797" lon="1.973222">
        <ele>857.2196609574166</ele>
        <time>2026-08-31T22:51:00.768Z</time>
      </trkpt>
      <trkpt lat="42.244791" lon="1.973188">
        <ele>857.0184512668659</ele>
        <time>2026-08-31T22:51:02.096Z</time>
      </trkpt>
      <trkpt lat="42.244762" lon="1.973128">
        <ele>856.3697999535351</ele>
        <time>2026-08-31T22:51:04.820Z</time>
      </trkpt>
      <trkpt lat="42.244737" lon="1.973122">
        <ele>855.9001356084265</ele>
        <time>2026-08-31T22:51:05.794Z</time>
      </trkpt>
      <trkpt lat="42.244343" lon="1.973136">
        <ele>850.5793358548483</ele>
        <time>2026-08-31T22:51:20.921Z</time>
      </trkpt>
      <trkpt lat="42.244311" lon="1.973428">
        <ele>848.558943639668</ele>
        <time>2026-08-31T22:51:27.347Z</time>
      </trkpt>
      <trkpt lat="42.244281" lon="1.973591">
        <ele>845.8463611725036</ele>
        <time>2026-08-31T22:51:31.199Z</time>
      </trkpt>
      <trkpt lat="42.244197" lon="1.973668">
        <ele>843.4360687945941</ele>
        <time>2026-08-31T22:51:34.253Z</time>
      </trkpt>
      <trkpt lat="42.244102" lon="1.973636">
        <ele>843.7342786961167</ele>
        <time>2026-08-31T22:51:37.198Z</time>
      </trkpt>
      <trkpt lat="42.24404" lon="1.973812">
        <ele>841.0628351482992</ele>
        <time>2026-08-31T22:51:41.563Z</time>
      </trkpt>
      <trkpt lat="42.243994" lon="1.974113">
        <ele>839.0925094268656</ele>
        <time>2026-08-31T22:51:49.416Z</time>
      </trkpt>
      <trkpt lat="42.243978" lon="1.974292">
        <ele>839.3852906842757</ele>
        <time>2026-08-31T22:51:54.105Z</time>
      </trkpt>
      <trkpt lat="42.243858" lon="1.974321">
        <ele>838.8478344857075</ele>
        <time>2026-08-31T22:51:58.846Z</time>
      </trkpt>
      <trkpt lat="42.243762" lon="1.974341">
        <ele>837.4338946164961</ele>
        <time>2026-08-31T22:52:04.098Z</time>
      </trkpt>
      <trkpt lat="42.243803" lon="1.974783">
        <ele>839.6372945721516</ele>
        <time>2026-08-31T22:52:21.929Z</time>
      </trkpt>
      <trkpt lat="42.243762" lon="1.974341">
        <ele>837.4338946164961</ele>
        <time>2026-08-31T22:52:39.143Z</time>
      </trkpt>
      <trkpt lat="42.243858" lon="1.974321">
        <ele>838.8478344857075</ele>
        <time>2026-08-31T22:52:44.031Z</time>
      </trkpt>
      <trkpt lat="42.243978" lon="1.974292">
        <ele>839.3852906842757</ele>
        <time>2026-08-31T22:52:50.166Z</time>
      </trkpt>
      <trkpt lat="42.243994" lon="1.974113">
        <ele>839.0925094268656</ele>
        <time>2026-08-31T22:52:58.909Z</time>
      </trkpt>
      <trkpt lat="42.24404" lon="1.973812">
        <ele>841.0628351482992</ele>
        <time>2026-08-31T22:53:14.669Z</time>
      </trkpt>
      <trkpt lat="42.244102" lon="1.973636">
        <ele>843.7342786961167</ele>
        <time>2026-08-31T22:53:24.752Z</time>
      </trkpt>
      <trkpt lat="42.244197" lon="1.973668">
        <ele>843.4360687945941</ele>
        <time>2026-08-31T22:53:32.011Z</time>
      </trkpt>
      <trkpt lat="42.244281" lon="1.973591">
        <ele>845.8463611725036</ele>
        <time>2026-08-31T22:53:39.555Z</time>
      </trkpt>
      <trkpt lat="42.244311" lon="1.973428">
        <ele>848.558943639668</ele>
        <time>2026-08-31T22:53:48.795Z</time>
      </trkpt>
      <trkpt lat="42.244343" lon="1.973136">
        <ele>850.5793358548483</ele>
        <time>2026-08-31T22:54:04.837Z</time>
      </trkpt>
      <trkpt lat="42.244737" lon="1.973122">
        <ele>855.9001356084265</ele>
        <time>2026-08-31T22:54:34.394Z</time>
      </trkpt>
      <trkpt lat="42.244762" lon="1.973128">
        <ele>856.3697999535351</ele>
        <time>2026-08-31T22:54:36.072Z</time>
      </trkpt>
      <trkpt lat="42.244791" lon="1.973188">
        <ele>857.0184512668659</ele>
        <time>2026-08-31T22:54:39.579Z</time>
      </trkpt>
      <trkpt lat="42.244824" lon="1.9735">
        <ele>856.5153467581863</ele>
        <time>2026-08-31T22:54:51.988Z</time>
      </trkpt>
      <trkpt lat="42.24487" lon="1.97366">
        <ele>856.0843986820068</ele>
        <time>2026-08-31T22:54:58.885Z</time>
      </trkpt>
      <trkpt lat="42.244870000000006" lon="1.9736600000000002">
        <ele>856.0843986822119</ele>
        <time>2026-08-31T22:54:58.885Z</time>
      </trkpt>
      <trkpt lat="42.24481" lon="1.9734600000000002">
        <ele>856.4323146787128</ele>
        <time>2026-08-31T22:55:07.748Z</time>
      </trkpt>
      <trkpt lat="42.24479" lon="1.9732200000000002">
        <ele>856.9923284303138</ele>
        <time>2026-08-31T22:55:18.753Z</time>
      </trkpt>
      <trkpt lat="42.24486" lon="1.9728800000000002">
        <ele>859.5465771692042</ele>
        <time>2026-08-31T22:55:35.643Z</time>
      </trkpt>
      <trkpt lat="42.244960000000006" lon="1.9721400000000002">
        <ele>864.0419580348732</ele>
        <time>2026-08-31T22:56:13.369Z</time>
      </trkpt>
      <trkpt lat="42.24499" lon="1.97168">
        <ele>865.3246602418712</ele>
        <time>2026-08-31T22:56:36.877Z</time>
      </trkpt>
      <trkpt lat="42.24503000000001" lon="1.9716200000000002">
        <ele>867.5337209011873</ele>
        <time>2026-08-31T22:56:41.150Z</time>
      </trkpt>
      <trkpt lat="42.24519" lon="1.9715000000000003">
        <ele>873.1963341600614</ele>
        <time>2026-08-31T22:56:54.232Z</time>
      </trkpt>
      <trkpt lat="42.245270000000005" lon="1.9713900000000002">
        <ele>873.3233778207539</ele>
        <time>2026-08-31T22:57:02.842Z</time>
      </trkpt>
      <trkpt lat="42.245250000000006" lon="1.9712800000000001">
        <ele>872.29337679149</ele>
        <time>2026-08-31T22:57:09.166Z</time>
      </trkpt>
      <trkpt lat="42.245020000000004" lon="1.9708800000000002">
        <ele>871.8969278807049</ele>
        <time>2026-08-31T22:57:34.803Z</time>
      </trkpt>
      <trkpt lat="42.244980000000005" lon="1.9705200000000003">
        <ele>874.5429839716419</ele>
        <time>2026-08-31T22:57:51.539Z</time>
      </trkpt>
      <trkpt lat="42.245000000000005" lon="1.97029">
        <ele>875.9176047544672</ele>
        <time>2026-08-31T22:58:01.277Z</time>
      </trkpt>
      <trkpt lat="42.244960000000006" lon="1.97015">
        <ele>874.0093994750358</ele>
        <time>2026-08-31T22:58:07.587Z</time>
      </trkpt>
      <trkpt lat="42.244890000000005" lon="1.9699900000000001">
        <ele>873.2645963764229</ele>
        <time>2026-08-31T22:58:12.923Z</time>
      </trkpt>
      <trkpt lat="42.24468" lon="1.9697400000000003">
        <ele>870.1213526120853</ele>
        <time>2026-08-31T22:58:25.392Z</time>
      </trkpt>
      <trkpt lat="42.24465" lon="1.9696200000000001">
        <ele>871.9939633561927</ele>
        <time>2026-08-31T22:58:29.066Z</time>
      </trkpt>
      <trkpt lat="42.244670000000006" lon="1.96954">
        <ele>871.6668800901762</ele>
        <time>2026-08-31T22:58:31.388Z</time>
      </trkpt>
      <trkpt lat="42.24474" lon="1.9694300000000002">
        <ele>870.7428223871701</ele>
        <time>2026-08-31T22:58:35.377Z</time>
      </trkpt>
      <trkpt lat="42.244820000000004" lon="1.9692800000000001">
        <ele>869.0323074318276</ele>
        <time>2026-08-31T22:58:40.723Z</time>
      </trkpt>
      <trkpt lat="42.24484" lon="1.9691100000000001">
        <ele>867.359722985195</ele>
        <time>2026-08-31T22:58:45.596Z</time>
      </trkpt>
      <trkpt lat="42.244820000000004" lon="1.9689100000000002">
        <ele>865.9521979068012</ele>
        <time>2026-08-31T22:58:50.775Z</time>
      </trkpt>
      <trkpt lat="42.24477" lon="1.9688">
        <ele>864.9935993194276</ele>
        <time>2026-08-31T22:58:54.443Z</time>
      </trkpt>
      <trkpt lat="42.244670000000006" lon="1.9687100000000002">
        <ele>864.7603176988803</ele>
        <time>2026-08-31T22:58:59.343Z</time>
      </trkpt>
      <trkpt lat="42.24459" lon="1.96859">
        <ele>865.8405416596049</ele>
        <time>2026-08-31T22:59:05.732Z</time>
      </trkpt>
      <trkpt lat="42.24439" lon="1.9684800000000002">
        <ele>867.7311557151618</ele>
        <time>2026-08-31T22:59:18.192Z</time>
      </trkpt>
      <trkpt lat="42.244260000000004" lon="1.9683800000000002">
        <ele>867.9368443188441</ele>
        <time>2026-08-31T22:59:28.201Z</time>
      </trkpt>
      <trkpt lat="42.244200000000006" lon="1.9683100000000002">
        <ele>867.8080989267403</ele>
        <time>2026-08-31T22:59:33.910Z</time>
      </trkpt>
      <trkpt lat="42.244130000000006" lon="1.9681600000000001">
        <ele>869.6933814502555</ele>
        <time>2026-08-31T22:59:43.475Z</time>
      </trkpt>
      <trkpt lat="42.24391000000001" lon="1.9680700000000002">
        <ele>874.7506645350092</ele>
        <time>2026-08-31T23:00:00.417Z</time>
      </trkpt>
      <trkpt lat="42.243860000000005" lon="1.96798">
        <ele>876.484298474439</ele>
        <time>2026-08-31T23:00:06.330Z</time>
      </trkpt>
      <trkpt lat="42.243750000000006" lon="1.9676500000000001">
        <ele>875.925274163944</ele>
        <time>2026-08-31T23:00:25.712Z</time>
      </trkpt>
      <trkpt lat="42.24372" lon="1.967">
        <ele>869.4127086815388</ele>
        <time>2026-08-31T23:00:44.338Z</time>
      </trkpt>
      <trkpt lat="42.24391000000001" lon="1.9668400000000001">
        <ele>871.2845176012318</ele>
        <time>2026-08-31T23:00:52.924Z</time>
      </trkpt>
      <trkpt lat="42.244130000000006" lon="1.9665400000000002">
        <ele>874.2576855676937</ele>
        <time>2026-08-31T23:01:14.433Z</time>
      </trkpt>
      <trkpt lat="42.24414" lon="1.9664500000000003">
        <ele>874.4607691527465</ele>
        <time>2026-08-31T23:01:19.068Z</time>
      </trkpt>
      <trkpt lat="42.24457" lon="1.9659300000000002">
        <ele>876.8465412669755</ele>
        <time>2026-08-31T23:01:56.421Z</time>
      </trkpt>
      <trkpt lat="42.24459" lon="1.9658300000000002">
        <ele>875.9892043775945</ele>
        <time>2026-08-31T23:02:00.838Z</time>
      </trkpt>
      <trkpt lat="42.244600000000005" lon="1.9652200000000002">
        <ele>875.7831086746997</ele>
        <time>2026-08-31T23:02:22.305Z</time>
      </trkpt>
      <trkpt lat="42.244640000000004" lon="1.9651600000000002">
        <ele>875.8961502118253</ele>
        <time>2026-08-31T23:02:25.321Z</time>
      </trkpt>
      <trkpt lat="42.24474" lon="1.96507">
        <ele>876.9271686093642</ele>
        <time>2026-08-31T23:02:31.273Z</time>
      </trkpt>
      <trkpt lat="42.244780000000006" lon="1.965">
        <ele>876.4253045289952</ele>
        <time>2026-08-31T23:02:34.516Z</time>
      </trkpt>
      <trkpt lat="42.244780000000006" lon="1.9648900000000002">
        <ele>875.4114519812165</ele>
        <time>2026-08-31T23:02:38.907Z</time>
      </trkpt>
      <trkpt lat="42.24447000000001" lon="1.9646500000000002">
        <ele>876.2883515271665</ele>
        <time>2026-08-31T23:02:58.177Z</time>
      </trkpt>
      <trkpt lat="42.24438000000001" lon="1.9646200000000003">
        <ele>877.1020924159429</ele>
        <time>2026-08-31T23:03:02.579Z</time>
      </trkpt>
      <trkpt lat="42.24407" lon="1.96466">
        <ele>874.7155041962144</ele>
        <time>2026-08-31T23:03:16.422Z</time>
      </trkpt>
      <trkpt lat="42.24400000000001" lon="1.96463">
        <ele>874.6631874712464</ele>
        <time>2026-08-31T23:03:20.663Z</time>
      </trkpt>
      <trkpt lat="42.24391000000001" lon="1.96456">
        <ele>874.8985283612112</ele>
        <time>2026-08-31T23:03:26.463Z</time>
      </trkpt>
      <trkpt lat="42.243880000000004" lon="1.9644800000000002">
        <ele>876.0546170430225</ele>
        <time>2026-08-31T23:03:31.089Z</time>
      </trkpt>
      <trkpt lat="42.24391000000001" lon="1.9642800000000002">
        <ele>878.2094541832151</ele>
        <time>2026-08-31T23:03:41.617Z</time>
      </trkpt>
      <trkpt lat="42.243990000000004" lon="1.9641400000000002">
        <ele>879.4569195351035</ele>
        <time>2026-08-31T23:03:50.653Z</time>
      </trkpt>
      <trkpt lat="42.24419" lon="1.9639600000000002">
        <ele>881.2353279702855</ele>
        <time>2026-08-31T23:04:07.889Z</time>
      </trkpt>
      <trkpt lat="42.24438000000001" lon="1.96375">
        <ele>882.0031837247269</ele>
        <time>2026-08-31T23:04:23.461Z</time>
      </trkpt>
      <trkpt lat="42.24443" lon="1.9636700000000002">
        <ele>881.87572496075</ele>
        <time>2026-08-31T23:04:27.795Z</time>
      </trkpt>
      <trkpt lat="42.24448" lon="1.96358">
        <ele>882.1888166056439</ele>
        <time>2026-08-31T23:04:32.817Z</time>
      </trkpt>
      <trkpt lat="42.244490000000006" lon="1.9634800000000001">
        <ele>881.7129384790067</ele>
        <time>2026-08-31T23:04:37.537Z</time>
      </trkpt>
      <trkpt lat="42.24447000000001" lon="1.96334">
        <ele>882.170659420928</ele>
        <time>2026-08-31T23:04:44.372Z</time>
      </trkpt>
      <trkpt lat="42.24438000000001" lon="1.9632100000000001">
        <ele>883.7945684606975</ele>
        <time>2026-08-31T23:04:52.905Z</time>
      </trkpt>
      <trkpt lat="42.244310000000006" lon="1.9632">
        <ele>885.1722753835098</ele>
        <time>2026-08-31T23:04:56.911Z</time>
      </trkpt>
      <trkpt lat="42.24405" lon="1.9633600000000002">
        <ele>884.3524079077965</ele>
        <time>2026-08-31T23:05:13.048Z</time>
      </trkpt>
      <trkpt lat="42.24398" lon="1.96337">
        <ele>883.5481072767525</ele>
        <time>2026-08-31T23:05:16.704Z</time>
      </trkpt>
      <trkpt lat="42.24387" lon="1.9633300000000002">
        <ele>883.0516310861982</ele>
        <time>2026-08-31T23:05:22.621Z</time>
      </trkpt>
      <trkpt lat="42.243790000000004" lon="1.96327">
        <ele>882.9494387359935</ele>
        <time>2026-08-31T23:05:28.335Z</time>
      </trkpt>
      <trkpt lat="42.24372" lon="1.9631800000000001">
        <ele>883.7164454904769</ele>
        <time>2026-08-31T23:05:34.369Z</time>
      </trkpt>
      <trkpt lat="42.243590000000005" lon="1.9629">
        <ele>887.1986597314478</ele>
        <time>2026-08-31T23:05:49.684Z</time>
      </trkpt>
      <trkpt lat="42.24354" lon="1.9627100000000002">
        <ele>887.9455519698752</ele>
        <time>2026-08-31T23:05:58.724Z</time>
      </trkpt>
      <trkpt lat="42.24353000000001" lon="1.9626000000000001">
        <ele>887.1107463333734</ele>
        <time>2026-08-31T23:06:03.424Z</time>
      </trkpt>
      <trkpt lat="42.24356" lon="1.9624800000000002">
        <ele>885.8500312283659</ele>
        <time>2026-08-31T23:06:07.450Z</time>
      </trkpt>
      <trkpt lat="42.243660000000006" lon="1.9623100000000002">
        <ele>885.9567463888158</ele>
        <time>2026-08-31T23:06:14.214Z</time>
      </trkpt>
      <trkpt lat="42.24367" lon="1.9622400000000002">
        <ele>885.4368674781165</ele>
        <time>2026-08-31T23:06:16.213Z</time>
      </trkpt>
      <trkpt lat="42.243640000000006" lon="1.9621400000000002">
        <ele>884.6496983873164</ele>
        <time>2026-08-31T23:06:19.239Z</time>
      </trkpt>
      <trkpt lat="42.24353000000001" lon="1.9620000000000002">
        <ele>883.6978869461786</ele>
        <time>2026-08-31T23:06:25.094Z</time>
      </trkpt>
      <trkpt lat="42.24329" lon="1.96154">
        <ele>887.1729642951283</ele>
        <time>2026-08-31T23:06:48.334Z</time>
      </trkpt>
      <trkpt lat="42.24298" lon="1.96076">
        <ele>894.2818398634699</ele>
        <time>2026-08-31T23:07:34.697Z</time>
      </trkpt>
      <trkpt lat="42.242920000000005" lon="1.9606700000000001">
        <ele>894.7450664926564</ele>
        <time>2026-08-31T23:07:41.069Z</time>
      </trkpt>
      <trkpt lat="42.24288000000001" lon="1.9601600000000001">
        <ele>894.2984056865071</ele>
        <time>2026-08-31T23:08:00.919Z</time>
      </trkpt>
      <trkpt lat="42.242830000000005" lon="1.9599900000000001">
        <ele>894.565019397377</ele>
        <time>2026-08-31T23:08:08.588Z</time>
      </trkpt>
      <trkpt lat="42.24268" lon="1.9596600000000002">
        <ele>896.2745488974215</ele>
        <time>2026-08-31T23:08:26.529Z</time>
      </trkpt>
      <trkpt lat="42.24259000000001" lon="1.95941">
        <ele>899.0564613710975</ele>
        <time>2026-08-31T23:08:40.342Z</time>
      </trkpt>
      <trkpt lat="42.24257" lon="1.9592600000000002">
        <ele>899.6518547647427</ele>
        <time>2026-08-31T23:08:48.414Z</time>
      </trkpt>
      <trkpt lat="42.24266" lon="1.9582000000000002">
        <ele>899.4689470799493</ele>
        <time>2026-08-31T23:09:34.872Z</time>
      </trkpt>
      <trkpt lat="42.242700000000006" lon="1.95809">
        <ele>898.7806479827137</ele>
        <time>2026-08-31T23:09:38.751Z</time>
      </trkpt>
      <trkpt lat="42.242830000000005" lon="1.9580000000000002">
        <ele>898.9572456891899</ele>
        <time>2026-08-31T23:09:42.790Z</time>
      </trkpt>
      <trkpt lat="42.242850000000004" lon="1.9578600000000002">
        <ele>894.8851382125173</ele>
        <time>2026-08-31T23:09:45.708Z</time>
      </trkpt>
      <trkpt lat="42.242830000000005" lon="1.9577000000000002">
        <ele>890.5025850601372</ele>
        <time>2026-08-31T23:09:49.435Z</time>
      </trkpt>
      <trkpt lat="42.24291" lon="1.9573000000000003">
        <ele>889.7972154721458</ele>
        <time>2026-08-31T23:09:58.891Z</time>
      </trkpt>
      <trkpt lat="42.24295" lon="1.9572200000000002">
        <ele>889.1647303120391</ele>
        <time>2026-08-31T23:10:01.331Z</time>
      </trkpt>
      <trkpt lat="42.24307" lon="1.9571100000000001">
        <ele>888.7932025435073</ele>
        <time>2026-08-31T23:10:07.765Z</time>
      </trkpt>
      <trkpt lat="42.243320000000004" lon="1.95707">
        <ele>887.8356474387542</ele>
        <time>2026-08-31T23:10:15.141Z</time>
      </trkpt>
      <trkpt lat="42.243430000000004" lon="1.9569600000000003">
        <ele>880.6167751760416</ele>
        <time>2026-08-31T23:10:19.193Z</time>
      </trkpt>
      <trkpt lat="42.24356" lon="1.9569800000000002">
        <ele>879.5834084041289</ele>
        <time>2026-08-31T23:10:23.013Z</time>
      </trkpt>
      <trkpt lat="42.24362" lon="1.95693">
        <ele>876.994987785357</ele>
        <time>2026-08-31T23:10:25.213Z</time>
      </trkpt>
      <trkpt lat="42.24365" lon="1.9568">
        <ele>876.9391631075305</ele>
        <time>2026-08-31T23:10:28.359Z</time>
      </trkpt>
      <trkpt lat="42.24362" lon="1.9567100000000002">
        <ele>877.0566032669425</ele>
        <time>2026-08-31T23:10:30.920Z</time>
      </trkpt>
      <trkpt lat="42.24363" lon="1.9564800000000002">
        <ele>879.4118558861602</ele>
        <time>2026-08-31T23:10:39.673Z</time>
      </trkpt>
      <trkpt lat="42.2436" lon="1.9562500000000003">
        <ele>880.3483591330656</ele>
        <time>2026-08-31T23:10:49.223Z</time>
      </trkpt>
      <trkpt lat="42.243300000000005" lon="1.95598">
        <ele>886.1017953768999</ele>
        <time>2026-08-31T23:11:15.434Z</time>
      </trkpt>
      <trkpt lat="42.243190000000006" lon="1.95575">
        <ele>894.9769780261428</ele>
        <time>2026-08-31T23:11:31.133Z</time>
      </trkpt>
      <trkpt lat="42.243100000000005" lon="1.95568">
        <ele>895.5379219131497</ele>
        <time>2026-08-31T23:11:39.192Z</time>
      </trkpt>
      <trkpt lat="42.24284" lon="1.9557300000000002">
        <ele>899.7171243390748</ele>
        <time>2026-08-31T23:11:59.572Z</time>
      </trkpt>
      <trkpt lat="42.2426" lon="1.95571">
        <ele>894.2638581298486</ele>
        <time>2026-08-31T23:12:11.463Z</time>
      </trkpt>
      <trkpt lat="42.242090000000005" lon="1.9554600000000002">
        <ele>890.6020010970235</ele>
        <time>2026-08-31T23:12:28.730Z</time>
      </trkpt>
      <trkpt lat="42.24195" lon="1.9554900000000002">
        <ele>888.4898717761463</ele>
        <time>2026-08-31T23:12:33.760Z</time>
      </trkpt>
      <trkpt lat="42.241550000000004" lon="1.95527">
        <ele>882.5456340173948</ele>
        <time>2026-08-31T23:12:46.701Z</time>
      </trkpt>
      <trkpt lat="42.24092" lon="1.9552200000000002">
        <ele>877.5958895006879</ele>
        <time>2026-08-31T23:13:07.674Z</time>
      </trkpt>
      <trkpt lat="42.240640000000006" lon="1.9547200000000002">
        <ele>874.5819765080474</ele>
        <time>2026-08-31T23:13:24.945Z</time>
      </trkpt>
      <trkpt lat="42.240590000000005" lon="1.9545100000000002">
        <ele>874.9617874804204</ele>
        <time>2026-08-31T23:13:32.935Z</time>
      </trkpt>
      <trkpt lat="42.24049" lon="1.95426">
        <ele>876.42161716822</ele>
        <time>2026-08-31T23:13:46.200Z</time>
      </trkpt>
      <trkpt lat="42.240260000000006" lon="1.9539300000000002">
        <ele>872.4325929030733</ele>
        <time>2026-08-31T23:14:01.386Z</time>
      </trkpt>
      <trkpt lat="42.24004" lon="1.9535700000000003">
        <ele>864.7562639370472</ele>
        <time>2026-08-31T23:14:11.287Z</time>
      </trkpt>
      <trkpt lat="42.24002" lon="1.9534600000000002">
        <ele>863.7971042964256</ele>
        <time>2026-08-31T23:14:13.592Z</time>
      </trkpt>
      <trkpt lat="42.23988000000001" lon="1.9531500000000002">
        <ele>858.475081824914</ele>
        <time>2026-08-31T23:14:20.983Z</time>
      </trkpt>
      <trkpt lat="42.239740000000005" lon="1.9527500000000002">
        <ele>851.896695613585</ele>
        <time>2026-08-31T23:14:30.084Z</time>
      </trkpt>
      <trkpt lat="42.23959000000001" lon="1.9525800000000002">
        <ele>846.9001985037264</ele>
        <time>2026-08-31T23:14:35.360Z</time>
      </trkpt>
      <trkpt lat="42.23950000000001" lon="1.9525500000000002">
        <ele>843.4561791331711</ele>
        <time>2026-08-31T23:14:37.938Z</time>
      </trkpt>
      <trkpt lat="42.23953" lon="1.95246">
        <ele>841.4887375879689</ele>
        <time>2026-08-31T23:14:39.970Z</time>
      </trkpt>
      <trkpt lat="42.23957" lon="1.9524100000000002">
        <ele>841.494869078241</ele>
        <time>2026-08-31T23:14:41.560Z</time>
      </trkpt>
      <trkpt lat="42.23964" lon="1.9523800000000002">
        <ele>841.256242822093</ele>
        <time>2026-08-31T23:14:43.703Z</time>
      </trkpt>
      <trkpt lat="42.239720000000005" lon="1.9523800000000002">
        <ele>841.1917433389676</ele>
        <time>2026-08-31T23:14:45.947Z</time>
      </trkpt>
      <trkpt lat="42.23988000000001" lon="1.9524800000000002">
        <ele>840.4261473362866</ele>
        <time>2026-08-31T23:14:50.943Z</time>
      </trkpt>
      <trkpt lat="42.24004" lon="1.9524100000000002">
        <ele>833.9447770588604</ele>
        <time>2026-08-31T23:14:56.101Z</time>
      </trkpt>
      <trkpt lat="42.240080000000006" lon="1.9523700000000002">
        <ele>833.6422357381635</ele>
        <time>2026-08-31T23:14:57.537Z</time>
      </trkpt>
      <trkpt lat="42.240480000000005" lon="1.9521100000000002">
        <ele>844.1145737045547</ele>
        <time>2026-08-31T23:15:24.228Z</time>
      </trkpt>
      <trkpt lat="42.24049" lon="1.9517900000000001">
        <ele>847.4504927538954</ele>
        <time>2026-08-31T23:15:42.480Z</time>
      </trkpt>
      <trkpt lat="42.240610000000004" lon="1.9510900000000002">
        <ele>858.2476205627217</ele>
        <time>2026-08-31T23:16:23.149Z</time>
      </trkpt>
      <trkpt lat="42.24074" lon="1.9508100000000002">
        <ele>857.7570333617894</ele>
        <time>2026-08-31T23:16:41.232Z</time>
      </trkpt>
      <trkpt lat="42.240950000000005" lon="1.95019">
        <ele>852.1824940300597</ele>
        <time>2026-08-31T23:16:59.390Z</time>
      </trkpt>
      <trkpt lat="42.241020000000006" lon="1.94975">
        <ele>849.0854479038447</ele>
        <time>2026-08-31T23:17:10.426Z</time>
      </trkpt>
      <trkpt lat="42.241060000000004" lon="1.9493800000000001">
        <ele>844.914327733833</ele>
        <time>2026-08-31T23:17:19.168Z</time>
      </trkpt>
      <trkpt lat="42.241060000000004" lon="1.94897">
        <ele>838.8505574979765</ele>
        <time>2026-08-31T23:17:27.727Z</time>
      </trkpt>
      <trkpt lat="42.2411" lon="1.9487600000000003">
        <ele>836.0524067949517</ele>
        <time>2026-08-31T23:17:32.277Z</time>
      </trkpt>
      <trkpt lat="42.241170000000004" lon="1.9486100000000002">
        <ele>834.6451370165018</ele>
        <time>2026-08-31T23:17:36.340Z</time>
      </trkpt>
      <trkpt lat="42.24132" lon="1.9485400000000002">
        <ele>835.0877961603005</ele>
        <time>2026-08-31T23:17:41.170Z</time>
      </trkpt>
      <trkpt lat="42.24139" lon="1.94846">
        <ele>832.9687841760273</ele>
        <time>2026-08-31T23:17:44.302Z</time>
      </trkpt>
      <trkpt lat="42.24139" lon="1.9484100000000002">
        <ele>831.5159303270823</ele>
        <time>2026-08-31T23:17:45.566Z</time>
      </trkpt>
      <trkpt lat="42.241350000000004" lon="1.94832">
        <ele>830.0787916985923</ele>
        <time>2026-08-31T23:17:48.140Z</time>
      </trkpt>
      <trkpt lat="42.24121" lon="1.94822">
        <ele>829.8625795570937</ele>
        <time>2026-08-31T23:17:53.398Z</time>
      </trkpt>
      <trkpt lat="42.24101" lon="1.9481400000000002">
        <ele>827.1217271433088</ele>
        <time>2026-08-31T23:17:59.668Z</time>
      </trkpt>
      <trkpt lat="42.240730000000006" lon="1.9479100000000003">
        <ele>826.6249667321442</ele>
        <time>2026-08-31T23:18:12.369Z</time>
      </trkpt>
      <trkpt lat="42.240570000000005" lon="1.9476000000000002">
        <ele>826.9802384226494</ele>
        <time>2026-08-31T23:18:26.967Z</time>
      </trkpt>
      <trkpt lat="42.24053000000001" lon="1.94738">
        <ele>827.1152217346338</ele>
        <time>2026-08-31T23:18:36.567Z</time>
      </trkpt>
      <trkpt lat="42.24054" lon="1.9473000000000003">
        <ele>827.2973012444256</ele>
        <time>2026-08-31T23:18:40.247Z</time>
      </trkpt>
      <trkpt lat="42.2406" lon="1.9472200000000002">
        <ele>827.887121455358</ele>
        <time>2026-08-31T23:18:45.630Z</time>
      </trkpt>
      <trkpt lat="42.24063" lon="1.9470900000000002">
        <ele>828.1325309560154</ele>
        <time>2026-08-31T23:18:52.241Z</time>
      </trkpt>
      <trkpt lat="42.240730000000006" lon="1.9468900000000002">
        <ele>830.1401577097429</ele>
        <time>2026-08-31T23:19:04.105Z</time>
      </trkpt>
      <trkpt lat="42.240750000000006" lon="1.9467700000000001">
        <ele>831.2812322458194</ele>
        <time>2026-08-31T23:19:10.434Z</time>
      </trkpt>
      <trkpt lat="42.24074" lon="1.94666">
        <ele>832.1682467414449</ele>
        <time>2026-08-31T23:19:16.216Z</time>
      </trkpt>
      <trkpt lat="42.240640000000006" lon="1.9464100000000002">
        <ele>834.2818392558404</ele>
        <time>2026-08-31T23:19:31.601Z</time>
      </trkpt>
      <trkpt lat="42.24056" lon="1.9461400000000002">
        <ele>837.6809015958028</ele>
        <time>2026-08-31T23:19:47.211Z</time>
      </trkpt>
      <trkpt lat="42.240500000000004" lon="1.9460600000000001">
        <ele>838.5453070404601</ele>
        <time>2026-08-31T23:19:53.323Z</time>
      </trkpt>
      <trkpt lat="42.24042" lon="1.94602">
        <ele>839.0255766658883</ele>
        <time>2026-08-31T23:19:59.546Z</time>
      </trkpt>
      <trkpt lat="42.2402" lon="1.9458300000000002">
        <ele>842.0746538094033</ele>
        <time>2026-08-31T23:20:18.907Z</time>
      </trkpt>
      <trkpt lat="42.24016" lon="1.94561">
        <ele>845.3562216737594</ele>
        <time>2026-08-31T23:20:31.060Z</time>
      </trkpt>
      <trkpt lat="42.240170000000006" lon="1.9455500000000001">
        <ele>845.5531062076873</ele>
        <time>2026-08-31T23:20:34.382Z</time>
      </trkpt>
      <trkpt lat="42.240230000000004" lon="1.9454700000000003">
        <ele>846.0718893100922</ele>
        <time>2026-08-31T23:20:40.547Z</time>
      </trkpt>
      <trkpt lat="42.24043" lon="1.9452500000000001">
        <ele>848.8911234355392</ele>
        <time>2026-08-31T23:20:58.480Z</time>
      </trkpt>
      <trkpt lat="42.24049" lon="1.9450200000000002">
        <ele>848.6199309364018</ele>
        <time>2026-08-31T23:21:08.809Z</time>
      </trkpt>
      <trkpt lat="42.24049" lon="1.94473">
        <ele>847.0496063635294</ele>
        <time>2026-08-31T23:21:20.766Z</time>
      </trkpt>
      <trkpt lat="42.240460000000006" lon="1.94419">
        <ele>846.7968869069257</ele>
        <time>2026-08-31T23:21:39.263Z</time>
      </trkpt>
      <trkpt lat="42.24031" lon="1.9434300000000002">
        <ele>851.796479402676</ele>
        <time>2026-08-31T23:22:15.873Z</time>
      </trkpt>
      <trkpt lat="42.240750000000006" lon="1.9424800000000002">
        <ele>861.216288002711</ele>
        <time>2026-08-31T23:23:14.881Z</time>
      </trkpt>
      <trkpt lat="42.2408" lon="1.9424000000000001">
        <ele>861.3878176889018</ele>
        <time>2026-08-31T23:23:20.367Z</time>
      </trkpt>
      <trkpt lat="42.24094" lon="1.9423000000000001">
        <ele>862.7271521138545</ele>
        <time>2026-08-31T23:23:30.950Z</time>
      </trkpt>
      <trkpt lat="42.241020000000006" lon="1.9423000000000001">
        <ele>863.2558411698434</ele>
        <time>2026-08-31T23:23:36.557Z</time>
      </trkpt>
      <trkpt lat="42.24109000000001" lon="1.9423800000000002">
        <ele>864.0631207456753</ele>
        <time>2026-08-31T23:23:42.862Z</time>
      </trkpt>
      <trkpt lat="42.241130000000005" lon="1.9424700000000001">
        <ele>864.6344040683596</ele>
        <time>2026-08-31T23:23:48.205Z</time>
      </trkpt>
      <trkpt lat="42.24116" lon="1.9427">
        <ele>867.3607529343537</ele>
        <time>2026-08-31T23:24:00.259Z</time>
      </trkpt>
      <trkpt lat="42.241200000000006" lon="1.9428">
        <ele>867.3991820187872</ele>
        <time>2026-08-31T23:24:03.766Z</time>
      </trkpt>
      <trkpt lat="42.24143" lon="1.9429">
        <ele>859.1731675659305</ele>
        <time>2026-08-31T23:24:14.621Z</time>
      </trkpt>
      <trkpt lat="42.24157" lon="1.9430300000000003">
        <ele>860.5880870557056</ele>
        <time>2026-08-31T23:24:20.425Z</time>
      </trkpt>
      <trkpt lat="42.24165" lon="1.94307">
        <ele>861.503052291598</ele>
        <time>2026-08-31T23:24:23.007Z</time>
      </trkpt>
      <trkpt lat="42.241730000000004" lon="1.9430600000000002">
        <ele>861.1132025275109</ele>
        <time>2026-08-31T23:24:25.829Z</time>
      </trkpt>
      <trkpt lat="42.241800000000005" lon="1.9430100000000001">
        <ele>860.3647418566616</ele>
        <time>2026-08-31T23:24:28.611Z</time>
      </trkpt>
      <trkpt lat="42.24186" lon="1.9428200000000002">
        <ele>856.4007285687351</ele>
        <time>2026-08-31T23:24:33.144Z</time>
      </trkpt>
      <trkpt lat="42.24186" lon="1.9427">
        <ele>853.4646336834141</ele>
        <time>2026-08-31T23:24:35.580Z</time>
      </trkpt>
      <trkpt lat="42.24175" lon="1.94249">
        <ele>846.8436263395236</ele>
        <time>2026-08-31T23:24:40.664Z</time>
      </trkpt>
      <trkpt lat="42.241890000000005" lon="1.9420300000000001">
        <ele>837.5242241954912</ele>
        <time>2026-08-31T23:24:50.386Z</time>
      </trkpt>
      <trkpt lat="42.24194000000001" lon="1.9419400000000002">
        <ele>836.8022347004957</ele>
        <time>2026-08-31T23:24:52.688Z</time>
      </trkpt>
      <trkpt lat="42.24201" lon="1.9418700000000002">
        <ele>836.2363116681663</ele>
        <time>2026-08-31T23:24:55.082Z</time>
      </trkpt>
      <trkpt lat="42.242270000000005" lon="1.9418700000000002">
        <ele>831.3388124137601</ele>
        <time>2026-08-31T23:25:02.129Z</time>
      </trkpt>
      <trkpt lat="42.24232000000001" lon="1.9417900000000001">
        <ele>827.3555421738864</ele>
        <time>2026-08-31T23:25:04.540Z</time>
      </trkpt>
      <trkpt lat="42.2423" lon="1.94168">
        <ele>824.5963507260187</ele>
        <time>2026-08-31T23:25:07.121Z</time>
      </trkpt>
      <trkpt lat="42.24224" lon="1.9415300000000002">
        <ele>823.6632103026286</ele>
        <time>2026-08-31T23:25:10.931Z</time>
      </trkpt>
      <trkpt lat="42.24224" lon="1.9413600000000002">
        <ele>827.0067269396653</ele>
        <time>2026-08-31T23:25:15.082Z</time>
      </trkpt>
      <trkpt lat="42.242290000000004" lon="1.9408600000000003">
        <ele>827.8712444892149</ele>
        <time>2026-08-31T23:25:30.906Z</time>
      </trkpt>
      <trkpt lat="42.242340000000006" lon="1.9405900000000003">
        <ele>829.0266578924511</ele>
        <time>2026-08-31T23:25:42.549Z</time>
      </trkpt>
      <trkpt lat="42.2423" lon="1.9405200000000002">
        <ele>828.3568857837754</ele>
        <time>2026-08-31T23:25:45.881Z</time>
      </trkpt>
      <trkpt lat="42.242290000000004" lon="1.94043">
        <ele>828.3260586912681</ele>
        <time>2026-08-31T23:25:49.095Z</time>
      </trkpt>
      <trkpt lat="42.24231" lon="1.94012">
        <ele>828.0579245611145</ele>
        <time>2026-08-31T23:26:00.085Z</time>
      </trkpt>
      <trkpt lat="42.242290000000004" lon="1.94005">
        <ele>827.5273682833239</ele>
        <time>2026-08-31T23:26:02.367Z</time>
      </trkpt>
      <trkpt lat="42.24222" lon="1.9400000000000002">
        <ele>826.5104373826597</ele>
        <time>2026-08-31T23:26:05.620Z</time>
      </trkpt>
      <trkpt lat="42.24159" lon="1.9401800000000002">
        <ele>817.4094798307451</ele>
        <time>2026-08-31T23:26:27.076Z</time>
      </trkpt>
      <trkpt lat="42.241290000965904" lon="1.9396899975446875">
        <ele>815.2787769571773</ele>
        <time>2026-08-31T23:26:42.811Z</time>
      </trkpt>
      <trkpt lat="42.240990000000004" lon="1.9392000000000003">
        <ele>818.5271518947361</ele>
        <time>2026-08-31T23:27:08.690Z</time>
      </trkpt>
      <trkpt lat="42.240860000000005" lon="1.9388900000000002">
        <ele>818.0852715054681</ele>
        <time>2026-08-31T23:27:24.735Z</time>
      </trkpt>
      <trkpt lat="42.24078" lon="1.9386400000000001">
        <ele>816.2845596079384</ele>
        <time>2026-08-31T23:27:37.273Z</time>
      </trkpt>
      <trkpt lat="42.24078" lon="1.9384100000000002">
        <ele>821.3751256109771</ele>
        <time>2026-08-31T23:27:49.446Z</time>
      </trkpt>
      <trkpt lat="42.240880000000004" lon="1.93826">
        <ele>823.5832413467824</ele>
        <time>2026-08-31T23:28:00.129Z</time>
      </trkpt>
      <trkpt lat="42.24145" lon="1.9376000000000002">
        <ele>821.0884020071487</ele>
        <time>2026-08-31T23:28:46.824Z</time>
      </trkpt>
      <trkpt lat="42.241710000000005" lon="1.9373900000000002">
        <ele>821.691769758921</ele>
        <time>2026-08-31T23:29:01.372Z</time>
      </trkpt>
      <trkpt lat="42.24221" lon="1.9371600000000002">
        <ele>822.1433999541999</ele>
        <time>2026-08-31T23:29:30.511Z</time>
      </trkpt>
      <trkpt lat="42.242270000000005" lon="1.93707">
        <ele>821.3100137332981</ele>
        <time>2026-08-31T23:29:33.182Z</time>
      </trkpt>
      <trkpt lat="42.242250000000006" lon="1.9368500000000002">
        <ele>815.608920800117</ele>
        <time>2026-08-31T23:29:37.476Z</time>
      </trkpt>
      <trkpt lat="42.24226" lon="1.9367100000000002">
        <ele>809.0016798866761</ele>
        <time>2026-08-31T23:29:40.201Z</time>
      </trkpt>
      <trkpt lat="42.242110000000004" lon="1.93622">
        <ele>815.5044424041428</ele>
        <time>2026-08-31T23:29:53.913Z</time>
      </trkpt>
      <trkpt lat="42.24204" lon="1.93616">
        <ele>817.5933769157505</ele>
        <time>2026-08-31T23:29:59.754Z</time>
      </trkpt>
      <trkpt lat="42.24186" lon="1.93622">
        <ele>815.9014548534662</ele>
        <time>2026-08-31T23:30:10.824Z</time>
      </trkpt>
      <trkpt lat="42.2417" lon="1.9362100000000002">
        <ele>816.9150694826427</ele>
        <time>2026-08-31T23:30:21.251Z</time>
      </trkpt>
      <trkpt lat="42.24161" lon="1.93612">
        <ele>818.759533990865</ele>
        <time>2026-08-31T23:30:27.782Z</time>
      </trkpt>
      <trkpt lat="42.241580000000006" lon="1.9357600000000001">
        <ele>817.6566597707802</ele>
        <time>2026-08-31T23:30:43.770Z</time>
      </trkpt>
      <trkpt lat="42.241620000000005" lon="1.9354600000000002">
        <ele>814.9319350441823</ele>
        <time>2026-08-31T23:30:52.744Z</time>
      </trkpt>
      <trkpt lat="42.24147000000001" lon="1.9352500000000001">
        <ele>812.1798001747002</ele>
        <time>2026-08-31T23:30:59.477Z</time>
      </trkpt>
      <trkpt lat="42.241460000000004" lon="1.9348">
        <ele>810.6981446726758</ele>
        <time>2026-08-31T23:31:11.793Z</time>
      </trkpt>
      <trkpt lat="42.241490000000006" lon="1.9346500000000002">
        <ele>811.0382226383272</ele>
        <time>2026-08-31T23:31:15.466Z</time>
      </trkpt>
      <trkpt lat="42.241460000000004" lon="1.93453">
        <ele>808.5011806664397</ele>
        <time>2026-08-31T23:31:18.460Z</time>
      </trkpt>
      <trkpt lat="42.24147000000001" lon="1.9343700000000001">
        <ele>806.6954397649226</ele>
        <time>2026-08-31T23:31:21.938Z</time>
      </trkpt>
      <trkpt lat="42.24139" lon="1.93433">
        <ele>803.5818320989345</ele>
        <time>2026-08-31T23:31:24.623Z</time>
      </trkpt>
      <trkpt lat="42.24123" lon="1.9341400000000002">
        <ele>801.155516906613</ele>
        <time>2026-08-31T23:31:31.329Z</time>
      </trkpt>
      <trkpt lat="42.24116" lon="1.93402">
        <ele>801.8061829836304</ele>
        <time>2026-08-31T23:31:34.833Z</time>
      </trkpt>
      <trkpt lat="42.240990000000004" lon="1.9336200000000001">
        <ele>803.6415131967185</ele>
        <time>2026-08-31T23:31:49.543Z</time>
      </trkpt>
      <trkpt lat="42.240950000000005" lon="1.93338">
        <ele>807.1926137807628</ele>
        <time>2026-08-31T23:32:02.254Z</time>
      </trkpt>
      <trkpt lat="42.24087" lon="1.93314">
        <ele>808.3436478572102</ele>
        <time>2026-08-31T23:32:16.536Z</time>
      </trkpt>
      <trkpt lat="42.24067" lon="1.9326500000000002">
        <ele>812.9999378992013</ele>
        <time>2026-08-31T23:32:46.669Z</time>
      </trkpt>
      <trkpt lat="42.24054" lon="1.9320400000000002">
        <ele>818.5086553796652</ele>
        <time>2026-08-31T23:33:20.711Z</time>
      </trkpt>
      <trkpt lat="42.24053000000001" lon="1.93131">
        <ele>823.3238512411781</ele>
        <time>2026-08-31T23:33:59.160Z</time>
      </trkpt>
      <trkpt lat="42.240770000000005" lon="1.9301800000000002">
        <ele>815.1407690492839</ele>
        <time>2026-08-31T23:34:39.788Z</time>
      </trkpt>
      <trkpt lat="42.24105" lon="1.9291900000000002">
        <ele>802.6274868780149</ele>
        <time>2026-08-31T23:35:04.173Z</time>
      </trkpt>
      <trkpt lat="42.241080000000004" lon="1.92846">
        <ele>808.8479102834103</ele>
        <time>2026-08-31T23:35:26.738Z</time>
      </trkpt>
      <trkpt lat="42.241060000000004" lon="1.9277700000000002">
        <ele>820.3591217870062</ele>
        <time>2026-08-31T23:36:05.537Z</time>
      </trkpt>
      <trkpt lat="42.240930000000006" lon="1.9272900000000002">
        <ele>827.0644410110838</ele>
        <time>2026-08-31T23:36:34.680Z</time>
      </trkpt>
      <trkpt lat="42.24092" lon="1.9271200000000002">
        <ele>830.0695450941771</ele>
        <time>2026-08-31T23:36:44.243Z</time>
      </trkpt>
      <trkpt lat="42.24096" lon="1.9268">
        <ele>832.6528159306791</ele>
        <time>2026-08-31T23:37:02.217Z</time>
      </trkpt>
      <trkpt lat="42.24112" lon="1.9267">
        <ele>835.0198702251541</ele>
        <time>2026-08-31T23:37:15.406Z</time>
      </trkpt>
      <trkpt lat="42.241400000000006" lon="1.92629">
        <ele>840.9875538784727</ele>
        <time>2026-08-31T23:37:45.893Z</time>
      </trkpt>
      <trkpt lat="42.24152" lon="1.9260700000000002">
        <ele>842.887620448567</ele>
        <time>2026-08-31T23:38:00.466Z</time>
      </trkpt>
      <trkpt lat="42.24159" lon="1.9259000000000002">
        <ele>843.4311351080299</ele>
        <time>2026-08-31T23:38:09.576Z</time>
      </trkpt>
      <trkpt lat="42.24163" lon="1.9255200000000001">
        <ele>844.1581583877855</ele>
        <time>2026-08-31T23:38:27.924Z</time>
      </trkpt>
      <trkpt lat="42.24168" lon="1.9254200000000001">
        <ele>845.1119918596582</ele>
        <time>2026-08-31T23:38:32.076Z</time>
      </trkpt>
      <trkpt lat="42.24168" lon="1.9250300000000002">
        <ele>840.8926424565269</ele>
        <time>2026-08-31T23:38:44.647Z</time>
      </trkpt>
      <trkpt lat="42.241755001901254" lon="1.9243700007019098">
        <ele>836.1289803496007</ele>
        <time>2026-08-31T23:39:01.687Z</time>
      </trkpt>
      <trkpt lat="42.24183" lon="1.9237100000000003">
        <ele>827.2758439210023</ele>
        <time>2026-08-31T23:39:16.588Z</time>
      </trkpt>
      <trkpt lat="42.2419" lon="1.9235600000000002">
        <ele>826.9858749766931</ele>
        <time>2026-08-31T23:39:20.475Z</time>
      </trkpt>
      <trkpt lat="42.242160000000005" lon="1.9232900000000002">
        <ele>824.9984485071559</ele>
        <time>2026-08-31T23:39:34.011Z</time>
      </trkpt>
      <trkpt lat="42.24259000000001" lon="1.92328">
        <ele>817.8981541791575</ele>
        <time>2026-08-31T23:39:47.564Z</time>
      </trkpt>
      <trkpt lat="42.242830000000005" lon="1.9232000000000002">
        <ele>820.4819074844677</ele>
        <time>2026-08-31T23:39:57.004Z</time>
      </trkpt>
      <trkpt lat="42.243030000000005" lon="1.92307">
        <ele>820.7325670697221</ele>
        <time>2026-08-31T23:40:11.460Z</time>
      </trkpt>
      <trkpt lat="42.243640000000006" lon="1.9230900000000002">
        <ele>825.1254837956529</ele>
        <time>2026-08-31T23:40:50.694Z</time>
      </trkpt>
      <trkpt lat="42.24441" lon="1.9231800000000001">
        <ele>828.3330918705686</ele>
        <time>2026-08-31T23:41:40.269Z</time>
      </trkpt>
      <trkpt lat="42.24503000000001" lon="1.9233000000000002">
        <ele>830.1804123434467</ele>
        <time>2026-08-31T23:42:18.096Z</time>
      </trkpt>
      <trkpt lat="42.24555" lon="1.92328">
        <ele>831.670835825302</ele>
        <time>2026-08-31T23:42:48.727Z</time>
      </trkpt>
      <trkpt lat="42.245630000000006" lon="1.9233500000000001">
        <ele>833.6708560458071</ele>
        <time>2026-08-31T23:42:55.577Z</time>
      </trkpt>
      <trkpt lat="42.24571" lon="1.9235400000000002">
        <ele>838.6643347839699</ele>
        <time>2026-08-31T23:43:08.184Z</time>
      </trkpt>
      <trkpt lat="42.24604" lon="1.9236100000000003">
        <ele>837.5460200475277</ele>
        <time>2026-08-31T23:43:31.840Z</time>
      </trkpt>
      <trkpt lat="42.246550000000006" lon="1.9240300000000001">
        <ele>828.7843880615615</ele>
        <time>2026-08-31T23:43:51.458Z</time>
      </trkpt>
      <trkpt lat="42.24674" lon="1.9240400000000002">
        <ele>832.625730268054</ele>
        <time>2026-08-31T23:44:01.007Z</time>
      </trkpt>
      <trkpt lat="42.246950000000005" lon="1.9239600000000001">
        <ele>836.6975420711437</ele>
        <time>2026-08-31T23:44:15.175Z</time>
      </trkpt>
      <trkpt lat="42.24709" lon="1.92372">
        <ele>832.5482312186032</ele>
        <time>2026-08-31T23:44:30.134Z</time>
      </trkpt>
      <trkpt lat="42.247220000000006" lon="1.9235900000000001">
        <ele>834.0572064952521</ele>
        <time>2026-08-31T23:44:40.488Z</time>
      </trkpt>
      <trkpt lat="42.24738000000001" lon="1.9235600000000002">
        <ele>836.7938019892752</ele>
        <time>2026-08-31T23:44:48.986Z</time>
      </trkpt>
      <trkpt lat="42.24797" lon="1.9236000000000002">
        <ele>841.1282561086804</ele>
        <time>2026-08-31T23:45:30.431Z</time>
      </trkpt>
      <trkpt lat="42.24835" lon="1.9235600000000002">
        <ele>845.6033416707936</ele>
        <time>2026-08-31T23:45:57.017Z</time>
      </trkpt>
      <trkpt lat="42.248740000000005" lon="1.9234600000000002">
        <ele>850.4942995388059</ele>
        <time>2026-08-31T23:46:25.966Z</time>
      </trkpt>
      <trkpt lat="42.24904" lon="1.9234900000000001">
        <ele>853.1992855686864</ele>
        <time>2026-08-31T23:46:47.578Z</time>
      </trkpt>
      <trkpt lat="42.24967" lon="1.9230300000000002">
        <ele>853.6863458310268</ele>
        <time>2026-08-31T23:47:30.101Z</time>
      </trkpt>
      <trkpt lat="42.249950000000005" lon="1.9229100000000001">
        <ele>856.1088278280344</ele>
        <time>2026-08-31T23:47:47.378Z</time>
      </trkpt>
      <trkpt lat="42.25016" lon="1.9228600000000002">
        <ele>859.2682904046602</ele>
        <time>2026-08-31T23:48:00.440Z</time>
      </trkpt>
      <trkpt lat="42.250220000000006" lon="1.9227500000000002">
        <ele>856.1339958789695</ele>
        <time>2026-08-31T23:48:05.738Z</time>
      </trkpt>
      <trkpt lat="42.25061" lon="1.9225800000000002">
        <ele>857.4741666010839</ele>
        <time>2026-08-31T23:48:28.926Z</time>
      </trkpt>
      <trkpt lat="42.250960000000006" lon="1.9225700000000001">
        <ele>858.0202973251221</ele>
        <time>2026-08-31T23:48:49.207Z</time>
      </trkpt>
      <trkpt lat="42.25112" lon="1.9224700000000001">
        <ele>856.0117054658175</ele>
        <time>2026-08-31T23:48:57.661Z</time>
      </trkpt>
      <trkpt lat="42.25133" lon="1.9224400000000001">
        <ele>856.127881115909</ele>
        <time>2026-08-31T23:49:06.407Z</time>
      </trkpt>
      <trkpt lat="42.25146" lon="1.9220800000000002">
        <ele>857.4749326015337</ele>
        <time>2026-08-31T23:49:21.330Z</time>
      </trkpt>
      <trkpt lat="42.251070000000006" lon="1.9220700000000002">
        <ele>854.1804626478076</ele>
        <time>2026-08-31T23:49:39.149Z</time>
      </trkpt>
      <trkpt lat="42.2506099999658" lon="1.9219699992538481">
        <ele>852.4943363152191</ele>
        <time>2026-08-31T23:49:57.630Z</time>
      </trkpt>
      <trkpt lat="42.250150000000005" lon="1.9218700000000002">
        <ele>849.7458084313107</ele>
        <time>2026-08-31T23:50:17.042Z</time>
      </trkpt>
      <trkpt lat="42.24991000000001" lon="1.9218600000000001">
        <ele>850.2159797983123</ele>
        <time>2026-08-31T23:50:27.806Z</time>
      </trkpt>
      <trkpt lat="42.249500000000005" lon="1.9220100000000002">
        <ele>846.4090501416348</ele>
        <time>2026-08-31T23:50:45.289Z</time>
      </trkpt>
      <trkpt lat="42.24926000000001" lon="1.9220300000000001">
        <ele>845.4629722058971</ele>
        <time>2026-08-31T23:50:55.863Z</time>
      </trkpt>
      <trkpt lat="42.24924" lon="1.9219700000000002">
        <ele>845.4720957883021</ele>
        <time>2026-08-31T23:50:58.930Z</time>
      </trkpt>
      <trkpt lat="42.24926000000001" lon="1.9217600000000001">
        <ele>847.0572045728962</ele>
        <time>2026-08-31T23:51:09.307Z</time>
      </trkpt>
      <trkpt lat="42.24925" lon="1.9217000000000002">
        <ele>847.7578802043707</ele>
        <time>2026-08-31T23:51:12.521Z</time>
      </trkpt>
      <trkpt lat="42.24922" lon="1.9216600000000001">
        <ele>848.4668871837941</ele>
        <time>2026-08-31T23:51:15.704Z</time>
      </trkpt>
      <trkpt lat="42.24918" lon="1.9216400000000002">
        <ele>849.2242160790489</ele>
        <time>2026-08-31T23:51:18.949Z</time>
      </trkpt>
      <trkpt lat="42.249050000000004" lon="1.9216300000000002">
        <ele>851.1196085818315</ele>
        <time>2026-08-31T23:51:28.933Z</time>
      </trkpt>
      <trkpt lat="42.249050000000004" lon="1.92151">
        <ele>854.1638828893547</ele>
        <time>2026-08-31T23:51:35.741Z</time>
      </trkpt>
      <trkpt lat="42.24913" lon="1.9213900000000002">
        <ele>856.2591897004777</ele>
        <time>2026-08-31T23:51:44.964Z</time>
      </trkpt>
      <trkpt lat="42.249140000000004" lon="1.92134">
        <ele>857.8129382518669</ele>
        <time>2026-08-31T23:51:47.939Z</time>
      </trkpt>
      <trkpt lat="42.249120000000005" lon="1.9213000000000002">
        <ele>859.7835407901243</ele>
        <time>2026-08-31T23:51:50.713Z</time>
      </trkpt>
      <trkpt lat="42.249010000000006" lon="1.9213300000000002">
        <ele>860.9010203949476</ele>
        <time>2026-08-31T23:51:59.431Z</time>
      </trkpt>
      <trkpt lat="42.248810000000006" lon="1.92124">
        <ele>867.4628783724045</ele>
        <time>2026-08-31T23:52:15.828Z</time>
      </trkpt>
      <trkpt lat="42.248720000000006" lon="1.92124">
        <ele>869.5865284991086</ele>
        <time>2026-08-31T23:52:22.752Z</time>
      </trkpt>
      <trkpt lat="42.24859" lon="1.9212900000000002">
        <ele>872.4139601420906</ele>
        <time>2026-08-31T23:52:33.114Z</time>
      </trkpt>
      <trkpt lat="42.24855" lon="1.9212900000000002">
        <ele>871.286491300156</ele>
        <time>2026-08-31T23:52:36.219Z</time>
      </trkpt>
      <trkpt lat="42.248490000000004" lon="1.9211500000000001">
        <ele>871.9955147180967</ele>
        <time>2026-08-31T23:52:45.475Z</time>
      </trkpt>
      <trkpt lat="42.24848" lon="1.9209200000000002">
        <ele>877.0844465645803</ele>
        <time>2026-08-31T23:52:58.455Z</time>
      </trkpt>
      <trkpt lat="42.24846" lon="1.9208500000000002">
        <ele>879.5945139653924</ele>
        <time>2026-08-31T23:53:02.665Z</time>
      </trkpt>
      <trkpt lat="42.24841000000001" lon="1.9208100000000001">
        <ele>882.1015571778005</ele>
        <time>2026-08-31T23:53:07.070Z</time>
      </trkpt>
      <trkpt lat="42.248290000000004" lon="1.92084">
        <ele>881.2235552044244</ele>
        <time>2026-08-31T23:53:16.322Z</time>
      </trkpt>
      <trkpt lat="42.24819" lon="1.9207600000000002">
        <ele>882.6767135270962</ele>
        <time>2026-08-31T23:53:25.367Z</time>
      </trkpt>
      <trkpt lat="42.24819" lon="1.9206900000000002">
        <ele>884.6395214951037</ele>
        <time>2026-08-31T23:53:29.389Z</time>
      </trkpt>
      <trkpt lat="42.2481" lon="1.92043">
        <ele>892.5738567884521</ele>
        <time>2026-08-31T23:53:45.884Z</time>
      </trkpt>
      <trkpt lat="42.2481" lon="1.9203000000000001">
        <ele>894.3239263354225</ele>
        <time>2026-08-31T23:53:53.378Z</time>
      </trkpt>
      <trkpt lat="42.24804" lon="1.9201100000000002">
        <ele>898.1329121586156</ele>
        <time>2026-08-31T23:54:05.309Z</time>
      </trkpt>
      <trkpt lat="42.2479" lon="1.9200300000000001">
        <ele>902.1405674265199</ele>
        <time>2026-08-31T23:54:16.937Z</time>
      </trkpt>
      <trkpt lat="42.24779" lon="1.91985">
        <ele>903.2025805227265</ele>
        <time>2026-08-31T23:54:30.154Z</time>
      </trkpt>
      <trkpt lat="42.24775" lon="1.91938">
        <ele>903.4673594198655</ele>
        <time>2026-08-31T23:54:54.021Z</time>
      </trkpt>
      <trkpt lat="42.247780000000006" lon="1.91887">
        <ele>904.2696730931871</ele>
        <time>2026-08-31T23:55:15.084Z</time>
      </trkpt>
      <trkpt lat="42.24786" lon="1.9185500000000002">
        <ele>901.968828737075</ele>
        <time>2026-08-31T23:55:27.646Z</time>
      </trkpt>
      <trkpt lat="42.247930000000004" lon="1.9184400000000001">
        <ele>903.2042491230784</ele>
        <time>2026-08-31T23:55:32.150Z</time>
      </trkpt>
      <trkpt lat="42.247960000000006" lon="1.9183400000000002">
        <ele>902.7855859987527</ele>
        <time>2026-08-31T23:55:36.142Z</time>
      </trkpt>
      <trkpt lat="42.247980000000005" lon="1.9181000000000001">
        <ele>901.4250206520476</ele>
        <time>2026-08-31T23:55:44.503Z</time>
      </trkpt>
      <trkpt lat="42.248020000000004" lon="1.91796">
        <ele>902.780599572581</ele>
        <time>2026-08-31T23:55:49.516Z</time>
      </trkpt>
      <trkpt lat="42.24806" lon="1.91789">
        <ele>903.5200378046832</ele>
        <time>2026-08-31T23:55:52.137Z</time>
      </trkpt>
      <trkpt lat="42.248070000000006" lon="1.9178000000000002">
        <ele>902.2501054005386</ele>
        <time>2026-08-31T23:55:54.544Z</time>
      </trkpt>
      <trkpt lat="42.24803" lon="1.91765">
        <ele>899.7218407073344</ele>
        <time>2026-08-31T23:55:58.710Z</time>
      </trkpt>
      <trkpt lat="42.2479" lon="1.91738">
        <ele>896.106141753315</ele>
        <time>2026-08-31T23:56:06.886Z</time>
      </trkpt>
      <trkpt lat="42.247870000000006" lon="1.9172300000000002">
        <ele>894.8496289620055</ele>
        <time>2026-08-31T23:56:10.837Z</time>
      </trkpt>
      <trkpt lat="42.24788" lon="1.91714">
        <ele>894.1085836258553</ele>
        <time>2026-08-31T23:56:13.104Z</time>
      </trkpt>
      <trkpt lat="42.247910000000005" lon="1.9170900000000002">
        <ele>894.3640526550714</ele>
        <time>2026-08-31T23:56:14.707Z</time>
      </trkpt>
      <trkpt lat="42.248050000000006" lon="1.9170200000000002">
        <ele>896.0549040444816</ele>
        <time>2026-08-31T23:56:20.187Z</time>
      </trkpt>
      <trkpt lat="42.248110000000004" lon="1.9168600000000002">
        <ele>893.1444357902485</ele>
        <time>2026-08-31T23:56:24.866Z</time>
      </trkpt>
      <trkpt lat="42.248090000000005" lon="1.9168100000000001">
        <ele>891.8978162043888</ele>
        <time>2026-08-31T23:56:26.656Z</time>
      </trkpt>
      <trkpt lat="42.247960000000006" lon="1.9166400000000001">
        <ele>890.277019795914</ele>
        <time>2026-08-31T23:56:34.355Z</time>
      </trkpt>
      <trkpt lat="42.247910000000005" lon="1.9166400000000001">
        <ele>889.3455570407806</ele>
        <time>2026-08-31T23:56:37.364Z</time>
      </trkpt>
      <trkpt lat="42.24786" lon="1.9166100000000001">
        <ele>889.3350276546405</ele>
        <time>2026-08-31T23:56:40.679Z</time>
      </trkpt>
      <trkpt lat="42.247800000000005" lon="1.9165">
        <ele>891.286819964842</ele>
        <time>2026-08-31T23:56:47.512Z</time>
      </trkpt>
      <trkpt lat="42.24776000000001" lon="1.9162200000000003">
        <ele>898.7707933313415</ele>
        <time>2026-08-31T23:57:02.388Z</time>
      </trkpt>
      <trkpt lat="42.247730000000004" lon="1.91619">
        <ele>899.0606802522329</ele>
        <time>2026-08-31T23:57:04.980Z</time>
      </trkpt>
      <trkpt lat="42.24766" lon="1.9162100000000002">
        <ele>898.7700978468808</ele>
        <time>2026-08-31T23:57:10.062Z</time>
      </trkpt>
      <trkpt lat="42.247600000000006" lon="1.91616">
        <ele>901.0465636854685</ele>
        <time>2026-08-31T23:57:15.191Z</time>
      </trkpt>
      <trkpt lat="42.247530000000005" lon="1.9160400000000002">
        <ele>900.4340117827278</ele>
        <time>2026-08-31T23:57:23.282Z</time>
      </trkpt>
      <trkpt lat="42.247510000000005" lon="1.9159300000000001">
        <ele>897.2933164317316</ele>
        <time>2026-08-31T23:57:27.887Z</time>
      </trkpt>
      <trkpt lat="42.247530000000005" lon="1.91582">
        <ele>897.7277992012058</ele>
        <time>2026-08-31T23:57:32.507Z</time>
      </trkpt>
      <trkpt lat="42.24757" lon="1.9157600000000001">
        <ele>899.189291435251</ele>
        <time>2026-08-31T23:57:35.668Z</time>
      </trkpt>
      <trkpt lat="42.24759" lon="1.9156700000000002">
        <ele>899.7714826775982</ele>
        <time>2026-08-31T23:57:39.415Z</time>
      </trkpt>
      <trkpt lat="42.24757" lon="1.9156100000000003">
        <ele>899.2845938360462</ele>
        <time>2026-08-31T23:57:41.671Z</time>
      </trkpt>
      <trkpt lat="42.24754" lon="1.91558">
        <ele>899.5590618226561</ele>
        <time>2026-08-31T23:57:43.447Z</time>
      </trkpt>
      <trkpt lat="42.247460000000004" lon="1.9155900000000001">
        <ele>899.7096838721433</ele>
        <time>2026-08-31T23:57:46.939Z</time>
      </trkpt>
      <trkpt lat="42.24736" lon="1.9156400000000002">
        <ele>899.3065367219626</ele>
        <time>2026-08-31T23:57:52.508Z</time>
      </trkpt>
      <trkpt lat="42.24712" lon="1.9156400000000002">
        <ele>897.302352898722</ele>
        <time>2026-08-31T23:58:06.929Z</time>
      </trkpt>
      <trkpt lat="42.24696" lon="1.91555">
        <ele>900.5567617087943</ele>
        <time>2026-08-31T23:58:16.858Z</time>
      </trkpt>
      <trkpt lat="42.24691000000001" lon="1.9155600000000002">
        <ele>898.9762808407753</ele>
        <time>2026-08-31T23:58:19.866Z</time>
      </trkpt>
      <trkpt lat="42.24671" lon="1.9154700000000002">
        <ele>901.4524820940181</ele>
        <time>2026-08-31T23:58:34.171Z</time>
      </trkpt>
      <trkpt lat="42.246660000000006" lon="1.9154200000000001">
        <ele>903.0699025272723</ele>
        <time>2026-08-31T23:58:37.221Z</time>
      </trkpt>
      <trkpt lat="42.246660000000006" lon="1.9152600000000002">
        <ele>902.0440207784502</ele>
        <time>2026-08-31T23:58:41.805Z</time>
      </trkpt>
      <trkpt lat="42.246550000000006" lon="1.9149500000000002">
        <ele>896.1251490010894</ele>
        <time>2026-08-31T23:58:51.454Z</time>
      </trkpt>
      <trkpt lat="42.246520000000004" lon="1.9147500000000002">
        <ele>894.7653834299487</ele>
        <time>2026-08-31T23:58:56.880Z</time>
      </trkpt>
      <trkpt lat="42.24645" lon="1.9144900000000002">
        <ele>895.022728260805</ele>
        <time>2026-08-31T23:59:04.657Z</time>
      </trkpt>
      <trkpt lat="42.246480000000005" lon="1.91429">
        <ele>896.8689239746922</ele>
        <time>2026-08-31T23:59:12.405Z</time>
      </trkpt>
      <trkpt lat="42.24645" lon="1.9141100000000002">
        <ele>896.4204097115482</ele>
        <time>2026-08-31T23:59:20.045Z</time>
      </trkpt>
      <trkpt lat="42.24653" lon="1.91392">
        <ele>895.8146274405684</ele>
        <time>2026-08-31T23:59:29.155Z</time>
      </trkpt>
      <trkpt lat="42.24678" lon="1.9136400000000002">
        <ele>894.4850101619847</ele>
        <time>2026-08-31T23:59:43.828Z</time>
      </trkpt>
      <trkpt lat="42.24682000000001" lon="1.91355">
        <ele>892.4123877251188</ele>
        <time>2026-08-31T23:59:46.592Z</time>
      </trkpt>
      <trkpt lat="42.246840000000006" lon="1.9134300000000002">
        <ele>890.1813927378083</ele>
        <time>2026-08-31T23:59:49.599Z</time>
      </trkpt>
      <trkpt lat="42.246900000000004" lon="1.91324">
        <ele>890.6565522901265</ele>
        <time>2026-08-31T23:59:54.122Z</time>
      </trkpt>
      <trkpt lat="42.246900000000004" lon="1.9131700000000003">
        <ele>889.9653892884807</ele>
        <time>2026-08-31T23:59:55.998Z</time>
      </trkpt>
      <trkpt lat="42.24683" lon="1.9130500000000001">
        <ele>887.3490211546296</ele>
        <time>2026-09-01T00:00:00.093Z</time>
      </trkpt>
      <trkpt lat="42.24683" lon="1.9128500000000002">
        <ele>888.7682623334997</ele>
        <time>2026-09-01T00:00:05.957Z</time>
      </trkpt>
      <trkpt lat="42.246880000000004" lon="1.9127600000000002">
        <ele>888.7921667346191</ele>
        <time>2026-09-01T00:00:08.699Z</time>
      </trkpt>
      <trkpt lat="42.247020000000006" lon="1.9126600000000002">
        <ele>888.8140105269567</ele>
        <time>2026-09-01T00:00:13.912Z</time>
      </trkpt>
      <trkpt lat="42.24705" lon="1.9126">
        <ele>887.4285261495703</ele>
        <time>2026-09-01T00:00:15.984Z</time>
      </trkpt>
      <trkpt lat="42.247040000000005" lon="1.9124100000000002">
        <ele>882.760880760109</ele>
        <time>2026-09-01T00:00:21.435Z</time>
      </trkpt>
      <trkpt lat="42.2471" lon="1.9122100000000002">
        <ele>881.4796822962153</ele>
        <time>2026-09-01T00:00:26.678Z</time>
      </trkpt>
      <trkpt lat="42.247170000000004" lon="1.9121500000000002">
        <ele>882.0659605074387</ele>
        <time>2026-09-01T00:00:29.381Z</time>
      </trkpt>
      <trkpt lat="42.24720000000001" lon="1.9120700000000002">
        <ele>881.3544443350584</ele>
        <time>2026-09-01T00:00:31.545Z</time>
      </trkpt>
      <trkpt lat="42.247170000000004" lon="1.91189">
        <ele>879.3963081885163</ele>
        <time>2026-09-01T00:00:37.414Z</time>
      </trkpt>
      <trkpt lat="42.24718" lon="1.9117000000000002">
        <ele>880.3518284546255</ele>
        <time>2026-09-01T00:00:43.473Z</time>
      </trkpt>
      <trkpt lat="42.24727" lon="1.9111600000000002">
        <ele>881.4734612019336</ele>
        <time>2026-09-01T00:01:04.854Z</time>
      </trkpt>
      <trkpt lat="42.247350000000004" lon="1.9109900000000002">
        <ele>883.1999781307833</ele>
        <time>2026-09-01T00:01:14.464Z</time>
      </trkpt>
      <trkpt lat="42.24736" lon="1.9108800000000001">
        <ele>882.797695777017</ele>
        <time>2026-09-01T00:01:19.377Z</time>
      </trkpt>
      <trkpt lat="42.247400000000006" lon="1.9108">
        <ele>883.339492938096</ele>
        <time>2026-09-01T00:01:22.921Z</time>
      </trkpt>
      <trkpt lat="42.2475" lon="1.9107300000000003">
        <ele>885.0207705379944</ele>
        <time>2026-09-01T00:01:28.506Z</time>
      </trkpt>
      <trkpt lat="42.24752" lon="1.9106900000000002">
        <ele>884.6948445534329</ele>
        <time>2026-09-01T00:01:30.428Z</time>
      </trkpt>
      <trkpt lat="42.2475" lon="1.9106400000000001">
        <ele>883.1370248318343</ele>
        <time>2026-09-01T00:01:32.456Z</time>
      </trkpt>
      <trkpt lat="42.24741" lon="1.9105400000000001">
        <ele>880.8997456559077</ele>
        <time>2026-09-01T00:01:38.075Z</time>
      </trkpt>
      <trkpt lat="42.24739" lon="1.91046">
        <ele>880.7239523014235</ele>
        <time>2026-09-01T00:01:40.748Z</time>
      </trkpt>
      <trkpt lat="42.24741" lon="1.9102500000000002">
        <ele>882.0381305294374</ele>
        <time>2026-09-01T00:01:47.451Z</time>
      </trkpt>
      <trkpt lat="42.24741" lon="1.9100000000000001">
        <ele>879.5046609743715</ele>
        <time>2026-09-01T00:01:53.612Z</time>
      </trkpt>
      <trkpt lat="42.247370000000004" lon="1.9097700000000002">
        <ele>877.1357603287739</ele>
        <time>2026-09-01T00:02:00.341Z</time>
      </trkpt>
      <trkpt lat="42.247240000000005" lon="1.9094200000000001">
        <ele>873.1562616401233</ele>
        <time>2026-09-01T00:02:09.099Z</time>
      </trkpt>
      <trkpt lat="42.247060000000005" lon="1.9090500000000001">
        <ele>867.0983626042356</ele>
        <time>2026-09-01T00:02:18.526Z</time>
      </trkpt>
      <trkpt lat="42.24692" lon="1.9086600000000002">
        <ele>865.242807372793</ele>
        <time>2026-09-01T00:02:28.579Z</time>
      </trkpt>
      <trkpt lat="42.246990000000004" lon="1.9083400000000001">
        <ele>862.7653173054432</ele>
        <time>2026-09-01T00:02:36.949Z</time>
      </trkpt>
      <trkpt lat="42.246950000000005" lon="1.9081800000000002">
        <ele>860.3913514537128</ele>
        <time>2026-09-01T00:02:40.749Z</time>
      </trkpt>
      <trkpt lat="42.24685" lon="1.90792">
        <ele>857.3481064889643</ele>
        <time>2026-09-01T00:02:47.940Z</time>
      </trkpt>
      <trkpt lat="42.24685" lon="1.9077700000000002">
        <ele>856.6363999099992</ele>
        <time>2026-09-01T00:02:51.616Z</time>
      </trkpt>
      <trkpt lat="42.24687" lon="1.9076700000000002">
        <ele>857.2284996931073</ele>
        <time>2026-09-01T00:02:54.489Z</time>
      </trkpt>
      <trkpt lat="42.24692" lon="1.9076400000000002">
        <ele>857.4676782089527</ele>
        <time>2026-09-01T00:02:56.590Z</time>
      </trkpt>
      <trkpt lat="42.246930000000006" lon="1.9075900000000001">
        <ele>856.8715723334745</ele>
        <time>2026-09-01T00:02:58.256Z</time>
      </trkpt>
      <trkpt lat="42.24691000000001" lon="1.9075300000000002">
        <ele>855.8063822581962</ele>
        <time>2026-09-01T00:03:00.398Z</time>
      </trkpt>
      <trkpt lat="42.24681" lon="1.9073700000000002">
        <ele>855.4085580310283</ele>
        <time>2026-09-01T00:03:07.216Z</time>
      </trkpt>
      <trkpt lat="42.24671" lon="1.9072700000000002">
        <ele>854.9951487947453</ele>
        <time>2026-09-01T00:03:12.829Z</time>
      </trkpt>
      <trkpt lat="42.246660000000006" lon="1.9071700000000003">
        <ele>854.8184776554316</ele>
        <time>2026-09-01T00:03:16.557Z</time>
      </trkpt>
      <trkpt lat="42.246750000000006" lon="1.90626">
        <ele>851.5240927266525</ele>
        <time>2026-09-01T00:03:44.720Z</time>
      </trkpt>
      <trkpt lat="42.24683" lon="1.90609">
        <ele>851.320655901905</ele>
        <time>2026-09-01T00:03:50.693Z</time>
      </trkpt>
      <trkpt lat="42.24683" lon="1.9060000000000001">
        <ele>849.8004959430542</ele>
        <time>2026-09-01T00:03:54.119Z</time>
      </trkpt>
      <trkpt lat="42.24669" lon="1.9056600000000001">
        <ele>851.357703566295</ele>
        <time>2026-09-01T00:04:08.929Z</time>
      </trkpt>
      <trkpt lat="42.2464" lon="1.9052600000000002">
        <ele>855.4179806169986</ele>
        <time>2026-09-01T00:04:35.383Z</time>
      </trkpt>
      <trkpt lat="42.24629" lon="1.9051600000000002">
        <ele>856.2759204689697</ele>
        <time>2026-09-01T00:04:45.111Z</time>
      </trkpt>
      <trkpt lat="42.24625" lon="1.90508">
        <ele>857.7272913050075</ele>
        <time>2026-09-01T00:04:50.327Z</time>
      </trkpt>
      <trkpt lat="42.246230000000004" lon="1.9049800000000001">
        <ele>860.0937346461703</ele>
        <time>2026-09-01T00:04:55.924Z</time>
      </trkpt>
      <trkpt lat="42.246080000000006" lon="1.90484">
        <ele>861.02922064218</ele>
        <time>2026-09-01T00:05:08.550Z</time>
      </trkpt>
      <trkpt lat="42.24595" lon="1.9046100000000001">
        <ele>861.3014641362718</ele>
        <time>2026-09-01T00:05:23.428Z</time>
      </trkpt>
      <trkpt lat="42.24593" lon="1.9044900000000002">
        <ele>861.228475439875</ele>
        <time>2026-09-01T00:05:29.122Z</time>
      </trkpt>
      <trkpt lat="42.245990000000006" lon="1.90436">
        <ele>862.8946632566067</ele>
        <time>2026-09-01T00:05:35.999Z</time>
      </trkpt>
      <trkpt lat="42.246050000000004" lon="1.9040100000000002">
        <ele>863.5825646626732</ele>
        <time>2026-09-01T00:05:51.651Z</time>
      </trkpt>
      <trkpt lat="42.24611" lon="1.9037800000000002">
        <ele>863.5370360256309</ele>
        <time>2026-09-01T00:06:03.211Z</time>
      </trkpt>
      <trkpt lat="42.24627" lon="1.9036100000000002">
        <ele>865.3807395175185</ele>
        <time>2026-09-01T00:06:16.074Z</time>
      </trkpt>
      <trkpt lat="42.24638" lon="1.9035700000000002">
        <ele>866.3594372266558</ele>
        <time>2026-09-01T00:06:21.497Z</time>
      </trkpt>
      <trkpt lat="42.246500000000005" lon="1.9035600000000001">
        <ele>867.3092083757907</ele>
        <time>2026-09-01T00:06:25.899Z</time>
      </trkpt>
      <trkpt lat="42.246550000000006" lon="1.9035400000000002">
        <ele>866.5635034102629</ele>
        <time>2026-09-01T00:06:28.010Z</time>
      </trkpt>
      <trkpt lat="42.246590000000005" lon="1.9034900000000001">
        <ele>864.6667259400832</ele>
        <time>2026-09-01T00:06:30.270Z</time>
      </trkpt>
      <trkpt lat="42.24662" lon="1.90341">
        <ele>862.0194422334127</ele>
        <time>2026-09-01T00:06:32.921Z</time>
      </trkpt>
      <trkpt lat="42.24663" lon="1.9032400000000003">
        <ele>857.8950427867081</ele>
        <time>2026-09-01T00:06:37.962Z</time>
      </trkpt>
      <trkpt lat="42.24667" lon="1.9032000000000002">
        <ele>859.3126874884184</ele>
        <time>2026-09-01T00:06:39.822Z</time>
      </trkpt>
      <trkpt lat="42.246790000000004" lon="1.9031600000000002">
        <ele>861.9525324960159</ele>
        <time>2026-09-01T00:06:43.998Z</time>
      </trkpt>
      <trkpt lat="42.246840000000006" lon="1.90308">
        <ele>860.9344283067087</ele>
        <time>2026-09-01T00:06:46.651Z</time>
      </trkpt>
      <trkpt lat="42.24672" lon="1.90297">
        <ele>860.5233125573372</ele>
        <time>2026-09-01T00:06:52.100Z</time>
      </trkpt>
      <trkpt lat="42.24627" lon="1.9023200000000002">
        <ele>865.4718515943175</ele>
        <time>2026-09-01T00:07:36.274Z</time>
      </trkpt>
      <trkpt lat="42.24611" lon="1.90219">
        <ele>865.8535411871784</ele>
        <time>2026-09-01T00:07:48.413Z</time>
      </trkpt>
      <trkpt lat="42.245940000000004" lon="1.9021100000000002">
        <ele>866.6533160778511</ele>
        <time>2026-09-01T00:07:59.134Z</time>
      </trkpt>
      <trkpt lat="42.245560000000005" lon="1.9018700000000002">
        <ele>869.5359217144688</ele>
        <time>2026-09-01T00:08:25.783Z</time>
      </trkpt>
      <trkpt lat="42.24550000000001" lon="1.90179">
        <ele>871.487994257576</ele>
        <time>2026-09-01T00:08:31.998Z</time>
      </trkpt>
      <trkpt lat="42.245360000000005" lon="1.90169">
        <ele>875.0945996863131</ele>
        <time>2026-09-01T00:08:44.190Z</time>
      </trkpt>
      <trkpt lat="42.245250000000006" lon="1.9016800000000003">
        <ele>876.7140665012149</ele>
        <time>2026-09-01T00:08:52.396Z</time>
      </trkpt>
      <trkpt lat="42.245050000000006" lon="1.90172">
        <ele>877.329705309626</ele>
        <time>2026-09-01T00:09:07.444Z</time>
      </trkpt>
      <trkpt lat="42.24477" lon="1.9017400000000002">
        <ele>878.7227976468422</ele>
        <time>2026-09-01T00:09:27.482Z</time>
      </trkpt>
      <trkpt lat="42.244690000000006" lon="1.9017300000000001">
        <ele>878.8009203303673</ele>
        <time>2026-09-01T00:09:33.515Z</time>
      </trkpt>
      <trkpt lat="42.24463" lon="1.90165">
        <ele>883.0644555734846</ele>
        <time>2026-09-01T00:09:39.845Z</time>
      </trkpt>
      <trkpt lat="42.24454" lon="1.90162">
        <ele>884.3435292773811</ele>
        <time>2026-09-01T00:09:46.829Z</time>
      </trkpt>
      <trkpt lat="42.24443" lon="1.9016100000000002">
        <ele>887.4711830512158</ele>
        <time>2026-09-01T00:09:55.340Z</time>
      </trkpt>
      <trkpt lat="42.244350000000004" lon="1.9016300000000002">
        <ele>888.3815700375676</ele>
        <time>2026-09-01T00:10:01.598Z</time>
      </trkpt>
      <trkpt lat="42.24425" lon="1.9016300000000002">
        <ele>890.3014677392434</ele>
        <time>2026-09-01T00:10:09.123Z</time>
      </trkpt>
      <trkpt lat="42.24418" lon="1.9015700000000002">
        <ele>892.1960818613859</ele>
        <time>2026-09-01T00:10:15.025Z</time>
      </trkpt>
      <trkpt lat="42.244110000000006" lon="1.9014600000000002">
        <ele>893.5385125414601</ele>
        <time>2026-09-01T00:10:22.611Z</time>
      </trkpt>
      <trkpt lat="42.24405" lon="1.9013000000000002">
        <ele>892.212688292547</ele>
        <time>2026-09-01T00:10:30.151Z</time>
      </trkpt>
      <trkpt lat="42.24405" lon="1.90121">
        <ele>891.0166893463241</ele>
        <time>2026-09-01T00:10:33.110Z</time>
      </trkpt>
      <trkpt lat="42.2441" lon="1.9010200000000002">
        <ele>888.8945992161093</ele>
        <time>2026-09-01T00:10:38.867Z</time>
      </trkpt>
      <trkpt lat="42.244130000000006" lon="1.90074">
        <ele>885.4786194887852</ele>
        <time>2026-09-01T00:10:45.091Z</time>
      </trkpt>
      <trkpt lat="42.24412" lon="1.9004100000000002">
        <ele>882.4006398646893</ele>
        <time>2026-09-01T00:10:52.463Z</time>
      </trkpt>
      <trkpt lat="42.244130000000006" lon="1.9001400000000002">
        <ele>880.2401559668367</ele>
        <time>2026-09-01T00:10:58.806Z</time>
      </trkpt>
      <trkpt lat="42.24428" lon="1.8992000000000002">
        <ele>875.3237773257599</ele>
        <time>2026-09-01T00:11:23.735Z</time>
      </trkpt>
      <trkpt lat="42.2443" lon="1.89897">
        <ele>874.7114999667228</ele>
        <time>2026-09-01T00:11:30.441Z</time>
      </trkpt>
      <trkpt lat="42.24428" lon="1.8988300000000002">
        <ele>874.1623454374995</ele>
        <time>2026-09-01T00:11:34.885Z</time>
      </trkpt>
      <trkpt lat="42.24425" lon="1.89874">
        <ele>873.7358763504649</ele>
        <time>2026-09-01T00:11:38.312Z</time>
      </trkpt>
      <trkpt lat="42.244060000000005" lon="1.8983800000000002">
        <ele>873.7731874029873</ele>
        <time>2026-09-01T00:11:53.663Z</time>
      </trkpt>
      <trkpt lat="42.244020000000006" lon="1.8982200000000002">
        <ele>873.7704181122652</ele>
        <time>2026-09-01T00:12:00.079Z</time>
      </trkpt>
      <trkpt lat="42.244020000000006" lon="1.8981100000000002">
        <ele>873.5878031142738</ele>
        <time>2026-09-01T00:12:04.177Z</time>
      </trkpt>
      <trkpt lat="42.244060000000005" lon="1.89799">
        <ele>873.8990454223581</ele>
        <time>2026-09-01T00:12:09.080Z</time>
      </trkpt>
      <trkpt lat="42.244080000000004" lon="1.89765">
        <ele>873.3302421756945</ele>
        <time>2026-09-01T00:12:22.138Z</time>
      </trkpt>
      <trkpt lat="42.24407" lon="1.8974900000000001">
        <ele>873.6341012073335</ele>
        <time>2026-09-01T00:12:28.548Z</time>
      </trkpt>
      <trkpt lat="42.244040000000005" lon="1.89735">
        <ele>873.9294749168819</ele>
        <time>2026-09-01T00:12:33.907Z</time>
      </trkpt>
      <trkpt lat="42.243990000000004" lon="1.8972300000000002">
        <ele>874.4946817806521</ele>
        <time>2026-09-01T00:12:38.687Z</time>
      </trkpt>
      <trkpt lat="42.24394" lon="1.8971700000000002">
        <ele>874.38161725182</ele>
        <time>2026-09-01T00:12:41.586Z</time>
      </trkpt>
      <trkpt lat="42.243880000000004" lon="1.8972600000000002">
        <ele>873.1016624529592</ele>
        <time>2026-09-01T00:12:45.281Z</time>
      </trkpt>
      <trkpt lat="42.243790000000004" lon="1.8973200000000001">
        <ele>871.9879430253691</ele>
        <time>2026-09-01T00:12:49.188Z</time>
      </trkpt>
      <trkpt lat="42.24367" lon="1.8973300000000002">
        <ele>870.5618635633147</ele>
        <time>2026-09-01T00:12:53.662Z</time>
      </trkpt>
      <trkpt lat="42.24354" lon="1.89728">
        <ele>869.1326309170174</ele>
        <time>2026-09-01T00:12:58.568Z</time>
      </trkpt>
      <trkpt lat="42.24345" lon="1.8971900000000002">
        <ele>868.6512802531147</ele>
        <time>2026-09-01T00:13:02.543Z</time>
      </trkpt>
      <trkpt lat="42.24334" lon="1.8970000000000002">
        <ele>868.1784644583192</ele>
        <time>2026-09-01T00:13:09.617Z</time>
      </trkpt>
      <trkpt lat="42.24325" lon="1.89677">
        <ele>867.6705453638483</ele>
        <time>2026-09-01T00:13:17.409Z</time>
      </trkpt>
      <trkpt lat="42.243190000000006" lon="1.8965500000000002">
        <ele>866.2964326834235</ele>
        <time>2026-09-01T00:13:23.636Z</time>
      </trkpt>
      <trkpt lat="42.2432" lon="1.8963900000000002">
        <ele>864.5227427312855</ele>
        <time>2026-09-01T00:13:27.491Z</time>
      </trkpt>
      <trkpt lat="42.24318" lon="1.8963200000000002">
        <ele>862.7843604040946</ele>
        <time>2026-09-01T00:13:29.059Z</time>
      </trkpt>
      <trkpt lat="42.243320000000004" lon="1.8960700000000001">
        <ele>859.6742482814357</ele>
        <time>2026-09-01T00:13:35.610Z</time>
      </trkpt>
      <trkpt lat="42.24336" lon="1.8959300000000001">
        <ele>855.5407355756216</ele>
        <time>2026-09-01T00:13:38.629Z</time>
      </trkpt>
      <trkpt lat="42.24351" lon="1.8957000000000002">
        <ele>851.6382331495446</ele>
        <time>2026-09-01T00:13:44.657Z</time>
      </trkpt>
      <trkpt lat="42.24354" lon="1.8956000000000002">
        <ele>848.6071784264755</ele>
        <time>2026-09-01T00:13:46.794Z</time>
      </trkpt>
      <trkpt lat="42.24353000000001" lon="1.8954300000000002">
        <ele>842.7603493710096</ele>
        <time>2026-09-01T00:13:50.190Z</time>
      </trkpt>
      <trkpt lat="42.243460000000006" lon="1.89542">
        <ele>841.209328012812</ele>
        <time>2026-09-01T00:13:52.110Z</time>
      </trkpt>
      <trkpt lat="42.243550000000006" lon="1.8952700000000002">
        <ele>841.3090813497763</ele>
        <time>2026-09-01T00:13:56.222Z</time>
      </trkpt>
      <trkpt lat="42.24356" lon="1.8951700000000002">
        <ele>840.4517436243417</ele>
        <time>2026-09-01T00:13:58.290Z</time>
      </trkpt>
      <trkpt lat="42.24353000000001" lon="1.8949200000000002">
        <ele>839.4995995607546</ele>
        <time>2026-09-01T00:14:03.851Z</time>
      </trkpt>
      <trkpt lat="42.24351" lon="1.8948800000000001">
        <ele>839.9895649908524</ele>
        <time>2026-09-01T00:14:05.196Z</time>
      </trkpt>
      <trkpt lat="42.243370000000006" lon="1.8949000000000003">
        <ele>835.1311733114289</ele>
        <time>2026-09-01T00:14:10.179Z</time>
      </trkpt>
      <trkpt lat="42.243300000000005" lon="1.89484">
        <ele>836.0912780294034</ele>
        <time>2026-09-01T00:14:12.809Z</time>
      </trkpt>
      <trkpt lat="42.24324" lon="1.8948600000000002">
        <ele>836.128828659073</ele>
        <time>2026-09-01T00:14:14.768Z</time>
      </trkpt>
      <trkpt lat="42.243170000000006" lon="1.8950600000000002">
        <ele>833.6415869594405</ele>
        <time>2026-09-01T00:14:19.688Z</time>
      </trkpt>
      <trkpt lat="42.243100000000005" lon="1.8951500000000001">
        <ele>831.3987675863359</ele>
        <time>2026-09-01T00:14:22.537Z</time>
      </trkpt>
      <trkpt lat="42.24293" lon="1.89528">
        <ele>828.9963255444395</ele>
        <time>2026-09-01T00:14:29.093Z</time>
      </trkpt>
      <trkpt lat="42.24269" lon="1.89538">
        <ele>826.6529069311966</ele>
        <time>2026-09-01T00:14:36.885Z</time>
      </trkpt>
      <trkpt lat="42.242520000000006" lon="1.89538">
        <ele>824.6744971117919</ele>
        <time>2026-09-01T00:14:42.539Z</time>
      </trkpt>
      <trkpt lat="42.242290000000004" lon="1.8952700000000002">
        <ele>822.5990535000722</ele>
        <time>2026-09-01T00:14:50.921Z</time>
      </trkpt>
      <trkpt lat="42.242200000000004" lon="1.8952700000000002">
        <ele>821.9769021759705</ele>
        <time>2026-09-01T00:14:54.077Z</time>
      </trkpt>
      <trkpt lat="42.24186" lon="1.89542">
        <ele>819.1232512515126</ele>
        <time>2026-09-01T00:15:06.978Z</time>
      </trkpt>
      <trkpt lat="42.24152" lon="1.8955100000000003">
        <ele>814.8768577237771</ele>
        <time>2026-09-01T00:15:18.700Z</time>
      </trkpt>
      <trkpt lat="42.24136" lon="1.8955000000000002">
        <ele>813.2703159961734</ele>
        <time>2026-09-01T00:15:23.815Z</time>
      </trkpt>
      <trkpt lat="42.24128" lon="1.8954700000000002">
        <ele>811.990774952398</ele>
        <time>2026-09-01T00:15:27.291Z</time>
      </trkpt>
      <trkpt lat="42.24121" lon="1.8954100000000003">
        <ele>811.3764149072322</ele>
        <time>2026-09-01T00:15:30.761Z</time>
      </trkpt>
      <trkpt lat="42.2411" lon="1.8951300000000002">
        <ele>812.2653956763527</ele>
        <time>2026-09-01T00:15:40.585Z</time>
      </trkpt>
      <trkpt lat="42.24089" lon="1.8949300000000002">
        <ele>814.2032800277989</ele>
        <time>2026-09-01T00:15:56.075Z</time>
      </trkpt>
      <trkpt lat="42.24081" lon="1.89474">
        <ele>816.1878162450139</ele>
        <time>2026-09-01T00:16:06.001Z</time>
      </trkpt>
      <trkpt lat="42.24076" lon="1.8945400000000001">
        <ele>815.705166380935</ele>
        <time>2026-09-01T00:16:15.983Z</time>
      </trkpt>
      <trkpt lat="42.24076" lon="1.89443">
        <ele>814.935072324006</ele>
        <time>2026-09-01T00:16:20.996Z</time>
      </trkpt>
      <trkpt lat="42.24085" lon="1.89426">
        <ele>816.6056761533105</ele>
        <time>2026-09-01T00:16:30.520Z</time>
      </trkpt>
      <trkpt lat="42.240840000000006" lon="1.8941400000000002">
        <ele>816.519803302554</ele>
        <time>2026-09-01T00:16:34.607Z</time>
      </trkpt>
      <trkpt lat="42.24076" lon="1.8941100000000002">
        <ele>817.2347777018551</ele>
        <time>2026-09-01T00:16:38.411Z</time>
      </trkpt>
      <trkpt lat="42.24053000000001" lon="1.89423">
        <ele>813.9010765967467</ele>
        <time>2026-09-01T00:16:49.708Z</time>
      </trkpt>
      <trkpt lat="42.24044000000001" lon="1.8942100000000002">
        <ele>813.6345062075094</ele>
        <time>2026-09-01T00:16:54.363Z</time>
      </trkpt>
      <trkpt lat="42.240230000000004" lon="1.8940200000000003">
        <ele>816.2294723418918</ele>
        <time>2026-09-01T00:17:07.863Z</time>
      </trkpt>
      <trkpt lat="42.240140000000004" lon="1.8938400000000002">
        <ele>816.9511583907072</ele>
        <time>2026-09-01T00:17:18.108Z</time>
      </trkpt>
      <trkpt lat="42.240190000000005" lon="1.8935300000000002">
        <ele>817.7961865234918</ele>
        <time>2026-09-01T00:17:31.738Z</time>
      </trkpt>
      <trkpt lat="42.24013" lon="1.8933400000000002">
        <ele>815.6582378702769</ele>
        <time>2026-09-01T00:17:40.743Z</time>
      </trkpt>
      <trkpt lat="42.24013" lon="1.89311">
        <ele>818.8486122886363</ele>
        <time>2026-09-01T00:17:50.619Z</time>
      </trkpt>
      <trkpt lat="42.24009" lon="1.8930200000000001">
        <ele>818.5494857676405</ele>
        <time>2026-09-01T00:17:55.015Z</time>
      </trkpt>
      <trkpt lat="42.239700000000006" lon="1.8927800000000001">
        <ele>814.1296547180921</ele>
        <time>2026-09-01T00:18:13.160Z</time>
      </trkpt>
      <trkpt lat="42.23942" lon="1.8925400000000001">
        <ele>813.9156988963017</ele>
        <time>2026-09-01T00:18:26.150Z</time>
      </trkpt>
      <trkpt lat="42.239270000000005" lon="1.8924500000000002">
        <ele>815.5147589486213</ele>
        <time>2026-09-01T00:18:35.131Z</time>
      </trkpt>
      <trkpt lat="42.23926" lon="1.8923500000000002">
        <ele>815.5196872185356</ele>
        <time>2026-09-01T00:18:39.519Z</time>
      </trkpt>
      <trkpt lat="42.2393" lon="1.8922500000000002">
        <ele>814.8350785704306</ele>
        <time>2026-09-01T00:18:43.234Z</time>
      </trkpt>
      <trkpt lat="42.23955" lon="1.8919700000000002">
        <ele>811.6199083178251</ele>
        <time>2026-09-01T00:18:57.573Z</time>
      </trkpt>
      <trkpt lat="42.23971" lon="1.8919700000000002">
        <ele>809.995716282046</ele>
        <time>2026-09-01T00:19:02.901Z</time>
      </trkpt>
      <trkpt lat="42.23978" lon="1.8919100000000002">
        <ele>808.8790206854047</ele>
        <time>2026-09-01T00:19:05.248Z</time>
      </trkpt>
      <trkpt lat="42.239900000000006" lon="1.8916300000000001">
        <ele>803.2649876881732</ele>
        <time>2026-09-01T00:19:12.030Z</time>
      </trkpt>
      <trkpt lat="42.23988000000001" lon="1.8912200000000001">
        <ele>803.4345284821723</ele>
        <time>2026-09-01T00:19:22.109Z</time>
      </trkpt>
      <trkpt lat="42.23984" lon="1.8911300000000002">
        <ele>802.7144696995754</ele>
        <time>2026-09-01T00:19:24.796Z</time>
      </trkpt>
      <trkpt lat="42.239760000000004" lon="1.8910900000000002">
        <ele>801.5077806314754</ele>
        <time>2026-09-01T00:19:27.746Z</time>
      </trkpt>
      <trkpt lat="42.2396" lon="1.8911600000000002">
        <ele>797.4724376344473</ele>
        <time>2026-09-01T00:19:32.531Z</time>
      </trkpt>
      <trkpt lat="42.23935" lon="1.8911300000000002">
        <ele>793.5513454682612</ele>
        <time>2026-09-01T00:19:39.672Z</time>
      </trkpt>
      <trkpt lat="42.23903000000001" lon="1.8908600000000002">
        <ele>792.4019026439624</ele>
        <time>2026-09-01T00:19:51.753Z</time>
      </trkpt>
      <trkpt lat="42.23892" lon="1.8905800000000001">
        <ele>792.9028072638772</ele>
        <time>2026-09-01T00:20:02.928Z</time>
      </trkpt>
      <trkpt lat="42.23894000000001" lon="1.89037">
        <ele>792.0363982857396</ele>
        <time>2026-09-01T00:20:09.063Z</time>
      </trkpt>
      <trkpt lat="42.239050000000006" lon="1.8900800000000002">
        <ele>788.5333275272286</ele>
        <time>2026-09-01T00:20:18.504Z</time>
      </trkpt>
      <trkpt lat="42.23904" lon="1.8897500000000003">
        <ele>785.5774964690651</ele>
        <time>2026-09-01T00:20:26.442Z</time>
      </trkpt>
      <trkpt lat="42.23899" lon="1.8895400000000002">
        <ele>784.0582377407457</ele>
        <time>2026-09-01T00:20:32.363Z</time>
      </trkpt>
      <trkpt lat="42.23894000000001" lon="1.88945">
        <ele>783.6694512358404</ele>
        <time>2026-09-01T00:20:35.383Z</time>
      </trkpt>
      <trkpt lat="42.238800000000005" lon="1.8893400000000002">
        <ele>783.3748113496043</ele>
        <time>2026-09-01T00:20:41.934Z</time>
      </trkpt>
      <trkpt lat="42.2383" lon="1.88932">
        <ele>774.9281807247835</ele>
        <time>2026-09-01T00:20:57.819Z</time>
      </trkpt>
      <trkpt lat="42.238220000000005" lon="1.8892900000000001">
        <ele>774.3933852916011</ele>
        <time>2026-09-01T00:21:00.194Z</time>
      </trkpt>
      <trkpt lat="42.23803" lon="1.88908">
        <ele>769.6100108919999</ele>
        <time>2026-09-01T00:21:07.262Z</time>
      </trkpt>
      <trkpt lat="42.237680000000005" lon="1.8890000000000002">
        <ele>763.4009790870929</ele>
        <time>2026-09-01T00:21:17.378Z</time>
      </trkpt>
      <trkpt lat="42.23751" lon="1.8891200000000001">
        <ele>761.9995482081845</ele>
        <time>2026-09-01T00:21:23.336Z</time>
      </trkpt>
      <trkpt lat="42.237460000000006" lon="1.88921">
        <ele>761.7437761243508</ele>
        <time>2026-09-01T00:21:27.525Z</time>
      </trkpt>
      <trkpt lat="42.237390000000005" lon="1.8892700000000002">
        <ele>760.6772827171295</ele>
        <time>2026-09-01T00:21:31.849Z</time>
      </trkpt>
      <trkpt lat="42.23731" lon="1.8894700000000002">
        <ele>761.5100417408612</ele>
        <time>2026-09-01T00:21:40.627Z</time>
      </trkpt>
      <trkpt lat="42.23724000000001" lon="1.8895300000000002">
        <ele>762.9039438309303</ele>
        <time>2026-09-01T00:21:45.485Z</time>
      </trkpt>
      <trkpt lat="42.23716" lon="1.88955">
        <ele>763.3880328243172</ele>
        <time>2026-09-01T00:21:49.111Z</time>
      </trkpt>
      <trkpt lat="42.236830000000005" lon="1.8894900000000001">
        <ele>759.2142627361426</ele>
        <time>2026-09-01T00:22:03.929Z</time>
      </trkpt>
      <trkpt lat="42.236670000000004" lon="1.8895000000000002">
        <ele>758.232033621415</ele>
        <time>2026-09-01T00:22:09.681Z</time>
      </trkpt>
      <trkpt lat="42.236290000000004" lon="1.8897000000000002">
        <ele>755.7870503572169</ele>
        <time>2026-09-01T00:22:25.701Z</time>
      </trkpt>
      <trkpt lat="42.23599" lon="1.88996">
        <ele>753.2794071707978</ele>
        <time>2026-09-01T00:22:39.426Z</time>
      </trkpt>
      <trkpt lat="42.23565000000001" lon="1.8904100000000001">
        <ele>748.2695234796014</ele>
        <time>2026-09-01T00:22:55.941Z</time>
      </trkpt>
      <trkpt lat="42.23561" lon="1.89054">
        <ele>747.9356365266743</ele>
        <time>2026-09-01T00:23:00.121Z</time>
      </trkpt>
      <trkpt lat="42.23557" lon="1.8903200000000002">
        <ele>749.1085480879499</ele>
        <time>2026-09-01T00:23:12.304Z</time>
      </trkpt>
      <trkpt lat="42.23555" lon="1.89006">
        <ele>753.7213660561747</ele>
        <time>2026-09-01T00:23:26.362Z</time>
      </trkpt>
      <trkpt lat="42.23559" lon="1.8896600000000001">
        <ele>758.3562595051044</ele>
        <time>2026-09-01T00:23:48.973Z</time>
      </trkpt>
      <trkpt lat="42.23556000000001" lon="1.8895400000000002">
        <ele>760.230566665079</ele>
        <time>2026-09-01T00:23:55.709Z</time>
      </trkpt>
      <trkpt lat="42.23539" lon="1.8895000000000002">
        <ele>759.8710960680197</ele>
        <time>2026-09-01T00:24:08.105Z</time>
      </trkpt>
      <trkpt lat="42.23521" lon="1.88898">
        <ele>760.3634087606854</ele>
        <time>2026-09-01T00:24:33.122Z</time>
      </trkpt>
      <trkpt lat="42.23519" lon="1.88864">
        <ele>760.2187456088895</ele>
        <time>2026-09-01T00:24:46.608Z</time>
      </trkpt>
      <trkpt lat="42.23523" lon="1.8879500000000002">
        <ele>761.2357565482823</ele>
        <time>2026-09-01T00:25:14.724Z</time>
      </trkpt>
      <trkpt lat="42.235200000000006" lon="1.8879200000000003">
        <ele>761.5273308866111</ele>
        <time>2026-09-01T00:25:16.877Z</time>
      </trkpt>
      <trkpt lat="42.23525" lon="1.8872900000000001">
        <ele>766.7108265572411</ele>
        <time>2026-09-01T00:25:50.544Z</time>
      </trkpt>
      <trkpt lat="42.235310000000005" lon="1.8871700000000002">
        <ele>768.8903133083177</ele>
        <time>2026-09-01T00:25:57.006Z</time>
      </trkpt>
      <trkpt lat="42.235150000000004" lon="1.8867800000000001">
        <ele>764.7522380897647</ele>
        <time>2026-09-01T00:26:10.944Z</time>
      </trkpt>
      <trkpt lat="42.235040000000005" lon="1.8864400000000001">
        <ele>764.0615679331593</ele>
        <time>2026-09-01T00:26:22.971Z</time>
      </trkpt>
      <trkpt lat="42.23489" lon="1.8861400000000001">
        <ele>765.5722578550983</ele>
        <time>2026-09-01T00:26:39.163Z</time>
      </trkpt>
      <trkpt lat="42.234820000000006" lon="1.8859200000000003">
        <ele>767.3598818169462</ele>
        <time>2026-09-01T00:26:51.112Z</time>
      </trkpt>
      <trkpt lat="42.234640000000006" lon="1.8851300000000002">
        <ele>771.5677233543324</ele>
        <time>2026-09-01T00:27:32.064Z</time>
      </trkpt>
      <trkpt lat="42.234570000000005" lon="1.8850300000000002">
        <ele>769.3714736117569</ele>
        <time>2026-09-01T00:27:37.960Z</time>
      </trkpt>
      <trkpt lat="42.23451" lon="1.88488">
        <ele>769.4215227366691</ele>
        <time>2026-09-01T00:27:42.044Z</time>
      </trkpt>
      <trkpt lat="42.234320000000004" lon="1.8846">
        <ele>765.920680604235</ele>
        <time>2026-09-01T00:27:53.273Z</time>
      </trkpt>
      <trkpt lat="42.234260000000006" lon="1.8843900000000002">
        <ele>767.7331434225696</ele>
        <time>2026-09-01T00:28:01.818Z</time>
      </trkpt>
      <trkpt lat="42.2342" lon="1.88433">
        <ele>766.9428462188827</ele>
        <time>2026-09-01T00:28:05.617Z</time>
      </trkpt>
      <trkpt lat="42.23416" lon="1.8842200000000002">
        <ele>769.0797016215826</ele>
        <time>2026-09-01T00:28:11.997Z</time>
      </trkpt>
      <trkpt lat="42.234100000000005" lon="1.8837400000000002">
        <ele>781.4245603902813</ele>
        <time>2026-09-01T00:28:39.889Z</time>
      </trkpt>
      <trkpt lat="42.23397000000001" lon="1.8835600000000001">
        <ele>779.1095938365372</ele>
        <time>2026-09-01T00:28:53.614Z</time>
      </trkpt>
      <trkpt lat="42.23382" lon="1.88328">
        <ele>779.5304161741774</ele>
        <time>2026-09-01T00:29:04.518Z</time>
      </trkpt>
      <trkpt lat="42.23355" lon="1.8830700000000002">
        <ele>773.2958561395703</ele>
        <time>2026-09-01T00:29:14.693Z</time>
      </trkpt>
      <trkpt lat="42.233360000000005" lon="1.8826">
        <ele>772.088426441568</ele>
        <time>2026-09-01T00:29:27.756Z</time>
      </trkpt>
      <trkpt lat="42.23317" lon="1.88237">
        <ele>764.0710029254135</ele>
        <time>2026-09-01T00:29:35.383Z</time>
      </trkpt>
      <trkpt lat="42.233050000000006" lon="1.8820700000000001">
        <ele>763.8094113597449</ele>
        <time>2026-09-01T00:29:42.638Z</time>
      </trkpt>
      <trkpt lat="42.232670000000006" lon="1.8814000000000002">
        <ele>758.7158716111495</ele>
        <time>2026-09-01T00:30:07.108Z</time>
      </trkpt>
      <trkpt lat="42.232580000000006" lon="1.8812900000000001">
        <ele>757.7527085457289</ele>
        <time>2026-09-01T00:30:12.765Z</time>
      </trkpt>
      <trkpt lat="42.23257" lon="1.8810700000000002">
        <ele>761.6090325042501</ele>
        <time>2026-09-01T00:30:24.364Z</time>
      </trkpt>
      <trkpt lat="42.232800000000005" lon="1.88071">
        <ele>756.7818924628593</ele>
        <time>2026-09-01T00:30:40.292Z</time>
      </trkpt>
      <trkpt lat="42.23323000108682" lon="1.8802100034052498">
        <ele>748.6395657547023</ele>
        <time>2026-09-01T00:30:57.272Z</time>
      </trkpt>
      <trkpt lat="42.23366" lon="1.8797100000000002">
        <ele>740.4853905710369</ele>
        <time>2026-09-01T00:31:14.162Z</time>
      </trkpt>
      <trkpt lat="42.23371" lon="1.8795700000000002">
        <ele>737.4005571342093</ele>
        <time>2026-09-01T00:31:17.356Z</time>
      </trkpt>
      <trkpt lat="42.23369" lon="1.87938">
        <ele>732.9599073887329</ele>
        <time>2026-09-01T00:31:21.102Z</time>
      </trkpt>
      <trkpt lat="42.23389" lon="1.87888">
        <ele>729.2008938320271</ele>
        <time>2026-09-01T00:31:33.132Z</time>
      </trkpt>
      <trkpt lat="42.23389" lon="1.87881">
        <ele>728.1796535541865</ele>
        <time>2026-09-01T00:31:35.143Z</time>
      </trkpt>
      <trkpt lat="42.23384" lon="1.87877">
        <ele>727.2644081910368</ele>
        <time>2026-09-01T00:31:37.964Z</time>
      </trkpt>
      <trkpt lat="42.233740000000004" lon="1.87904">
        <ele>728.2071246066491</ele>
        <time>2026-09-01T00:31:48.817Z</time>
      </trkpt>
      <trkpt lat="42.233650000000004" lon="1.8791900000000001">
        <ele>728.4557688439205</ele>
        <time>2026-09-01T00:31:55.394Z</time>
      </trkpt>
      <trkpt lat="42.23353" lon="1.8793100000000003">
        <ele>727.5183463327446</ele>
        <time>2026-09-01T00:32:03.251Z</time>
      </trkpt>
      <trkpt lat="42.233380000000004" lon="1.8794000000000002">
        <ele>728.3128808281912</ele>
        <time>2026-09-01T00:32:11.867Z</time>
      </trkpt>
      <trkpt lat="42.233160000000005" lon="1.87945">
        <ele>728.2922210744609</ele>
        <time>2026-09-01T00:32:21.423Z</time>
      </trkpt>
      <trkpt lat="42.23307614839258" lon="1.8794380211989392">
        <ele>726.4074762787429</ele>
        <time>2026-09-01T00:32:25.164Z</time>
      </trkpt>
      <trkpt lat="42.23295" lon="1.87942">
        <ele>725.3342641795928</ele>
        <time>2026-09-01T00:32:30.410Z</time>
      </trkpt>
      <trkpt lat="42.23292" lon="1.8794000000000002">
        <ele>725.2606241157044</ele>
        <time>2026-09-01T00:32:31.813Z</time>
      </trkpt>
      <trkpt lat="42.23288" lon="1.8794100000000002">
        <ele>725.2058403633465</ele>
        <time>2026-09-01T00:32:33.401Z</time>
      </trkpt>
      <trkpt lat="42.23266" lon="1.8793100000000003">
        <ele>724.672264064209</ele>
        <time>2026-09-01T00:32:42.466Z</time>
      </trkpt>
      <trkpt lat="42.23254" lon="1.8792200000000001">
        <ele>724.2570568099043</ele>
        <time>2026-09-01T00:32:48.460Z</time>
      </trkpt>
      <trkpt lat="42.231880000000004" lon="1.8788600000000002">
        <ele>723.7796003933761</ele>
        <time>2026-09-01T00:33:23.379Z</time>
      </trkpt>
      <trkpt lat="42.231770000000004" lon="1.87898">
        <ele>722.9692124569217</ele>
        <time>2026-09-01T00:33:29.915Z</time>
      </trkpt>
      <trkpt lat="42.23162000000001" lon="1.8790600000000002">
        <ele>721.6279389615386</ele>
        <time>2026-09-01T00:33:35.957Z</time>
      </trkpt>
      <trkpt lat="42.23125" lon="1.8791900000000001">
        <ele>718.8806304647692</ele>
        <time>2026-09-01T00:33:50.255Z</time>
      </trkpt>
      <trkpt lat="42.23096" lon="1.8791900000000001">
        <ele>716.4128398232235</ele>
        <time>2026-09-01T00:34:00.830Z</time>
      </trkpt>
      <trkpt lat="42.230760000000004" lon="1.8791400000000003">
        <ele>715.4902709513452</ele>
        <time>2026-09-01T00:34:10.026Z</time>
      </trkpt>
      <trkpt lat="42.2306" lon="1.8790300000000002">
        <ele>716.8277297308804</ele>
        <time>2026-09-01T00:34:19.853Z</time>
      </trkpt>
      <trkpt lat="42.23035" lon="1.8787600000000002">
        <ele>718.3229126781948</ele>
        <time>2026-09-01T00:34:35.649Z</time>
      </trkpt>
      <trkpt lat="42.23026" lon="1.8788300000000002">
        <ele>715.4276181667655</ele>
        <time>2026-09-01T00:34:39.652Z</time>
      </trkpt>
      <trkpt lat="42.230160000000005" lon="1.8787900000000002">
        <ele>713.4185303398078</ele>
        <time>2026-09-01T00:34:43.672Z</time>
      </trkpt>
      <trkpt lat="42.22975" lon="1.87854">
        <ele>712.349063818961</ele>
        <time>2026-09-01T00:34:59.251Z</time>
      </trkpt>
      <trkpt lat="42.22921" lon="1.8781500000000002">
        <ele>712.6664340876988</ele>
        <time>2026-09-01T00:35:30.200Z</time>
      </trkpt>
      <trkpt lat="42.229020000000006" lon="1.8779800000000002">
        <ele>713.0426929670233</ele>
        <time>2026-09-01T00:35:42.538Z</time>
      </trkpt>
      <trkpt lat="42.2286" lon="1.8775400000000002">
        <ele>712.690912139049</ele>
        <time>2026-09-01T00:36:10.325Z</time>
      </trkpt>
      <trkpt lat="42.22811" lon="1.8768900000000002">
        <ele>711.6323177105361</ele>
        <time>2026-09-01T00:36:44.319Z</time>
      </trkpt>
      <trkpt lat="42.227990000000005" lon="1.8768500000000001">
        <ele>710.1678546323302</ele>
        <time>2026-09-01T00:36:49.762Z</time>
      </trkpt>
      <trkpt lat="42.22791" lon="1.8768000000000002">
        <ele>709.022720701403</ele>
        <time>2026-09-01T00:36:53.112Z</time>
      </trkpt>
      <trkpt lat="42.22776" lon="1.8765600000000002">
        <ele>708.6201469649621</ele>
        <time>2026-09-01T00:37:01.950Z</time>
      </trkpt>
      <trkpt lat="42.22751" lon="1.8760900000000003">
        <ele>708.6669736888846</ele>
        <time>2026-09-01T00:37:21.004Z</time>
      </trkpt>
      <trkpt lat="42.22711" lon="1.8755100000000002">
        <ele>708.181614591216</ele>
        <time>2026-09-01T00:37:51.046Z</time>
      </trkpt>
      <trkpt lat="42.226820000000004" lon="1.87522">
        <ele>706.8180077718555</ele>
        <time>2026-09-01T00:38:08.247Z</time>
      </trkpt>
      <trkpt lat="42.22636000000001" lon="1.87491">
        <ele>707.1340905731573</ele>
        <time>2026-09-01T00:38:33.644Z</time>
      </trkpt>
      <trkpt lat="42.225840000000005" lon="1.87467">
        <ele>706.4753784228844</ele>
        <time>2026-09-01T00:39:01.914Z</time>
      </trkpt>
      <trkpt lat="42.225390000000004" lon="1.8745">
        <ele>706.2604552841735</ele>
        <time>2026-09-01T00:39:25.365Z</time>
      </trkpt>
      <trkpt lat="42.224880000000006" lon="1.87427">
        <ele>706.0633862600602</ele>
        <time>2026-09-01T00:39:52.915Z</time>
      </trkpt>
      <trkpt lat="42.224380000000004" lon="1.8740700000000001">
        <ele>705.4302231716457</ele>
        <time>2026-09-01T00:40:19.178Z</time>
      </trkpt>
      <trkpt lat="42.223760000000006" lon="1.8739000000000001">
        <ele>704.9145495048523</ele>
        <time>2026-09-01T00:40:50.728Z</time>
      </trkpt>
      <trkpt lat="42.22336000000001" lon="1.8736700000000002">
        <ele>705.093200940912</ele>
        <time>2026-09-01T00:41:13.100Z</time>
      </trkpt>
      <trkpt lat="42.22269" lon="1.87342">
        <ele>704.6342878295684</ele>
        <time>2026-09-01T00:41:48.980Z</time>
      </trkpt>
      <trkpt lat="42.2222" lon="1.8733300000000002">
        <ele>703.094914172847</ele>
        <time>2026-09-01T00:42:12.858Z</time>
      </trkpt>
      <trkpt lat="42.22182" lon="1.8730900000000001">
        <ele>703.1322610077491</ele>
        <time>2026-09-01T00:42:33.150Z</time>
      </trkpt>
      <trkpt lat="42.221560000000004" lon="1.8728300000000002">
        <ele>703.633187705687</ele>
        <time>2026-09-01T00:42:50.588Z</time>
      </trkpt>
      <trkpt lat="42.221500000000006" lon="1.8725800000000001">
        <ele>708.5862182344038</ele>
        <time>2026-09-01T00:43:04.604Z</time>
      </trkpt>
      <trkpt lat="42.22153" lon="1.8724900000000002">
        <ele>709.6715945360168</ele>
        <time>2026-09-01T00:43:09.852Z</time>
      </trkpt>
      <trkpt lat="42.221250000000005" lon="1.87227">
        <ele>710.0506248383022</ele>
        <time>2026-09-01T00:43:33.113Z</time>
      </trkpt>
      <trkpt lat="42.221050000000005" lon="1.8722100000000002">
        <ele>709.0491367555086</ele>
        <time>2026-09-01T00:43:43.893Z</time>
      </trkpt>
      <trkpt lat="42.220980000000004" lon="1.8721400000000001">
        <ele>708.789859106962</ele>
        <time>2026-09-01T00:43:47.782Z</time>
      </trkpt>
      <trkpt lat="42.22091" lon="1.87203">
        <ele>708.7286349828385</ele>
        <time>2026-09-01T00:43:52.577Z</time>
      </trkpt>
      <trkpt lat="42.22055" lon="1.87172">
        <ele>707.836962958257</ele>
        <time>2026-09-01T00:44:12.231Z</time>
      </trkpt>
      <trkpt lat="42.22026" lon="1.8714100000000002">
        <ele>706.7609663873154</ele>
        <time>2026-09-01T00:44:29.429Z</time>
      </trkpt>
      <trkpt lat="42.220180000000006" lon="1.8712700000000002">
        <ele>706.5264256353637</ele>
        <time>2026-09-01T00:44:35.586Z</time>
      </trkpt>
      <trkpt lat="42.21998000000001" lon="1.8711200000000001">
        <ele>706.17342746135</ele>
        <time>2026-09-01T00:44:46.823Z</time>
      </trkpt>
      <trkpt lat="42.219930000000005" lon="1.8711400000000002">
        <ele>706.0884087755389</ele>
        <time>2026-09-01T00:44:49.578Z</time>
      </trkpt>
      <trkpt lat="42.2199" lon="1.87105">
        <ele>706.1208535809753</ele>
        <time>2026-09-01T00:44:53.440Z</time>
      </trkpt>
      <trkpt lat="42.21979" lon="1.8709600000000002">
        <ele>705.9054003997476</ele>
        <time>2026-09-01T00:45:00.276Z</time>
      </trkpt>
      <trkpt lat="42.2199" lon="1.8707600000000002">
        <ele>706.9795533997752</ele>
        <time>2026-09-01T00:45:10.337Z</time>
      </trkpt>
      <trkpt lat="42.21998000000001" lon="1.87084">
        <ele>706.8368949012303</ele>
        <time>2026-09-01T00:45:15.765Z</time>
      </trkpt>
      <trkpt lat="42.22007000000001" lon="1.87067">
        <ele>706.8634376460111</ele>
        <time>2026-09-01T00:45:24.316Z</time>
      </trkpt>
      <trkpt lat="42.21945" lon="1.8699400000000002">
        <ele>706.6357485033272</ele>
        <time>2026-09-01T00:46:08.373Z</time>
      </trkpt>
      <trkpt lat="42.219030000000004" lon="1.86966">
        <ele>706.374857936863</ele>
        <time>2026-09-01T00:46:32.408Z</time>
      </trkpt>
      <trkpt lat="42.21859000007634" lon="1.8694749986805517">
        <ele>706.1058245015682</ele>
        <time>2026-09-01T00:46:55.847Z</time>
      </trkpt>
      <trkpt lat="42.21815" lon="1.8692900000000001">
        <ele>705.7960190687165</ele>
        <time>2026-09-01T00:47:19.224Z</time>
      </trkpt>
      <trkpt lat="42.21777" lon="1.8689000000000002">
        <ele>706.3439951044095</ele>
        <time>2026-09-01T00:47:44.424Z</time>
      </trkpt>
      <trkpt lat="42.21737" lon="1.86857">
        <ele>707.0141793270432</ele>
        <time>2026-09-01T00:48:10.303Z</time>
      </trkpt>
      <trkpt lat="42.217090000000006" lon="1.8684500000000002">
        <ele>708.5139100545796</ele>
        <time>2026-09-01T00:48:27.558Z</time>
      </trkpt>
      <trkpt lat="42.216370000000005" lon="1.86823">
        <ele>712.5658430469456</ele>
        <time>2026-09-01T00:49:14.749Z</time>
      </trkpt>
      <trkpt lat="42.21625" lon="1.86816">
        <ele>715.1502149658739</ele>
        <time>2026-09-01T00:49:23.606Z</time>
      </trkpt>
      <trkpt lat="42.215900000772095" lon="1.867724997527487">
        <ele>712.1588734621836</ele>
        <time>2026-09-01T00:49:47.689Z</time>
      </trkpt>
      <trkpt lat="42.21555" lon="1.8672900000000001">
        <ele>706.6369397588303</ele>
        <time>2026-09-01T00:50:04.243Z</time>
      </trkpt>
      <trkpt lat="42.21547" lon="1.8671300000000002">
        <ele>713.2648991126459</ele>
        <time>2026-09-01T00:50:12.737Z</time>
      </trkpt>
      <trkpt lat="42.21547" lon="1.8669000000000002">
        <ele>714.6466203327323</ele>
        <time>2026-09-01T00:50:25.986Z</time>
      </trkpt>
      <trkpt lat="42.215590000000006" lon="1.8664800000000001">
        <ele>711.8934521618788</ele>
        <time>2026-09-01T00:50:48.817Z</time>
      </trkpt>
      <trkpt lat="42.215520000000005" lon="1.8662600000000003">
        <ele>718.1931298803806</ele>
        <time>2026-09-01T00:51:00.639Z</time>
      </trkpt>
      <trkpt lat="42.21566000000001" lon="1.8655800000000002">
        <ele>723.7331472434055</ele>
        <time>2026-09-01T00:51:40.325Z</time>
      </trkpt>
      <trkpt lat="42.215650000000004" lon="1.86539">
        <ele>726.9867277409727</ele>
        <time>2026-09-01T00:51:50.035Z</time>
      </trkpt>
      <trkpt lat="42.21557000000001" lon="1.8652100000000003">
        <ele>729.5968226092004</ele>
        <time>2026-09-01T00:51:57.895Z</time>
      </trkpt>
      <trkpt lat="42.215590000000006" lon="1.8651600000000002">
        <ele>728.9214918839183</ele>
        <time>2026-09-01T00:52:00.298Z</time>
      </trkpt>
      <trkpt lat="42.21567" lon="1.8651000000000002">
        <ele>726.1775387023149</ele>
        <time>2026-09-01T00:52:05.386Z</time>
      </trkpt>
      <trkpt lat="42.2158" lon="1.8651400000000002">
        <ele>723.3385366656961</ele>
        <time>2026-09-01T00:52:12.800Z</time>
      </trkpt>
      <trkpt lat="42.215900000000005" lon="1.8651200000000001">
        <ele>725.1360534878694</ele>
        <time>2026-09-01T00:52:17.671Z</time>
      </trkpt>
      <trkpt lat="42.216" lon="1.86515">
        <ele>724.8522589171263</ele>
        <time>2026-09-01T00:52:21.737Z</time>
      </trkpt>
      <trkpt lat="42.21623" lon="1.86508">
        <ele>725.5007261475723</ele>
        <time>2026-09-01T00:52:31.381Z</time>
      </trkpt>
      <trkpt lat="42.216530000000006" lon="1.8651300000000002">
        <ele>722.4076770523284</ele>
        <time>2026-09-01T00:52:46.273Z</time>
      </trkpt>
      <trkpt lat="42.216800000000006" lon="1.8651300000000002">
        <ele>723.0665410070475</ele>
        <time>2026-09-01T00:53:01.462Z</time>
      </trkpt>
      <trkpt lat="42.216860000000004" lon="1.86508">
        <ele>724.9381536286812</ele>
        <time>2026-09-01T00:53:06.469Z</time>
      </trkpt>
      <trkpt lat="42.21678" lon="1.8650200000000001">
        <ele>726.7803263693451</ele>
        <time>2026-09-01T00:53:12.968Z</time>
      </trkpt>
      <trkpt lat="42.21593" lon="1.8648500000000001">
        <ele>738.8410913760994</ele>
        <time>2026-09-01T00:54:16.122Z</time>
      </trkpt>
      <trkpt lat="42.215770000000006" lon="1.8647900000000002">
        <ele>738.8350606995134</ele>
        <time>2026-09-01T00:54:28.449Z</time>
      </trkpt>
      <trkpt lat="42.2156" lon="1.86461">
        <ele>743.8400994809996</ele>
        <time>2026-09-01T00:54:44.709Z</time>
      </trkpt>
      <trkpt lat="42.215540000000004" lon="1.8644900000000002">
        <ele>746.3071914724404</ele>
        <time>2026-09-01T00:54:52.697Z</time>
      </trkpt>
      <trkpt lat="42.21546" lon="1.8643900000000002">
        <ele>748.1063470243445</ele>
        <time>2026-09-01T00:55:01.023Z</time>
      </trkpt>
      <trkpt lat="42.21531" lon="1.8643200000000002">
        <ele>749.5507958377498</ele>
        <time>2026-09-01T00:55:13.144Z</time>
      </trkpt>
      <trkpt lat="42.2149" lon="1.8643500000000002">
        <ele>753.4543144995641</ele>
        <time>2026-09-01T00:55:43.159Z</time>
      </trkpt>
      <trkpt lat="42.21482" lon="1.8643100000000001">
        <ele>755.1831624607382</ele>
        <time>2026-09-01T00:55:49.614Z</time>
      </trkpt>
      <trkpt lat="42.214780000000005" lon="1.86427">
        <ele>756.8352611462487</ele>
        <time>2026-09-01T00:55:53.454Z</time>
      </trkpt>
      <trkpt lat="42.21479" lon="1.8641900000000002">
        <ele>759.4319662221294</ele>
        <time>2026-09-01T00:55:58.090Z</time>
      </trkpt>
      <trkpt lat="42.21484" lon="1.8641400000000001">
        <ele>760.4574051237582</ele>
        <time>2026-09-01T00:56:02.890Z</time>
      </trkpt>
      <trkpt lat="42.215030000000006" lon="1.86403">
        <ele>763.2500094031496</ele>
        <time>2026-09-01T00:56:18.370Z</time>
      </trkpt>
      <trkpt lat="42.21526" lon="1.8640200000000002">
        <ele>763.7134832112804</ele>
        <time>2026-09-01T00:56:35.493Z</time>
      </trkpt>
      <trkpt lat="42.21564" lon="1.8641200000000002">
        <ele>766.4957885651795</ele>
        <time>2026-09-01T00:57:01.540Z</time>
      </trkpt>
      <trkpt lat="42.21573" lon="1.8641100000000002">
        <ele>769.2691122459465</ele>
        <time>2026-09-01T00:57:08.326Z</time>
      </trkpt>
      <trkpt lat="42.21575000000001" lon="1.8640200000000002">
        <ele>772.0931014268631</ele>
        <time>2026-09-01T00:57:13.423Z</time>
      </trkpt>
      <trkpt lat="42.215700000000005" lon="1.8639200000000002">
        <ele>773.4323727836646</ele>
        <time>2026-09-01T00:57:19.969Z</time>
      </trkpt>
      <trkpt lat="42.21548000000001" lon="1.8639100000000002">
        <ele>772.3272537887565</ele>
        <time>2026-09-01T00:57:36.094Z</time>
      </trkpt>
      <trkpt lat="42.215250000000005" lon="1.8637500000000002">
        <ele>776.700701167633</ele>
        <time>2026-09-01T00:57:54.874Z</time>
      </trkpt>
      <trkpt lat="42.21495" lon="1.8635800000000002">
        <ele>781.6504348717806</ele>
        <time>2026-09-01T00:58:19.439Z</time>
      </trkpt>
      <trkpt lat="42.21481" lon="1.86352">
        <ele>785.2046129753468</ele>
        <time>2026-09-01T00:58:30.634Z</time>
      </trkpt>
      <trkpt lat="42.21461" lon="1.8634800000000002">
        <ele>788.6304359838789</ele>
        <time>2026-09-01T00:58:45.763Z</time>
      </trkpt>
      <trkpt lat="42.214400000000005" lon="1.8633400000000002">
        <ele>790.2197723962023</ele>
        <time>2026-09-01T00:59:03.289Z</time>
      </trkpt>
      <trkpt lat="42.21406" lon="1.86301">
        <ele>800.3413148032744</ele>
        <time>2026-09-01T00:59:35.206Z</time>
      </trkpt>
      <trkpt lat="42.213890000000006" lon="1.8629000000000002">
        <ele>803.5374006248386</ele>
        <time>2026-09-01T00:59:49.780Z</time>
      </trkpt>
      <trkpt lat="42.21361" lon="1.8628300000000002">
        <ele>808.2012732655531</ele>
        <time>2026-09-01T01:00:11.363Z</time>
      </trkpt>
      <trkpt lat="42.21296" lon="1.86251">
        <ele>817.6114307239881</ele>
        <time>2026-09-01T01:01:03.021Z</time>
      </trkpt>
      <trkpt lat="42.212720000000004" lon="1.8622600000000002">
        <ele>820.7281276826594</ele>
        <time>2026-09-01T01:01:25.267Z</time>
      </trkpt>
      <trkpt lat="42.21258" lon="1.8622">
        <ele>823.5290551736745</ele>
        <time>2026-09-01T01:01:35.831Z</time>
      </trkpt>
      <trkpt lat="42.21249" lon="1.86227">
        <ele>825.1903905858326</ele>
        <time>2026-09-01T01:01:43.353Z</time>
      </trkpt>
      <trkpt lat="42.212450000000004" lon="1.86247">
        <ele>825.366234885501</ele>
        <time>2026-09-01T01:01:54.465Z</time>
      </trkpt>
      <trkpt lat="42.2124" lon="1.86291">
        <ele>824.733540264897</ele>
        <time>2026-09-01T01:02:15.722Z</time>
      </trkpt>
      <trkpt lat="42.212340000000005" lon="1.8629400000000003">
        <ele>825.2555772110347</ele>
        <time>2026-09-01T01:02:19.377Z</time>
      </trkpt>
      <trkpt lat="42.21228000000001" lon="1.8628600000000002">
        <ele>826.0324691768803</ele>
        <time>2026-09-01T01:02:24.194Z</time>
      </trkpt>
      <trkpt lat="42.21229" lon="1.8625">
        <ele>826.9495397433601</ele>
        <time>2026-09-01T01:02:41.682Z</time>
      </trkpt>
      <trkpt lat="42.21226" lon="1.8623">
        <ele>828.2874399353195</ele>
        <time>2026-09-01T01:02:51.656Z</time>
      </trkpt>
      <trkpt lat="42.212140000000005" lon="1.8621200000000002">
        <ele>829.6088398743702</ele>
        <time>2026-09-01T01:03:03.700Z</time>
      </trkpt>
      <trkpt lat="42.21202" lon="1.8620800000000002">
        <ele>831.254553970226</ele>
        <time>2026-09-01T01:03:12.694Z</time>
      </trkpt>
      <trkpt lat="42.211870000000005" lon="1.8619700000000001">
        <ele>834.3544519415213</ele>
        <time>2026-09-01T01:03:25.505Z</time>
      </trkpt>
      <trkpt lat="42.211710000000004" lon="1.8619800000000002">
        <ele>837.8502659659914</ele>
        <time>2026-09-01T01:03:37.803Z</time>
      </trkpt>
      <trkpt lat="42.211600000000004" lon="1.8620800000000002">
        <ele>840.0253343022697</ele>
        <time>2026-09-01T01:03:48.029Z</time>
      </trkpt>
      <trkpt lat="42.211560000000006" lon="1.8621800000000002">
        <ele>842.7074509007732</ele>
        <time>2026-09-01T01:03:54.540Z</time>
      </trkpt>
      <trkpt lat="42.211690000000004" lon="1.86271">
        <ele>844.4484384881762</ele>
        <time>2026-09-01T01:04:24.946Z</time>
      </trkpt>
      <trkpt lat="42.2117" lon="1.8628600000000002">
        <ele>844.9602859465498</ele>
        <time>2026-09-01T01:04:31.828Z</time>
      </trkpt>
      <trkpt lat="42.211670000000005" lon="1.86298">
        <ele>845.3309942750157</ele>
        <time>2026-09-01T01:04:37.883Z</time>
      </trkpt>
      <trkpt lat="42.211510000000004" lon="1.86325">
        <ele>847.0859948944901</ele>
        <time>2026-09-01T01:04:54.524Z</time>
      </trkpt>
      <trkpt lat="42.21146" lon="1.8633800000000003">
        <ele>847.8423144687264</ele>
        <time>2026-09-01T01:05:01.637Z</time>
      </trkpt>
      <trkpt lat="42.211330000000004" lon="1.8638500000000002">
        <ele>850.6600287406012</ele>
        <time>2026-09-01T01:05:26.585Z</time>
      </trkpt>
      <trkpt lat="42.2113" lon="1.8641">
        <ele>851.4089453044677</ele>
        <time>2026-09-01T01:05:38.753Z</time>
      </trkpt>
      <trkpt lat="42.2113" lon="1.8643200000000002">
        <ele>852.098750150425</ele>
        <time>2026-09-01T01:05:49.347Z</time>
      </trkpt>
      <trkpt lat="42.21126" lon="1.86457">
        <ele>853.8863668979905</ele>
        <time>2026-09-01T01:06:02.928Z</time>
      </trkpt>
      <trkpt lat="42.21117" lon="1.8646200000000002">
        <ele>857.5018055353858</ele>
        <time>2026-09-01T01:06:10.139Z</time>
      </trkpt>
      <trkpt lat="42.21056" lon="1.8642500000000002">
        <ele>871.8330209806887</ele>
        <time>2026-09-01T01:07:01.671Z</time>
      </trkpt>
      <trkpt lat="42.20996" lon="1.8639200000000002">
        <ele>883.5545464654756</ele>
        <time>2026-09-01T01:07:51.464Z</time>
      </trkpt>
      <trkpt lat="42.20971" lon="1.86369">
        <ele>886.5135280584589</ele>
        <time>2026-09-01T01:08:14.228Z</time>
      </trkpt>
      <trkpt lat="42.20953" lon="1.8635800000000002">
        <ele>888.8022778429986</ele>
        <time>2026-09-01T01:08:27.953Z</time>
      </trkpt>
      <trkpt lat="42.20942" lon="1.8634600000000001">
        <ele>889.2303684707755</ele>
        <time>2026-09-01T01:08:37.614Z</time>
      </trkpt>
      <trkpt lat="42.209030000000006" lon="1.86325">
        <ele>892.065659904386</ele>
        <time>2026-09-01T01:09:05.855Z</time>
      </trkpt>
      <trkpt lat="42.20841" lon="1.8629600000000002">
        <ele>898.6479668622061</ele>
        <time>2026-09-01T01:09:51.354Z</time>
      </trkpt>
      <trkpt lat="42.20817" lon="1.8629200000000001">
        <ele>901.7558677185251</ele>
        <time>2026-09-01T01:10:08.804Z</time>
      </trkpt>
      <trkpt lat="42.20797" lon="1.8629400000000003">
        <ele>904.3755193163441</ele>
        <time>2026-09-01T01:10:23.577Z</time>
      </trkpt>
      <trkpt lat="42.20767" lon="1.8628300000000002">
        <ele>906.9772897409819</ele>
        <time>2026-09-01T01:10:45.965Z</time>
      </trkpt>
      <trkpt lat="42.20718" lon="1.8624600000000002">
        <ele>916.5090463310619</ele>
        <time>2026-09-01T01:11:27.707Z</time>
      </trkpt>
      <trkpt lat="42.206990000000005" lon="1.86223">
        <ele>922.6302399263493</ele>
        <time>2026-09-01T01:11:47.163Z</time>
      </trkpt>
      <trkpt lat="42.206920000000004" lon="1.86206">
        <ele>924.0270020976858</ele>
        <time>2026-09-01T01:11:57.968Z</time>
      </trkpt>
      <trkpt lat="42.20689" lon="1.8618500000000002">
        <ele>924.870675277774</ele>
        <time>2026-09-01T01:12:09.850Z</time>
      </trkpt>
      <trkpt lat="42.20698" lon="1.8612700000000002">
        <ele>928.5616244484656</ele>
        <time>2026-09-01T01:12:39.827Z</time>
      </trkpt>
      <trkpt lat="42.206950000000006" lon="1.8610700000000002">
        <ele>930.2468489720569</ele>
        <time>2026-09-01T01:12:50.408Z</time>
      </trkpt>
      <trkpt lat="42.206880000000005" lon="1.86095">
        <ele>931.3844607943256</ele>
        <time>2026-09-01T01:12:58.519Z</time>
      </trkpt>
      <trkpt lat="42.206610000000005" lon="1.86084">
        <ele>934.4274925985017</ele>
        <time>2026-09-01T01:13:17.500Z</time>
      </trkpt>
      <trkpt lat="42.20655" lon="1.86078">
        <ele>934.3786577503582</ele>
        <time>2026-09-01T01:13:22.084Z</time>
      </trkpt>
      <trkpt lat="42.206540000000004" lon="1.86067">
        <ele>933.7244859535016</ele>
        <time>2026-09-01T01:13:26.914Z</time>
      </trkpt>
      <trkpt lat="42.206590000000006" lon="1.8605200000000002">
        <ele>933.0051159375628</ele>
        <time>2026-09-01T01:13:34.082Z</time>
      </trkpt>
      <trkpt lat="42.20687" lon="1.8602400000000001">
        <ele>933.5492569163357</ele>
        <time>2026-09-01T01:13:51.131Z</time>
      </trkpt>
      <trkpt lat="42.207080000000005" lon="1.8598400000000002">
        <ele>935.4087127354946</ele>
        <time>2026-09-01T01:14:12.882Z</time>
      </trkpt>
      <trkpt lat="42.207150000000006" lon="1.85962">
        <ele>936.3998449643075</ele>
        <time>2026-09-01T01:14:24.919Z</time>
      </trkpt>
      <trkpt lat="42.20718" lon="1.8593800000000003">
        <ele>939.1099703658983</ele>
        <time>2026-09-01T01:14:37.769Z</time>
      </trkpt>
      <trkpt lat="42.20736" lon="1.85888">
        <ele>942.9834400219409</ele>
        <time>2026-09-01T01:15:06.885Z</time>
      </trkpt>
      <trkpt lat="42.20741" lon="1.8588000000000002">
        <ele>942.2552391981426</ele>
        <time>2026-09-01T01:15:12.072Z</time>
      </trkpt>
      <trkpt lat="42.20731000000001" lon="1.8588500000000001">
        <ele>944.5831743214035</ele>
        <time>2026-09-01T01:15:18.670Z</time>
      </trkpt>
      <trkpt lat="42.20721" lon="1.8590200000000001">
        <ele>944.4762028513935</ele>
        <time>2026-09-01T01:15:28.619Z</time>
      </trkpt>
      <trkpt lat="42.20687" lon="1.8593700000000002">
        <ele>948.5526113376023</ele>
        <time>2026-09-01T01:15:57.305Z</time>
      </trkpt>
      <trkpt lat="42.20674" lon="1.8594600000000001">
        <ele>949.0422350458288</ele>
        <time>2026-09-01T01:16:07.073Z</time>
      </trkpt>
      <trkpt lat="42.20664" lon="1.8594800000000002">
        <ele>949.073547921506</ele>
        <time>2026-09-01T01:16:13.355Z</time>
      </trkpt>
      <trkpt lat="42.20653" lon="1.85942">
        <ele>950.0801491720828</ele>
        <time>2026-09-01T01:16:20.728Z</time>
      </trkpt>
      <trkpt lat="42.206450000000004" lon="1.85935">
        <ele>950.6106074562772</ele>
        <time>2026-09-01T01:16:26.990Z</time>
      </trkpt>
      <trkpt lat="42.20626" lon="1.8590700000000002">
        <ele>953.2766364645372</ele>
        <time>2026-09-01T01:16:45.837Z</time>
      </trkpt>
      <trkpt lat="42.20618" lon="1.8589900000000001">
        <ele>954.0212294108746</ele>
        <time>2026-09-01T01:16:52.488Z</time>
      </trkpt>
      <trkpt lat="42.206070000000004" lon="1.8589700000000002">
        <ele>954.3922606675455</ele>
        <time>2026-09-01T01:16:59.942Z</time>
      </trkpt>
      <trkpt lat="42.205940000000005" lon="1.8589700000000002">
        <ele>955.1218578074222</ele>
        <time>2026-09-01T01:17:08.262Z</time>
      </trkpt>
      <trkpt lat="42.20559" lon="1.85884">
        <ele>958.4329329915149</ele>
        <time>2026-09-01T01:17:32.685Z</time>
      </trkpt>
      <trkpt lat="42.2055" lon="1.8588600000000002">
        <ele>958.7798497847092</ele>
        <time>2026-09-01T01:17:38.921Z</time>
      </trkpt>
      <trkpt lat="42.204710000000006" lon="1.8593000000000002">
        <ele>961.5170318024889</ele>
        <time>2026-09-01T01:18:29.891Z</time>
      </trkpt>
      <trkpt lat="42.20456" lon="1.8592400000000002">
        <ele>960.1173811484417</ele>
        <time>2026-09-01T01:18:37.670Z</time>
      </trkpt>
      <trkpt lat="42.20432" lon="1.85905">
        <ele>957.4173232010085</ele>
        <time>2026-09-01T01:18:47.181Z</time>
      </trkpt>
      <trkpt lat="42.203990000000005" lon="1.8592300000000002">
        <ele>956.8231478404855</ele>
        <time>2026-09-01T01:19:01.223Z</time>
      </trkpt>
      <trkpt lat="42.20376" lon="1.8593300000000001">
        <ele>956.8598498258295</ele>
        <time>2026-09-01T01:19:13.373Z</time>
      </trkpt>
      <trkpt lat="42.20365" lon="1.8592700000000002">
        <ele>956.8319609888139</ele>
        <time>2026-09-01T01:19:19.094Z</time>
      </trkpt>
      <trkpt lat="42.203520000000005" lon="1.85932">
        <ele>955.1967597707711</ele>
        <time>2026-09-01T01:19:25.612Z</time>
      </trkpt>
      <trkpt lat="42.2034" lon="1.8593100000000002">
        <ele>955.7713237124476</ele>
        <time>2026-09-01T01:19:32.517Z</time>
      </trkpt>
      <trkpt lat="42.20324" lon="1.85915">
        <ele>958.156553384538</ele>
        <time>2026-09-01T01:19:46.363Z</time>
      </trkpt>
      <trkpt lat="42.20302" lon="1.8589900000000001">
        <ele>964.1869838095787</ele>
        <time>2026-09-01T01:20:05.298Z</time>
      </trkpt>
      <trkpt lat="42.202870000000004" lon="1.8590700000000002">
        <ele>967.294520824777</ele>
        <time>2026-09-01T01:20:17.432Z</time>
      </trkpt>
      <trkpt lat="42.202670000000005" lon="1.8592300000000002">
        <ele>968.7771252073286</ele>
        <time>2026-09-01T01:20:34.792Z</time>
      </trkpt>
      <trkpt lat="42.20255" lon="1.85928">
        <ele>969.25518940489</ele>
        <time>2026-09-01T01:20:43.668Z</time>
      </trkpt>
      <trkpt lat="42.202310000000004" lon="1.8594400000000002">
        <ele>971.9139103373426</ele>
        <time>2026-09-01T01:21:01.699Z</time>
      </trkpt>
      <trkpt lat="42.20205000000001" lon="1.8597000000000001">
        <ele>973.3538970372052</ele>
        <time>2026-09-01T01:21:22.967Z</time>
      </trkpt>
      <trkpt lat="42.202070000000006" lon="1.8599900000000003">
        <ele>966.7565799614573</ele>
        <time>2026-09-01T01:21:29.449Z</time>
      </trkpt>
      <trkpt lat="42.202040000000004" lon="1.8602800000000002">
        <ele>961.3881211538201</ele>
        <time>2026-09-01T01:21:35.257Z</time>
      </trkpt>
      <trkpt lat="42.20196000000001" lon="1.86051">
        <ele>958.4123462840967</ele>
        <time>2026-09-01T01:21:40.297Z</time>
      </trkpt>
      <trkpt lat="42.20134" lon="1.8609000000000002">
        <ele>952.390280618208</ele>
        <time>2026-09-01T01:22:01.195Z</time>
      </trkpt>
      <trkpt lat="42.201190000000004" lon="1.8610600000000002">
        <ele>951.3470313809745</ele>
        <time>2026-09-01T01:22:09.172Z</time>
      </trkpt>
      <trkpt lat="42.20118" lon="1.86118">
        <ele>952.4049693477664</ele>
        <time>2026-09-01T01:22:14.460Z</time>
      </trkpt>
      <trkpt lat="42.20112" lon="1.86125">
        <ele>953.477747315023</ele>
        <time>2026-09-01T01:22:19.148Z</time>
      </trkpt>
      <trkpt lat="42.20055000000001" lon="1.8613800000000003">
        <ele>967.6709664630396</ele>
        <time>2026-09-01T01:23:02.882Z</time>
      </trkpt>
      <trkpt lat="42.200430000000004" lon="1.8613600000000001">
        <ele>969.1291311343637</ele>
        <time>2026-09-01T01:23:12.204Z</time>
      </trkpt>
      <trkpt lat="42.20028000000001" lon="1.86139">
        <ele>971.2190242657387</ele>
        <time>2026-09-01T01:23:23.093Z</time>
      </trkpt>
      <trkpt lat="42.200100000000006" lon="1.8613600000000001">
        <ele>972.5982611992706</ele>
        <time>2026-09-01T01:23:36.128Z</time>
      </trkpt>
      <trkpt lat="42.19995" lon="1.8613600000000001">
        <ele>974.261747414921</ele>
        <time>2026-09-01T01:23:47.068Z</time>
      </trkpt>
      <trkpt lat="42.199830000000006" lon="1.8614400000000002">
        <ele>976.6398934687321</ele>
        <time>2026-09-01T01:23:56.411Z</time>
      </trkpt>
      <trkpt lat="42.199720000000006" lon="1.86145">
        <ele>977.8887038110893</ele>
        <time>2026-09-01T01:24:04.639Z</time>
      </trkpt>
      <trkpt lat="42.199650000000005" lon="1.8613600000000001">
        <ele>977.3443636809036</ele>
        <time>2026-09-01T01:24:11.853Z</time>
      </trkpt>
      <trkpt lat="42.19946" lon="1.86149">
        <ele>982.7014215051904</ele>
        <time>2026-09-01T01:24:27.960Z</time>
      </trkpt>
      <trkpt lat="42.199360000000006" lon="1.8616400000000002">
        <ele>985.66534485263</ele>
        <time>2026-09-01T01:24:39.226Z</time>
      </trkpt>
      <trkpt lat="42.1993" lon="1.86169">
        <ele>986.8012724224042</ele>
        <time>2026-09-01T01:24:44.615Z</time>
      </trkpt>
      <trkpt lat="42.199180000000005" lon="1.8617100000000002">
        <ele>988.5744990304198</ele>
        <time>2026-09-01T01:24:53.856Z</time>
      </trkpt>
      <trkpt lat="42.1991" lon="1.8616500000000002">
        <ele>990.0076451222678</ele>
        <time>2026-09-01T01:25:00.761Z</time>
      </trkpt>
      <trkpt lat="42.199000000000005" lon="1.8616700000000002">
        <ele>991.441422034186</ele>
        <time>2026-09-01T01:25:08.388Z</time>
      </trkpt>
      <trkpt lat="42.19894" lon="1.8616500000000002">
        <ele>992.1422103194898</ele>
        <time>2026-09-01T01:25:13.006Z</time>
      </trkpt>
      <trkpt lat="42.19852" lon="1.8616000000000001">
        <ele>996.7022300730539</ele>
        <time>2026-09-01T01:25:43.993Z</time>
      </trkpt>
      <trkpt lat="42.197720000000004" lon="1.86145">
        <ele>1005.4836362878043</ele>
        <time>2026-09-01T01:26:41.993Z</time>
      </trkpt>
      <trkpt lat="42.19753" lon="1.86132">
        <ele>1008.770687003175</ele>
        <time>2026-09-01T01:26:57.487Z</time>
      </trkpt>
      <trkpt lat="42.197190000000006" lon="1.8610200000000001">
        <ele>1011.2220282141734</ele>
        <time>2026-09-01T01:27:25.924Z</time>
      </trkpt>
      <trkpt lat="42.19689" lon="1.8609400000000003">
        <ele>1011.705859810748</ele>
        <time>2026-09-01T01:27:45.088Z</time>
      </trkpt>
      <trkpt lat="42.196850000000005" lon="1.8608900000000002">
        <ele>1012.0963195661986</ele>
        <time>2026-09-01T01:27:48.810Z</time>
      </trkpt>
      <trkpt lat="42.19684" lon="1.8608200000000001">
        <ele>1012.6426458618378</ele>
        <time>2026-09-01T01:27:52.416Z</time>
      </trkpt>
      <trkpt lat="42.19686" lon="1.8606300000000002">
        <ele>1015.1857146361212</ele>
        <time>2026-09-01T01:28:02.124Z</time>
      </trkpt>
      <trkpt lat="42.19690000000001" lon="1.8605800000000001">
        <ele>1015.9706664220857</ele>
        <time>2026-09-01T01:28:06.141Z</time>
      </trkpt>
      <trkpt lat="42.19698" lon="1.8605300000000002">
        <ele>1016.8016572116948</ele>
        <time>2026-09-01T01:28:12.616Z</time>
      </trkpt>
      <trkpt lat="42.19715" lon="1.8604800000000001">
        <ele>1018.2238413575197</ele>
        <time>2026-09-01T01:28:25.394Z</time>
      </trkpt>
      <trkpt lat="42.19718" lon="1.8604200000000002">
        <ele>1019.5253086328862</ele>
        <time>2026-09-01T01:28:29.097Z</time>
      </trkpt>
      <trkpt lat="42.19717000000001" lon="1.8603900000000002">
        <ele>1020.0746455147348</ele>
        <time>2026-09-01T01:28:30.780Z</time>
      </trkpt>
      <trkpt lat="42.19711" lon="1.8603500000000002">
        <ele>1020.7101448665545</ele>
        <time>2026-09-01T01:28:35.402Z</time>
      </trkpt>
      <trkpt lat="42.196920000000006" lon="1.86027">
        <ele>1021.6334191338949</ele>
        <time>2026-09-01T01:28:49.556Z</time>
      </trkpt>
      <trkpt lat="42.19684" lon="1.8602500000000002">
        <ele>1021.5296433467532</ele>
        <time>2026-09-01T01:28:55.535Z</time>
      </trkpt>
      <trkpt lat="42.19682" lon="1.86006">
        <ele>1024.4353515182634</ele>
        <time>2026-09-01T01:29:05.984Z</time>
      </trkpt>
      <trkpt lat="42.19671" lon="1.8598100000000002">
        <ele>1028.1846869688509</ele>
        <time>2026-09-01T01:29:21.349Z</time>
      </trkpt>
      <trkpt lat="42.19657" lon="1.85969">
        <ele>1029.0679314797405</ele>
        <time>2026-09-01T01:29:33.479Z</time>
      </trkpt>
      <trkpt lat="42.196270000000005" lon="1.8594800000000002">
        <ele>1030.4001567858236</ele>
        <time>2026-09-01T01:29:56.700Z</time>
      </trkpt>
      <trkpt lat="42.19615" lon="1.8593700000000002">
        <ele>1030.9801731053321</ele>
        <time>2026-09-01T01:30:05.565Z</time>
      </trkpt>
      <trkpt lat="42.1959" lon="1.8589300000000002">
        <ele>1035.1120327360281</ele>
        <time>2026-09-01T01:30:33.897Z</time>
      </trkpt>
      <trkpt lat="42.195840000000004" lon="1.8587500000000001">
        <ele>1037.6332919528381</ele>
        <time>2026-09-01T01:30:44.202Z</time>
      </trkpt>
      <trkpt lat="42.19572" lon="1.85861">
        <ele>1037.8844653756505</ele>
        <time>2026-09-01T01:30:55.411Z</time>
      </trkpt>
      <trkpt lat="42.19558000000001" lon="1.8583500000000002">
        <ele>1040.4417685129733</ele>
        <time>2026-09-01T01:31:11.684Z</time>
      </trkpt>
      <trkpt lat="42.19549000000001" lon="1.8582200000000002">
        <ele>1040.5323011879163</ele>
        <time>2026-09-01T01:31:20.136Z</time>
      </trkpt>
      <trkpt lat="42.195150000000005" lon="1.85779">
        <ele>1039.452161097709</ele>
        <time>2026-09-01T01:31:46.489Z</time>
      </trkpt>
      <trkpt lat="42.19502000000001" lon="1.8576800000000002">
        <ele>1039.8286976649097</ele>
        <time>2026-09-01T01:31:54.928Z</time>
      </trkpt>
      <trkpt lat="42.1948" lon="1.8575300000000001">
        <ele>1041.5698419944815</ele>
        <time>2026-09-01T01:32:09.551Z</time>
      </trkpt>
      <trkpt lat="42.194680000000005" lon="1.85752">
        <ele>1041.0729655757157</ele>
        <time>2026-09-01T01:32:15.355Z</time>
      </trkpt>
      <trkpt lat="42.19444" lon="1.8575800000000002">
        <ele>1038.164995098052</ele>
        <time>2026-09-01T01:32:25.855Z</time>
      </trkpt>
      <trkpt lat="42.19433" lon="1.8575800000000002">
        <ele>1036.884019508753</ele>
        <time>2026-09-01T01:32:29.706Z</time>
      </trkpt>
      <trkpt lat="42.194030000000005" lon="1.8575100000000002">
        <ele>1034.7267347335041</ele>
        <time>2026-09-01T01:32:40.357Z</time>
      </trkpt>
      <trkpt lat="42.193900000000006" lon="1.8575300000000001">
        <ele>1034.120295653097</ele>
        <time>2026-09-01T01:32:45.431Z</time>
      </trkpt>
      <trkpt lat="42.193780000000004" lon="1.85759">
        <ele>1033.911406714717</ele>
        <time>2026-09-01T01:32:50.395Z</time>
      </trkpt>
      <trkpt lat="42.19359" lon="1.85779">
        <ele>1031.807112502737</ele>
        <time>2026-09-01T01:32:59.942Z</time>
      </trkpt>
      <trkpt lat="42.193180000000005" lon="1.8581200000000002">
        <ele>1026.5387969528776</ele>
        <time>2026-09-01T01:33:16.548Z</time>
      </trkpt>
      <trkpt lat="42.193000000000005" lon="1.8581800000000002">
        <ele>1024.8821185411875</ele>
        <time>2026-09-01T01:33:22.665Z</time>
      </trkpt>
      <trkpt lat="42.192840000000004" lon="1.8581800000000002">
        <ele>1023.1966290725597</ele>
        <time>2026-09-01T01:33:27.899Z</time>
      </trkpt>
      <trkpt lat="42.19265" lon="1.85813">
        <ele>1020.7539673946746</ele>
        <time>2026-09-01T01:33:34.143Z</time>
      </trkpt>
      <trkpt lat="42.19247" lon="1.8580500000000002">
        <ele>1018.3896079108572</ele>
        <time>2026-09-01T01:33:40.121Z</time>
      </trkpt>
      <trkpt lat="42.191810000000004" lon="1.8576100000000002">
        <ele>1009.1197065352796</ele>
        <time>2026-09-01T01:34:02.957Z</time>
      </trkpt>
      <trkpt lat="42.19162" lon="1.85715">
        <ele>1005.3113163656185</ele>
        <time>2026-09-01T01:34:15.386Z</time>
      </trkpt>
      <trkpt lat="42.19144" lon="1.8563500000000002">
        <ele>998.3058424785811</ele>
        <time>2026-09-01T01:34:35.665Z</time>
      </trkpt>
      <trkpt lat="42.191390000000006" lon="1.8562500000000002">
        <ele>997.6352556191283</ele>
        <time>2026-09-01T01:34:38.580Z</time>
      </trkpt>
      <trkpt lat="42.19129" lon="1.85613">
        <ele>996.5453352156144</ele>
        <time>2026-09-01T01:34:43.057Z</time>
      </trkpt>
      <trkpt lat="42.191140000000004" lon="1.8560900000000002">
        <ele>994.5289337610399</ele>
        <time>2026-09-01T01:34:47.982Z</time>
      </trkpt>
      <trkpt lat="42.19097" lon="1.8560900000000002">
        <ele>992.1712118318055</ele>
        <time>2026-09-01T01:34:53.457Z</time>
      </trkpt>
      <trkpt lat="42.190400000000004" lon="1.8563600000000002">
        <ele>984.4713090609259</ele>
        <time>2026-09-01T01:35:11.987Z</time>
      </trkpt>
      <trkpt lat="42.190020000000004" lon="1.8565000000000003">
        <ele>979.2989108958939</ele>
        <time>2026-09-01T01:35:24.108Z</time>
      </trkpt>
      <trkpt lat="42.18968" lon="1.8564100000000001">
        <ele>975.3633994701303</ele>
        <time>2026-09-01T01:35:34.934Z</time>
      </trkpt>
      <trkpt lat="42.189370000000004" lon="1.8563600000000002">
        <ele>975.466722503092</ele>
        <time>2026-09-01T01:35:47.886Z</time>
      </trkpt>
      <trkpt lat="42.18927" lon="1.8563300000000003">
        <ele>975.6077515854261</ele>
        <time>2026-09-01T01:35:53.375Z</time>
      </trkpt>
      <trkpt lat="42.188930000000006" lon="1.8561500000000002">
        <ele>975.6656533116654</ele>
        <time>2026-09-01T01:36:12.772Z</time>
      </trkpt>
      <trkpt lat="42.18867" lon="1.85603">
        <ele>974.8460007510323</ele>
        <time>2026-09-01T01:36:26.721Z</time>
      </trkpt>
      <trkpt lat="42.18858" lon="1.8560100000000002">
        <ele>975.1595755732011</ele>
        <time>2026-09-01T01:36:31.170Z</time>
      </trkpt>
      <trkpt lat="42.18845" lon="1.85603">
        <ele>975.4307719776073</ele>
        <time>2026-09-01T01:36:37.552Z</time>
      </trkpt>
      <trkpt lat="42.188320000000004" lon="1.85613">
        <ele>974.7188469434677</ele>
        <time>2026-09-01T01:36:45.242Z</time>
      </trkpt>
      <trkpt lat="42.187810000000006" lon="1.8563600000000002">
        <ele>971.916798876124</ele>
        <time>2026-09-01T01:37:09.356Z</time>
      </trkpt>
      <trkpt lat="42.18768" lon="1.8564">
        <ele>974.6685932783487</ele>
        <time>2026-09-01T01:37:16.886Z</time>
      </trkpt>
      <trkpt lat="42.187540000000006" lon="1.8564800000000001">
        <ele>975.9617718426948</ele>
        <time>2026-09-01T01:37:27.290Z</time>
      </trkpt>
      <trkpt lat="42.187400000000004" lon="1.8564600000000002">
        <ele>976.4906049131018</ele>
        <time>2026-09-01T01:37:36.652Z</time>
      </trkpt>
      <trkpt lat="42.18733" lon="1.8565800000000001">
        <ele>976.2832031980332</ele>
        <time>2026-09-01T01:37:43.337Z</time>
      </trkpt>
      <trkpt lat="42.187250000000006" lon="1.8566500000000001">
        <ele>976.2602571751227</ele>
        <time>2026-09-01T01:37:47.532Z</time>
      </trkpt>
      <trkpt lat="42.18712" lon="1.8565200000000002">
        <ele>974.3065003093811</ele>
        <time>2026-09-01T01:37:53.761Z</time>
      </trkpt>
      <trkpt lat="42.187050000000006" lon="1.85637">
        <ele>971.7964404998588</ele>
        <time>2026-09-01T01:37:58.351Z</time>
      </trkpt>
      <trkpt lat="42.187000000000005" lon="1.8561200000000002">
        <ele>970.361046127691</ele>
        <time>2026-09-01T01:38:04.466Z</time>
      </trkpt>
      <trkpt lat="42.186820000000004" lon="1.8559500000000002">
        <ele>967.0116012283645</ele>
        <time>2026-09-01T01:38:12.267Z</time>
      </trkpt>
      <trkpt lat="42.18679" lon="1.8558700000000001">
        <ele>967.6667380713515</ele>
        <time>2026-09-01T01:38:14.922Z</time>
      </trkpt>
      <trkpt lat="42.18679" lon="1.85569">
        <ele>968.052551609938</ele>
        <time>2026-09-01T01:38:20.386Z</time>
      </trkpt>
      <trkpt lat="42.186890000000005" lon="1.85549">
        <ele>967.4631896089895</ele>
        <time>2026-09-01T01:38:26.942Z</time>
      </trkpt>
      <trkpt lat="42.186910000000005" lon="1.8554100000000002">
        <ele>966.9806580022812</ele>
        <time>2026-09-01T01:38:29.500Z</time>
      </trkpt>
      <trkpt lat="42.186820000000004" lon="1.8552100000000002">
        <ele>964.0039124403058</ele>
        <time>2026-09-01T01:38:36.444Z</time>
      </trkpt>
      <trkpt lat="42.186710000000005" lon="1.8551000000000002">
        <ele>963.1383240135899</ele>
        <time>2026-09-01T01:38:42.078Z</time>
      </trkpt>
      <trkpt lat="42.18663" lon="1.8550900000000001">
        <ele>962.3493626011812</ele>
        <time>2026-09-01T01:38:45.279Z</time>
      </trkpt>
      <trkpt lat="42.186490000000006" lon="1.8550000000000002">
        <ele>962.8395605590265</ele>
        <time>2026-09-01T01:38:51.354Z</time>
      </trkpt>
      <trkpt lat="42.186460000000004" lon="1.85495">
        <ele>963.2889061795396</ele>
        <time>2026-09-01T01:38:53.710Z</time>
      </trkpt>
      <trkpt lat="42.186460000000004" lon="1.85491">
        <ele>963.7129194922486</ele>
        <time>2026-09-01T01:38:55.175Z</time>
      </trkpt>
      <trkpt lat="42.18638000000001" lon="1.8549700000000002">
        <ele>963.0172730077013</ele>
        <time>2026-09-01T01:38:59.667Z</time>
      </trkpt>
      <trkpt lat="42.18629000000001" lon="1.8550700000000002">
        <ele>961.9175396602557</ele>
        <time>2026-09-01T01:39:05.660Z</time>
      </trkpt>
      <trkpt lat="42.18619" lon="1.8550700000000002">
        <ele>963.1100381899927</ele>
        <time>2026-09-01T01:39:10.976Z</time>
      </trkpt>
      <trkpt lat="42.186060000000005" lon="1.8551100000000003">
        <ele>962.8157558976818</ele>
        <time>2026-09-01T01:39:17.878Z</time>
      </trkpt>
      <trkpt lat="42.186" lon="1.8551100000000003">
        <ele>962.8641955611772</ele>
        <time>2026-09-01T01:39:20.789Z</time>
      </trkpt>
      <trkpt lat="42.18587" lon="1.85505">
        <ele>962.7078412623185</ele>
        <time>2026-09-01T01:39:27.442Z</time>
      </trkpt>
      <trkpt lat="42.185660000000006" lon="1.85485">
        <ele>961.7145553226121</ele>
        <time>2026-09-01T01:39:40.680Z</time>
      </trkpt>
      <trkpt lat="42.185390000000005" lon="1.8546500000000001">
        <ele>962.6471546852209</ele>
        <time>2026-09-01T01:39:56.534Z</time>
      </trkpt>
      <trkpt lat="42.18502" lon="1.8543100000000001">
        <ele>962.025238163411</ele>
        <time>2026-09-01T01:40:20.332Z</time>
      </trkpt>
      <trkpt lat="42.18498" lon="1.8542500000000002">
        <ele>962.6632274858616</ele>
        <time>2026-09-01T01:40:23.443Z</time>
      </trkpt>
      <trkpt lat="42.18484" lon="1.8541200000000002">
        <ele>962.5947508091643</ele>
        <time>2026-09-01T01:40:33.286Z</time>
      </trkpt>
      <trkpt lat="42.184430000000006" lon="1.8540100000000002">
        <ele>962.4981652476846</ele>
        <time>2026-09-01T01:40:55.822Z</time>
      </trkpt>
      <trkpt lat="42.183980000000005" lon="1.8537100000000002">
        <ele>964.2025858592173</ele>
        <time>2026-09-01T01:41:24.064Z</time>
      </trkpt>
      <trkpt lat="42.183930000000004" lon="1.85386">
        <ele>962.511470799424</ele>
        <time>2026-09-01T01:41:30.907Z</time>
      </trkpt>
      <trkpt lat="42.183820000000004" lon="1.8538000000000001">
        <ele>963.6000108930721</ele>
        <time>2026-09-01T01:41:37.080Z</time>
      </trkpt>
      <trkpt lat="42.183710000000005" lon="1.85379">
        <ele>963.9435364376192</ele>
        <time>2026-09-01T01:41:42.816Z</time>
      </trkpt>
      <trkpt lat="42.18354" lon="1.8538700000000001">
        <ele>964.1641942878016</ele>
        <time>2026-09-01T01:41:52.431Z</time>
      </trkpt>
      <trkpt lat="42.18336" lon="1.8540800000000002">
        <ele>964.5978105060948</ele>
        <time>2026-09-01T01:42:06.437Z</time>
      </trkpt>
      <trkpt lat="42.183220000000006" lon="1.8542900000000002">
        <ele>964.9973540781816</ele>
        <time>2026-09-01T01:42:18.182Z</time>
      </trkpt>
      <trkpt lat="42.18300000000001" lon="1.8546900000000002">
        <ele>965.3036655986539</ele>
        <time>2026-09-01T01:42:38.653Z</time>
      </trkpt>
      <trkpt lat="42.182930000000006" lon="1.85508">
        <ele>966.1123672526726</ele>
        <time>2026-09-01T01:42:55.333Z</time>
      </trkpt>
      <trkpt lat="42.18285" lon="1.8553400000000002">
        <ele>966.9306669966476</ele>
        <time>2026-09-01T01:43:07.623Z</time>
      </trkpt>
      <trkpt lat="42.182790000000004" lon="1.8554400000000002">
        <ele>967.2180868578681</ele>
        <time>2026-09-01T01:43:13.263Z</time>
      </trkpt>
      <trkpt lat="42.182700000000004" lon="1.85549">
        <ele>967.3482408624757</ele>
        <time>2026-09-01T01:43:19.020Z</time>
      </trkpt>
      <trkpt lat="42.182500000000005" lon="1.8554700000000002">
        <ele>967.9400549943906</ele>
        <time>2026-09-01T01:43:30.883Z</time>
      </trkpt>
      <trkpt lat="42.181940000000004" lon="1.8551700000000002">
        <ele>973.0289445675998</ele>
        <time>2026-09-01T01:44:10.215Z</time>
      </trkpt>
      <trkpt lat="42.181720000000006" lon="1.8551600000000001">
        <ele>975.0633462886127</ele>
        <time>2026-09-01T01:44:25.451Z</time>
      </trkpt>
      <trkpt lat="42.18137" lon="1.8552100000000002">
        <ele>976.881525965064</ele>
        <time>2026-09-01T01:44:48.793Z</time>
      </trkpt>
      <trkpt lat="42.18112" lon="1.85522">
        <ele>977.7764549160121</ele>
        <time>2026-09-01T01:45:04.909Z</time>
      </trkpt>
      <trkpt lat="42.18099" lon="1.85518">
        <ele>979.2215526299852</ele>
        <time>2026-09-01T01:45:13.825Z</time>
      </trkpt>
      <trkpt lat="42.18097" lon="1.85508">
        <ele>980.2179635096845</ele>
        <time>2026-09-01T01:45:18.885Z</time>
      </trkpt>
      <trkpt lat="42.18097" lon="1.8550000000000002">
        <ele>980.3902401721832</ele>
        <time>2026-09-01T01:45:22.915Z</time>
      </trkpt>
      <trkpt lat="42.181020000000004" lon="1.8549200000000001">
        <ele>981.1018863442179</ele>
        <time>2026-09-01T01:45:28.187Z</time>
      </trkpt>
      <trkpt lat="42.18124" lon="1.8549400000000003">
        <ele>982.1985074994298</ele>
        <time>2026-09-01T01:45:43.053Z</time>
      </trkpt>
      <trkpt lat="42.18142" lon="1.85491">
        <ele>983.3320407256067</ele>
        <time>2026-09-01T01:45:55.950Z</time>
      </trkpt>
      <trkpt lat="42.18150000000001" lon="1.85484">
        <ele>984.9623153773159</ele>
        <time>2026-09-01T01:46:02.904Z</time>
      </trkpt>
      <trkpt lat="42.18151" lon="1.8546900000000002">
        <ele>987.6079285466558</ele>
        <time>2026-09-01T01:46:11.264Z</time>
      </trkpt>
      <trkpt lat="42.18141000000001" lon="1.8545000000000003">
        <ele>990.5166382692782</ele>
        <time>2026-09-01T01:46:24.150Z</time>
      </trkpt>
      <trkpt lat="42.18126" lon="1.8543200000000002">
        <ele>993.1216366978447</ele>
        <time>2026-09-01T01:46:39.386Z</time>
      </trkpt>
      <trkpt lat="42.18066" lon="1.8538900000000003">
        <ele>996.4945573561599</ele>
        <time>2026-09-01T01:47:26.207Z</time>
      </trkpt>
      <trkpt lat="42.17994" lon="1.85318">
        <ele>1006.1971042781248</ele>
        <time>2026-09-01T01:48:27.518Z</time>
      </trkpt>
      <trkpt lat="42.1798" lon="1.8529900000000001">
        <ele>1010.3355554296159</ele>
        <time>2026-09-01T01:48:42.299Z</time>
      </trkpt>
      <trkpt lat="42.17978" lon="1.85285">
        <ele>1012.8630319796586</ele>
        <time>2026-09-01T01:48:50.223Z</time>
      </trkpt>
      <trkpt lat="42.17978" lon="1.85268">
        <ele>1015.0764629340102</ele>
        <time>2026-09-01T01:48:59.671Z</time>
      </trkpt>
      <trkpt lat="42.17987" lon="1.85247">
        <ele>1015.3359269582784</ele>
        <time>2026-09-01T01:49:12.829Z</time>
      </trkpt>
      <trkpt lat="42.18000000000001" lon="1.8523300000000003">
        <ele>1015.787842796596</ele>
        <time>2026-09-01T01:49:24.339Z</time>
      </trkpt>
      <trkpt lat="42.180200000000006" lon="1.8521800000000002">
        <ele>1017.3130464046583</ele>
        <time>2026-09-01T01:49:38.581Z</time>
      </trkpt>
      <trkpt lat="42.18032" lon="1.8520600000000003">
        <ele>1018.3443492225618</ele>
        <time>2026-09-01T01:49:48.305Z</time>
      </trkpt>
      <trkpt lat="42.180440000000004" lon="1.8519">
        <ele>1019.6338182322035</ele>
        <time>2026-09-01T01:49:59.957Z</time>
      </trkpt>
      <trkpt lat="42.180550000000004" lon="1.8516700000000001">
        <ele>1022.1998173568724</ele>
        <time>2026-09-01T01:50:14.187Z</time>
      </trkpt>
      <trkpt lat="42.18092" lon="1.8511600000000001">
        <ele>1026.9112003947998</ele>
        <time>2026-09-01T01:50:51.375Z</time>
      </trkpt>
      <trkpt lat="42.181020000000004" lon="1.85098">
        <ele>1028.2539615364906</ele>
        <time>2026-09-01T01:51:03.136Z</time>
      </trkpt>
      <trkpt lat="42.18103000000001" lon="1.85078">
        <ele>1030.3982931541696</ele>
        <time>2026-09-01T01:51:13.834Z</time>
      </trkpt>
      <trkpt lat="42.18086" lon="1.8503600000000002">
        <ele>1033.776163349695</ele>
        <time>2026-09-01T01:51:39.072Z</time>
      </trkpt>
      <trkpt lat="42.180440000000004" lon="1.8494800000000002">
        <ele>1036.9196261371328</ele>
        <time>2026-09-01T01:52:29.215Z</time>
      </trkpt>
      <trkpt lat="42.18016" lon="1.8491000000000002">
        <ele>1037.8073097150627</ele>
        <time>2026-09-01T01:52:53.050Z</time>
      </trkpt>
      <trkpt lat="42.17981" lon="1.8488200000000001">
        <ele>1038.8331126511364</ele>
        <time>2026-09-01T01:53:16.528Z</time>
      </trkpt>
      <trkpt lat="42.17935000000001" lon="1.8485300000000002">
        <ele>1038.261605590682</ele>
        <time>2026-09-01T01:53:43.623Z</time>
      </trkpt>
      <trkpt lat="42.17922" lon="1.8483100000000001">
        <ele>1040.7474660173993</ele>
        <time>2026-09-01T01:53:56.196Z</time>
      </trkpt>
      <trkpt lat="42.17911" lon="1.8480800000000002">
        <ele>1042.1122961531223</ele>
        <time>2026-09-01T01:54:10.421Z</time>
      </trkpt>
      <trkpt lat="42.178630000000005" lon="1.84759">
        <ele>1044.646285697664</ele>
        <time>2026-09-01T01:54:49.897Z</time>
      </trkpt>
      <trkpt lat="42.178270000000005" lon="1.8472700000000002">
        <ele>1047.1825418873696</ele>
        <time>2026-09-01T01:55:17.067Z</time>
      </trkpt>
      <trkpt lat="42.178020000000004" lon="1.8471300000000002">
        <ele>1047.7249186107092</ele>
        <time>2026-09-01T01:55:34.003Z</time>
      </trkpt>
      <trkpt lat="42.17792" lon="1.8469400000000002">
        <ele>1048.734309014455</ele>
        <time>2026-09-01T01:55:45.302Z</time>
      </trkpt>
      <trkpt lat="42.17788" lon="1.8466900000000002">
        <ele>1051.1113890097913</ele>
        <time>2026-09-01T01:55:58.321Z</time>
      </trkpt>
      <trkpt lat="42.17792" lon="1.8465200000000002">
        <ele>1053.51618791212</ele>
        <time>2026-09-01T01:56:07.827Z</time>
      </trkpt>
      <trkpt lat="42.17799" lon="1.84634">
        <ele>1054.7958370884649</ele>
        <time>2026-09-01T01:56:18.612Z</time>
      </trkpt>
      <trkpt lat="42.17804" lon="1.84596">
        <ele>1056.8063048028002</ele>
        <time>2026-09-01T01:56:38.890Z</time>
      </trkpt>
      <trkpt lat="42.17828" lon="1.84546">
        <ele>1058.0933198219682</ele>
        <time>2026-09-01T01:57:06.972Z</time>
      </trkpt>
      <trkpt lat="42.17837" lon="1.84515">
        <ele>1059.5905339335352</ele>
        <time>2026-09-01T01:57:22.654Z</time>
      </trkpt>
      <trkpt lat="42.178360000000005" lon="1.8448900000000001">
        <ele>1061.3754982384626</ele>
        <time>2026-09-01T01:57:35.675Z</time>
      </trkpt>
      <trkpt lat="42.17813" lon="1.8440900000000002">
        <ele>1066.501597098285</ele>
        <time>2026-09-01T01:58:18.932Z</time>
      </trkpt>
      <trkpt lat="42.178110000000004" lon="1.84393">
        <ele>1066.4072851912028</ele>
        <time>2026-09-01T01:58:26.890Z</time>
      </trkpt>
      <trkpt lat="42.178160000000005" lon="1.8433700000000002">
        <ele>1062.9069055594794</ele>
        <time>2026-09-01T01:58:42.845Z</time>
      </trkpt>
      <trkpt lat="42.17831" lon="1.84288">
        <ele>1062.9331338562583</ele>
        <time>2026-09-01T01:58:59.587Z</time>
      </trkpt>
      <trkpt lat="42.17842500195591" lon="1.8422050013595639">
        <ele>1066.9750421504104</ele>
        <time>2026-09-01T01:59:31.512Z</time>
      </trkpt>
      <trkpt lat="42.178540000000005" lon="1.8415300000000001">
        <ele>1069.5592532421329</ele>
        <time>2026-09-01T02:00:05.311Z</time>
      </trkpt>
      <trkpt lat="42.17859000210102" lon="1.8408350004989233">
        <ele>1071.1824227184156</ele>
        <time>2026-09-01T02:00:37.069Z</time>
      </trkpt>
      <trkpt lat="42.17864" lon="1.84014">
        <ele>1074.5560339388442</ele>
        <time>2026-09-01T02:01:09.602Z</time>
      </trkpt>
      <trkpt lat="42.17864" lon="1.83997">
        <ele>1075.6349313904136</ele>
        <time>2026-09-01T02:01:18.064Z</time>
      </trkpt>
      <trkpt lat="42.178540000000005" lon="1.8396800000000002">
        <ele>1077.5769400303147</ele>
        <time>2026-09-01T02:01:34.988Z</time>
      </trkpt>
      <trkpt lat="42.17844" lon="1.8395400000000002">
        <ele>1079.8606557531682</ele>
        <time>2026-09-01T02:01:43.705Z</time>
      </trkpt>
      <trkpt lat="42.17826" lon="1.83953">
        <ele>1078.2663397234885</ele>
        <time>2026-09-01T02:01:54.245Z</time>
      </trkpt>
      <trkpt lat="42.178160000000005" lon="1.8394700000000002">
        <ele>1077.473557756909</ele>
        <time>2026-09-01T02:01:59.336Z</time>
      </trkpt>
      <trkpt lat="42.178000000000004" lon="1.83932">
        <ele>1076.0326328631954</ele>
        <time>2026-09-01T02:02:08.400Z</time>
      </trkpt>
      <trkpt lat="42.17774" lon="1.8391700000000002">
        <ele>1075.7615162741774</ele>
        <time>2026-09-01T02:02:20.052Z</time>
      </trkpt>
      <trkpt lat="42.177670000000006" lon="1.8391000000000002">
        <ele>1074.9001216087877</ele>
        <time>2026-09-01T02:02:23.785Z</time>
      </trkpt>
      <trkpt lat="42.17763" lon="1.8390000000000002">
        <ele>1074.1392766361018</ele>
        <time>2026-09-01T02:02:27.393Z</time>
      </trkpt>
      <trkpt lat="42.17756000000001" lon="1.83841">
        <ele>1073.020741797217</ele>
        <time>2026-09-01T02:02:46.103Z</time>
      </trkpt>
      <trkpt lat="42.17757" lon="1.83844">
        <ele>1073.2650688922924</ele>
        <time>2026-09-01T02:02:46.843Z</time>
      </trkpt>
      <trkpt lat="42.177510000000005" lon="1.8385000000000002">
        <ele>1070.405479350311</ele>
        <time>2026-09-01T02:02:48.837Z</time>
      </trkpt>
      <trkpt lat="42.177400000000006" lon="1.8388000000000002">
        <ele>1063.5469257665297</ele>
        <time>2026-09-01T02:02:55.486Z</time>
      </trkpt>
      <trkpt lat="42.17738000000001" lon="1.83895">
        <ele>1061.645604255616</ele>
        <time>2026-09-01T02:02:58.488Z</time>
      </trkpt>
      <trkpt lat="42.177350000000004" lon="1.83905">
        <ele>1060.1531498812708</ele>
        <time>2026-09-01T02:03:00.593Z</time>
      </trkpt>
      <trkpt lat="42.17723" lon="1.8391400000000002">
        <ele>1055.395408990301</ele>
        <time>2026-09-01T02:03:04.213Z</time>
      </trkpt>
      <trkpt lat="42.17712" lon="1.83905">
        <ele>1049.8999642077515</ele>
        <time>2026-09-01T02:03:07.597Z</time>
      </trkpt>
      <trkpt lat="42.177080000000004" lon="1.8390900000000001">
        <ele>1048.2949080013798</ele>
        <time>2026-09-01T02:03:08.906Z</time>
      </trkpt>
      <trkpt lat="42.176970000000004" lon="1.83929">
        <ele>1042.3508856349722</ele>
        <time>2026-09-01T02:03:13.762Z</time>
      </trkpt>
      <trkpt lat="42.176930000000006" lon="1.83949">
        <ele>1039.1874707846132</ele>
        <time>2026-09-01T02:03:17.797Z</time>
      </trkpt>
      <trkpt lat="42.17672" lon="1.8401">
        <ele>1021.6236978988243</ele>
        <time>2026-09-01T02:03:30.890Z</time>
      </trkpt>
      <trkpt lat="42.176640000000006" lon="1.8401900000000002">
        <ele>1017.0808522238087</ele>
        <time>2026-09-01T02:03:33.615Z</time>
      </trkpt>
      <trkpt lat="42.176610000000004" lon="1.8402800000000001">
        <ele>1015.6587974856008</ele>
        <time>2026-09-01T02:03:35.525Z</time>
      </trkpt>
      <trkpt lat="42.17656" lon="1.8403">
        <ele>1012.9562043153638</ele>
        <time>2026-09-01T02:03:36.887Z</time>
      </trkpt>
      <trkpt lat="42.176520000000004" lon="1.8403800000000001">
        <ele>1010.5598234815924</ele>
        <time>2026-09-01T02:03:38.755Z</time>
      </trkpt>
      <trkpt lat="42.176480000000005" lon="1.8404000000000003">
        <ele>1008.2926748600016</ele>
        <time>2026-09-01T02:03:39.869Z</time>
      </trkpt>
      <trkpt lat="42.17636" lon="1.8403900000000002">
        <ele>1001.425553794429</ele>
        <time>2026-09-01T02:03:43.010Z</time>
      </trkpt>
      <trkpt lat="42.17629" lon="1.8402800000000001">
        <ele>997.9647640266609</ele>
        <time>2026-09-01T02:03:45.819Z</time>
      </trkpt>
      <trkpt lat="42.176190000000005" lon="1.8406500000000001">
        <ele>987.5721822140679</ele>
        <time>2026-09-01T02:03:53.446Z</time>
      </trkpt>
      <trkpt lat="42.17564" lon="1.8414500000000003">
        <ele>943.5812057753686</ele>
        <time>2026-09-01T02:04:14.561Z</time>
      </trkpt>
      <trkpt lat="42.1756" lon="1.8418400000000001">
        <ele>933.0509945089608</ele>
        <time>2026-09-01T02:04:22.178Z</time>
      </trkpt>
      <trkpt lat="42.17544" lon="1.8420400000000001">
        <ele>921.783326384678</ele>
        <time>2026-09-01T02:04:27.873Z</time>
      </trkpt>
      <trkpt lat="42.17531" lon="1.84227">
        <ele>909.950588797162</ele>
        <time>2026-09-01T02:04:33.468Z</time>
      </trkpt>
      <trkpt lat="42.17501" lon="1.84315">
        <ele>881.681485839844</ele>
        <time>2026-09-01T02:04:52.216Z</time>
      </trkpt>
      <trkpt lat="42.174960000000006" lon="1.84339">
        <ele>875.6360903697865</ele>
        <time>2026-09-01T02:04:57.078Z</time>
      </trkpt>
      <trkpt lat="42.17494000000001" lon="1.84359">
        <ele>877.9386808066854</ele>
        <time>2026-09-01T02:05:01.901Z</time>
      </trkpt>
      <trkpt lat="42.17481" lon="1.84417">
        <ele>877.4481001438483</ele>
        <time>2026-09-01T02:05:20.056Z</time>
      </trkpt>
      <trkpt lat="42.1747" lon="1.8441">
        <ele>863.3959474739894</ele>
        <time>2026-09-01T02:05:23.273Z</time>
      </trkpt>
      <trkpt lat="42.174670000000006" lon="1.8440100000000001">
        <ele>858.7716919872005</ele>
        <time>2026-09-01T02:05:25.181Z</time>
      </trkpt>
      <trkpt lat="42.174670000000006" lon="1.8437700000000001">
        <ele>855.119099646767</ele>
        <time>2026-09-01T02:05:29.824Z</time>
      </trkpt>
      <trkpt lat="42.174510000000005" lon="1.8440100000000001">
        <ele>847.4788334821633</ele>
        <time>2026-09-01T02:05:36.070Z</time>
      </trkpt>
      <trkpt lat="42.17436" lon="1.8441600000000002">
        <ele>838.043913693257</ele>
        <time>2026-09-01T02:05:40.963Z</time>
      </trkpt>
      <trkpt lat="42.174150000000004" lon="1.84451">
        <ele>829.556507086047</ele>
        <time>2026-09-01T02:05:49.714Z</time>
      </trkpt>
      <trkpt lat="42.174020000000006" lon="1.8445600000000002">
        <ele>822.7341399992658</ele>
        <time>2026-09-01T02:05:53.314Z</time>
      </trkpt>
      <trkpt lat="42.17389" lon="1.8443">
        <ele>820.2344003975506</ele>
        <time>2026-09-01T02:05:59.780Z</time>
      </trkpt>
      <trkpt lat="42.173750000000005" lon="1.8443300000000002">
        <ele>819.9852259534824</ele>
        <time>2026-09-01T02:06:04.093Z</time>
      </trkpt>
      <trkpt lat="42.173680000000004" lon="1.8444000000000003">
        <ele>821.5865581887649</ele>
        <time>2026-09-01T02:06:08.140Z</time>
      </trkpt>
      <trkpt lat="42.173590000000004" lon="1.8453100000000002">
        <ele>827.1839023921303</ele>
        <time>2026-09-01T02:06:54.246Z</time>
      </trkpt>
      <trkpt lat="42.17353000000001" lon="1.8456400000000002">
        <ele>827.3405234647789</ele>
        <time>2026-09-01T02:07:10.706Z</time>
      </trkpt>
      <trkpt lat="42.17329" lon="1.84596">
        <ele>833.9720966846368</ele>
        <time>2026-09-01T02:07:35.155Z</time>
      </trkpt>
      <trkpt lat="42.17259000000001" lon="1.8464200000000002">
        <ele>845.6494307750235</ele>
        <time>2026-09-01T02:08:34.100Z</time>
      </trkpt>
      <trkpt lat="42.17244" lon="1.84661">
        <ele>844.5263801558111</ele>
        <time>2026-09-01T02:08:48.846Z</time>
      </trkpt>
      <trkpt lat="42.17201" lon="1.84729">
        <ele>839.5149205733292</ele>
        <time>2026-09-01T02:09:13.714Z</time>
      </trkpt>
      <trkpt lat="42.171940000000006" lon="1.84759">
        <ele>838.2344323684431</ele>
        <time>2026-09-01T02:09:23.484Z</time>
      </trkpt>
      <trkpt lat="42.17192" lon="1.84783">
        <ele>839.5473036890081</ele>
        <time>2026-09-01T02:09:32.860Z</time>
      </trkpt>
      <trkpt lat="42.17195" lon="1.8483">
        <ele>836.3819833610656</ele>
        <time>2026-09-01T02:09:47.881Z</time>
      </trkpt>
      <trkpt lat="42.172090000000004" lon="1.8494800000000002">
        <ele>835.4313086704149</ele>
        <time>2026-09-01T02:10:27.387Z</time>
      </trkpt>
      <trkpt lat="42.17237" lon="1.85054">
        <ele>837.6401475248798</ele>
        <time>2026-09-01T02:11:12.353Z</time>
      </trkpt>
      <trkpt lat="42.17239" lon="1.8507200000000001">
        <ele>837.64252745913</ele>
        <time>2026-09-01T02:11:20.715Z</time>
      </trkpt>
      <trkpt lat="42.17237" lon="1.8508700000000002">
        <ele>838.5874609804782</ele>
        <time>2026-09-01T02:11:28.846Z</time>
      </trkpt>
      <trkpt lat="42.172340000000005" lon="1.8509200000000001">
        <ele>840.3849248307961</ele>
        <time>2026-09-01T02:11:32.278Z</time>
      </trkpt>
      <trkpt lat="42.172340000000005" lon="1.8513000000000002">
        <ele>844.0046642244903</ele>
        <time>2026-09-01T02:11:52.487Z</time>
      </trkpt>
      <trkpt lat="42.172380000000004" lon="1.85149">
        <ele>845.4548558902875</ele>
        <time>2026-09-01T02:12:03.306Z</time>
      </trkpt>
      <trkpt lat="42.17257" lon="1.8520900000000002">
        <ele>846.2159940308559</ele>
        <time>2026-09-01T02:12:35.101Z</time>
      </trkpt>
      <trkpt lat="42.172540000000005" lon="1.8523800000000001">
        <ele>848.5496173252934</ele>
        <time>2026-09-01T02:12:48.567Z</time>
      </trkpt>
      <trkpt lat="42.17259000000001" lon="1.8529300000000002">
        <ele>851.4533329455825</ele>
        <time>2026-09-01T02:13:16.815Z</time>
      </trkpt>
      <trkpt lat="42.17266" lon="1.8529700000000002">
        <ele>850.2097228658793</ele>
        <time>2026-09-01T02:13:20.230Z</time>
      </trkpt>
      <trkpt lat="42.172760000000004" lon="1.8531900000000001">
        <ele>848.2629048691556</ele>
        <time>2026-09-01T02:13:26.163Z</time>
      </trkpt>
      <trkpt lat="42.172790000000006" lon="1.8534300000000001">
        <ele>845.8209140356444</ele>
        <time>2026-09-01T02:13:32.659Z</time>
      </trkpt>
      <trkpt lat="42.172720000000005" lon="1.8535500000000003">
        <ele>846.9315265651741</ele>
        <time>2026-09-01T02:13:37.700Z</time>
      </trkpt>
      <trkpt lat="42.17268000000001" lon="1.85376">
        <ele>847.7018741657739</ele>
        <time>2026-09-01T02:13:46.309Z</time>
      </trkpt>
      <trkpt lat="42.172670000000004" lon="1.85393">
        <ele>848.6029950593637</ele>
        <time>2026-09-01T02:13:53.691Z</time>
      </trkpt>
      <trkpt lat="42.172700000000006" lon="1.8542600000000002">
        <ele>847.565002255349</ele>
        <time>2026-09-01T02:14:08.625Z</time>
      </trkpt>
      <trkpt lat="42.17268000000001" lon="1.85444">
        <ele>848.7234137459222</ele>
        <time>2026-09-01T02:14:14.432Z</time>
      </trkpt>
      <trkpt lat="42.172720000000005" lon="1.8545200000000002">
        <ele>847.3570103762193</ele>
        <time>2026-09-01T02:14:17.231Z</time>
      </trkpt>
      <trkpt lat="42.172740000000005" lon="1.85464">
        <ele>846.7045842208925</ele>
        <time>2026-09-01T02:14:20.314Z</time>
      </trkpt>
      <trkpt lat="42.172650000000004" lon="1.8548000000000002">
        <ele>844.3666075734217</ele>
        <time>2026-09-01T02:14:26.354Z</time>
      </trkpt>
      <trkpt lat="42.17251" lon="1.8548600000000002">
        <ele>841.7917758899285</ele>
        <time>2026-09-01T02:14:31.987Z</time>
      </trkpt>
      <trkpt lat="42.172450000000005" lon="1.8548000000000002">
        <ele>844.0077070871977</ele>
        <time>2026-09-01T02:14:34.255Z</time>
      </trkpt>
      <trkpt lat="42.17237" lon="1.8548300000000002">
        <ele>842.6290282726411</ele>
        <time>2026-09-01T02:14:36.730Z</time>
      </trkpt>
      <trkpt lat="42.172180000000004" lon="1.85498">
        <ele>837.0843219739518</ele>
        <time>2026-09-01T02:14:43.461Z</time>
      </trkpt>
      <trkpt lat="42.17201" lon="1.8550300000000002">
        <ele>835.1740183109026</ele>
        <time>2026-09-01T02:14:49.399Z</time>
      </trkpt>
      <trkpt lat="42.1719" lon="1.8549900000000001">
        <ele>837.170623925968</ele>
        <time>2026-09-01T02:14:52.758Z</time>
      </trkpt>
      <trkpt lat="42.17183" lon="1.8550400000000002">
        <ele>834.7321087999414</ele>
        <time>2026-09-01T02:14:55.366Z</time>
      </trkpt>
      <trkpt lat="42.171620000000004" lon="1.8550300000000002">
        <ele>830.8015527724134</ele>
        <time>2026-09-01T02:15:02.286Z</time>
      </trkpt>
      <trkpt lat="42.17156000000001" lon="1.85501">
        <ele>830.3588249667933</ele>
        <time>2026-09-01T02:15:04.227Z</time>
      </trkpt>
      <trkpt lat="42.171290000000006" lon="1.8550200000000001">
        <ele>826.4496756356064</ele>
        <time>2026-09-01T02:15:12.029Z</time>
      </trkpt>
      <trkpt lat="42.171240000000004" lon="1.85505">
        <ele>825.6143250533682</ele>
        <time>2026-09-01T02:15:13.729Z</time>
      </trkpt>
      <trkpt lat="42.17116" lon="1.8550600000000002">
        <ele>826.162605130012</ele>
        <time>2026-09-01T02:15:16.225Z</time>
      </trkpt>
      <trkpt lat="42.17114" lon="1.8551000000000002">
        <ele>824.5067228254424</ele>
        <time>2026-09-01T02:15:17.251Z</time>
      </trkpt>
      <trkpt lat="42.170790000000004" lon="1.8552000000000002">
        <ele>817.2750501084571</ele>
        <time>2026-09-01T02:15:27.127Z</time>
      </trkpt>
      <trkpt lat="42.170730000000006" lon="1.85525">
        <ele>813.3649837471291</ele>
        <time>2026-09-01T02:15:29.016Z</time>
      </trkpt>
      <trkpt lat="42.170660000000005" lon="1.8552400000000002">
        <ele>811.4704467526083</ele>
        <time>2026-09-01T02:15:30.947Z</time>
      </trkpt>
      <trkpt lat="42.17058" lon="1.85512">
        <ele>810.4996404775214</ele>
        <time>2026-09-01T02:15:34.121Z</time>
      </trkpt>
      <trkpt lat="42.17052" lon="1.85484">
        <ele>807.6538182469047</ele>
        <time>2026-09-01T02:15:39.868Z</time>
      </trkpt>
      <trkpt lat="42.17043" lon="1.85488">
        <ele>802.0912476114893</ele>
        <time>2026-09-01T02:15:42.404Z</time>
      </trkpt>
      <trkpt lat="42.170410000000004" lon="1.85478">
        <ele>800.6041077711401</ele>
        <time>2026-09-01T02:15:44.455Z</time>
      </trkpt>
      <trkpt lat="42.17034" lon="1.8546900000000002">
        <ele>795.6635255255653</ele>
        <time>2026-09-01T02:15:47.006Z</time>
      </trkpt>
      <trkpt lat="42.17031" lon="1.8545600000000002">
        <ele>794.6162044277795</ele>
        <time>2026-09-01T02:15:49.667Z</time>
      </trkpt>
      <trkpt lat="42.17024000000001" lon="1.85447">
        <ele>791.7886459440114</ele>
        <time>2026-09-01T02:15:52.214Z</time>
      </trkpt>
      <trkpt lat="42.17013" lon="1.8543800000000001">
        <ele>787.0148031255857</ele>
        <time>2026-09-01T02:15:55.648Z</time>
      </trkpt>
      <trkpt lat="42.170100000000005" lon="1.85427">
        <ele>787.7159589779856</ele>
        <time>2026-09-01T02:15:58.008Z</time>
      </trkpt>
      <trkpt lat="42.17005" lon="1.8542200000000002">
        <ele>786.3624003159033</ele>
        <time>2026-09-01T02:15:59.759Z</time>
      </trkpt>
      <trkpt lat="42.16998" lon="1.8542500000000002">
        <ele>783.3882399659816</ele>
        <time>2026-09-01T02:16:01.799Z</time>
      </trkpt>
      <trkpt lat="42.16995" lon="1.8542200000000002">
        <ele>783.2434310244344</ele>
        <time>2026-09-01T02:16:02.836Z</time>
      </trkpt>
      <trkpt lat="42.169830000000005" lon="1.8542100000000001">
        <ele>782.7605460903809</ele>
        <time>2026-09-01T02:16:06.248Z</time>
      </trkpt>
      <trkpt lat="42.16977000000001" lon="1.85424">
        <ele>781.9600827876793</ele>
        <time>2026-09-01T02:16:08.066Z</time>
      </trkpt>
      <trkpt lat="42.16953" lon="1.8544500000000002">
        <ele>775.7575835511061</ele>
        <time>2026-09-01T02:16:16.197Z</time>
      </trkpt>
      <trkpt lat="42.16946" lon="1.8544600000000002">
        <ele>773.369408523549</ele>
        <time>2026-09-01T02:16:18.181Z</time>
      </trkpt>
      <trkpt lat="42.16926" lon="1.8543">
        <ele>770.9600140411982</ele>
        <time>2026-09-01T02:16:24.613Z</time>
      </trkpt>
      <trkpt lat="42.169200000000004" lon="1.85427">
        <ele>770.0879693697893</ele>
        <time>2026-09-01T02:16:27.042Z</time>
      </trkpt>
      <trkpt lat="42.169090000000004" lon="1.85427">
        <ele>766.779212843262</ele>
        <time>2026-09-01T02:16:31.219Z</time>
      </trkpt>
      <trkpt lat="42.168980000000005" lon="1.8542100000000001">
        <ele>769.3767010045326</ele>
        <time>2026-09-01T02:16:35.928Z</time>
      </trkpt>
      <trkpt lat="42.168870000000005" lon="1.8542100000000001">
        <ele>770.9611108682417</ele>
        <time>2026-09-01T02:16:40.547Z</time>
      </trkpt>
      <trkpt lat="42.168730000000004" lon="1.8543200000000002">
        <ele>768.7411323801737</ele>
        <time>2026-09-01T02:16:47.112Z</time>
      </trkpt>
      <trkpt lat="42.16866" lon="1.8543100000000001">
        <ele>768.6771773723269</ele>
        <time>2026-09-01T02:16:51.130Z</time>
      </trkpt>
      <trkpt lat="42.168580000000006" lon="1.8542800000000002">
        <ele>767.662837252975</ele>
        <time>2026-09-01T02:16:55.194Z</time>
      </trkpt>
      <trkpt lat="42.1685" lon="1.8542100000000001">
        <ele>766.6056043291424</ele>
        <time>2026-09-01T02:16:59.905Z</time>
      </trkpt>
      <trkpt lat="42.16846" lon="1.8541200000000002">
        <ele>768.839001419361</ele>
        <time>2026-09-01T02:17:03.355Z</time>
      </trkpt>
      <trkpt lat="42.16839" lon="1.8541">
        <ele>768.4427765631884</ele>
        <time>2026-09-01T02:17:06.977Z</time>
      </trkpt>
      <trkpt lat="42.16819" lon="1.8541200000000002">
        <ele>768.339336715522</ele>
        <time>2026-09-01T02:17:17.130Z</time>
      </trkpt>
      <trkpt lat="42.16796" lon="1.8542600000000002">
        <ele>758.8804564134574</ele>
        <time>2026-09-01T02:17:24.955Z</time>
      </trkpt>
      <trkpt lat="42.16776" lon="1.8541800000000002">
        <ele>753.4580106839292</ele>
        <time>2026-09-01T02:17:30.432Z</time>
      </trkpt>
      <trkpt lat="42.167530000000006" lon="1.8540400000000001">
        <ele>751.2570375620624</ele>
        <time>2026-09-01T02:17:38.022Z</time>
      </trkpt>
      <trkpt lat="42.167410000000004" lon="1.8539900000000002">
        <ele>750.7483628560318</ele>
        <time>2026-09-01T02:17:41.593Z</time>
      </trkpt>
      <trkpt lat="42.16722" lon="1.8540200000000002">
        <ele>745.2185103559196</ele>
        <time>2026-09-01T02:17:47.401Z</time>
      </trkpt>
      <trkpt lat="42.16715000000001" lon="1.8539900000000002">
        <ele>742.5251915622943</ele>
        <time>2026-09-01T02:17:49.627Z</time>
      </trkpt>
      <trkpt lat="42.167100000000005" lon="1.85386">
        <ele>743.3493880782744</ele>
        <time>2026-09-01T02:17:52.918Z</time>
      </trkpt>
      <trkpt lat="42.167010000000005" lon="1.8537400000000002">
        <ele>742.8004078677593</ele>
        <time>2026-09-01T02:17:56.578Z</time>
      </trkpt>
      <trkpt lat="42.166650000000004" lon="1.8535800000000002">
        <ele>740.5117586888804</ele>
        <time>2026-09-01T02:18:10.941Z</time>
      </trkpt>
      <trkpt lat="42.166500000000006" lon="1.8535400000000002">
        <ele>742.8884014150458</ele>
        <time>2026-09-01T02:18:19.092Z</time>
      </trkpt>
      <trkpt lat="42.166290000000004" lon="1.8536500000000002">
        <ele>743.1590515875467</ele>
        <time>2026-09-01T02:18:34.130Z</time>
      </trkpt>
      <trkpt lat="42.16611" lon="1.85386">
        <ele>738.1112977533346</ele>
        <time>2026-09-01T02:18:44.460Z</time>
      </trkpt>
      <trkpt lat="42.165870000000005" lon="1.854">
        <ele>734.380417840446</ele>
        <time>2026-09-01T02:18:51.707Z</time>
      </trkpt>
      <trkpt lat="42.16574000000001" lon="1.85413">
        <ele>730.5012891157753</ele>
        <time>2026-09-01T02:18:56.250Z</time>
      </trkpt>
      <trkpt lat="42.16546" lon="1.8542900000000002">
        <ele>725.0964906218335</ele>
        <time>2026-09-01T02:19:04.896Z</time>
      </trkpt>
      <trkpt lat="42.165330000000004" lon="1.8543300000000003">
        <ele>723.458013275233</ele>
        <time>2026-09-01T02:19:08.610Z</time>
      </trkpt>
      <trkpt lat="42.16517" lon="1.8544900000000002">
        <ele>718.6220506395492</ele>
        <time>2026-09-01T02:19:14.158Z</time>
      </trkpt>
      <trkpt lat="42.16498" lon="1.8547500000000001">
        <ele>712.180251285082</ele>
        <time>2026-09-01T02:19:21.458Z</time>
      </trkpt>
      <trkpt lat="42.164950000000005" lon="1.8548900000000001">
        <ele>709.002973893153</ele>
        <time>2026-09-01T02:19:24.473Z</time>
      </trkpt>
      <trkpt lat="42.16480000000001" lon="1.85495">
        <ele>708.7319155106998</ele>
        <time>2026-09-01T02:19:28.840Z</time>
      </trkpt>
      <trkpt lat="42.16395000000001" lon="1.8549200000000001">
        <ele>710.0190468460715</ele>
        <time>2026-09-01T02:20:09.395Z</time>
      </trkpt>
      <trkpt lat="42.163830000000004" lon="1.8548700000000002">
        <ele>710.9696842970916</ele>
        <time>2026-09-01T02:20:16.617Z</time>
      </trkpt>
      <trkpt lat="42.16329" lon="1.8550300000000002">
        <ele>711.3815967536053</ele>
        <time>2026-09-01T02:20:48.055Z</time>
      </trkpt>
      <trkpt lat="42.163360000000004" lon="1.8554700000000002">
        <ele>709.0365127630653</ele>
        <time>2026-09-01T02:21:03.781Z</time>
      </trkpt>
      <trkpt lat="42.163230000000006" lon="1.85573">
        <ele>708.7738544731247</ele>
        <time>2026-09-01T02:21:13.536Z</time>
      </trkpt>
      <trkpt lat="42.16297" lon="1.8555100000000002">
        <ele>708.3075906105297</ele>
        <time>2026-09-01T02:21:28.588Z</time>
      </trkpt>
      <trkpt lat="42.16264" lon="1.8551300000000002">
        <ele>707.964193271947</ele>
        <time>2026-09-01T02:21:50.126Z</time>
      </trkpt>
      <trkpt lat="42.16189000000001" lon="1.85485">
        <ele>713.0823977910006</ele>
        <time>2026-09-01T02:22:37.657Z</time>
      </trkpt>
      <trkpt lat="42.16183" lon="1.8547900000000002">
        <ele>714.274127201257</ele>
        <time>2026-09-01T02:22:42.880Z</time>
      </trkpt>
      <trkpt lat="42.16179" lon="1.8546900000000002">
        <ele>715.6569226081804</ele>
        <time>2026-09-01T02:22:49.292Z</time>
      </trkpt>
      <trkpt lat="42.16178" lon="1.85457">
        <ele>717.4170922865646</ele>
        <time>2026-09-01T02:22:56.163Z</time>
      </trkpt>
      <trkpt lat="42.16183" lon="1.8541600000000003">
        <ele>723.8971725729325</ele>
        <time>2026-09-01T02:23:19.794Z</time>
      </trkpt>
      <trkpt lat="42.16174" lon="1.85413">
        <ele>725.6026076204844</ele>
        <time>2026-09-01T02:23:26.990Z</time>
      </trkpt>
      <trkpt lat="42.1617" lon="1.8540100000000002">
        <ele>728.3601599422361</ele>
        <time>2026-09-01T02:23:34.567Z</time>
      </trkpt>
      <trkpt lat="42.16167" lon="1.8538200000000002">
        <ele>733.2908333630747</ele>
        <time>2026-09-01T02:23:45.779Z</time>
      </trkpt>
      <trkpt lat="42.1617" lon="1.8535000000000001">
        <ele>737.5367084674701</ele>
        <time>2026-09-01T02:24:04.396Z</time>
      </trkpt>
      <trkpt lat="42.161640000000006" lon="1.85352">
        <ele>740.7909325508284</ele>
        <time>2026-09-01T02:24:09.182Z</time>
      </trkpt>
      <trkpt lat="42.16145" lon="1.8538500000000002">
        <ele>745.5411084468593</ele>
        <time>2026-09-01T02:24:33.169Z</time>
      </trkpt>
      <trkpt lat="42.16123" lon="1.8543300000000003">
        <ele>746.473322430694</ele>
        <time>2026-09-01T02:25:03.400Z</time>
      </trkpt>
      <trkpt lat="42.16107" lon="1.8545900000000002">
        <ele>746.2423006144546</ele>
        <time>2026-09-01T02:25:17.090Z</time>
      </trkpt>
      <trkpt lat="42.16078" lon="1.85481">
        <ele>750.1791458821378</ele>
        <time>2026-09-01T02:25:38.942Z</time>
      </trkpt>
      <trkpt lat="42.16032500087418" lon="1.8552700033527678">
        <ele>753.6240689957374</ele>
        <time>2026-09-01T02:26:17.928Z</time>
      </trkpt>
      <trkpt lat="42.159870000000005" lon="1.85573">
        <ele>749.0445489830797</ele>
        <time>2026-09-01T02:26:46.280Z</time>
      </trkpt>
      <trkpt lat="42.15957" lon="1.8559200000000002">
        <ele>751.2366976387692</ele>
        <time>2026-09-01T02:27:01.555Z</time>
      </trkpt>
      <trkpt lat="42.15928" lon="1.8561900000000002">
        <ele>757.257725046889</ele>
        <time>2026-09-01T02:27:27.244Z</time>
      </trkpt>
      <trkpt lat="42.158820000000006" lon="1.85667">
        <ele>756.3400267270766</ele>
        <time>2026-09-01T02:28:04.513Z</time>
      </trkpt>
      <trkpt lat="42.15861" lon="1.8567900000000002">
        <ele>761.7551885973285</ele>
        <time>2026-09-01T02:28:19.712Z</time>
      </trkpt>
      <trkpt lat="42.15851000000001" lon="1.8569200000000001">
        <ele>763.8323694900986</ele>
        <time>2026-09-01T02:28:30.406Z</time>
      </trkpt>
      <trkpt lat="42.158300000000004" lon="1.85745">
        <ele>767.3281736569594</ele>
        <time>2026-09-01T02:29:03.411Z</time>
      </trkpt>
      <trkpt lat="42.158080000000005" lon="1.8577400000000002">
        <ele>768.5970428018989</ele>
        <time>2026-09-01T02:29:23.599Z</time>
      </trkpt>
      <trkpt lat="42.157900000000005" lon="1.8579100000000002">
        <ele>768.1260175350787</ele>
        <time>2026-09-01T02:29:34.234Z</time>
      </trkpt>
      <trkpt lat="42.157720000000005" lon="1.85803">
        <ele>766.1414136660628</ele>
        <time>2026-09-01T02:29:42.190Z</time>
      </trkpt>
      <trkpt lat="42.15747" lon="1.85807">
        <ele>765.725349913893</ele>
        <time>2026-09-01T02:29:52.924Z</time>
      </trkpt>
      <trkpt lat="42.15726" lon="1.85807">
        <ele>764.6672219007216</ele>
        <time>2026-09-01T02:30:02.354Z</time>
      </trkpt>
      <trkpt lat="42.157000000000004" lon="1.8579200000000002">
        <ele>763.9794260071086</ele>
        <time>2026-09-01T02:30:14.840Z</time>
      </trkpt>
      <trkpt lat="42.15681" lon="1.85786">
        <ele>758.6113965216723</ele>
        <time>2026-09-01T02:30:20.879Z</time>
      </trkpt>
      <trkpt lat="42.15672" lon="1.8575100000000002">
        <ele>756.1357213441124</ele>
        <time>2026-09-01T02:30:28.724Z</time>
      </trkpt>
      <trkpt lat="42.15668" lon="1.8572100000000002">
        <ele>755.0609602073781</ele>
        <time>2026-09-01T02:30:37.862Z</time>
      </trkpt>
      <trkpt lat="42.15664" lon="1.85705">
        <ele>755.234760024432</ele>
        <time>2026-09-01T02:30:43.102Z</time>
      </trkpt>
      <trkpt lat="42.15655" lon="1.8569600000000002">
        <ele>753.7800209555514</ele>
        <time>2026-09-01T02:30:47.792Z</time>
      </trkpt>
      <trkpt lat="42.156420000000004" lon="1.8569000000000002">
        <ele>753.3387257468718</ele>
        <time>2026-09-01T02:30:53.560Z</time>
      </trkpt>
      <trkpt lat="42.155710000000006" lon="1.85691">
        <ele>749.8897016041833</ele>
        <time>2026-09-01T02:31:23.132Z</time>
      </trkpt>
      <trkpt lat="42.15551000000001" lon="1.8568600000000002">
        <ele>748.0095065190333</ele>
        <time>2026-09-01T02:31:31.194Z</time>
      </trkpt>
      <trkpt lat="42.154920000000004" lon="1.8564300000000002">
        <ele>748.3029985710052</ele>
        <time>2026-09-01T02:32:03.367Z</time>
      </trkpt>
      <trkpt lat="42.15476" lon="1.8564600000000002">
        <ele>749.4704647876646</ele>
        <time>2026-09-01T02:32:11.109Z</time>
      </trkpt>
      <trkpt lat="42.154540000000004" lon="1.8565600000000002">
        <ele>746.0562507211594</ele>
        <time>2026-09-01T02:32:20.364Z</time>
      </trkpt>
      <trkpt lat="42.153690000000005" lon="1.8562400000000001">
        <ele>743.6029028332522</ele>
        <time>2026-09-01T02:32:59.068Z</time>
      </trkpt>
      <trkpt lat="42.15335" lon="1.8558500000000002">
        <ele>748.2491003363398</ele>
        <time>2026-09-01T02:33:24.082Z</time>
      </trkpt>
      <trkpt lat="42.152730000000005" lon="1.8559">
        <ele>754.6274274919391</ele>
        <time>2026-09-01T02:34:08.339Z</time>
      </trkpt>
      <trkpt lat="42.152590000000004" lon="1.85606">
        <ele>754.4517021788191</ele>
        <time>2026-09-01T02:34:20.546Z</time>
      </trkpt>
      <trkpt lat="42.152480000000004" lon="1.85607">
        <ele>754.5225899209759</ele>
        <time>2026-09-01T02:34:26.208Z</time>
      </trkpt>
      <trkpt lat="42.15193500002151" lon="1.8561450006461855">
        <ele>753.7652982299401</ele>
        <time>2026-09-01T02:34:53.491Z</time>
      </trkpt>
      <trkpt lat="42.15140608477205" lon="1.8562177865184193">
        <ele>753.452455127057</ele>
        <time>2026-09-01T02:35:20.010Z</time>
      </trkpt>
      <trkpt lat="42.151390000000006" lon="1.8562200000000002">
        <ele>753.5375974601698</ele>
        <time>2026-09-01T02:35:20.885Z</time>
      </trkpt>
      <trkpt lat="42.150980000000004" lon="1.8562400000000001">
        <ele>754.5605360718266</ele>
        <time>2026-09-01T02:35:44.759Z</time>
      </trkpt>
      <trkpt lat="42.150850000000005" lon="1.85654">
        <ele>751.3779797949927</ele>
        <time>2026-09-01T02:35:56.417Z</time>
      </trkpt>
      <trkpt lat="42.1507" lon="1.85674">
        <ele>748.4379563313204</ele>
        <time>2026-09-01T02:36:02.880Z</time>
      </trkpt>
      <trkpt lat="42.150380000000006" lon="1.85644">
        <ele>747.6377009651075</ele>
        <time>2026-09-01T02:36:18.055Z</time>
      </trkpt>
      <trkpt lat="42.15023" lon="1.85664">
        <ele>746.3220846337535</ele>
        <time>2026-09-01T02:36:27.360Z</time>
      </trkpt>
      <trkpt lat="42.150150000000004" lon="1.8566900000000002">
        <ele>745.9864604031004</ele>
        <time>2026-09-01T02:36:31.912Z</time>
      </trkpt>
      <trkpt lat="42.150000000000006" lon="1.85654">
        <ele>747.600932533492</ele>
        <time>2026-09-01T02:36:41.553Z</time>
      </trkpt>
      <trkpt lat="42.149950000000004" lon="1.8563500000000002">
        <ele>747.4840889265205</ele>
        <time>2026-09-01T02:36:48.921Z</time>
      </trkpt>
      <trkpt lat="42.15001" lon="1.85617">
        <ele>745.9914519739428</ele>
        <time>2026-09-01T02:36:56.277Z</time>
      </trkpt>
      <trkpt lat="42.150110000000005" lon="1.85603">
        <ele>745.4327381431992</ele>
        <time>2026-09-01T02:37:02.613Z</time>
      </trkpt>
      <trkpt lat="42.15017" lon="1.85593">
        <ele>745.6565599232682</ele>
        <time>2026-09-01T02:37:06.956Z</time>
      </trkpt>
      <trkpt lat="42.15025000000001" lon="1.8556400000000002">
        <ele>745.3822823777539</ele>
        <time>2026-09-01T02:37:17.147Z</time>
      </trkpt>
      <trkpt lat="42.150310000000005" lon="1.8552100000000002">
        <ele>745.8873132395735</ele>
        <time>2026-09-01T02:37:34.613Z</time>
      </trkpt>
      <trkpt lat="42.15032" lon="1.8550300000000002">
        <ele>745.8893833252702</ele>
        <time>2026-09-01T02:37:41.945Z</time>
      </trkpt>
      <trkpt lat="42.15014" lon="1.8542900000000002">
        <ele>745.5411238252552</ele>
        <time>2026-09-01T02:38:11.426Z</time>
      </trkpt>
      <trkpt lat="42.1501" lon="1.8540200000000002">
        <ele>744.4728772388713</ele>
        <time>2026-09-01T02:38:21.944Z</time>
      </trkpt>
      <trkpt lat="42.150040000000004" lon="1.8537800000000002">
        <ele>745.6111205335696</ele>
        <time>2026-09-01T02:38:34.373Z</time>
      </trkpt>
      <trkpt lat="42.150040000000004" lon="1.85356">
        <ele>749.2346702265465</ele>
        <time>2026-09-01T02:38:44.225Z</time>
      </trkpt>
      <trkpt lat="42.149980000000006" lon="1.8533600000000001">
        <ele>750.1771622759809</ele>
        <time>2026-09-01T02:38:54.772Z</time>
      </trkpt>
      <trkpt lat="42.1499" lon="1.85325">
        <ele>748.5402354240815</ele>
        <time>2026-09-01T02:39:02.341Z</time>
      </trkpt>
      <trkpt lat="42.149820000000005" lon="1.85271">
        <ele>748.3299332984666</ele>
        <time>2026-09-01T02:39:26.651Z</time>
      </trkpt>
      <trkpt lat="42.14976" lon="1.8524900000000002">
        <ele>748.1224653535246</ele>
        <time>2026-09-01T02:39:35.038Z</time>
      </trkpt>
      <trkpt lat="42.149640000000005" lon="1.85227">
        <ele>747.2127789691257</ele>
        <time>2026-09-01T02:39:42.940Z</time>
      </trkpt>
      <trkpt lat="42.1495" lon="1.8520800000000002">
        <ele>744.7778121125813</ele>
        <time>2026-09-01T02:39:50.568Z</time>
      </trkpt>
      <trkpt lat="42.149370000000005" lon="1.8519400000000001">
        <ele>743.484964990982</ele>
        <time>2026-09-01T02:39:56.533Z</time>
      </trkpt>
      <trkpt lat="42.149080000000005" lon="1.8515700000000002">
        <ele>739.3495115241867</ele>
        <time>2026-09-01T02:40:09.781Z</time>
      </trkpt>
      <trkpt lat="42.149010000000004" lon="1.85139">
        <ele>738.5660102210321</ele>
        <time>2026-09-01T02:40:15.241Z</time>
      </trkpt>
      <trkpt lat="42.14893" lon="1.8512600000000001">
        <ele>738.1415494129106</ele>
        <time>2026-09-01T02:40:20.325Z</time>
      </trkpt>
      <trkpt lat="42.14871" lon="1.8510300000000002">
        <ele>736.4029102744071</ele>
        <time>2026-09-01T02:40:31.813Z</time>
      </trkpt>
      <trkpt lat="42.14865" lon="1.8509200000000001">
        <ele>736.0979848787312</ele>
        <time>2026-09-01T02:40:36.244Z</time>
      </trkpt>
      <trkpt lat="42.148430000000005" lon="1.8508200000000001">
        <ele>735.8193659090998</ele>
        <time>2026-09-01T02:40:46.600Z</time>
      </trkpt>
      <trkpt lat="42.148270000000004" lon="1.8508200000000001">
        <ele>735.5711970156701</ele>
        <time>2026-09-01T02:40:54.206Z</time>
      </trkpt>
      <trkpt lat="42.14817" lon="1.85078">
        <ele>736.4764141261928</ele>
        <time>2026-09-01T02:40:58.832Z</time>
      </trkpt>
      <trkpt lat="42.14806" lon="1.85071">
        <ele>734.9599515401334</ele>
        <time>2026-09-01T02:41:03.984Z</time>
      </trkpt>
      <trkpt lat="42.14795" lon="1.8505600000000002">
        <ele>733.4275326106157</ele>
        <time>2026-09-01T02:41:10.610Z</time>
      </trkpt>
      <trkpt lat="42.14782" lon="1.8502">
        <ele>735.2083127571202</ele>
        <time>2026-09-01T02:41:25.604Z</time>
      </trkpt>
      <trkpt lat="42.147740000000006" lon="1.8500600000000003">
        <ele>734.9855028847188</ele>
        <time>2026-09-01T02:41:33.098Z</time>
      </trkpt>
      <trkpt lat="42.14761" lon="1.84993">
        <ele>734.6961440210049</ele>
        <time>2026-09-01T02:41:42.352Z</time>
      </trkpt>
      <trkpt lat="42.147330000000004" lon="1.84973">
        <ele>733.8164039176847</ele>
        <time>2026-09-01T02:42:01.305Z</time>
      </trkpt>
      <trkpt lat="42.147290000000005" lon="1.8497200000000003">
        <ele>735.7683638743719</ele>
        <time>2026-09-01T02:42:03.957Z</time>
      </trkpt>
      <trkpt lat="42.147240000000004" lon="1.8497500000000002">
        <ele>737.5659967409014</ele>
        <time>2026-09-01T02:42:07.335Z</time>
      </trkpt>
      <trkpt lat="42.14719" lon="1.8499">
        <ele>739.1052414849848</ele>
        <time>2026-09-01T02:42:14.862Z</time>
      </trkpt>
      <trkpt lat="42.14719" lon="1.8500400000000001">
        <ele>738.5721624801664</ele>
        <time>2026-09-01T02:42:22.100Z</time>
      </trkpt>
      <trkpt lat="42.147220000000004" lon="1.85023">
        <ele>738.0268719759234</ele>
        <time>2026-09-01T02:42:32.143Z</time>
      </trkpt>
      <trkpt lat="42.14739" lon="1.8506200000000002">
        <ele>734.9711677926332</ele>
        <time>2026-09-01T02:42:48.877Z</time>
      </trkpt>
      <trkpt lat="42.14741" lon="1.8507000000000002">
        <ele>734.9565710134248</ele>
        <time>2026-09-01T02:42:51.311Z</time>
      </trkpt>
      <trkpt lat="42.14741" lon="1.8508000000000002">
        <ele>735.0753829743069</ele>
        <time>2026-09-01T02:42:55.134Z</time>
      </trkpt>
      <trkpt lat="42.147240000000004" lon="1.8512300000000002">
        <ele>737.8014674180009</ele>
        <time>2026-09-01T02:43:18.434Z</time>
      </trkpt>
      <trkpt lat="42.147200000000005" lon="1.8517700000000001">
        <ele>737.2328038433616</ele>
        <time>2026-09-01T02:43:41.953Z</time>
      </trkpt>
      <trkpt lat="42.14715" lon="1.8520600000000003">
        <ele>739.0293865591568</ele>
        <time>2026-09-01T02:43:54.623Z</time>
      </trkpt>
      <trkpt lat="42.14715" lon="1.8522200000000002">
        <ele>739.4658263645742</ele>
        <time>2026-09-01T02:44:01.737Z</time>
      </trkpt>
      <trkpt lat="42.147200000000005" lon="1.8524900000000002">
        <ele>739.095765198581</ele>
        <time>2026-09-01T02:44:13.428Z</time>
      </trkpt>
      <trkpt lat="42.14721" lon="1.8526900000000002">
        <ele>738.5663865880615</ele>
        <time>2026-09-01T02:44:20.438Z</time>
      </trkpt>
      <trkpt lat="42.14716000000001" lon="1.8528600000000002">
        <ele>737.1733347122893</ele>
        <time>2026-09-01T02:44:26.970Z</time>
      </trkpt>
      <trkpt lat="42.14706" lon="1.85295">
        <ele>737.4459356614489</ele>
        <time>2026-09-01T02:44:32.770Z</time>
      </trkpt>
      <trkpt lat="42.147020000000005" lon="1.85288">
        <ele>738.2976189414898</ele>
        <time>2026-09-01T02:44:36.607Z</time>
      </trkpt>
      <trkpt lat="42.146930000000005" lon="1.8524300000000002">
        <ele>741.3533792744972</ele>
        <time>2026-09-01T02:44:57.884Z</time>
      </trkpt>
      <trkpt lat="42.146820000000005" lon="1.8521600000000003">
        <ele>744.0227494041071</ele>
        <time>2026-09-01T02:45:14.148Z</time>
      </trkpt>
      <trkpt lat="42.146530000000006" lon="1.8513000000000002">
        <ele>755.8586080958582</ele>
        <time>2026-09-01T02:46:06.917Z</time>
      </trkpt>
      <trkpt lat="42.14641" lon="1.8511100000000003">
        <ele>758.6542989370292</ele>
        <time>2026-09-01T02:46:20.815Z</time>
      </trkpt>
      <trkpt lat="42.14621" lon="1.8509600000000002">
        <ele>760.9371795180142</ele>
        <time>2026-09-01T02:46:37.354Z</time>
      </trkpt>
      <trkpt lat="42.14611" lon="1.85091">
        <ele>761.5340875054167</ele>
        <time>2026-09-01T02:46:45.062Z</time>
      </trkpt>
      <trkpt lat="42.146040000000006" lon="1.85081">
        <ele>762.9053220933185</ele>
        <time>2026-09-01T02:46:52.625Z</time>
      </trkpt>
      <trkpt lat="42.14591" lon="1.8505200000000002">
        <ele>768.0554954317445</ele>
        <time>2026-09-01T02:47:11.262Z</time>
      </trkpt>
      <trkpt lat="42.145720000000004" lon="1.85024">
        <ele>771.3621611581403</ele>
        <time>2026-09-01T02:47:31.891Z</time>
      </trkpt>
      <trkpt lat="42.14567" lon="1.8502500000000002">
        <ele>770.08721411543</ele>
        <time>2026-09-01T02:47:34.602Z</time>
      </trkpt>
      <trkpt lat="42.14538" lon="1.8501200000000002">
        <ele>768.4455609845127</ele>
        <time>2026-09-01T02:47:50.992Z</time>
      </trkpt>
      <trkpt lat="42.1452" lon="1.8501900000000002">
        <ele>768.2338548088865</ele>
        <time>2026-09-01T02:47:58.701Z</time>
      </trkpt>
      <trkpt lat="42.14515" lon="1.8502500000000002">
        <ele>768.2964038540977</ele>
        <time>2026-09-01T02:48:02.230Z</time>
      </trkpt>
      <trkpt lat="42.145030000000006" lon="1.8504800000000001">
        <ele>768.5516213973079</ele>
        <time>2026-09-01T02:48:13.227Z</time>
      </trkpt>
      <trkpt lat="42.144940000000005" lon="1.85091">
        <ele>765.9464323317846</ele>
        <time>2026-09-01T02:48:27.696Z</time>
      </trkpt>
      <trkpt lat="42.14493" lon="1.8510700000000002">
        <ele>764.1602178165315</ele>
        <time>2026-09-01T02:48:34.307Z</time>
      </trkpt>
      <trkpt lat="42.14497" lon="1.8514000000000002">
        <ele>769.5486285294073</ele>
        <time>2026-09-01T02:48:52.564Z</time>
      </trkpt>
      <trkpt lat="42.145030000000006" lon="1.8515400000000002">
        <ele>774.1155797667368</ele>
        <time>2026-09-01T02:49:01.393Z</time>
      </trkpt>
      <trkpt lat="42.14509" lon="1.8516000000000001">
        <ele>773.196394258497</ele>
        <time>2026-09-01T02:49:05.363Z</time>
      </trkpt>
      <trkpt lat="42.145340000000004" lon="1.85176">
        <ele>765.2924306390025</ele>
        <time>2026-09-01T02:49:20.071Z</time>
      </trkpt>
      <trkpt lat="42.1454" lon="1.85186">
        <ele>764.4911533815202</ele>
        <time>2026-09-01T02:49:22.638Z</time>
      </trkpt>
      <trkpt lat="42.14544" lon="1.8520500000000002">
        <ele>761.44762864815</ele>
        <time>2026-09-01T02:49:26.580Z</time>
      </trkpt>
      <trkpt lat="42.14544" lon="1.85224">
        <ele>757.2286990353125</ele>
        <time>2026-09-01T02:49:30.419Z</time>
      </trkpt>
      <trkpt lat="42.14533" lon="1.8527200000000001">
        <ele>754.4667001033496</ele>
        <time>2026-09-01T02:49:41.513Z</time>
      </trkpt>
      <trkpt lat="42.14533" lon="1.8532100000000002">
        <ele>745.1923177811731</ele>
        <time>2026-09-01T02:49:51.945Z</time>
      </trkpt>
      <trkpt lat="42.14526" lon="1.8533700000000002">
        <ele>743.0674423030791</ele>
        <time>2026-09-01T02:49:55.658Z</time>
      </trkpt>
      <trkpt lat="42.14493" lon="1.8538900000000003">
        <ele>743.2495030590521</ele>
        <time>2026-09-01T02:50:18.648Z</time>
      </trkpt>
      <trkpt lat="42.144850000000005" lon="1.85406">
        <ele>745.729971694144</ele>
        <time>2026-09-01T02:50:27.801Z</time>
      </trkpt>
      <trkpt lat="42.14472000000001" lon="1.85464">
        <ele>743.0015499480718</ele>
        <time>2026-09-01T02:50:50.816Z</time>
      </trkpt>
      <trkpt lat="42.14459" lon="1.85491">
        <ele>743.4219214099122</ele>
        <time>2026-09-01T02:51:02.581Z</time>
      </trkpt>
      <trkpt lat="42.144540000000006" lon="1.8550600000000002">
        <ele>744.7209753826512</ele>
        <time>2026-09-01T02:51:10.729Z</time>
      </trkpt>
      <trkpt lat="42.14448" lon="1.85542">
        <ele>747.465909861271</ele>
        <time>2026-09-01T02:51:29.010Z</time>
      </trkpt>
      <trkpt lat="42.14448" lon="1.8559800000000002">
        <ele>747.0195251393288</ele>
        <time>2026-09-01T02:51:54.793Z</time>
      </trkpt>
      <trkpt lat="42.14437" lon="1.85684">
        <ele>745.1333390285661</ele>
        <time>2026-09-01T02:52:25.278Z</time>
      </trkpt>
      <trkpt lat="42.14424" lon="1.85742">
        <ele>743.9336137923337</ele>
        <time>2026-09-01T02:52:45.823Z</time>
      </trkpt>
      <trkpt lat="42.14423" lon="1.8579200000000002">
        <ele>740.9189432613011</ele>
        <time>2026-09-01T02:53:01.002Z</time>
      </trkpt>
      <trkpt lat="42.144200000000005" lon="1.8580500000000002">
        <ele>740.46336910543</ele>
        <time>2026-09-01T02:53:04.738Z</time>
      </trkpt>
      <trkpt lat="42.144130000000004" lon="1.8582100000000001">
        <ele>740.0235326901636</ele>
        <time>2026-09-01T02:53:10.011Z</time>
      </trkpt>
      <trkpt lat="42.14405" lon="1.85834">
        <ele>738.4955292516335</ele>
        <time>2026-09-01T02:53:15.041Z</time>
      </trkpt>
      <trkpt lat="42.14396000000001" lon="1.8584100000000001">
        <ele>737.8248704415553</ele>
        <time>2026-09-01T02:53:19.213Z</time>
      </trkpt>
      <trkpt lat="42.14388" lon="1.85844">
        <ele>737.8626754002511</ele>
        <time>2026-09-01T02:53:22.875Z</time>
      </trkpt>
      <trkpt lat="42.14359" lon="1.8584600000000002">
        <ele>737.824053314658</ele>
        <time>2026-09-01T02:53:35.146Z</time>
      </trkpt>
      <trkpt lat="42.143440000000005" lon="1.8584100000000001">
        <ele>736.6476724116843</ele>
        <time>2026-09-01T02:53:42.184Z</time>
      </trkpt>
      <trkpt lat="42.14325" lon="1.8582800000000002">
        <ele>735.6793099592774</ele>
        <time>2026-09-01T02:53:52.036Z</time>
      </trkpt>
      <trkpt lat="42.14314" lon="1.85813">
        <ele>735.7582367612937</ele>
        <time>2026-09-01T02:53:59.448Z</time>
      </trkpt>
      <trkpt lat="42.143080000000005" lon="1.8579900000000003">
        <ele>736.4873485358788</ele>
        <time>2026-09-01T02:54:06.563Z</time>
      </trkpt>
      <trkpt lat="42.142990000000005" lon="1.8576300000000001">
        <ele>739.0550971237027</ele>
        <time>2026-09-01T02:54:25.637Z</time>
      </trkpt>
      <trkpt lat="42.142950000000006" lon="1.8575500000000003">
        <ele>739.5783870424021</ele>
        <time>2026-09-01T02:54:30.897Z</time>
      </trkpt>
      <trkpt lat="42.142860000000006" lon="1.8575100000000002">
        <ele>741.1907511861548</ele>
        <time>2026-09-01T02:54:37.940Z</time>
      </trkpt>
      <trkpt lat="42.14275000000001" lon="1.85756">
        <ele>745.7268860434258</ele>
        <time>2026-09-01T02:54:45.871Z</time>
      </trkpt>
      <trkpt lat="42.142680000000006" lon="1.8577500000000002">
        <ele>746.4968089919876</ele>
        <time>2026-09-01T02:54:56.499Z</time>
      </trkpt>
      <trkpt lat="42.14266000000001" lon="1.85796">
        <ele>743.536849398389</ele>
        <time>2026-09-01T02:55:07.946Z</time>
      </trkpt>
      <trkpt lat="42.14258" lon="1.8583">
        <ele>749.4143723689742</ele>
        <time>2026-09-01T02:55:27.187Z</time>
      </trkpt>
      <trkpt lat="42.142680000000006" lon="1.8592100000000003">
        <ele>746.5551095141394</ele>
        <time>2026-09-01T02:56:02.878Z</time>
      </trkpt>
      <trkpt lat="42.142590000000006" lon="1.8594600000000001">
        <ele>745.0667460332226</ele>
        <time>2026-09-01T02:56:11.408Z</time>
      </trkpt>
      <trkpt lat="42.142070000000004" lon="1.8603">
        <ele>744.2642604171366</ele>
        <time>2026-09-01T02:56:49.532Z</time>
      </trkpt>
      <trkpt lat="42.142010000000006" lon="1.8603600000000002">
        <ele>744.2424043225062</ele>
        <time>2026-09-01T02:56:53.144Z</time>
      </trkpt>
      <trkpt lat="42.14173" lon="1.86054">
        <ele>743.0943288985285</ele>
        <time>2026-09-01T02:57:07.176Z</time>
      </trkpt>
      <trkpt lat="42.1415" lon="1.8606300000000002">
        <ele>743.5467414941925</ele>
        <time>2026-09-01T02:57:19.682Z</time>
      </trkpt>
      <trkpt lat="42.14144" lon="1.8606900000000002">
        <ele>744.269968805939</ele>
        <time>2026-09-01T02:57:24.213Z</time>
      </trkpt>
      <trkpt lat="42.140930000000004" lon="1.8614400000000002">
        <ele>744.4078275951108</ele>
        <time>2026-09-01T02:58:05.770Z</time>
      </trkpt>
      <trkpt lat="42.140890000000006" lon="1.86156">
        <ele>745.0524371326838</ele>
        <time>2026-09-01T02:58:11.268Z</time>
      </trkpt>
      <trkpt lat="42.14092" lon="1.86173">
        <ele>746.684983716553</ele>
        <time>2026-09-01T02:58:19.779Z</time>
      </trkpt>
      <trkpt lat="42.14096000000001" lon="1.8618100000000002">
        <ele>747.0794066203692</ele>
        <time>2026-09-01T02:58:24.168Z</time>
      </trkpt>
      <trkpt lat="42.14106" lon="1.8619400000000002">
        <ele>746.398739433867</ele>
        <time>2026-09-01T02:58:32.689Z</time>
      </trkpt>
      <trkpt lat="42.141070000000006" lon="1.8620400000000001">
        <ele>747.6662289832714</ele>
        <time>2026-09-01T02:58:37.369Z</time>
      </trkpt>
      <trkpt lat="42.14115" lon="1.8621900000000002">
        <ele>747.0526520972776</ele>
        <time>2026-09-01T02:58:45.860Z</time>
      </trkpt>
      <trkpt lat="42.14114" lon="1.86234">
        <ele>747.9583588402666</ele>
        <time>2026-09-01T02:58:51.827Z</time>
      </trkpt>
      <trkpt lat="42.14103" lon="1.8627300000000002">
        <ele>747.1306860522311</ele>
        <time>2026-09-01T02:59:08.814Z</time>
      </trkpt>
      <trkpt lat="42.14083" lon="1.8631300000000002">
        <ele>746.6740155532138</ele>
        <time>2026-09-01T02:59:26.666Z</time>
      </trkpt>
      <trkpt lat="42.140800000000006" lon="1.8632400000000002">
        <ele>746.2037059187796</ele>
        <time>2026-09-01T02:59:30.753Z</time>
      </trkpt>
      <trkpt lat="42.14079" lon="1.8633800000000003">
        <ele>745.5910328045208</ele>
        <time>2026-09-01T02:59:35.657Z</time>
      </trkpt>
      <trkpt lat="42.14076" lon="1.8634700000000002">
        <ele>745.7424131075959</ele>
        <time>2026-09-01T02:59:38.822Z</time>
      </trkpt>
      <trkpt lat="42.140550000000005" lon="1.86379">
        <ele>744.36806785452</ele>
        <time>2026-09-01T02:59:52.530Z</time>
      </trkpt>
      <trkpt lat="42.14025" lon="1.86396">
        <ele>744.6243618392351</ele>
        <time>2026-09-01T03:00:08.489Z</time>
      </trkpt>
      <trkpt lat="42.14012" lon="1.8640900000000002">
        <ele>746.3271843808834</ele>
        <time>2026-09-01T03:00:17.721Z</time>
      </trkpt>
      <trkpt lat="42.13994" lon="1.8643800000000001">
        <ele>745.9711565089244</ele>
        <time>2026-09-01T03:00:33.972Z</time>
      </trkpt>
      <trkpt lat="42.139860000000006" lon="1.86447">
        <ele>745.9852891187157</ele>
        <time>2026-09-01T03:00:38.492Z</time>
      </trkpt>
      <trkpt lat="42.139720000000004" lon="1.8645800000000001">
        <ele>744.7856467971915</ele>
        <time>2026-09-01T03:00:44.540Z</time>
      </trkpt>
      <trkpt lat="42.13964" lon="1.86461">
        <ele>742.919410488343</ele>
        <time>2026-09-01T03:00:47.762Z</time>
      </trkpt>
      <trkpt lat="42.13956" lon="1.86461">
        <ele>741.2202293998306</ele>
        <time>2026-09-01T03:00:50.866Z</time>
      </trkpt>
      <trkpt lat="42.1394" lon="1.8645300000000002">
        <ele>742.1901526420484</ele>
        <time>2026-09-01T03:00:57.884Z</time>
      </trkpt>
      <trkpt lat="42.13918" lon="1.8644900000000002">
        <ele>741.8335127819123</ele>
        <time>2026-09-01T03:01:06.896Z</time>
      </trkpt>
      <trkpt lat="42.13881000000001" lon="1.8642800000000002">
        <ele>742.7619630888454</ele>
        <time>2026-09-01T03:01:29.662Z</time>
      </trkpt>
      <trkpt lat="42.138670000000005" lon="1.8641800000000002">
        <ele>742.009058794274</ele>
        <time>2026-09-01T03:01:36.731Z</time>
      </trkpt>
      <trkpt lat="42.138560000000005" lon="1.8640400000000001">
        <ele>739.470924169251</ele>
        <time>2026-09-01T03:01:41.695Z</time>
      </trkpt>
      <trkpt lat="42.138380000000005" lon="1.8637100000000002">
        <ele>740.3187991654305</ele>
        <time>2026-09-01T03:01:54.828Z</time>
      </trkpt>
      <trkpt lat="42.13826" lon="1.8635800000000002">
        <ele>741.7734189225929</ele>
        <time>2026-09-01T03:02:04.792Z</time>
      </trkpt>
      <trkpt lat="42.138130000000004" lon="1.86349">
        <ele>742.983872078285</ele>
        <time>2026-09-01T03:02:11.016Z</time>
      </trkpt>
      <trkpt lat="42.137980000000006" lon="1.8634400000000002">
        <ele>738.3673200408681</ele>
        <time>2026-09-01T03:02:17.597Z</time>
      </trkpt>
      <trkpt lat="42.137730000000005" lon="1.86322">
        <ele>741.4178624632709</ele>
        <time>2026-09-01T03:02:32.764Z</time>
      </trkpt>
      <trkpt lat="42.13734" lon="1.8630700000000002">
        <ele>742.9349786132573</ele>
        <time>2026-09-01T03:02:59.493Z</time>
      </trkpt>
      <trkpt lat="42.13711000000001" lon="1.8630700000000002">
        <ele>740.0577561715382</ele>
        <time>2026-09-01T03:03:10.357Z</time>
      </trkpt>
      <trkpt lat="42.136790000000005" lon="1.8626300000000002">
        <ele>741.3634868982764</ele>
        <time>2026-09-01T03:03:31.793Z</time>
      </trkpt>
      <trkpt lat="42.13664000000001" lon="1.86251">
        <ele>741.2970407103784</ele>
        <time>2026-09-01T03:03:42.786Z</time>
      </trkpt>
      <trkpt lat="42.136520000000004" lon="1.8623600000000002">
        <ele>743.9630793815592</ele>
        <time>2026-09-01T03:03:53.947Z</time>
      </trkpt>
      <trkpt lat="42.13636" lon="1.86227">
        <ele>743.2786575624137</ele>
        <time>2026-09-01T03:04:05.772Z</time>
      </trkpt>
      <trkpt lat="42.136280000000006" lon="1.86217">
        <ele>746.2930664870918</ele>
        <time>2026-09-01T03:04:13.629Z</time>
      </trkpt>
      <trkpt lat="42.13611" lon="1.8621100000000002">
        <ele>748.0935581412411</ele>
        <time>2026-09-01T03:04:26.773Z</time>
      </trkpt>
      <trkpt lat="42.136030000000005" lon="1.8621400000000001">
        <ele>749.1034760537898</ele>
        <time>2026-09-01T03:04:33.170Z</time>
      </trkpt>
      <trkpt lat="42.13597" lon="1.8622600000000002">
        <ele>753.1814968605707</ele>
        <time>2026-09-01T03:04:41.400Z</time>
      </trkpt>
      <trkpt lat="42.135960000000004" lon="1.8624500000000002">
        <ele>755.9512244915165</ele>
        <time>2026-09-01T03:04:52.165Z</time>
      </trkpt>
      <trkpt lat="42.13597" lon="1.86261">
        <ele>757.3608568380482</ele>
        <time>2026-09-01T03:04:59.910Z</time>
      </trkpt>
      <trkpt lat="42.13608000000001" lon="1.8629300000000002">
        <ele>752.3639166827343</ele>
        <time>2026-09-01T03:05:15.497Z</time>
      </trkpt>
      <trkpt lat="42.13611" lon="1.8630700000000002">
        <ele>751.490939793852</ele>
        <time>2026-09-01T03:05:19.232Z</time>
      </trkpt>
      <trkpt lat="42.13611" lon="1.8639000000000001">
        <ele>754.6247530204694</ele>
        <time>2026-09-01T03:05:47.429Z</time>
      </trkpt>
      <trkpt lat="42.13615" lon="1.8642400000000001">
        <ele>756.6033778946037</ele>
        <time>2026-09-01T03:06:03.975Z</time>
      </trkpt>
      <trkpt lat="42.1362" lon="1.8644500000000002">
        <ele>757.555406802279</ele>
        <time>2026-09-01T03:06:09.623Z</time>
      </trkpt>
      <trkpt lat="42.13629" lon="1.8646300000000002">
        <ele>750.4334782899156</ele>
        <time>2026-09-01T03:06:15.426Z</time>
      </trkpt>
      <trkpt lat="42.13627" lon="1.86474">
        <ele>748.5471438185682</ele>
        <time>2026-09-01T03:06:17.912Z</time>
      </trkpt>
      <trkpt lat="42.136230000000005" lon="1.8648000000000002">
        <ele>747.2472183124642</ele>
        <time>2026-09-01T03:06:19.683Z</time>
      </trkpt>
      <trkpt lat="42.13618" lon="1.8648200000000001">
        <ele>747.063770771002</ele>
        <time>2026-09-01T03:06:21.106Z</time>
      </trkpt>
      <trkpt lat="42.13611" lon="1.8648200000000001">
        <ele>747.824288388481</ele>
        <time>2026-09-01T03:06:23.016Z</time>
      </trkpt>
      <trkpt lat="42.136010000000006" lon="1.8648700000000002">
        <ele>746.4099015312993</ele>
        <time>2026-09-01T03:06:25.926Z</time>
      </trkpt>
      <trkpt lat="42.135540000000006" lon="1.8649000000000002">
        <ele>746.9547610538003</ele>
        <time>2026-09-01T03:06:46.129Z</time>
      </trkpt>
      <trkpt lat="42.134890000000006" lon="1.8650400000000003">
        <ele>748.418303682221</ele>
        <time>2026-09-01T03:07:23.215Z</time>
      </trkpt>
      <trkpt lat="42.134730000000005" lon="1.86505">
        <ele>748.6377809560017</ele>
        <time>2026-09-01T03:07:32.099Z</time>
      </trkpt>
      <trkpt lat="42.134510000000006" lon="1.86501">
        <ele>748.4116346674931</ele>
        <time>2026-09-01T03:07:43.678Z</time>
      </trkpt>
      <trkpt lat="42.134150000000005" lon="1.8647600000000002">
        <ele>745.4380281806577</ele>
        <time>2026-09-01T03:08:01.349Z</time>
      </trkpt>
      <trkpt lat="42.13393000000001" lon="1.86454">
        <ele>746.9846234629772</ele>
        <time>2026-09-01T03:08:19.488Z</time>
      </trkpt>
      <trkpt lat="42.13391" lon="1.8643900000000002">
        <ele>754.4430673977874</ele>
        <time>2026-09-01T03:08:28.193Z</time>
      </trkpt>
      <trkpt lat="42.133970000000005" lon="1.8643800000000001">
        <ele>754.1037952641443</ele>
        <time>2026-09-01T03:08:32.849Z</time>
      </trkpt>
      <trkpt lat="42.133990000000004" lon="1.8643600000000002">
        <ele>754.522462863223</ele>
        <time>2026-09-01T03:08:34.574Z</time>
      </trkpt>
      <trkpt lat="42.13396" lon="1.86433">
        <ele>755.8857458412632</ele>
        <time>2026-09-01T03:08:37.226Z</time>
      </trkpt>
      <trkpt lat="42.13391" lon="1.8643100000000001">
        <ele>757.2357544498175</ele>
        <time>2026-09-01T03:08:40.201Z</time>
      </trkpt>
      <trkpt lat="42.133750000000006" lon="1.86433">
        <ele>760.2378365968132</ele>
        <time>2026-09-01T03:08:49.368Z</time>
      </trkpt>
      <trkpt lat="42.1336" lon="1.8643900000000002">
        <ele>753.1115057124791</ele>
        <time>2026-09-01T03:08:58.293Z</time>
      </trkpt>
      <trkpt lat="42.13353" lon="1.8643800000000001">
        <ele>748.3960398217118</ele>
        <time>2026-09-01T03:09:00.450Z</time>
      </trkpt>
      <trkpt lat="42.13345" lon="1.8642600000000003">
        <ele>748.6454318933353</ele>
        <time>2026-09-01T03:09:04.069Z</time>
      </trkpt>
      <trkpt lat="42.133340000000004" lon="1.86417">
        <ele>744.3048440722654</ele>
        <time>2026-09-01T03:09:07.499Z</time>
      </trkpt>
      <trkpt lat="42.133250000000004" lon="1.864">
        <ele>744.4049937088</ele>
        <time>2026-09-01T03:09:12.148Z</time>
      </trkpt>
      <trkpt lat="42.133140000000004" lon="1.86383">
        <ele>745.2226883524427</ele>
        <time>2026-09-01T03:09:17.872Z</time>
      </trkpt>
      <trkpt lat="42.13308000000001" lon="1.8638200000000003">
        <ele>743.3136046882614</ele>
        <time>2026-09-01T03:09:19.904Z</time>
      </trkpt>
      <trkpt lat="42.133120000000005" lon="1.8639100000000002">
        <ele>741.4715685395203</ele>
        <time>2026-09-01T03:09:22.520Z</time>
      </trkpt>
      <trkpt lat="42.13306" lon="1.8638700000000001">
        <ele>741.0949918225016</ele>
        <time>2026-09-01T03:09:24.549Z</time>
      </trkpt>
      <trkpt lat="42.13298" lon="1.86389">
        <ele>738.2730998864694</ele>
        <time>2026-09-01T03:09:27.016Z</time>
      </trkpt>
      <trkpt lat="42.132400000000004" lon="1.8634000000000002">
        <ele>739.5588186772246</ele>
        <time>2026-09-01T03:09:54.147Z</time>
      </trkpt>
      <trkpt lat="42.132340000000006" lon="1.8632900000000001">
        <ele>738.3278567019993</ele>
        <time>2026-09-01T03:09:59.449Z</time>
      </trkpt>
      <trkpt lat="42.132200000000005" lon="1.86278">
        <ele>742.919324388456</ele>
        <time>2026-09-01T03:10:26.146Z</time>
      </trkpt>
      <trkpt lat="42.13201" lon="1.8623500000000002">
        <ele>747.0518221793703</ele>
        <time>2026-09-01T03:10:52.954Z</time>
      </trkpt>
      <trkpt lat="42.131620000000005" lon="1.8619100000000002">
        <ele>748.7122384681365</ele>
        <time>2026-09-01T03:11:26.552Z</time>
      </trkpt>
      <trkpt lat="42.13147" lon="1.8618000000000001">
        <ele>750.2874574070618</ele>
        <time>2026-09-01T03:11:38.577Z</time>
      </trkpt>
      <trkpt lat="42.13136" lon="1.8617800000000002">
        <ele>753.1566360588707</ele>
        <time>2026-09-01T03:11:47.040Z</time>
      </trkpt>
      <trkpt lat="42.13125" lon="1.8618200000000003">
        <ele>755.7409757058581</ele>
        <time>2026-09-01T03:11:55.726Z</time>
      </trkpt>
      <trkpt lat="42.13089" lon="1.8622400000000001">
        <ele>756.1095333630644</ele>
        <time>2026-09-01T03:12:28.564Z</time>
      </trkpt>
      <trkpt lat="42.130500000000005" lon="1.86278">
        <ele>759.4391740272633</ele>
        <time>2026-09-01T03:13:02.277Z</time>
      </trkpt>
      <trkpt lat="42.13006" lon="1.8631700000000002">
        <ele>763.3372743963566</ele>
        <time>2026-09-01T03:13:37.132Z</time>
      </trkpt>
      <trkpt lat="42.12998" lon="1.8632600000000001">
        <ele>764.6143664437457</ele>
        <time>2026-09-01T03:13:44.278Z</time>
      </trkpt>
      <trkpt lat="42.12962" lon="1.8638700000000001">
        <ele>765.7223857188726</ele>
        <time>2026-09-01T03:14:19.051Z</time>
      </trkpt>
      <trkpt lat="42.12953" lon="1.86396">
        <ele>765.1117790199868</ele>
        <time>2026-09-01T03:14:25.484Z</time>
      </trkpt>
      <trkpt lat="42.129430000000006" lon="1.8640100000000002">
        <ele>765.7916119013418</ele>
        <time>2026-09-01T03:14:31.711Z</time>
      </trkpt>
      <trkpt lat="42.12921" lon="1.8640700000000001">
        <ele>766.9131831737154</ele>
        <time>2026-09-01T03:14:44.816Z</time>
      </trkpt>
      <trkpt lat="42.128890000000006" lon="1.86403">
        <ele>765.8655895636776</ele>
        <time>2026-09-01T03:15:01.733Z</time>
      </trkpt>
      <trkpt lat="42.128690000000006" lon="1.86393">
        <ele>767.835915884312</ele>
        <time>2026-09-01T03:15:14.199Z</time>
      </trkpt>
      <trkpt lat="42.1285" lon="1.8638000000000001">
        <ele>768.9417340863992</ele>
        <time>2026-09-01T03:15:28.495Z</time>
      </trkpt>
      <trkpt lat="42.128080000000004" lon="1.8633700000000002">
        <ele>773.2164756649763</ele>
        <time>2026-09-01T03:16:04.282Z</time>
      </trkpt>
      <trkpt lat="42.12798" lon="1.8632300000000002">
        <ele>772.1938430284765</ele>
        <time>2026-09-01T03:16:13.209Z</time>
      </trkpt>
      <trkpt lat="42.12791" lon="1.8630600000000002">
        <ele>772.4925443648227</ele>
        <time>2026-09-01T03:16:22.354Z</time>
      </trkpt>
      <trkpt lat="42.12787" lon="1.8626800000000001">
        <ele>776.1447118488995</ele>
        <time>2026-09-01T03:16:40.405Z</time>
      </trkpt>
      <trkpt lat="42.12791" lon="1.8623">
        <ele>778.7729574518805</ele>
        <time>2026-09-01T03:17:00.316Z</time>
      </trkpt>
      <trkpt lat="42.127880000000005" lon="1.86186">
        <ele>779.0505988370339</ele>
        <time>2026-09-01T03:17:20.866Z</time>
      </trkpt>
      <trkpt lat="42.127790000000005" lon="1.8613600000000001">
        <ele>781.8254138062925</ele>
        <time>2026-09-01T03:17:44.458Z</time>
      </trkpt>
      <trkpt lat="42.12774" lon="1.8612300000000002">
        <ele>782.3916095839063</ele>
        <time>2026-09-01T03:17:51.495Z</time>
      </trkpt>
      <trkpt lat="42.127660000000006" lon="1.86115">
        <ele>782.5016823939443</ele>
        <time>2026-09-01T03:17:57.432Z</time>
      </trkpt>
      <trkpt lat="42.12729" lon="1.86091">
        <ele>787.2157610375143</ele>
        <time>2026-09-01T03:18:25.880Z</time>
      </trkpt>
      <trkpt lat="42.127140000000004" lon="1.86078">
        <ele>789.672502794525</ele>
        <time>2026-09-01T03:18:38.839Z</time>
      </trkpt>
      <trkpt lat="42.12697" lon="1.8605">
        <ele>792.5772219139438</ele>
        <time>2026-09-01T03:18:56.248Z</time>
      </trkpt>
      <trkpt lat="42.126940000000005" lon="1.8603800000000001">
        <ele>790.4016027351305</ele>
        <time>2026-09-01T03:19:01.408Z</time>
      </trkpt>
      <trkpt lat="42.126940000000005" lon="1.8602500000000002">
        <ele>787.9633993298249</ele>
        <time>2026-09-01T03:19:05.627Z</time>
      </trkpt>
      <trkpt lat="42.127030003295154" lon="1.8593800011475456">
        <ele>792.3199884044399</ele>
        <time>2026-09-01T03:19:39.168Z</time>
      </trkpt>
      <trkpt lat="42.127120000000005" lon="1.85851">
        <ele>793.2135084623857</ele>
        <time>2026-09-01T03:20:19.081Z</time>
      </trkpt>
      <trkpt lat="42.12708000000001" lon="1.8583100000000001">
        <ele>793.011808433612</ele>
        <time>2026-09-01T03:20:27.462Z</time>
      </trkpt>
      <trkpt lat="42.12702" lon="1.8582400000000001">
        <ele>793.2099089749881</ele>
        <time>2026-09-01T03:20:31.427Z</time>
      </trkpt>
      <trkpt lat="42.12675" lon="1.85803">
        <ele>792.6961762759474</ele>
        <time>2026-09-01T03:20:47.004Z</time>
      </trkpt>
      <trkpt lat="42.12657" lon="1.85786">
        <ele>794.6587752950867</ele>
        <time>2026-09-01T03:21:00.143Z</time>
      </trkpt>
      <trkpt lat="42.126450000000006" lon="1.8576700000000002">
        <ele>795.6617288239424</ele>
        <time>2026-09-01T03:21:12.433Z</time>
      </trkpt>
      <trkpt lat="42.12632000000001" lon="1.8574100000000002">
        <ele>797.0201835644086</ele>
        <time>2026-09-01T03:21:27.876Z</time>
      </trkpt>
      <trkpt lat="42.12615" lon="1.8571700000000002">
        <ele>797.8358557940594</ele>
        <time>2026-09-01T03:21:43.279Z</time>
      </trkpt>
      <trkpt lat="42.12608" lon="1.8571100000000003">
        <ele>798.1541017987709</ele>
        <time>2026-09-01T03:21:47.885Z</time>
      </trkpt>
      <trkpt lat="42.12586" lon="1.8570300000000002">
        <ele>800.859151322408</ele>
        <time>2026-09-01T03:21:58.183Z</time>
      </trkpt>
      <trkpt lat="42.12581" lon="1.8571400000000002">
        <ele>797.9528023056207</ele>
        <time>2026-09-01T03:22:01.430Z</time>
      </trkpt>
      <trkpt lat="42.125730000000004" lon="1.8572300000000002">
        <ele>794.7053865277251</ele>
        <time>2026-09-01T03:22:05.007Z</time>
      </trkpt>
      <trkpt lat="42.125640000000004" lon="1.8572600000000001">
        <ele>792.0394818232621</ele>
        <time>2026-09-01T03:22:08.003Z</time>
      </trkpt>
      <trkpt lat="42.12554" lon="1.8572400000000002">
        <ele>791.0480715416261</ele>
        <time>2026-09-01T03:22:10.801Z</time>
      </trkpt>
      <trkpt lat="42.12545" lon="1.8571700000000002">
        <ele>790.3102968144635</ele>
        <time>2026-09-01T03:22:13.818Z</time>
      </trkpt>
      <trkpt lat="42.12534" lon="1.8570400000000002">
        <ele>788.4632848873754</ele>
        <time>2026-09-01T03:22:18.245Z</time>
      </trkpt>
      <trkpt lat="42.12529000000001" lon="1.85688">
        <ele>788.7544482811394</ele>
        <time>2026-09-01T03:22:22.504Z</time>
      </trkpt>
      <trkpt lat="42.12520000000001" lon="1.8563900000000002">
        <ele>787.3751740825679</ele>
        <time>2026-09-01T03:22:38.018Z</time>
      </trkpt>
      <trkpt lat="42.125220000000006" lon="1.8561900000000002">
        <ele>789.5681477140265</ele>
        <time>2026-09-01T03:22:44.493Z</time>
      </trkpt>
      <trkpt lat="42.12521" lon="1.8558100000000002">
        <ele>785.5568441630535</ele>
        <time>2026-09-01T03:22:57.100Z</time>
      </trkpt>
      <trkpt lat="42.125170000000004" lon="1.8556000000000001">
        <ele>785.4277467346146</ele>
        <time>2026-09-01T03:23:03.904Z</time>
      </trkpt>
      <trkpt lat="42.12507" lon="1.8554000000000002">
        <ele>783.9549788210392</ele>
        <time>2026-09-01T03:23:10.622Z</time>
      </trkpt>
      <trkpt lat="42.12498" lon="1.8552700000000002">
        <ele>784.2515562524251</ele>
        <time>2026-09-01T03:23:15.619Z</time>
      </trkpt>
      <trkpt lat="42.124790000000004" lon="1.8551900000000001">
        <ele>781.9479672446122</ele>
        <time>2026-09-01T03:23:22.459Z</time>
      </trkpt>
      <trkpt lat="42.12474" lon="1.85515">
        <ele>780.565114280049</ele>
        <time>2026-09-01T03:23:24.261Z</time>
      </trkpt>
      <trkpt lat="42.12469" lon="1.8550200000000001">
        <ele>779.1439674718765</ele>
        <time>2026-09-01T03:23:27.627Z</time>
      </trkpt>
      <trkpt lat="42.124610000000004" lon="1.85495">
        <ele>777.3821692433119</ele>
        <time>2026-09-01T03:23:30.448Z</time>
      </trkpt>
      <trkpt lat="42.124520000000004" lon="1.8549400000000003">
        <ele>775.3401105547804</ele>
        <time>2026-09-01T03:23:33.067Z</time>
      </trkpt>
      <trkpt lat="42.12431" lon="1.8548600000000002">
        <ele>772.9632469657877</ele>
        <time>2026-09-01T03:23:39.396Z</time>
      </trkpt>
      <trkpt lat="42.124010000000006" lon="1.8548600000000002">
        <ele>768.8053078764906</ele>
        <time>2026-09-01T03:23:48.267Z</time>
      </trkpt>
      <trkpt lat="42.12386" lon="1.8547900000000002">
        <ele>770.6909822437515</ele>
        <time>2026-09-01T03:23:55.708Z</time>
      </trkpt>
      <trkpt lat="42.12368" lon="1.8545800000000001">
        <ele>771.3622388298334</ele>
        <time>2026-09-01T03:24:06.700Z</time>
      </trkpt>
      <trkpt lat="42.12373" lon="1.8548200000000001">
        <ele>767.2855115422678</ele>
        <time>2026-09-01T03:24:15.238Z</time>
      </trkpt>
      <trkpt lat="42.12332000000001" lon="1.8547000000000002">
        <ele>760.2650728861598</ele>
        <time>2026-09-01T03:24:28.322Z</time>
      </trkpt>
      <trkpt lat="42.12321" lon="1.8547200000000001">
        <ele>763.2544057269056</ele>
        <time>2026-09-01T03:24:35.302Z</time>
      </trkpt>
      <trkpt lat="42.12313" lon="1.8548200000000001">
        <ele>766.6116171378624</ele>
        <time>2026-09-01T03:24:43.786Z</time>
      </trkpt>
      <trkpt lat="42.123090000000005" lon="1.8551100000000003">
        <ele>771.4386849035491</ele>
        <time>2026-09-01T03:25:00.800Z</time>
      </trkpt>
      <trkpt lat="42.1231" lon="1.8557700000000001">
        <ele>770.7700528281348</ele>
        <time>2026-09-01T03:25:36.184Z</time>
      </trkpt>
      <trkpt lat="42.12314000000001" lon="1.8559500000000002">
        <ele>767.6020747427864</ele>
        <time>2026-09-01T03:25:42.963Z</time>
      </trkpt>
      <trkpt lat="42.12315" lon="1.8561">
        <ele>766.5726259715213</ele>
        <time>2026-09-01T03:25:48.479Z</time>
      </trkpt>
      <trkpt lat="42.123110000000004" lon="1.85627">
        <ele>770.1065250817966</ele>
        <time>2026-09-01T03:25:55.774Z</time>
      </trkpt>
      <trkpt lat="42.123110000000004" lon="1.8564200000000002">
        <ele>770.1735504247358</ele>
        <time>2026-09-01T03:26:02.054Z</time>
      </trkpt>
      <trkpt lat="42.123090000000005" lon="1.8565600000000002">
        <ele>771.5279386984841</ele>
        <time>2026-09-01T03:26:07.376Z</time>
      </trkpt>
      <trkpt lat="42.122980000000005" lon="1.8566900000000002">
        <ele>774.0796211934335</ele>
        <time>2026-09-01T03:26:14.661Z</time>
      </trkpt>
      <trkpt lat="42.12297" lon="1.85671">
        <ele>772.1676029384662</ele>
        <time>2026-09-01T03:26:15.291Z</time>
      </trkpt>
      <trkpt lat="42.12288" lon="1.85674">
        <ele>767.0287924190411</ele>
        <time>2026-09-01T03:26:18.559Z</time>
      </trkpt>
      <trkpt lat="42.12274" lon="1.8566600000000002">
        <ele>765.7967080129481</ele>
        <time>2026-09-01T03:26:23.266Z</time>
      </trkpt>
      <trkpt lat="42.12263" lon="1.8565500000000001">
        <ele>763.5423309355363</ele>
        <time>2026-09-01T03:26:27.183Z</time>
      </trkpt>
      <trkpt lat="42.12254" lon="1.8564800000000001">
        <ele>761.3623761051476</ele>
        <time>2026-09-01T03:26:29.945Z</time>
      </trkpt>
      <trkpt lat="42.12254" lon="1.8565200000000002">
        <ele>760.2346519677899</ele>
        <time>2026-09-01T03:26:31.101Z</time>
      </trkpt>
      <trkpt lat="42.122220000000006" lon="1.8562">
        <ele>761.9268030067708</ele>
        <time>2026-09-01T03:26:46.625Z</time>
      </trkpt>
      <trkpt lat="42.12214" lon="1.85606">
        <ele>761.557561106194</ele>
        <time>2026-09-01T03:26:53.575Z</time>
      </trkpt>
      <trkpt lat="42.12203" lon="1.8556000000000001">
        <ele>759.7155594514669</ele>
        <time>2026-09-01T03:27:08.683Z</time>
      </trkpt>
      <trkpt lat="42.12198" lon="1.85545">
        <ele>759.7302501301576</ele>
        <time>2026-09-01T03:27:13.922Z</time>
      </trkpt>
      <trkpt lat="42.12189" lon="1.8553400000000002">
        <ele>758.1427145631628</ele>
        <time>2026-09-01T03:27:20.976Z</time>
      </trkpt>
      <trkpt lat="42.121790000000004" lon="1.85525">
        <ele>758.5844839636331</ele>
        <time>2026-09-01T03:27:29.333Z</time>
      </trkpt>
      <trkpt lat="42.121700000000004" lon="1.8552400000000002">
        <ele>760.8715070536894</ele>
        <time>2026-09-01T03:27:35.740Z</time>
      </trkpt>
      <trkpt lat="42.12156" lon="1.8553300000000001">
        <ele>765.1235268765957</ele>
        <time>2026-09-01T03:27:47.049Z</time>
      </trkpt>
      <trkpt lat="42.12147" lon="1.85545">
        <ele>767.111336714074</ele>
        <time>2026-09-01T03:27:56.720Z</time>
      </trkpt>
      <trkpt lat="42.12093" lon="1.8559800000000002">
        <ele>763.7818355326159</ele>
        <time>2026-09-01T03:28:38.934Z</time>
      </trkpt>
      <trkpt lat="42.120740000000005" lon="1.85606">
        <ele>763.7427071147185</ele>
        <time>2026-09-01T03:28:49.969Z</time>
      </trkpt>
      <trkpt lat="42.12066" lon="1.8561200000000002">
        <ele>766.7761244626295</ele>
        <time>2026-09-01T03:28:56.554Z</time>
      </trkpt>
      <trkpt lat="42.1206" lon="1.8562100000000001">
        <ele>768.5660552201823</ele>
        <time>2026-09-01T03:29:02.505Z</time>
      </trkpt>
      <trkpt lat="42.12057" lon="1.8565300000000002">
        <ele>770.5846410475441</ele>
        <time>2026-09-01T03:29:18.368Z</time>
      </trkpt>
      <trkpt lat="42.120540000000005" lon="1.8566600000000002">
        <ele>768.6273317589998</ele>
        <time>2026-09-01T03:29:25.088Z</time>
      </trkpt>
      <trkpt lat="42.12041000000001" lon="1.8568900000000002">
        <ele>768.7986737912811</ele>
        <time>2026-09-01T03:29:37.823Z</time>
      </trkpt>
      <trkpt lat="42.120180000000005" lon="1.8572100000000002">
        <ele>779.6431215631995</ele>
        <time>2026-09-01T03:30:02.420Z</time>
      </trkpt>
      <trkpt lat="42.11994000000001" lon="1.8575000000000002">
        <ele>772.3722393903205</ele>
        <time>2026-09-01T03:30:23.272Z</time>
      </trkpt>
      <trkpt lat="42.11984" lon="1.8574800000000002">
        <ele>773.1710635648809</ele>
        <time>2026-09-01T03:30:26.031Z</time>
      </trkpt>
      <trkpt lat="42.11986" lon="1.8576000000000001">
        <ele>767.8765762645436</ele>
        <time>2026-09-01T03:30:28.501Z</time>
      </trkpt>
      <trkpt lat="42.11974" lon="1.8575400000000002">
        <ele>768.1104357326831</ele>
        <time>2026-09-01T03:30:31.974Z</time>
      </trkpt>
      <trkpt lat="42.11976000000001" lon="1.85762">
        <ele>764.9266844724764</ele>
        <time>2026-09-01T03:30:34.025Z</time>
      </trkpt>
      <trkpt lat="42.1197" lon="1.8576700000000002">
        <ele>762.5570645219315</ele>
        <time>2026-09-01T03:30:36.336Z</time>
      </trkpt>
      <trkpt lat="42.11945" lon="1.8576100000000002">
        <ele>764.8128385762933</ele>
        <time>2026-09-01T03:30:44.956Z</time>
      </trkpt>
      <trkpt lat="42.119260000000004" lon="1.8576100000000002">
        <ele>765.503446721493</ele>
        <time>2026-09-01T03:30:52.417Z</time>
      </trkpt>
      <trkpt lat="42.1191" lon="1.8577100000000002">
        <ele>763.5607716017491</ele>
        <time>2026-09-01T03:30:59.397Z</time>
      </trkpt>
      <trkpt lat="42.118970000000004" lon="1.8577700000000001">
        <ele>758.1135193476986</ele>
        <time>2026-09-01T03:31:03.689Z</time>
      </trkpt>
      <trkpt lat="42.11883" lon="1.8577700000000001">
        <ele>755.406195782065</ele>
        <time>2026-09-01T03:31:07.629Z</time>
      </trkpt>
      <trkpt lat="42.11874" lon="1.8577100000000002">
        <ele>755.649128022594</ele>
        <time>2026-09-01T03:31:12.707Z</time>
      </trkpt>
      <trkpt lat="42.1186" lon="1.8575000000000002">
        <ele>758.8402762112021</ele>
        <time>2026-09-01T03:31:22.720Z</time>
      </trkpt>
      <trkpt lat="42.118590000000005" lon="1.8573400000000002">
        <ele>763.0717827432986</ele>
        <time>2026-09-01T03:31:31.116Z</time>
      </trkpt>
      <trkpt lat="42.118550000000006" lon="1.8572300000000002">
        <ele>762.0550461779251</ele>
        <time>2026-09-01T03:31:37.392Z</time>
      </trkpt>
      <trkpt lat="42.118480000000005" lon="1.85712">
        <ele>761.4687131128208</ele>
        <time>2026-09-01T03:31:44.937Z</time>
      </trkpt>
      <trkpt lat="42.11833" lon="1.8569600000000002">
        <ele>762.4060547301644</ele>
        <time>2026-09-01T03:31:58.167Z</time>
      </trkpt>
      <trkpt lat="42.118230000000004" lon="1.8567700000000003">
        <ele>764.7175987033409</ele>
        <time>2026-09-01T03:32:08.348Z</time>
      </trkpt>
      <trkpt lat="42.11811" lon="1.8563600000000002">
        <ele>763.4309004184836</ele>
        <time>2026-09-01T03:32:27.547Z</time>
      </trkpt>
      <trkpt lat="42.11804" lon="1.8562200000000002">
        <ele>763.7298133923655</ele>
        <time>2026-09-01T03:32:33.469Z</time>
      </trkpt>
      <trkpt lat="42.11791" lon="1.8561">
        <ele>763.4261846390888</ele>
        <time>2026-09-01T03:32:42.125Z</time>
      </trkpt>
      <trkpt lat="42.11775" lon="1.8559900000000003">
        <ele>763.9736348458517</ele>
        <time>2026-09-01T03:32:50.247Z</time>
      </trkpt>
      <trkpt lat="42.117610000000006" lon="1.8558200000000002">
        <ele>761.4480087918663</ele>
        <time>2026-09-01T03:32:59.952Z</time>
      </trkpt>
      <trkpt lat="42.11753" lon="1.85566">
        <ele>763.5333631793845</ele>
        <time>2026-09-01T03:33:08.924Z</time>
      </trkpt>
      <trkpt lat="42.117490000000004" lon="1.8555100000000002">
        <ele>766.5594456981538</ele>
        <time>2026-09-01T03:33:16.298Z</time>
      </trkpt>
      <trkpt lat="42.117540000000005" lon="1.8552800000000003">
        <ele>767.2475238512162</ele>
        <time>2026-09-01T03:33:29.561Z</time>
      </trkpt>
      <trkpt lat="42.1176" lon="1.85518">
        <ele>767.2790210537987</ele>
        <time>2026-09-01T03:33:36.366Z</time>
      </trkpt>
      <trkpt lat="42.11769" lon="1.8551400000000002">
        <ele>770.4522469102058</ele>
        <time>2026-09-01T03:33:43.028Z</time>
      </trkpt>
      <trkpt lat="42.11784" lon="1.85501">
        <ele>769.8493310393078</ele>
        <time>2026-09-01T03:33:54.636Z</time>
      </trkpt>
      <trkpt lat="42.11816" lon="1.85481">
        <ele>769.8192737206654</ele>
        <time>2026-09-01T03:34:15.903Z</time>
      </trkpt>
      <trkpt lat="42.11829" lon="1.85461">
        <ele>767.9860806407523</ele>
        <time>2026-09-01T03:34:24.677Z</time>
      </trkpt>
      <trkpt lat="42.11869" lon="1.8544800000000001">
        <ele>772.7705729741336</ele>
        <time>2026-09-01T03:34:50.562Z</time>
      </trkpt>
      <trkpt lat="42.11914" lon="1.8542">
        <ele>773.4724295987351</ele>
        <time>2026-09-01T03:35:22.849Z</time>
      </trkpt>
      <trkpt lat="42.11914" lon="1.8540900000000002">
        <ele>769.2128423410154</ele>
        <time>2026-09-01T03:35:26.313Z</time>
      </trkpt>
      <trkpt lat="42.119060000000005" lon="1.8539400000000001">
        <ele>763.6863655479194</ele>
        <time>2026-09-01T03:35:30.795Z</time>
      </trkpt>
      <trkpt lat="42.118970000000004" lon="1.8538800000000002">
        <ele>766.9658943073467</ele>
        <time>2026-09-01T03:35:33.811Z</time>
      </trkpt>
      <trkpt lat="42.118840000000006" lon="1.8538700000000001">
        <ele>768.649141766507</ele>
        <time>2026-09-01T03:35:37.722Z</time>
      </trkpt>
      <trkpt lat="42.118730000000006" lon="1.85393">
        <ele>765.5614664995026</ele>
        <time>2026-09-01T03:35:41.555Z</time>
      </trkpt>
      <trkpt lat="42.118500000000004" lon="1.85393">
        <ele>764.5890256095734</ele>
        <time>2026-09-01T03:35:54.397Z</time>
      </trkpt>
      <trkpt lat="42.11806000000001" lon="1.8539800000000002">
        <ele>764.9572287167846</ele>
        <time>2026-09-01T03:36:12.870Z</time>
      </trkpt>
      <trkpt lat="42.117700000000006" lon="1.8539200000000002">
        <ele>766.1842642991064</ele>
        <time>2026-09-01T03:36:33.476Z</time>
      </trkpt>
      <trkpt lat="42.117560000000005" lon="1.85386">
        <ele>765.5879774315401</ele>
        <time>2026-09-01T03:36:41.412Z</time>
      </trkpt>
      <trkpt lat="42.11748" lon="1.85379">
        <ele>765.234607086807</ele>
        <time>2026-09-01T03:36:46.157Z</time>
      </trkpt>
      <trkpt lat="42.1174" lon="1.8536400000000002">
        <ele>765.5348409419446</ele>
        <time>2026-09-01T03:36:52.975Z</time>
      </trkpt>
      <trkpt lat="42.11733" lon="1.8534000000000002">
        <ele>765.5877288144815</ele>
        <time>2026-09-01T03:37:02.492Z</time>
      </trkpt>
      <trkpt lat="42.117270000000005" lon="1.8528200000000001">
        <ele>767.0684140177444</ele>
        <time>2026-09-01T03:37:26.912Z</time>
      </trkpt>
      <trkpt lat="42.11722" lon="1.8527700000000003">
        <ele>765.6508394723134</ele>
        <time>2026-09-01T03:37:30.544Z</time>
      </trkpt>
      <trkpt lat="42.11717" lon="1.85278">
        <ele>765.2133849953456</ele>
        <time>2026-09-01T03:37:33.402Z</time>
      </trkpt>
      <trkpt lat="42.11706" lon="1.85284">
        <ele>764.5400725506596</ele>
        <time>2026-09-01T03:37:40.113Z</time>
      </trkpt>
      <trkpt lat="42.116890000000005" lon="1.85285">
        <ele>767.8213357405534</ele>
        <time>2026-09-01T03:37:49.737Z</time>
      </trkpt>
      <trkpt lat="42.116620000000005" lon="1.8529600000000002">
        <ele>765.1218486045557</ele>
        <time>2026-09-01T03:38:02.615Z</time>
      </trkpt>
      <trkpt lat="42.116490000000006" lon="1.8527700000000003">
        <ele>768.1680986765184</ele>
        <time>2026-09-01T03:38:10.292Z</time>
      </trkpt>
      <trkpt lat="42.11645" lon="1.8526500000000001">
        <ele>766.7034559938584</ele>
        <time>2026-09-01T03:38:14.596Z</time>
      </trkpt>
      <trkpt lat="42.11637" lon="1.8525200000000002">
        <ele>763.9112517485273</ele>
        <time>2026-09-01T03:38:20.491Z</time>
      </trkpt>
      <trkpt lat="42.11625" lon="1.8523800000000001">
        <ele>763.0781419304628</ele>
        <time>2026-09-01T03:38:27.958Z</time>
      </trkpt>
      <trkpt lat="42.116200000000006" lon="1.8522900000000002">
        <ele>763.6630266735343</ele>
        <time>2026-09-01T03:38:31.217Z</time>
      </trkpt>
      <trkpt lat="42.11612" lon="1.8520200000000002">
        <ele>763.9823629553172</ele>
        <time>2026-09-01T03:38:41.066Z</time>
      </trkpt>
      <trkpt lat="42.11600000000001" lon="1.85183">
        <ele>764.518958702565</ele>
        <time>2026-09-01T03:38:52.983Z</time>
      </trkpt>
      <trkpt lat="42.115880000000004" lon="1.85159">
        <ele>767.0099802757663</ele>
        <time>2026-09-01T03:39:08.580Z</time>
      </trkpt>
      <trkpt lat="42.1159" lon="1.8514800000000002">
        <ele>769.3334171216496</ele>
        <time>2026-09-01T03:39:14.445Z</time>
      </trkpt>
      <trkpt lat="42.11600000000001" lon="1.8513600000000001">
        <ele>773.4307363652918</ele>
        <time>2026-09-01T03:39:24.110Z</time>
      </trkpt>
      <trkpt lat="42.116040000000005" lon="1.85122">
        <ele>770.6293961644853</ele>
        <time>2026-09-01T03:39:31.249Z</time>
      </trkpt>
      <trkpt lat="42.11600000000001" lon="1.85081">
        <ele>769.1965381123348</ele>
        <time>2026-09-01T03:39:49.661Z</time>
      </trkpt>
      <trkpt lat="42.11596" lon="1.8506200000000002">
        <ele>768.4297224794622</ele>
        <time>2026-09-01T03:39:55.973Z</time>
      </trkpt>
      <trkpt lat="42.1159" lon="1.85054">
        <ele>768.2491764350003</ele>
        <time>2026-09-01T03:40:00.883Z</time>
      </trkpt>
      <trkpt lat="42.115750000000006" lon="1.8505600000000002">
        <ele>770.1883531086696</ele>
        <time>2026-09-01T03:40:07.973Z</time>
      </trkpt>
      <trkpt lat="42.11556" lon="1.8507200000000001">
        <ele>767.8474690218693</ele>
        <time>2026-09-01T03:40:18.511Z</time>
      </trkpt>
      <trkpt lat="42.11529" lon="1.8507900000000002">
        <ele>766.81099895174</ele>
        <time>2026-09-01T03:40:31.453Z</time>
      </trkpt>
      <trkpt lat="42.115080000000006" lon="1.8508000000000002">
        <ele>766.8246244809038</ele>
        <time>2026-09-01T03:40:39.741Z</time>
      </trkpt>
      <trkpt lat="42.11497000000001" lon="1.85078">
        <ele>764.3051438798589</ele>
        <time>2026-09-01T03:40:45.794Z</time>
      </trkpt>
      <trkpt lat="42.11489" lon="1.85064">
        <ele>765.9126039080937</ele>
        <time>2026-09-01T03:40:52.944Z</time>
      </trkpt>
      <trkpt lat="42.114850000000004" lon="1.8504900000000002">
        <ele>767.3815179724049</ele>
        <time>2026-09-01T03:40:59.542Z</time>
      </trkpt>
      <trkpt lat="42.11489" lon="1.84996">
        <ele>768.804289909632</ele>
        <time>2026-09-01T03:41:22.557Z</time>
      </trkpt>
      <trkpt lat="42.11487" lon="1.8497000000000001">
        <ele>769.3634789604657</ele>
        <time>2026-09-01T03:41:35.442Z</time>
      </trkpt>
      <trkpt lat="42.11482" lon="1.8496000000000001">
        <ele>769.522929530468</ele>
        <time>2026-09-01T03:41:41.991Z</time>
      </trkpt>
      <trkpt lat="42.11478" lon="1.8495800000000002">
        <ele>769.5222069050842</ele>
        <time>2026-09-01T03:41:45.114Z</time>
      </trkpt>
      <trkpt lat="42.11469" lon="1.8496100000000002">
        <ele>772.9268676587163</ele>
        <time>2026-09-01T03:41:51.901Z</time>
      </trkpt>
      <trkpt lat="42.11462" lon="1.84966">
        <ele>774.9642638169212</ele>
        <time>2026-09-01T03:41:56.224Z</time>
      </trkpt>
      <trkpt lat="42.114450000000005" lon="1.84996">
        <ele>769.5936312983636</ele>
        <time>2026-09-01T03:42:11.120Z</time>
      </trkpt>
      <trkpt lat="42.114340000000006" lon="1.8499900000000002">
        <ele>769.6579624209112</ele>
        <time>2026-09-01T03:42:18.914Z</time>
      </trkpt>
      <trkpt lat="42.114250000000006" lon="1.8499700000000001">
        <ele>772.7063962451335</ele>
        <time>2026-09-01T03:42:24.999Z</time>
      </trkpt>
      <trkpt lat="42.11419" lon="1.8500400000000001">
        <ele>777.2921161690974</ele>
        <time>2026-09-01T03:42:30.860Z</time>
      </trkpt>
      <trkpt lat="42.11417" lon="1.8502500000000002">
        <ele>779.9865349781353</ele>
        <time>2026-09-01T03:42:42.462Z</time>
      </trkpt>
      <trkpt lat="42.11419" lon="1.8505200000000002">
        <ele>778.0714450590395</ele>
        <time>2026-09-01T03:42:55.731Z</time>
      </trkpt>
      <trkpt lat="42.11424" lon="1.8507500000000001">
        <ele>774.9150390355384</ele>
        <time>2026-09-01T03:43:03.364Z</time>
      </trkpt>
      <trkpt lat="42.114250000000006" lon="1.85088">
        <ele>773.4528057524641</ele>
        <time>2026-09-01T03:43:06.107Z</time>
      </trkpt>
      <trkpt lat="42.11424" lon="1.8509700000000002">
        <ele>772.124343449626</ele>
        <time>2026-09-01T03:43:08.024Z</time>
      </trkpt>
      <trkpt lat="42.114180000000005" lon="1.8510600000000001">
        <ele>769.1159734007075</ele>
        <time>2026-09-01T03:43:10.573Z</time>
      </trkpt>
      <trkpt lat="42.114160000000005" lon="1.8510400000000002">
        <ele>769.255054258469</ele>
        <time>2026-09-01T03:43:11.280Z</time>
      </trkpt>
      <trkpt lat="42.11406" lon="1.8510300000000002">
        <ele>766.8078928471903</ele>
        <time>2026-09-01T03:43:14.136Z</time>
      </trkpt>
      <trkpt lat="42.11394000000001" lon="1.8509600000000002">
        <ele>766.3006554853531</ele>
        <time>2026-09-01T03:43:18.583Z</time>
      </trkpt>
      <trkpt lat="42.113730000000004" lon="1.85078">
        <ele>767.6467515322788</ele>
        <time>2026-09-01T03:43:27.301Z</time>
      </trkpt>
      <trkpt lat="42.113550000000004" lon="1.8504900000000002">
        <ele>769.5256720608586</ele>
        <time>2026-09-01T03:43:44.713Z</time>
      </trkpt>
      <trkpt lat="42.11345" lon="1.8504200000000002">
        <ele>770.2289487390653</ele>
        <time>2026-09-01T03:43:51.301Z</time>
      </trkpt>
      <trkpt lat="42.11336" lon="1.8504300000000002">
        <ele>769.8160091585767</ele>
        <time>2026-09-01T03:43:56.363Z</time>
      </trkpt>
      <trkpt lat="42.113290000000006" lon="1.8504800000000001">
        <ele>769.1790226233884</ele>
        <time>2026-09-01T03:44:00.243Z</time>
      </trkpt>
      <trkpt lat="42.113110000000006" lon="1.8505300000000002">
        <ele>768.8845484443898</ele>
        <time>2026-09-01T03:44:09.527Z</time>
      </trkpt>
      <trkpt lat="42.112860000000005" lon="1.85047">
        <ele>769.0087104891601</ele>
        <time>2026-09-01T03:44:21.597Z</time>
      </trkpt>
      <trkpt lat="42.11258" lon="1.85047">
        <ele>767.544955446177</ele>
        <time>2026-09-01T03:44:34.737Z</time>
      </trkpt>
      <trkpt lat="42.112410000000004" lon="1.8504200000000002">
        <ele>766.765412132422</ele>
        <time>2026-09-01T03:44:41.924Z</time>
      </trkpt>
      <trkpt lat="42.112140000000004" lon="1.85013">
        <ele>768.0042267163763</ele>
        <time>2026-09-01T03:45:00.660Z</time>
      </trkpt>
      <trkpt lat="42.11186" lon="1.8499100000000002">
        <ele>766.6763624552038</ele>
        <time>2026-09-01T03:45:17.804Z</time>
      </trkpt>
      <trkpt lat="42.111790000000006" lon="1.8498">
        <ele>766.9971896437838</ele>
        <time>2026-09-01T03:45:25.269Z</time>
      </trkpt>
      <trkpt lat="42.11175" lon="1.8496400000000002">
        <ele>770.6491430545092</ele>
        <time>2026-09-01T03:45:33.917Z</time>
      </trkpt>
      <trkpt lat="42.11175" lon="1.8494800000000002">
        <ele>773.9658577346654</ele>
        <time>2026-09-01T03:45:42.719Z</time>
      </trkpt>
      <trkpt lat="42.111700000000006" lon="1.8493600000000001">
        <ele>774.6430553517148</ele>
        <time>2026-09-01T03:45:50.290Z</time>
      </trkpt>
      <trkpt lat="42.111610000000006" lon="1.84925">
        <ele>775.3175365185615</ele>
        <time>2026-09-01T03:45:59.116Z</time>
      </trkpt>
      <trkpt lat="42.11151" lon="1.84922">
        <ele>775.9101218315632</ele>
        <time>2026-09-01T03:46:06.004Z</time>
      </trkpt>
      <trkpt lat="42.111320000000006" lon="1.84922">
        <ele>775.9077447576705</ele>
        <time>2026-09-01T03:46:18.779Z</time>
      </trkpt>
      <trkpt lat="42.11119" lon="1.8493000000000002">
        <ele>776.3279375850335</ele>
        <time>2026-09-01T03:46:27.229Z</time>
      </trkpt>
      <trkpt lat="42.11093" lon="1.8496800000000002">
        <ele>774.5572127847917</ele>
        <time>2026-09-01T03:46:46.413Z</time>
      </trkpt>
      <trkpt lat="42.11084" lon="1.84976">
        <ele>772.9739918632663</ele>
        <time>2026-09-01T03:46:50.745Z</time>
      </trkpt>
      <trkpt lat="42.110580000000006" lon="1.8498">
        <ele>772.1616854869294</ele>
        <time>2026-09-01T03:47:00.820Z</time>
      </trkpt>
      <trkpt lat="42.10985" lon="1.8498700000000001">
        <ele>770.9093288928864</ele>
        <time>2026-09-01T03:47:33.495Z</time>
      </trkpt>
      <trkpt lat="42.10965" lon="1.8499200000000002">
        <ele>769.6067629935335</ele>
        <time>2026-09-01T03:47:42.144Z</time>
      </trkpt>
      <trkpt lat="42.10961" lon="1.8500100000000002">
        <ele>767.776511525311</ele>
        <time>2026-09-01T03:47:44.658Z</time>
      </trkpt>
      <trkpt lat="42.10911" lon="1.8498400000000002">
        <ele>766.7373041972846</ele>
        <time>2026-09-01T03:48:05.669Z</time>
      </trkpt>
      <trkpt lat="42.10853" lon="1.8496800000000002">
        <ele>767.3982293283352</ele>
        <time>2026-09-01T03:48:36.098Z</time>
      </trkpt>
      <trkpt lat="42.10822" lon="1.8494800000000002">
        <ele>768.1928215981894</ele>
        <time>2026-09-01T03:48:55.343Z</time>
      </trkpt>
      <trkpt lat="42.108140000000006" lon="1.8494800000000002">
        <ele>768.3927629919424</ele>
        <time>2026-09-01T03:49:00.034Z</time>
      </trkpt>
      <trkpt lat="42.108070000000005" lon="1.8495100000000002">
        <ele>767.3533378190849</ele>
        <time>2026-09-01T03:49:04.341Z</time>
      </trkpt>
      <trkpt lat="42.10784" lon="1.8497500000000002">
        <ele>769.6075196712624</ele>
        <time>2026-09-01T03:49:21.640Z</time>
      </trkpt>
      <trkpt lat="42.107710000000004" lon="1.8499500000000002">
        <ele>774.080479699368</ele>
        <time>2026-09-01T03:49:35.199Z</time>
      </trkpt>
      <trkpt lat="42.10766" lon="1.8501500000000002">
        <ele>774.8233661219549</ele>
        <time>2026-09-01T03:49:44.460Z</time>
      </trkpt>
      <trkpt lat="42.107620000000004" lon="1.8504800000000001">
        <ele>771.4343253760842</ele>
        <time>2026-09-01T03:49:56.689Z</time>
      </trkpt>
      <trkpt lat="42.107580000000006" lon="1.8504500000000002">
        <ele>770.7305602536292</ele>
        <time>2026-09-01T03:49:58.202Z</time>
      </trkpt>
      <trkpt lat="42.10752" lon="1.8504800000000001">
        <ele>768.7242554342394</ele>
        <time>2026-09-01T03:50:00.021Z</time>
      </trkpt>
      <trkpt lat="42.10707" lon="1.85">
        <ele>762.7846674824941</ele>
        <time>2026-09-01T03:50:17.669Z</time>
      </trkpt>
      <trkpt lat="42.106860000000005" lon="1.84963">
        <ele>759.986924188936</ele>
        <time>2026-09-01T03:50:29.455Z</time>
      </trkpt>
      <trkpt lat="42.10674" lon="1.84949">
        <ele>758.0700318855693</ele>
        <time>2026-09-01T03:50:34.744Z</time>
      </trkpt>
      <trkpt lat="42.106680000000004" lon="1.8494700000000002">
        <ele>757.0299947148728</ele>
        <time>2026-09-01T03:50:36.622Z</time>
      </trkpt>
      <trkpt lat="42.10629" lon="1.8494700000000002">
        <ele>750.9777924827403</ele>
        <time>2026-09-01T03:50:48.139Z</time>
      </trkpt>
      <trkpt lat="42.10615000000001" lon="1.8494400000000002">
        <ele>748.2417609482459</ele>
        <time>2026-09-01T03:50:53.034Z</time>
      </trkpt>
      <trkpt lat="42.10606000000001" lon="1.8493600000000001">
        <ele>748.2708573428232</ele>
        <time>2026-09-01T03:50:57.779Z</time>
      </trkpt>
      <trkpt lat="42.10596" lon="1.8491300000000002">
        <ele>749.3631800748088</ele>
        <time>2026-09-01T03:51:06.484Z</time>
      </trkpt>
      <trkpt lat="42.10582" lon="1.8486700000000003">
        <ele>743.7835116712025</ele>
        <time>2026-09-01T03:51:19.386Z</time>
      </trkpt>
      <trkpt lat="42.10571" lon="1.84864">
        <ele>742.2544960746843</ele>
        <time>2026-09-01T03:51:22.890Z</time>
      </trkpt>
      <trkpt lat="42.10551" lon="1.8485300000000002">
        <ele>740.7719096482606</ele>
        <time>2026-09-01T03:51:30.176Z</time>
      </trkpt>
      <trkpt lat="42.10539000000001" lon="1.84841">
        <ele>739.0967984691562</ele>
        <time>2026-09-01T03:51:34.369Z</time>
      </trkpt>
      <trkpt lat="42.10533" lon="1.84827">
        <ele>734.3061994172515</ele>
        <time>2026-09-01T03:51:37.705Z</time>
      </trkpt>
      <trkpt lat="42.10530000000001" lon="1.8480900000000002">
        <ele>730.5526714786072</ele>
        <time>2026-09-01T03:51:41.354Z</time>
      </trkpt>
      <trkpt lat="42.105090000000004" lon="1.84742">
        <ele>722.8033124721168</ele>
        <time>2026-09-01T03:51:56.333Z</time>
      </trkpt>
      <trkpt lat="42.10501" lon="1.8473000000000002">
        <ele>721.3171145534047</ele>
        <time>2026-09-01T03:52:00.091Z</time>
      </trkpt>
      <trkpt lat="42.10483000000001" lon="1.8471700000000002">
        <ele>720.0830119517174</ele>
        <time>2026-09-01T03:52:07.666Z</time>
      </trkpt>
      <trkpt lat="42.10464" lon="1.8470000000000002">
        <ele>718.7484587191833</ele>
        <time>2026-09-01T03:52:16.125Z</time>
      </trkpt>
      <trkpt lat="42.10448" lon="1.8467200000000001">
        <ele>716.5335183758593</ele>
        <time>2026-09-01T03:52:26.043Z</time>
      </trkpt>
      <trkpt lat="42.10443" lon="1.84647">
        <ele>716.1841036632771</ele>
        <time>2026-09-01T03:52:33.081Z</time>
      </trkpt>
      <trkpt lat="42.104400000000005" lon="1.84613">
        <ele>713.334535826187</ele>
        <time>2026-09-01T03:52:42.164Z</time>
      </trkpt>
      <trkpt lat="42.104310000000005" lon="1.84613">
        <ele>712.0552829488418</ele>
        <time>2026-09-01T03:52:45.277Z</time>
      </trkpt>
      <trkpt lat="42.1043" lon="1.84613">
        <ele>711.9175461281495</ele>
        <time>2026-09-01T03:52:45.606Z</time>
      </trkpt>
      <trkpt lat="42.104305" lon="1.846139">
        <ele>711.9841456549718</ele>
        <time>2026-09-01T03:52:45.880Z</time>
      </trkpt>
      <trkpt lat="42.104267" lon="1.846179">
        <ele>711.5654385425187</ele>
        <time>2026-09-01T03:52:47.546Z</time>
      </trkpt>
      <trkpt lat="42.104179" lon="1.84632">
        <ele>709.8822920535029</ele>
        <time>2026-09-01T03:52:52.269Z</time>
      </trkpt>
      <trkpt lat="42.104164" lon="1.846383">
        <ele>709.353201266415</ele>
        <time>2026-09-01T03:52:54.163Z</time>
      </trkpt>
      <trkpt lat="42.104156" lon="1.846551">
        <ele>708.5913764064819</ele>
        <time>2026-09-01T03:52:58.556Z</time>
      </trkpt>
      <trkpt lat="42.10418" lon="1.84666">
        <ele>708.8225701260151</ele>
        <time>2026-09-01T03:53:01.457Z</time>
      </trkpt>
      <trkpt lat="42.104219" lon="1.846755">
        <ele>709.2692098577958</ele>
        <time>2026-09-01T03:53:04.214Z</time>
      </trkpt>
      <trkpt lat="42.10413" lon="1.846896">
        <ele>706.6680643282709</ele>
        <time>2026-09-01T03:53:09.086Z</time>
      </trkpt>
      <trkpt lat="42.104028" lon="1.846948">
        <ele>704.7498521500812</ele>
        <time>2026-09-01T03:53:13.235Z</time>
      </trkpt>
      <trkpt lat="42.103902" lon="1.846996">
        <ele>703.8329697162496</ele>
        <time>2026-09-01T03:53:18.190Z</time>
      </trkpt>
      <trkpt lat="42.103916" lon="1.847124">
        <ele>704.2017391616504</ele>
        <time>2026-09-01T03:53:21.677Z</time>
      </trkpt>
      <trkpt lat="42.103723" lon="1.847284">
        <ele>704.0281982899077</ele>
        <time>2026-09-01T03:53:31.031Z</time>
      </trkpt>
      <trkpt lat="42.103672" lon="1.84736">
        <ele>703.1782603053801</ele>
        <time>2026-09-01T03:53:34.725Z</time>
      </trkpt>
      <trkpt lat="42.103674" lon="1.847474">
        <ele>703.0846204187221</ele>
        <time>2026-09-01T03:53:39.021Z</time>
      </trkpt>
      <trkpt lat="42.103716" lon="1.8479">
        <ele>703.3483894174623</ele>
        <time>2026-09-01T03:53:54.763Z</time>
      </trkpt>
      <trkpt lat="42.103892" lon="1.849491">
        <ele>700.8031536526245</ele>
        <time>2026-09-01T03:54:52.921Z</time>
      </trkpt>
      <trkpt lat="42.103727" lon="1.849514">
        <ele>699.7997481869154</ele>
        <time>2026-09-01T03:55:00.581Z</time>
      </trkpt>
      <trkpt lat="42.10313" lon="1.849627">
        <ele>694.6660226933182</ele>
        <time>2026-09-01T03:55:22.363Z</time>
      </trkpt>
      <trkpt lat="42.102255" lon="1.849763">
        <ele>686.9227818006193</ele>
        <time>2026-09-01T03:55:53.329Z</time>
      </trkpt>
      <trkpt lat="42.101697" lon="1.849913">
        <ele>681.4705608768184</ele>
        <time>2026-09-01T03:56:13.017Z</time>
      </trkpt>
      <trkpt lat="42.100756" lon="1.850268">
        <ele>675.4996542695425</ele>
        <time>2026-09-01T03:56:49.200Z</time>
      </trkpt>
      <trkpt lat="42.100835" lon="1.850521">
        <ele>673.9866324290432</ele>
        <time>2026-09-01T03:56:57.092Z</time>
      </trkpt>
      <trkpt lat="42.100982" lon="1.850971">
        <ele>670.0709779025276</ele>
        <time>2026-09-01T03:57:09.521Z</time>
      </trkpt>
      <trkpt lat="42.101004" lon="1.851056">
        <ele>669.4465289706236</ele>
        <time>2026-09-01T03:57:11.672Z</time>
      </trkpt>
      <trkpt lat="42.101001" lon="1.851124">
        <ele>668.9507004556607</ele>
        <time>2026-09-01T03:57:13.299Z</time>
      </trkpt>
      <trkpt lat="42.100964" lon="1.851177">
        <ele>668.1168384617596</ele>
        <time>2026-09-01T03:57:14.997Z</time>
      </trkpt>
      <trkpt lat="42.100914" lon="1.851187">
        <ele>667.3940301132462</ele>
        <time>2026-09-01T03:57:16.586Z</time>
      </trkpt>
      <trkpt lat="42.100127" lon="1.851278">
        <ele>655.3418242584252</ele>
        <time>2026-09-01T03:57:40.004Z</time>
      </trkpt>
      <trkpt lat="42.099666" lon="1.851653">
        <ele>651.5315322303762</ele>
        <time>2026-09-01T03:57:56.996Z</time>
      </trkpt>
      <trkpt lat="42.099582" lon="1.851729">
        <ele>650.8842705063578</ele>
        <time>2026-09-01T03:58:00.760Z</time>
      </trkpt>
      <trkpt lat="42.099564" lon="1.851763">
        <ele>650.7633335185444</ele>
        <time>2026-09-01T03:58:02.002Z</time>
      </trkpt>
      <trkpt lat="42.099508" lon="1.851857">
        <ele>649.8130643088163</ele>
        <time>2026-09-01T03:58:05.588Z</time>
      </trkpt>
      <trkpt lat="42.099355" lon="1.852195">
        <ele>648.6531838234368</ele>
        <time>2026-09-01T03:58:17.366Z</time>
      </trkpt>
      <trkpt lat="42.099199" lon="1.852505">
        <ele>646.1431313724236</ele>
        <time>2026-09-01T03:58:28.427Z</time>
      </trkpt>
      <trkpt lat="42.099123" lon="1.852448">
        <ele>646.408638629518</ele>
        <time>2026-09-01T03:58:31.602Z</time>
      </trkpt>
      <trkpt lat="42.098989" lon="1.852448">
        <ele>644.66857694033</ele>
        <time>2026-09-01T03:58:36.494Z</time>
      </trkpt>
      <trkpt lat="42.098873" lon="1.852377">
        <ele>643.8148892414649</ele>
        <time>2026-09-01T03:58:42.559Z</time>
      </trkpt>
      <trkpt lat="42.0988" lon="1.852121">
        <ele>645.0514599634914</ele>
        <time>2026-09-01T03:58:52.388Z</time>
      </trkpt>
      <trkpt lat="42.098782" lon="1.851875">
        <ele>644.9128556371327</ele>
        <time>2026-09-01T03:59:02.203Z</time>
      </trkpt>
      <trkpt lat="42.0988" lon="1.851605">
        <ele>645.06872043229</ele>
        <time>2026-09-01T03:59:13.674Z</time>
      </trkpt>
      <trkpt lat="42.098884" lon="1.851439">
        <ele>645.3491512261883</ele>
        <time>2026-09-01T03:59:20.910Z</time>
      </trkpt>
      <trkpt lat="42.098968" lon="1.85124">
        <ele>643.9462429111104</ele>
        <time>2026-09-01T03:59:30.029Z</time>
      </trkpt>
      <trkpt lat="42.098884" lon="1.851439">
        <ele>645.3491512261883</ele>
        <time>2026-09-01T03:59:38.896Z</time>
      </trkpt>
      <trkpt lat="42.0988" lon="1.851605">
        <ele>645.06872043229</ele>
        <time>2026-09-01T03:59:46.457Z</time>
      </trkpt>
      <trkpt lat="42.098782" lon="1.851875">
        <ele>644.9128556371327</ele>
        <time>2026-09-01T03:59:57.693Z</time>
      </trkpt>
      <trkpt lat="42.0988" lon="1.852121">
        <ele>645.0514599634914</ele>
        <time>2026-09-01T04:00:06.381Z</time>
      </trkpt>
      <trkpt lat="42.098873" lon="1.852377">
        <ele>643.8148892414649</ele>
        <time>2026-09-01T04:00:16.736Z</time>
      </trkpt>
      <trkpt lat="42.098989" lon="1.852448">
        <ele>644.66857694033</ele>
        <time>2026-09-01T04:00:23.883Z</time>
      </trkpt>
      <trkpt lat="42.099123" lon="1.852448">
        <ele>646.408638629518</ele>
        <time>2026-09-01T04:00:31.493Z</time>
      </trkpt>
      <trkpt lat="42.099199" lon="1.852505">
        <ele>646.1431313724236</ele>
        <time>2026-09-01T04:00:36.333Z</time>
      </trkpt>
      <trkpt lat="42.099018" lon="1.852819">
        <ele>644.7679284802819</ele>
        <time>2026-09-01T04:00:52.753Z</time>
      </trkpt>
      <trkpt lat="42.09889" lon="1.853004">
        <ele>646.0975095411234</ele>
        <time>2026-09-01T04:01:03.221Z</time>
      </trkpt>
      <trkpt lat="42.098817" lon="1.853056">
        <ele>646.7820621764929</ele>
        <time>2026-09-01T04:01:08.835Z</time>
      </trkpt>
      <trkpt lat="42.098929" lon="1.853107">
        <ele>647.5904880840717</ele>
        <time>2026-09-01T04:01:17.195Z</time>
      </trkpt>
      <trkpt lat="42.098987" lon="1.85323">
        <ele>648.6394742539175</ele>
        <time>2026-09-01T04:01:24.842Z</time>
      </trkpt>
      <trkpt lat="42.098999" lon="1.853518">
        <ele>651.7700620678834</ele>
        <time>2026-09-01T04:01:40.210Z</time>
      </trkpt>
      <trkpt lat="42.098977" lon="1.853917">
        <ele>655.3172098472838</ele>
        <time>2026-09-01T04:02:02.389Z</time>
      </trkpt>
      <trkpt lat="42.098943" lon="1.854104">
        <ele>659.5328512443887</ele>
        <time>2026-09-01T04:02:13.167Z</time>
      </trkpt>
      <trkpt lat="42.098979" lon="1.854211">
        <ele>660.7844689513137</ele>
        <time>2026-09-01T04:02:19.699Z</time>
      </trkpt>
      <trkpt lat="42.099075" lon="1.854339">
        <ele>662.2668204426442</ele>
        <time>2026-09-01T04:02:29.935Z</time>
      </trkpt>
      <trkpt lat="42.099126" lon="1.854495">
        <ele>663.4921502894647</ele>
        <time>2026-09-01T04:02:39.278Z</time>
      </trkpt>
      <trkpt lat="42.099337" lon="1.854715">
        <ele>665.3380861838854</ele>
        <time>2026-09-01T04:02:58.009Z</time>
      </trkpt>
      <trkpt lat="42.099656" lon="1.855171">
        <ele>668.7136880029237</ele>
        <time>2026-09-01T04:03:29.427Z</time>
      </trkpt>
      <trkpt lat="42.099974" lon="1.855713">
        <ele>672.4104102192202</ele>
        <time>2026-09-01T04:04:03.844Z</time>
      </trkpt>
      <trkpt lat="42.100257" lon="1.856277">
        <ele>675.5324571715535</ele>
        <time>2026-09-01T04:04:37.319Z</time>
      </trkpt>
      <trkpt lat="42.100607" lon="1.856909">
        <ele>678.2951720093611</ele>
        <time>2026-09-01T04:05:14.745Z</time>
      </trkpt>
      <trkpt lat="42.100819" lon="1.857127">
        <ele>679.0242633643979</ele>
        <time>2026-09-01T04:05:31.120Z</time>
      </trkpt>
      <trkpt lat="42.101049" lon="1.857306">
        <ele>679.5237832531541</ele>
        <time>2026-09-01T04:05:46.402Z</time>
      </trkpt>
      <trkpt lat="42.101443" lon="1.857258">
        <ele>680.4740725099305</ele>
        <time>2026-09-01T04:06:09.063Z</time>
      </trkpt>
      <trkpt lat="42.101905" lon="1.857091">
        <ele>681.4264069929764</ele>
        <time>2026-09-01T04:06:36.445Z</time>
      </trkpt>
      <trkpt lat="42.102068" lon="1.856896">
        <ele>679.7697914744657</ele>
        <time>2026-09-01T04:06:47.399Z</time>
      </trkpt>
      <trkpt lat="42.102231" lon="1.8567">
        <ele>679.7173412289354</ele>
        <time>2026-09-01T04:07:00.022Z</time>
      </trkpt>
      <trkpt lat="42.102348" lon="1.856928">
        <ele>682.9783094570149</ele>
        <time>2026-09-01T04:07:12.276Z</time>
      </trkpt>
      <trkpt lat="42.102412" lon="1.856941">
        <ele>683.5643598785109</ele>
        <time>2026-09-01T04:07:16.382Z</time>
      </trkpt>
      <trkpt lat="42.102425" lon="1.857135">
        <ele>684.1777650570608</ele>
        <time>2026-09-01T04:07:25.991Z</time>
      </trkpt>
      <trkpt lat="42.102389" lon="1.857153">
        <ele>683.9891102047841</ele>
        <time>2026-09-01T04:07:28.477Z</time>
      </trkpt>
      <trkpt lat="42.102359" lon="1.857185">
        <ele>683.8454224940622</ele>
        <time>2026-09-01T04:07:30.687Z</time>
      </trkpt>
      <trkpt lat="42.102332" lon="1.857248">
        <ele>683.7919613885051</ele>
        <time>2026-09-01T04:07:33.806Z</time>
      </trkpt>
      <trkpt lat="42.102327" lon="1.857321">
        <ele>683.9540720554814</ele>
        <time>2026-09-01T04:07:36.949Z</time>
      </trkpt>
      <trkpt lat="42.102338" lon="1.857367">
        <ele>684.1494078856001</ele>
        <time>2026-09-01T04:07:39.021Z</time>
      </trkpt>
      <trkpt lat="42.102357" lon="1.857408">
        <ele>684.3096951306882</ele>
        <time>2026-09-01T04:07:41.093Z</time>
      </trkpt>
      <trkpt lat="42.102368" lon="1.857592">
        <ele>684.4358617396275</ele>
        <time>2026-09-01T04:07:48.759Z</time>
      </trkpt>
      <trkpt lat="42.102377" lon="1.858236">
        <ele>685.3081586180359</ele>
        <time>2026-09-01T04:08:15.154Z</time>
      </trkpt>
      <trkpt lat="42.102575" lon="1.858528">
        <ele>682.7904122971019</ele>
        <time>2026-09-01T04:08:29.023Z</time>
      </trkpt>
      <trkpt lat="42.102865" lon="1.858842">
        <ele>680.1527165636437</ele>
        <time>2026-09-01T04:08:42.593Z</time>
      </trkpt>
      <trkpt lat="42.103039" lon="1.859161">
        <ele>678.1930173328607</ele>
        <time>2026-09-01T04:08:53.696Z</time>
      </trkpt>
      <trkpt lat="42.103214" lon="1.85948">
        <ele>677.3700099252408</ele>
        <time>2026-09-01T04:09:05.976Z</time>
      </trkpt>
      <trkpt lat="42.103603" lon="1.860187">
        <ele>666.2760519652297</ele>
        <time>2026-09-01T04:09:26.234Z</time>
      </trkpt>
      <trkpt lat="42.103785" lon="1.860655">
        <ele>658.506852926668</ele>
        <time>2026-09-01T04:09:37.232Z</time>
      </trkpt>
      <trkpt lat="42.103902" lon="1.860992">
        <ele>656.895610246071</ele>
        <time>2026-09-01T04:09:45.504Z</time>
      </trkpt>
      <trkpt lat="42.10395" lon="1.861223">
        <ele>655.8725906954869</ele>
        <time>2026-09-01T04:09:52.569Z</time>
      </trkpt>
      <trkpt lat="42.104093" lon="1.861854">
        <ele>651.1552932440945</ele>
        <time>2026-09-01T04:10:09.831Z</time>
      </trkpt>
      <trkpt lat="42.104258" lon="1.862212">
        <ele>649.4008475488683</ele>
        <time>2026-09-01T04:10:21.090Z</time>
      </trkpt>
      <trkpt lat="42.104439" lon="1.862901">
        <ele>643.636249591774</ele>
        <time>2026-09-01T04:10:40.071Z</time>
      </trkpt>
      <trkpt lat="42.104621" lon="1.863563">
        <ele>640.651308388027</ele>
        <time>2026-09-01T04:10:58.827Z</time>
      </trkpt>
      <trkpt lat="42.10473" lon="1.863796">
        <ele>640.056343181378</ele>
        <time>2026-09-01T04:11:07.279Z</time>
      </trkpt>
      <trkpt lat="42.104889" lon="1.86421">
        <ele>637.6021208595773</ele>
        <time>2026-09-01T04:11:21.173Z</time>
      </trkpt>
      <trkpt lat="42.104982" lon="1.864586">
        <ele>635.3420207004147</ele>
        <time>2026-09-01T04:11:32.170Z</time>
      </trkpt>
      <trkpt lat="42.105035" lon="1.864759">
        <ele>634.4856407962778</ele>
        <time>2026-09-01T04:11:37.236Z</time>
      </trkpt>
      <trkpt lat="42.105109" lon="1.865063">
        <ele>632.4110819242624</ele>
        <time>2026-09-01T04:11:45.896Z</time>
      </trkpt>
      <trkpt lat="42.105288" lon="1.865655">
        <ele>630.2673683404486</ele>
        <time>2026-09-01T04:12:04.583Z</time>
      </trkpt>
      <trkpt lat="42.105465" lon="1.866202">
        <ele>627.213694903467</ele>
        <time>2026-09-01T04:12:22.266Z</time>
      </trkpt>
      <trkpt lat="42.105502" lon="1.866368">
        <ele>626.4513336218714</ele>
        <time>2026-09-01T04:12:27.291Z</time>
      </trkpt>
      <trkpt lat="42.105532" lon="1.866626">
        <ele>625.5641209751545</ele>
        <time>2026-09-01T04:12:35.229Z</time>
      </trkpt>
      <trkpt lat="42.105526" lon="1.867126">
        <ele>621.6705988859417</ele>
        <time>2026-09-01T04:12:48.628Z</time>
      </trkpt>
      <trkpt lat="42.105541" lon="1.867299">
        <ele>620.2651817489318</ele>
        <time>2026-09-01T04:12:53.440Z</time>
      </trkpt>
      <trkpt lat="42.105607" lon="1.867559">
        <ele>619.6733584230587</ele>
        <time>2026-09-01T04:13:02.125Z</time>
      </trkpt>
      <trkpt lat="42.105618" lon="1.867656">
        <ele>619.9288694304879</ele>
        <time>2026-09-01T04:13:05.226Z</time>
      </trkpt>
      <trkpt lat="42.105611" lon="1.86818">
        <ele>615.8546130577311</ele>
        <time>2026-09-01T04:13:19.666Z</time>
      </trkpt>
      <trkpt lat="42.105665" lon="1.868435">
        <ele>614.6786949907942</ele>
        <time>2026-09-01T04:13:26.494Z</time>
      </trkpt>
      <trkpt lat="42.105692" lon="1.868637">
        <ele>613.274228377835</ele>
        <time>2026-09-01T04:13:31.971Z</time>
      </trkpt>
      <trkpt lat="42.105745" lon="1.868754">
        <ele>612.2067922573483</ele>
        <time>2026-09-01T04:13:35.629Z</time>
      </trkpt>
      <trkpt lat="42.106077" lon="1.869305">
        <ele>605.563212584339</ele>
        <time>2026-09-01T04:13:52.372Z</time>
      </trkpt>
      <trkpt lat="42.106139" lon="1.869482">
        <ele>604.5459246432966</ele>
        <time>2026-09-01T04:13:57.023Z</time>
      </trkpt>
      <trkpt lat="42.106244" lon="1.86984">
        <ele>601.2721289722671</ele>
        <time>2026-09-01T04:14:06.607Z</time>
      </trkpt>
      <trkpt lat="42.106364" lon="1.870253">
        <ele>597.5777027208896</ele>
        <time>2026-09-01T04:14:17.449Z</time>
      </trkpt>
      <trkpt lat="42.106384" lon="1.870423">
        <ele>597.1796536416374</ele>
        <time>2026-09-01T04:14:21.891Z</time>
      </trkpt>
      <trkpt lat="42.106281" lon="1.871511">
        <ele>594.9538805716315</ele>
        <time>2026-09-01T04:14:59.154Z</time>
      </trkpt>
      <trkpt lat="42.106184" lon="1.871859">
        <ele>592.3342733532926</ele>
        <time>2026-09-01T04:15:10.816Z</time>
      </trkpt>
      <trkpt lat="42.106133" lon="1.87211">
        <ele>590.8034907898697</ele>
        <time>2026-09-01T04:15:17.559Z</time>
      </trkpt>
      <trkpt lat="42.106046" lon="1.872813">
        <ele>587.6836501509163</ele>
        <time>2026-09-01T04:15:37.953Z</time>
      </trkpt>
      <trkpt lat="42.106037" lon="1.872981">
        <ele>586.3315842540201</ele>
        <time>2026-09-01T04:15:42.738Z</time>
      </trkpt>
      <trkpt lat="42.10605" lon="1.873115">
        <ele>585.7812799614898</ele>
        <time>2026-09-01T04:15:46.521Z</time>
      </trkpt>
      <trkpt lat="42.106078" lon="1.873243">
        <ele>585.170460791122</ele>
        <time>2026-09-01T04:15:50.383Z</time>
      </trkpt>
      <trkpt lat="42.106169" lon="1.873428">
        <ele>584.2896514237266</ele>
        <time>2026-09-01T04:15:56.807Z</time>
      </trkpt>
      <trkpt lat="42.106263" lon="1.87353">
        <ele>583.9113155358772</ele>
        <time>2026-09-01T04:16:03.085Z</time>
      </trkpt>
      <trkpt lat="42.106438" lon="1.873676">
        <ele>585.4991807389388</ele>
        <time>2026-09-01T04:16:13.466Z</time>
      </trkpt>
      <trkpt lat="42.106501" lon="1.873711">
        <ele>586.2755826513725</ele>
        <time>2026-09-01T04:16:16.221Z</time>
      </trkpt>
      <trkpt lat="42.106469" lon="1.873775">
        <ele>585.7444663310288</ele>
        <time>2026-09-01T04:16:18.395Z</time>
      </trkpt>
      <trkpt lat="42.106411" lon="1.873801">
        <ele>585.198641194374</ele>
        <time>2026-09-01T04:16:20.526Z</time>
      </trkpt>
      <trkpt lat="42.106295" lon="1.873819">
        <ele>582.6563842651456</ele>
        <time>2026-09-01T04:16:24.598Z</time>
      </trkpt>
      <trkpt lat="42.106216" lon="1.873885">
        <ele>580.3903118406453</ele>
        <time>2026-09-01T04:16:27.334Z</time>
      </trkpt>
      <trkpt lat="42.106175" lon="1.873948">
        <ele>578.9564867824594</ele>
        <time>2026-09-01T04:16:29.216Z</time>
      </trkpt>
      <trkpt lat="42.106145" lon="1.874059">
        <ele>577.2279545077951</ele>
        <time>2026-09-01T04:16:31.757Z</time>
      </trkpt>
      <trkpt lat="42.106131" lon="1.87419">
        <ele>575.8961529991639</ele>
        <time>2026-09-01T04:16:34.594Z</time>
      </trkpt>
      <trkpt lat="42.106153" lon="1.874459">
        <ele>574.0285714975978</ele>
        <time>2026-09-01T04:16:40.336Z</time>
      </trkpt>
      <trkpt lat="42.106147" lon="1.874559">
        <ele>573.0729882380851</ele>
        <time>2026-09-01T04:16:42.623Z</time>
      </trkpt>
      <trkpt lat="42.106125" lon="1.874694">
        <ele>570.7078855089222</ele>
        <time>2026-09-01T04:16:46.147Z</time>
      </trkpt>
      <trkpt lat="42.106132" lon="1.874816">
        <ele>570.3700561016204</ele>
        <time>2026-09-01T04:16:49.197Z</time>
      </trkpt>
      <trkpt lat="42.106121" lon="1.87498">
        <ele>569.5249295271933</ele>
        <time>2026-09-01T04:16:53.271Z</time>
      </trkpt>
      <trkpt lat="42.106138" lon="1.875082">
        <ele>570.1122299395151</ele>
        <time>2026-09-01T04:16:56.139Z</time>
      </trkpt>
      <trkpt lat="42.106115" lon="1.875207">
        <ele>568.3191956101302</ele>
        <time>2026-09-01T04:17:00.150Z</time>
      </trkpt>
      <trkpt lat="42.105999" lon="1.875435">
        <ele>563.3939242588226</ele>
        <time>2026-09-01T04:17:09.891Z</time>
      </trkpt>
      <trkpt lat="42.10594" lon="1.875457">
        <ele>567.8783152190042</ele>
        <time>2026-09-01T04:17:12.245Z</time>
      </trkpt>
      <trkpt lat="42.105934" lon="1.87557">
        <ele>569.2154061106542</ele>
        <time>2026-09-01T04:17:15.477Z</time>
      </trkpt>
      <trkpt lat="42.105976" lon="1.875788">
        <ele>567.0727097148261</ele>
        <time>2026-09-01T04:17:20.512Z</time>
      </trkpt>
      <trkpt lat="42.105984" lon="1.875876">
        <ele>564.9322329078727</ele>
        <time>2026-09-01T04:17:22.706Z</time>
      </trkpt>
      <trkpt lat="42.105976" lon="1.875924">
        <ele>564.3637425485808</ele>
        <time>2026-09-01T04:17:23.831Z</time>
      </trkpt>
      <trkpt lat="42.105967" lon="1.876071">
        <ele>558.7409607582433</ele>
        <time>2026-09-01T04:17:27.205Z</time>
      </trkpt>
      <trkpt lat="42.105916" lon="1.876196">
        <ele>555.1673068746517</ele>
        <time>2026-09-01T04:17:30.073Z</time>
      </trkpt>
      <trkpt lat="42.10584" lon="1.876251">
        <ele>555.4780524233488</ele>
        <time>2026-09-01T04:17:32.403Z</time>
      </trkpt>
      <trkpt lat="42.105833" lon="1.876309">
        <ele>555.6904514190102</ele>
        <time>2026-09-01T04:17:33.593Z</time>
      </trkpt>
      <trkpt lat="42.105877" lon="1.876319">
        <ele>553.0878771418913</ele>
        <time>2026-09-01T04:17:34.806Z</time>
      </trkpt>
      <trkpt lat="42.105952" lon="1.876253">
        <ele>551.814172413225</ele>
        <time>2026-09-01T04:17:37.257Z</time>
      </trkpt>
      <trkpt lat="42.105982" lon="1.876228">
        <ele>552.0713140747798</ele>
        <time>2026-09-01T04:17:38.253Z</time>
      </trkpt>
      <trkpt lat="42.106032" lon="1.876177">
        <ele>551.8691458498483</ele>
        <time>2026-09-01T04:17:40.009Z</time>
      </trkpt>
      <trkpt lat="42.106093" lon="1.876046">
        <ele>552.2809538990431</ele>
        <time>2026-09-01T04:17:43.323Z</time>
      </trkpt>
      <trkpt lat="42.10612" lon="1.876035">
        <ele>550.8118323084325</ele>
        <time>2026-09-01T04:17:44.109Z</time>
      </trkpt>
      <trkpt lat="42.106139" lon="1.876055">
        <ele>549.4741025855831</ele>
        <time>2026-09-01T04:17:44.781Z</time>
      </trkpt>
      <trkpt lat="42.106146" lon="1.876119">
        <ele>547.918994680686</ele>
        <time>2026-09-01T04:17:46.136Z</time>
      </trkpt>
      <trkpt lat="42.106135" lon="1.876194">
        <ele>546.8657647027094</ele>
        <time>2026-09-01T04:17:47.741Z</time>
      </trkpt>
      <trkpt lat="42.106154" lon="1.876268">
        <ele>544.8087893057042</ele>
        <time>2026-09-01T04:17:49.505Z</time>
      </trkpt>
      <trkpt lat="42.106193" lon="1.876321">
        <ele>543.2141603599664</ele>
        <time>2026-09-01T04:17:51.186Z</time>
      </trkpt>
      <trkpt lat="42.10618" lon="1.876605">
        <ele>540.2106461010103</ele>
        <time>2026-09-01T04:17:57.445Z</time>
      </trkpt>
      <trkpt lat="42.106196" lon="1.876657">
        <ele>540.5858173928829</ele>
        <time>2026-09-01T04:17:58.716Z</time>
      </trkpt>
      <trkpt lat="42.106222" lon="1.876701">
        <ele>541.3507695910033</ele>
        <time>2026-09-01T04:18:00.022Z</time>
      </trkpt>
      <trkpt lat="42.106207" lon="1.876873">
        <ele>539.3937124471879</ele>
        <time>2026-09-01T04:18:04.097Z</time>
      </trkpt>
      <trkpt lat="42.106217" lon="1.877181">
        <ele>537.8654103965907</ele>
        <time>2026-09-01T04:18:12.337Z</time>
      </trkpt>
      <trkpt lat="42.106208" lon="1.877422">
        <ele>536.522266719585</ele>
        <time>2026-09-01T04:18:19.341Z</time>
      </trkpt>
      <trkpt lat="42.10623" lon="1.877569">
        <ele>535.7356165585396</ele>
        <time>2026-09-01T04:18:23.520Z</time>
      </trkpt>
      <trkpt lat="42.106427" lon="1.878182">
        <ele>533.0387956740772</ele>
        <time>2026-09-01T04:18:42.894Z</time>
      </trkpt>
      <trkpt lat="42.106468" lon="1.878426">
        <ele>532.2767944082461</ele>
        <time>2026-09-01T04:18:50.420Z</time>
      </trkpt>
      <trkpt lat="42.1065" lon="1.878769">
        <ele>530.7291429715999</ele>
        <time>2026-09-01T04:19:00.875Z</time>
      </trkpt>
      <trkpt lat="42.106553" lon="1.879157">
        <ele>527.8158360436811</ele>
        <time>2026-09-01T04:19:12.639Z</time>
      </trkpt>
      <trkpt lat="42.106562" lon="1.87927">
        <ele>528.5670098588256</ele>
        <time>2026-09-01T04:19:16.151Z</time>
      </trkpt>
      <trkpt lat="42.10656" lon="1.8792600000000002">
        <ele>528.4662942742423</ele>
        <time>2026-09-01T04:19:16.469Z</time>
      </trkpt>
      <trkpt lat="42.10649" lon="1.8793900000000001">
        <ele>528.3290028716774</ele>
        <time>2026-09-01T04:19:21.404Z</time>
      </trkpt>
      <trkpt lat="42.106260000000006" lon="1.8796400000000002">
        <ele>526.8231122358766</ele>
        <time>2026-09-01T04:19:35.664Z</time>
      </trkpt>
      <trkpt lat="42.1062" lon="1.8798100000000002">
        <ele>526.723115105033</ele>
        <time>2026-09-01T04:19:41.497Z</time>
      </trkpt>
      <trkpt lat="42.106190000000005" lon="1.8800000000000001">
        <ele>526.3658840715312</ele>
        <time>2026-09-01T04:19:46.696Z</time>
      </trkpt>
      <trkpt lat="42.106100000000005" lon="1.8800100000000002">
        <ele>524.8297637939528</ele>
        <time>2026-09-01T04:19:49.838Z</time>
      </trkpt>
      <trkpt lat="42.10596" lon="1.87999">
        <ele>522.2408772877135</ele>
        <time>2026-09-01T04:19:54.737Z</time>
      </trkpt>
      <trkpt lat="42.10566" lon="1.8798700000000002">
        <ele>525.3851280228386</ele>
        <time>2026-09-01T04:20:09.652Z</time>
      </trkpt>
      <trkpt lat="42.10548" lon="1.8797800000000002">
        <ele>527.4238676973547</ele>
        <time>2026-09-01T04:20:22.994Z</time>
      </trkpt>
      <trkpt lat="42.10533" lon="1.8797500000000003">
        <ele>528.0643498359971</ele>
        <time>2026-09-01T04:20:32.575Z</time>
      </trkpt>
      <trkpt lat="42.10519" lon="1.87976">
        <ele>527.7985358755052</ele>
        <time>2026-09-01T04:20:41.211Z</time>
      </trkpt>
      <trkpt lat="42.105000000000004" lon="1.8798100000000002">
        <ele>528.2258237187685</ele>
        <time>2026-09-01T04:20:51.867Z</time>
      </trkpt>
      <trkpt lat="42.104850000000006" lon="1.87989">
        <ele>528.2115518468656</ele>
        <time>2026-09-01T04:21:00.295Z</time>
      </trkpt>
      <trkpt lat="42.104710000000004" lon="1.87999">
        <ele>528.07808461461</ele>
        <time>2026-09-01T04:21:08.644Z</time>
      </trkpt>
      <trkpt lat="42.104560000000006" lon="1.8801700000000001">
        <ele>527.9496474994203</ele>
        <time>2026-09-01T04:21:19.172Z</time>
      </trkpt>
      <trkpt lat="42.10448" lon="1.8803">
        <ele>528.2869203917085</ele>
        <time>2026-09-01T04:21:26.272Z</time>
      </trkpt>
      <trkpt lat="42.10436000000001" lon="1.8805900000000002">
        <ele>529.6145742461</ele>
        <time>2026-09-01T04:21:40.654Z</time>
      </trkpt>
      <trkpt lat="42.104290000000006" lon="1.8808500000000001">
        <ele>531.7250574845443</ele>
        <time>2026-09-01T04:21:54.198Z</time>
      </trkpt>
      <trkpt lat="42.10425" lon="1.8812700000000002">
        <ele>536.0720167737335</ele>
        <time>2026-09-01T04:22:17.214Z</time>
      </trkpt>
      <trkpt lat="42.10438000661129" lon="1.8821433296803174">
        <ele>537.8529140583609</ele>
        <time>2026-09-01T04:23:00.540Z</time>
      </trkpt>
      <trkpt lat="42.10451000660067" lon="1.883016662942169">
        <ele>536.6694300619571</ele>
        <time>2026-09-01T04:23:35.738Z</time>
      </trkpt>
      <trkpt lat="42.10464" lon="1.88389">
        <ele>531.4888501171611</ele>
        <time>2026-09-01T04:24:03.200Z</time>
      </trkpt>
      <trkpt lat="42.10468" lon="1.8842900000000002">
        <ele>528.4944466909524</ele>
        <time>2026-09-01T04:24:13.795Z</time>
      </trkpt>
      <trkpt lat="42.10466" lon="1.8846600000000002">
        <ele>528.4478721302557</ele>
        <time>2026-09-01T04:24:24.980Z</time>
      </trkpt>
      <trkpt lat="42.104560000000006" lon="1.8857000000000002">
        <ele>529.1035009674611</ele>
        <time>2026-09-01T04:25:06.650Z</time>
      </trkpt>
      <trkpt lat="42.10448" lon="1.8861">
        <ele>529.9768147136582</ele>
        <time>2026-09-01T04:25:23.705Z</time>
      </trkpt>
      <trkpt lat="42.104420000000005" lon="1.8862900000000002">
        <ele>526.2632465236641</ele>
        <time>2026-09-01T04:25:29.687Z</time>
      </trkpt>
      <trkpt lat="42.104060000000004" lon="1.8868800000000001">
        <ele>524.236271582917</ele>
        <time>2026-09-01T04:25:50.173Z</time>
      </trkpt>
      <trkpt lat="42.10342500177128" lon="1.8875100062617154">
        <ele>522.1371276308001</ele>
        <time>2026-09-01T04:26:25.834Z</time>
      </trkpt>
      <trkpt lat="42.102790000000006" lon="1.8881400000000002">
        <ele>519.9981566415886</ele>
        <time>2026-09-01T04:27:02.114Z</time>
      </trkpt>
      <trkpt lat="42.102250000000005" lon="1.8886">
        <ele>521.1162102890797</ele>
        <time>2026-09-01T04:27:34.389Z</time>
      </trkpt>
      <trkpt lat="42.10201" lon="1.88884">
        <ele>527.8058321293679</ele>
        <time>2026-09-01T04:27:54.937Z</time>
      </trkpt>
      <trkpt lat="42.10166" lon="1.8889700000000003">
        <ele>541.0082885392195</ele>
        <time>2026-09-01T04:28:23.279Z</time>
      </trkpt>
      <trkpt lat="42.101240000000004" lon="1.88904">
        <ele>524.2021292817919</ele>
        <time>2026-09-01T04:28:41.058Z</time>
      </trkpt>
      <trkpt lat="42.10096" lon="1.8890200000000001">
        <ele>515.4113281334809</ele>
        <time>2026-09-01T04:28:48.397Z</time>
      </trkpt>
      <trkpt lat="42.10022" lon="1.88891">
        <ele>523.4956364047043</ele>
        <time>2026-09-01T04:29:26.056Z</time>
      </trkpt>
      <trkpt lat="42.099430001518044" lon="1.8884999898146908">
        <ele>522.7436111860642</ele>
        <time>2026-09-01T04:30:18.913Z</time>
      </trkpt>
      <trkpt lat="42.0986400015766" lon="1.8880899898452679">
        <ele>517.9632472512342</ele>
        <time>2026-09-01T04:30:56.791Z</time>
      </trkpt>
      <trkpt lat="42.09785" lon="1.8876800000000002">
        <ele>523.0599559823545</ele>
        <time>2026-09-01T04:31:41.353Z</time>
      </trkpt>
      <trkpt lat="42.09754" lon="1.8873000000000002">
        <ele>526.8152281298396</ele>
        <time>2026-09-01T04:32:09.324Z</time>
      </trkpt>
      <trkpt lat="42.097080003554304" lon="1.886659990712939">
        <ele>519.9318494660085</ele>
        <time>2026-09-01T04:32:39.441Z</time>
      </trkpt>
      <trkpt lat="42.09662000355245" lon="1.8860199907104875">
        <ele>520.2807221043709</ele>
        <time>2026-09-01T04:33:06.752Z</time>
      </trkpt>
      <trkpt lat="42.096160000000005" lon="1.88538">
        <ele>520.4097706658063</ele>
        <time>2026-09-01T04:33:41.825Z</time>
      </trkpt>
      <trkpt lat="42.09597" lon="1.8852300000000002">
        <ele>528.4946037879901</ele>
        <time>2026-09-01T04:33:57.255Z</time>
      </trkpt>
      <trkpt lat="42.095140000611366" lon="1.884839994873064">
        <ele>560.5148701660614</ele>
        <time>2026-09-01T04:35:06.017Z</time>
      </trkpt>
      <trkpt lat="42.09431" lon="1.8844500000000002">
        <ele>517.5495509750674</ele>
        <time>2026-09-01T04:35:40.249Z</time>
      </trkpt>
      <trkpt lat="42.094030000000004" lon="1.88437">
        <ele>509.2050954151572</ele>
        <time>2026-09-01T04:35:47.725Z</time>
      </trkpt>
      <trkpt lat="42.0936" lon="1.8842700000000001">
        <ele>500.884929765151</ele>
        <time>2026-09-01T04:35:59.468Z</time>
      </trkpt>
      <trkpt lat="42.093120000000006" lon="1.8841">
        <ele>499.7496618478915</ele>
        <time>2026-09-01T04:36:16.023Z</time>
      </trkpt>
      <trkpt lat="42.09255000013825" lon="1.8840099992074755">
        <ele>500.03621330668096</ele>
        <time>2026-09-01T04:36:44.914Z</time>
      </trkpt>
      <trkpt lat="42.09198000000001" lon="1.8839200000000003">
        <ele>520.6194670657901</ele>
        <time>2026-09-01T04:37:28.754Z</time>
      </trkpt>
      <trkpt lat="42.091240000000006" lon="1.8837500000000003">
        <ele>514.8264129347523</ele>
        <time>2026-09-01T04:38:22.896Z</time>
      </trkpt>
      <trkpt lat="42.09057000000001" lon="1.8836400000000002">
        <ele>509.2737971299343</ele>
        <time>2026-09-01T04:38:47.308Z</time>
      </trkpt>
      <trkpt lat="42.08999" lon="1.8835000000000002">
        <ele>511.7762372520774</ele>
        <time>2026-09-01T04:39:14.780Z</time>
      </trkpt>
      <trkpt lat="42.089600000000004" lon="1.8832700000000002">
        <ele>510.3215713413327</ele>
        <time>2026-09-01T04:39:38.031Z</time>
      </trkpt>
      <trkpt lat="42.08932" lon="1.8830300000000002">
        <ele>511.89672618612036</ele>
        <time>2026-09-01T04:39:55.477Z</time>
      </trkpt>
      <trkpt lat="42.08906" lon="1.8827500000000001">
        <ele>511.5050461184725</ele>
        <time>2026-09-01T04:40:14.230Z</time>
      </trkpt>
      <trkpt lat="42.0886333362105" lon="1.8821766589857138">
        <ele>516.1254690667856</ele>
        <time>2026-09-01T04:40:51.747Z</time>
      </trkpt>
      <trkpt lat="42.088206669567214" lon="1.8816033256838889">
        <ele>514.4641761520406</ele>
        <time>2026-09-01T04:41:26.618Z</time>
      </trkpt>
      <trkpt lat="42.08778" lon="1.8810300000000002">
        <ele>506.8097567791471</ele>
        <time>2026-09-01T04:41:48.615Z</time>
      </trkpt>
      <trkpt lat="42.08738" lon="1.8806900000000002">
        <ele>508.88018287923217</ele>
        <time>2026-09-01T04:42:07.924Z</time>
      </trkpt>
      <trkpt lat="42.086660000865635" lon="1.8802149945340438">
        <ele>507.0247689345311</ele>
        <time>2026-09-01T04:42:50.089Z</time>
      </trkpt>
      <trkpt lat="42.08594" lon="1.8797400000000002">
        <ele>496.2765098019903</ele>
        <time>2026-09-01T04:43:19.199Z</time>
      </trkpt>
      <trkpt lat="42.08527" lon="1.8792600000000002">
        <ele>502.98723455171125</ele>
        <time>2026-09-01T04:43:54.282Z</time>
      </trkpt>
      <trkpt lat="42.08464" lon="1.87894">
        <ele>500.7569381486537</ele>
        <time>2026-09-01T04:44:34.245Z</time>
      </trkpt>
      <trkpt lat="42.083890000000004" lon="1.8786600000000002">
        <ele>502.05468565165194</ele>
        <time>2026-09-01T04:45:13.698Z</time>
      </trkpt>
      <trkpt lat="42.083450000000006" lon="1.8784100000000001">
        <ele>500.90116464618836</ele>
        <time>2026-09-01T04:45:38.753Z</time>
      </trkpt>
      <trkpt lat="42.082705001363756" lon="1.8778299931147067">
        <ele>504.39667007560547</ele>
        <time>2026-09-01T04:46:27.174Z</time>
      </trkpt>
      <trkpt lat="42.08196" lon="1.87725">
        <ele>501.13407394115586</ele>
        <time>2026-09-01T04:47:12.362Z</time>
      </trkpt>
      <trkpt lat="42.081430000000005" lon="1.8769000000000002">
        <ele>501.2006012738192</ele>
        <time>2026-09-01T04:47:40.159Z</time>
      </trkpt>
      <trkpt lat="42.081210000000006" lon="1.8767800000000001">
        <ele>497.2041447946506</ele>
        <time>2026-09-01T04:47:50.052Z</time>
      </trkpt>
      <trkpt lat="42.08051000014176" lon="1.87658499784234">
        <ele>494.81425716507476</ele>
        <time>2026-09-01T04:48:17.303Z</time>
      </trkpt>
      <trkpt lat="42.07981" lon="1.8763900000000002">
        <ele>494.1474479278062</ele>
        <time>2026-09-01T04:48:51.072Z</time>
      </trkpt>
      <trkpt lat="42.07945" lon="1.8762200000000002">
        <ele>495.45485094965636</ele>
        <time>2026-09-01T04:49:11.507Z</time>
      </trkpt>
      <trkpt lat="42.078950000000006" lon="1.8758400000000002">
        <ele>499.8365441808156</ele>
        <time>2026-09-01T04:49:48.808Z</time>
      </trkpt>
      <trkpt lat="42.07876" lon="1.8756300000000001">
        <ele>498.4940183568875</ele>
        <time>2026-09-01T04:50:03.699Z</time>
      </trkpt>
      <trkpt lat="42.07816667197383" lon="1.8748466519924936">
        <ele>494.4530952695527</ele>
        <time>2026-09-01T04:50:37.920Z</time>
      </trkpt>
      <trkpt lat="42.07757333862064" lon="1.8740633186331654">
        <ele>499.4986485179298</ele>
        <time>2026-09-01T04:51:22.462Z</time>
      </trkpt>
      <trkpt lat="42.076980000000006" lon="1.87328">
        <ele>492.3638552141932</ele>
        <time>2026-09-01T04:52:03.384Z</time>
      </trkpt>
      <trkpt lat="42.076570000000004" lon="1.8727900000000002">
        <ele>490.8235082875582</ele>
        <time>2026-09-01T04:52:24.665Z</time>
      </trkpt>
      <trkpt lat="42.075860000000006" lon="1.8721900000000002">
        <ele>489.9944306457951</ele>
        <time>2026-09-01T04:53:05.079Z</time>
      </trkpt>
      <trkpt lat="42.075202502759936" lon="1.8717299857065735">
        <ele>487.9453120090515</ele>
        <time>2026-09-01T04:53:40.611Z</time>
      </trkpt>
      <trkpt lat="42.074545003682864" lon="1.8712699809444509">
        <ele>489.84520421041407</ele>
        <time>2026-09-01T04:54:19.110Z</time>
      </trkpt>
      <trkpt lat="42.073887502768834" lon="1.870809985713242">
        <ele>491.77207297475235</ele>
        <time>2026-09-01T04:55:02.196Z</time>
      </trkpt>
      <trkpt lat="42.07323" lon="1.8703500000000002">
        <ele>488.71837903422926</ele>
        <time>2026-09-01T04:55:39.549Z</time>
      </trkpt>
      <trkpt lat="42.072950000000006" lon="1.8702400000000001">
        <ele>487.7887952131232</ele>
        <time>2026-09-01T04:55:52.234Z</time>
      </trkpt>
      <trkpt lat="42.072630000000004" lon="1.8702800000000002">
        <ele>487.57681823697067</ele>
        <time>2026-09-01T04:56:07.618Z</time>
      </trkpt>
      <trkpt lat="42.072410000000005" lon="1.8702800000000002">
        <ele>487.165239623756</ele>
        <time>2026-09-01T04:56:18.359Z</time>
      </trkpt>
      <trkpt lat="42.07226" lon="1.8702800000000002">
        <ele>486.7883580177464</ele>
        <time>2026-09-01T04:56:25.231Z</time>
      </trkpt>
      <trkpt lat="42.07215" lon="1.8702400000000001">
        <ele>485.88277244902827</ele>
        <time>2026-09-01T04:56:30.562Z</time>
      </trkpt>
      <trkpt lat="42.07198" lon="1.87023">
        <ele>485.76071296326364</ele>
        <time>2026-09-01T04:56:38.501Z</time>
      </trkpt>
      <trkpt lat="42.071920000000006" lon="1.8702600000000003">
        <ele>485.83700974314473</ele>
        <time>2026-09-01T04:56:41.487Z</time>
      </trkpt>
      <trkpt lat="42.07184" lon="1.8702500000000002">
        <ele>485.7096490149046</ele>
        <time>2026-09-01T04:56:45.241Z</time>
      </trkpt>
      <trkpt lat="42.0718" lon="1.87023">
        <ele>485.62343955814197</ele>
        <time>2026-09-01T04:56:47.234Z</time>
      </trkpt>
      <trkpt lat="42.071760000000005" lon="1.8701900000000002">
        <ele>485.55616184940016</ele>
        <time>2026-09-01T04:56:49.740Z</time>
      </trkpt>
      <trkpt lat="42.07123" lon="1.8702">
        <ele>485.71991807741915</ele>
        <time>2026-09-01T04:57:17.193Z</time>
      </trkpt>
      <trkpt lat="42.07108" lon="1.87017">
        <ele>485.4603914919033</ele>
        <time>2026-09-01T04:57:25.058Z</time>
      </trkpt>
      <trkpt lat="42.070240000000005" lon="1.86993">
        <ele>482.6145163805861</ele>
        <time>2026-09-01T04:58:03.840Z</time>
      </trkpt>
      <trkpt lat="42.06998" lon="1.8698800000000002">
        <ele>482.92351430552054</ele>
        <time>2026-09-01T04:58:16.174Z</time>
      </trkpt>
      <trkpt lat="42.07003" lon="1.8691400000000002">
        <ele>479.80173376639095</ele>
        <time>2026-09-01T04:58:40.633Z</time>
      </trkpt>
      <trkpt lat="42.06978" lon="1.8691400000000002">
        <ele>480.4088904633826</ele>
        <time>2026-09-01T04:58:51.889Z</time>
      </trkpt>
      <trkpt lat="42.069010000000006" lon="1.8690400000000003">
        <ele>479.68404737843855</ele>
        <time>2026-09-01T04:59:32.061Z</time>
      </trkpt>
      <trkpt lat="42.068720000000006" lon="1.8690000000000002">
        <ele>479.2242188370319</ele>
        <time>2026-09-01T04:59:46.519Z</time>
      </trkpt>
      <trkpt lat="42.06855" lon="1.8689500000000001">
        <ele>478.95508329974825</ele>
        <time>2026-09-01T04:59:54.966Z</time>
      </trkpt>
      <trkpt lat="42.068250000000006" lon="1.86881">
        <ele>477.7970419581176</ele>
        <time>2026-09-01T05:00:09.423Z</time>
      </trkpt>
      <trkpt lat="42.06808" lon="1.8686800000000001">
        <ele>476.74792519381367</ele>
        <time>2026-09-01T05:00:17.545Z</time>
      </trkpt>
      <trkpt lat="42.067910000000005" lon="1.8685900000000002">
        <ele>475.8397532687377</ele>
        <time>2026-09-01T05:00:24.619Z</time>
      </trkpt>
      <trkpt lat="42.06786" lon="1.8685500000000002">
        <ele>475.32369133218583</ele>
        <time>2026-09-01T05:00:27.168Z</time>
      </trkpt>
      <trkpt lat="42.067840000000004" lon="1.8684900000000002">
        <ele>474.717350113688</ele>
        <time>2026-09-01T05:00:29.308Z</time>
      </trkpt>
      <trkpt lat="42.06781" lon="1.86816">
        <ele>474.1403220288523</ele>
        <time>2026-09-01T05:00:40.425Z</time>
      </trkpt>
      <trkpt lat="42.067780000000006" lon="1.8681200000000002">
        <ele>474.9373396238416</ele>
        <time>2026-09-01T05:00:42.405Z</time>
      </trkpt>
      <trkpt lat="42.06691" lon="1.8683100000000001">
        <ele>477.36203659067996</ele>
        <time>2026-09-01T05:01:30.868Z</time>
      </trkpt>
      <trkpt lat="42.066680000000005" lon="1.8683200000000002">
        <ele>479.31999960799953</ele>
        <time>2026-09-01T05:01:44.740Z</time>
      </trkpt>
      <trkpt lat="42.06654" lon="1.8683600000000002">
        <ele>479.40375057455026</ele>
        <time>2026-09-01T05:01:53.913Z</time>
      </trkpt>
      <trkpt lat="42.06622" lon="1.8685">
        <ele>479.00218429948234</ele>
        <time>2026-09-01T05:02:14.016Z</time>
      </trkpt>
      <trkpt lat="42.06613" lon="1.8684900000000002">
        <ele>480.01030542313765</ele>
        <time>2026-09-01T05:02:19.029Z</time>
      </trkpt>
      <trkpt lat="42.06564" lon="1.8683400000000001">
        <ele>482.18730115535953</ele>
        <time>2026-09-01T05:02:48.709Z</time>
      </trkpt>
      <trkpt lat="42.065380000000005" lon="1.86837">
        <ele>482.93905076886875</ele>
        <time>2026-09-01T05:03:04.591Z</time>
      </trkpt>
      <trkpt lat="42.06506" lon="1.8683900000000002">
        <ele>483.396501918048</ele>
        <time>2026-09-01T05:03:22.859Z</time>
      </trkpt>
      <trkpt lat="42.06457" lon="1.8683200000000002">
        <ele>484.20468388497545</ele>
        <time>2026-09-01T05:03:50.369Z</time>
      </trkpt>
      <trkpt lat="42.064310000000006" lon="1.8682600000000003">
        <ele>483.96619719825884</ele>
        <time>2026-09-01T05:04:04.604Z</time>
      </trkpt>
      <trkpt lat="42.064150000000005" lon="1.8680900000000003">
        <ele>485.4677878273785</ele>
        <time>2026-09-01T05:04:17.067Z</time>
      </trkpt>
      <trkpt lat="42.064080000000004" lon="1.86806">
        <ele>485.5578567668076</ele>
        <time>2026-09-01T05:04:21.969Z</time>
      </trkpt>
      <trkpt lat="42.063930000000006" lon="1.8680700000000001">
        <ele>486.95424352550305</ele>
        <time>2026-09-01T05:04:31.992Z</time>
      </trkpt>
      <trkpt lat="42.06333" lon="1.86827">
        <ele>489.60471079272816</ele>
        <time>2026-09-01T05:05:11.521Z</time>
      </trkpt>
      <trkpt lat="42.062990000000006" lon="1.8684100000000001">
        <ele>490.89041446258346</ele>
        <time>2026-09-01T05:05:34.578Z</time>
      </trkpt>
      <trkpt lat="42.062960000000004" lon="1.86837">
        <ele>492.93215468454497</ele>
        <time>2026-09-01T05:05:37.542Z</time>
      </trkpt>
      <trkpt lat="42.063" lon="1.8683200000000002">
        <ele>493.87490444763625</ele>
        <time>2026-09-01T05:05:40.985Z</time>
      </trkpt>
      <trkpt lat="42.06335000000001" lon="1.86816">
        <ele>493.66653369023777</ele>
        <time>2026-09-01T05:06:05.000Z</time>
      </trkpt>
      <trkpt lat="42.063570000000006" lon="1.868">
        <ele>497.0031319133197</ele>
        <time>2026-09-01T05:06:22.794Z</time>
      </trkpt>
      <trkpt lat="42.063700000000004" lon="1.8678000000000001">
        <ele>501.8665020656123</ele>
        <time>2026-09-01T05:06:37.929Z</time>
      </trkpt>
      <trkpt lat="42.063770000000005" lon="1.8676500000000003">
        <ele>504.55560437777893</ele>
        <time>2026-09-01T05:06:47.974Z</time>
      </trkpt>
      <trkpt lat="42.0638" lon="1.8675000000000002">
        <ele>506.97428603494564</ele>
        <time>2026-09-01T05:06:56.734Z</time>
      </trkpt>
      <trkpt lat="42.063810000000004" lon="1.8673400000000002">
        <ele>508.4082556723095</ele>
        <time>2026-09-01T05:07:05.789Z</time>
      </trkpt>
      <trkpt lat="42.06378" lon="1.8671200000000001">
        <ele>509.4123613921455</ele>
        <time>2026-09-01T05:07:17.429Z</time>
      </trkpt>
      <trkpt lat="42.063770000000005" lon="1.8668900000000002">
        <ele>508.4312553261814</ele>
        <time>2026-09-01T05:07:28.366Z</time>
      </trkpt>
      <trkpt lat="42.063810000000004" lon="1.8666300000000002">
        <ele>508.6989546984431</ele>
        <time>2026-09-01T05:07:40.879Z</time>
      </trkpt>
      <trkpt lat="42.063900000000004" lon="1.8664900000000002">
        <ele>510.64778956149235</ele>
        <time>2026-09-01T05:07:49.801Z</time>
      </trkpt>
      <trkpt lat="42.06385" lon="1.86637">
        <ele>512.3880196839955</ele>
        <time>2026-09-01T05:07:56.857Z</time>
      </trkpt>
      <trkpt lat="42.06374" lon="1.8663800000000001">
        <ele>513.6565189743919</ele>
        <time>2026-09-01T05:08:04.472Z</time>
      </trkpt>
      <trkpt lat="42.063610000000004" lon="1.86647">
        <ele>514.3608664380595</ele>
        <time>2026-09-01T05:08:15.049Z</time>
      </trkpt>
      <trkpt lat="42.06327" lon="1.8665300000000002">
        <ele>518.8591691190968</ele>
        <time>2026-09-01T05:08:40.340Z</time>
      </trkpt>
      <trkpt lat="42.063190000000006" lon="1.86657">
        <ele>520.9282199049173</ele>
        <time>2026-09-01T05:08:46.498Z</time>
      </trkpt>
      <trkpt lat="42.06302" lon="1.86684">
        <ele>522.1059475375894</ele>
        <time>2026-09-01T05:09:05.461Z</time>
      </trkpt>
      <trkpt lat="42.06289" lon="1.86694">
        <ele>523.7726561836937</ele>
        <time>2026-09-01T05:09:16.050Z</time>
      </trkpt>
      <trkpt lat="42.06259" lon="1.86701">
        <ele>526.36726835787</ele>
        <time>2026-09-01T05:09:36.655Z</time>
      </trkpt>
      <trkpt lat="42.06237" lon="1.8671400000000002">
        <ele>526.76278674185</ele>
        <time>2026-09-01T05:09:51.857Z</time>
      </trkpt>
      <trkpt lat="42.062200000000004" lon="1.8671300000000002">
        <ele>527.3756201732112</ele>
        <time>2026-09-01T05:10:03.047Z</time>
      </trkpt>
      <trkpt lat="42.06215" lon="1.8670700000000002">
        <ele>528.4570946427885</ele>
        <time>2026-09-01T05:10:07.348Z</time>
      </trkpt>
      <trkpt lat="42.062110000000004" lon="1.8669700000000002">
        <ele>530.0150759343444</ele>
        <time>2026-09-01T05:10:13.050Z</time>
      </trkpt>
      <trkpt lat="42.062070000000006" lon="1.86694">
        <ele>530.2578470172582</ele>
        <time>2026-09-01T05:10:16.145Z</time>
      </trkpt>
      <trkpt lat="42.06197" lon="1.8669300000000002">
        <ele>530.2900298511344</ele>
        <time>2026-09-01T05:10:22.925Z</time>
      </trkpt>
      <trkpt lat="42.0615" lon="1.8668200000000001">
        <ele>532.385659722605</ele>
        <time>2026-09-01T05:10:54.351Z</time>
      </trkpt>
      <trkpt lat="42.061370000000004" lon="1.8667700000000003">
        <ele>533.2462164048445</ele>
        <time>2026-09-01T05:11:01.795Z</time>
      </trkpt>
      <trkpt lat="42.06121" lon="1.8670300000000002">
        <ele>531.3471149949636</ele>
        <time>2026-09-01T05:11:13.329Z</time>
      </trkpt>
      <trkpt lat="42.0611" lon="1.8674000000000002">
        <ele>531.1967217333317</ele>
        <time>2026-09-01T05:11:27.574Z</time>
      </trkpt>
      <trkpt lat="42.060990000000004" lon="1.868">
        <ele>530.5045415851993</ele>
        <time>2026-09-01T05:11:50.327Z</time>
      </trkpt>
      <trkpt lat="42.06091000000001" lon="1.8681900000000002">
        <ele>528.4250036028485</ele>
        <time>2026-09-01T05:11:57.002Z</time>
      </trkpt>
      <trkpt lat="42.06067" lon="1.8683500000000002">
        <ele>526.7377471085168</ele>
        <time>2026-09-01T05:12:06.797Z</time>
      </trkpt>
      <trkpt lat="42.060500000000005" lon="1.8684200000000002">
        <ele>525.8357133213334</ele>
        <time>2026-09-01T05:12:13.442Z</time>
      </trkpt>
      <trkpt lat="42.06045" lon="1.8684600000000002">
        <ele>525.7345184693291</ele>
        <time>2026-09-01T05:12:15.666Z</time>
      </trkpt>
      <trkpt lat="42.06035000000001" lon="1.86877">
        <ele>523.423227005048</ele>
        <time>2026-09-01T05:12:25.191Z</time>
      </trkpt>
      <trkpt lat="42.060030000000005" lon="1.8693000000000002">
        <ele>520.0182795346368</ele>
        <time>2026-09-01T05:12:44.180Z</time>
      </trkpt>
      <trkpt lat="42.05988000000001" lon="1.86939">
        <ele>519.154759867726</ele>
        <time>2026-09-01T05:12:50.414Z</time>
      </trkpt>
      <trkpt lat="42.059670000000004" lon="1.8694700000000002">
        <ele>517.3700939501048</ele>
        <time>2026-09-01T05:12:58.656Z</time>
      </trkpt>
      <trkpt lat="42.0593" lon="1.8695100000000002">
        <ele>514.5599152676027</ele>
        <time>2026-09-01T05:13:12.485Z</time>
      </trkpt>
      <trkpt lat="42.058890000000005" lon="1.8696300000000001">
        <ele>511.71505997113775</ele>
        <time>2026-09-01T05:13:28.177Z</time>
      </trkpt>
      <trkpt lat="42.05859" lon="1.8696400000000002">
        <ele>508.90798725262334</ele>
        <time>2026-09-01T05:13:39.077Z</time>
      </trkpt>
      <trkpt lat="42.05841" lon="1.8695800000000002">
        <ele>505.9448668028582</ele>
        <time>2026-09-01T05:13:44.938Z</time>
      </trkpt>
      <trkpt lat="42.057990000000004" lon="1.86955">
        <ele>501.4108865304486</ele>
        <time>2026-09-01T05:13:58.056Z</time>
      </trkpt>
      <trkpt lat="42.057750000000006" lon="1.86959">
        <ele>499.14787390853843</ele>
        <time>2026-09-01T05:14:06.039Z</time>
      </trkpt>
      <trkpt lat="42.05758" lon="1.8696700000000002">
        <ele>497.1410660194147</ele>
        <time>2026-09-01T05:14:12.037Z</time>
      </trkpt>
      <trkpt lat="42.0574" lon="1.8698400000000002">
        <ele>494.8784390073017</ele>
        <time>2026-09-01T05:14:19.360Z</time>
      </trkpt>
      <trkpt lat="42.057080000000006" lon="1.8701">
        <ele>491.9755037790826</ele>
        <time>2026-09-01T05:14:32.211Z</time>
      </trkpt>
      <trkpt lat="42.05688000000001" lon="1.8701900000000002">
        <ele>490.4075922545338</ele>
        <time>2026-09-01T05:14:39.461Z</time>
      </trkpt>
      <trkpt lat="42.05679000000001" lon="1.8701900000000002">
        <ele>488.6224719904691</ele>
        <time>2026-09-01T05:14:42.624Z</time>
      </trkpt>
      <trkpt lat="42.05662" lon="1.8701">
        <ele>487.14780153352245</ele>
        <time>2026-09-01T05:14:49.043Z</time>
      </trkpt>
      <trkpt lat="42.056540000000005" lon="1.8701200000000002">
        <ele>487.06758570809325</ele>
        <time>2026-09-01T05:14:52.114Z</time>
      </trkpt>
      <trkpt lat="42.05624" lon="1.8703100000000001">
        <ele>485.6507852405333</ele>
        <time>2026-09-01T05:15:04.626Z</time>
      </trkpt>
      <trkpt lat="42.05574" lon="1.8704300000000003">
        <ele>484.29847140032837</ele>
        <time>2026-09-01T05:15:27.540Z</time>
      </trkpt>
      <trkpt lat="42.05561" lon="1.87057">
        <ele>483.5781679860284</ele>
        <time>2026-09-01T05:15:34.753Z</time>
      </trkpt>
      <trkpt lat="42.05548" lon="1.87081">
        <ele>482.13171587986966</ele>
        <time>2026-09-01T05:15:42.502Z</time>
      </trkpt>
      <trkpt lat="42.05545" lon="1.8709700000000002">
        <ele>481.02673039583453</ele>
        <time>2026-09-01T05:15:46.569Z</time>
      </trkpt>
      <trkpt lat="42.05547000000001" lon="1.87108">
        <ele>479.13577026987923</ele>
        <time>2026-09-01T05:15:49.264Z</time>
      </trkpt>
      <trkpt lat="42.05545" lon="1.8712400000000002">
        <ele>477.2196157113925</ele>
        <time>2026-09-01T05:15:53.220Z</time>
      </trkpt>
      <trkpt lat="42.055400000000006" lon="1.87135">
        <ele>475.97180782458395</ele>
        <time>2026-09-01T05:15:56.235Z</time>
      </trkpt>
      <trkpt lat="42.0553" lon="1.87142">
        <ele>474.961868550557</ele>
        <time>2026-09-01T05:15:59.783Z</time>
      </trkpt>
      <trkpt lat="42.055200000000006" lon="1.8714100000000002">
        <ele>474.4881174019067</ele>
        <time>2026-09-01T05:16:03.256Z</time>
      </trkpt>
      <trkpt lat="42.054860000000005" lon="1.8714400000000002">
        <ele>473.2765335934606</ele>
        <time>2026-09-01T05:16:15.756Z</time>
      </trkpt>
      <trkpt lat="42.05447" lon="1.8715000000000002">
        <ele>471.67112354387064</ele>
        <time>2026-09-01T05:16:32.754Z</time>
      </trkpt>
      <trkpt lat="42.05433" lon="1.8714400000000002">
        <ele>471.91139071281293</ele>
        <time>2026-09-01T05:16:39.660Z</time>
      </trkpt>
      <trkpt lat="42.054190000000006" lon="1.8714600000000001">
        <ele>471.7518990371852</ele>
        <time>2026-09-01T05:16:47.101Z</time>
      </trkpt>
      <trkpt lat="42.054190000000006" lon="1.8719100000000002">
        <ele>469.66799986440117</ele>
        <time>2026-09-01T05:17:02.084Z</time>
      </trkpt>
      <trkpt lat="42.054010000000005" lon="1.87193">
        <ele>469.289281737828</ele>
        <time>2026-09-01T05:17:09.600Z</time>
      </trkpt>
      <trkpt lat="42.05328499989184" lon="1.8718749993629886">
        <ele>468.2340390474157</ele>
        <time>2026-09-01T05:17:44.828Z</time>
      </trkpt>
      <trkpt lat="42.05256000000001" lon="1.8718200000000003">
        <ele>466.6379817230101</ele>
        <time>2026-09-01T05:18:19.649Z</time>
      </trkpt>
      <trkpt lat="42.052510000000005" lon="1.87152">
        <ele>466.9181707375518</ele>
        <time>2026-09-01T05:18:30.973Z</time>
      </trkpt>
      <trkpt lat="42.05237" lon="1.8714600000000001">
        <ele>467.010795799998</ele>
        <time>2026-09-01T05:18:38.984Z</time>
      </trkpt>
      <trkpt lat="42.051566666686774" lon="1.8715033344292182">
        <ele>466.81340897335303</ele>
        <time>2026-09-01T05:19:21.233Z</time>
      </trkpt>
      <trkpt lat="42.050763333357246" lon="1.8715466677623267">
        <ele>466.1198081874608</ele>
        <time>2026-09-01T05:20:02.156Z</time>
      </trkpt>
      <trkpt lat="42.049960000000006" lon="1.87159">
        <ele>462.57423813731657</ele>
        <time>2026-09-01T05:20:39.240Z</time>
      </trkpt>
      <trkpt lat="42.04945" lon="1.8714600000000001">
        <ele>462.3937979343095</ele>
        <time>2026-09-01T05:21:02.975Z</time>
      </trkpt>
      <trkpt lat="42.04934" lon="1.8714800000000003">
        <ele>462.35173834431066</ele>
        <time>2026-09-01T05:21:08.680Z</time>
      </trkpt>
      <trkpt lat="42.049080000000004" lon="1.8714300000000001">
        <ele>462.2687297555482</ele>
        <time>2026-09-01T05:21:22.183Z</time>
      </trkpt>
      <trkpt lat="42.04872" lon="1.87132">
        <ele>460.1152349784728</ele>
        <time>2026-09-01T05:21:38.860Z</time>
      </trkpt>
      <trkpt lat="42.048500000000004" lon="1.87135">
        <ele>459.00790689310486</ele>
        <time>2026-09-01T05:21:47.949Z</time>
      </trkpt>
      <trkpt lat="42.048320000000004" lon="1.8714600000000001">
        <ele>458.2919653965401</ele>
        <time>2026-09-01T05:21:56.344Z</time>
      </trkpt>
      <trkpt lat="42.048030000000004" lon="1.8715800000000002">
        <ele>459.206323781075</ele>
        <time>2026-09-01T05:22:11.288Z</time>
      </trkpt>
      <trkpt lat="42.0478" lon="1.8718200000000003">
        <ele>461.16143737352513</ele>
        <time>2026-09-01T05:22:29.581Z</time>
      </trkpt>
      <trkpt lat="42.047630000000005" lon="1.8719500000000002">
        <ele>463.81907529238384</ele>
        <time>2026-09-01T05:22:43.319Z</time>
      </trkpt>
      <trkpt lat="42.0474" lon="1.8723400000000001">
        <ele>462.20803316413765</ele>
        <time>2026-09-01T05:23:04.216Z</time>
      </trkpt>
      <trkpt lat="42.04715" lon="1.87264">
        <ele>458.30869449758654</ele>
        <time>2026-09-01T05:23:16.395Z</time>
      </trkpt>
      <trkpt lat="42.047050000000006" lon="1.8727200000000002">
        <ele>457.50897230414535</ele>
        <time>2026-09-01T05:23:21.051Z</time>
      </trkpt>
      <trkpt lat="42.046780000000005" lon="1.87277">
        <ele>458.14376266809586</ele>
        <time>2026-09-01T05:23:35.379Z</time>
      </trkpt>
      <trkpt lat="42.04666" lon="1.8726600000000002">
        <ele>458.3933524145881</ele>
        <time>2026-09-01T05:23:43.287Z</time>
      </trkpt>
      <trkpt lat="42.04659" lon="1.8726300000000002">
        <ele>458.7830681369253</ele>
        <time>2026-09-01T05:23:47.596Z</time>
      </trkpt>
      <trkpt lat="42.04652" lon="1.8726300000000002">
        <ele>458.9680851222777</ele>
        <time>2026-09-01T05:23:51.746Z</time>
      </trkpt>
      <trkpt lat="42.04636" lon="1.8726900000000002">
        <ele>459.55248417896513</ele>
        <time>2026-09-01T05:24:01.593Z</time>
      </trkpt>
      <trkpt lat="42.04586500069677" lon="1.8730600028061475">
        <ele>459.05872048300023</ele>
        <time>2026-09-01T05:24:32.154Z</time>
      </trkpt>
      <trkpt lat="42.045370000000005" lon="1.8734300000000002">
        <ele>456.59207586023933</ele>
        <time>2026-09-01T05:24:58.295Z</time>
      </trkpt>
      <trkpt lat="42.044880000000006" lon="1.8737500000000002">
        <ele>457.3268043202937</ele>
        <time>2026-09-01T05:25:24.742Z</time>
      </trkpt>
      <trkpt lat="42.044430000000006" lon="1.8741">
        <ele>462.0127989865267</ele>
        <time>2026-09-01T05:25:57.681Z</time>
      </trkpt>
      <trkpt lat="42.04428" lon="1.8742600000000003">
        <ele>460.365446026592</ele>
        <time>2026-09-01T05:26:08.839Z</time>
      </trkpt>
      <trkpt lat="42.04417" lon="1.87433">
        <ele>459.53582135795637</ele>
        <time>2026-09-01T05:26:13.247Z</time>
      </trkpt>
      <trkpt lat="42.043820000000004" lon="1.8743200000000002">
        <ele>459.9656942916473</ele>
        <time>2026-09-01T05:26:29.047Z</time>
      </trkpt>
      <trkpt lat="42.04339" lon="1.8742800000000002">
        <ele>460.09301120060934</ele>
        <time>2026-09-01T05:26:52.267Z</time>
      </trkpt>
      <trkpt lat="42.04334" lon="1.8742400000000001">
        <ele>460.5290115657573</ele>
        <time>2026-09-01T05:26:55.057Z</time>
      </trkpt>
      <trkpt lat="42.04303" lon="1.87423">
        <ele>458.51362054494456</ele>
        <time>2026-09-01T05:27:06.242Z</time>
      </trkpt>
      <trkpt lat="42.042970000000004" lon="1.8743600000000002">
        <ele>456.22595254975363</ele>
        <time>2026-09-01T05:27:12.859Z</time>
      </trkpt>
      <trkpt lat="42.04289000000001" lon="1.8746">
        <ele>461.8602898333768</ele>
        <time>2026-09-01T05:27:23.737Z</time>
      </trkpt>
      <trkpt lat="42.04301" lon="1.87474">
        <ele>461.69019854298955</ele>
        <time>2026-09-01T05:27:34.084Z</time>
      </trkpt>
      <trkpt lat="42.043040000000005" lon="1.87488">
        <ele>462.0065309558289</ele>
        <time>2026-09-01T05:27:42.017Z</time>
      </trkpt>
      <trkpt lat="42.04287" lon="1.8755400000000002">
        <ele>464.05341459456514</ele>
        <time>2026-09-01T05:28:12.427Z</time>
      </trkpt>
      <trkpt lat="42.04276" lon="1.87579">
        <ele>458.05672107208113</ele>
        <time>2026-09-01T05:28:21.653Z</time>
      </trkpt>
      <trkpt lat="42.04262000000001" lon="1.8759800000000002">
        <ele>458.07203657433894</ele>
        <time>2026-09-01T05:28:27.561Z</time>
      </trkpt>
      <trkpt lat="42.0424" lon="1.8762">
        <ele>456.0491886110916</ele>
        <time>2026-09-01T05:28:36.806Z</time>
      </trkpt>
      <trkpt lat="42.04227" lon="1.8762800000000002">
        <ele>455.8987311892173</ele>
        <time>2026-09-01T05:28:42.297Z</time>
      </trkpt>
      <trkpt lat="42.04224000000001" lon="1.8763500000000002">
        <ele>454.639911420308</ele>
        <time>2026-09-01T05:28:44.602Z</time>
      </trkpt>
      <trkpt lat="42.042120000000004" lon="1.8764900000000002">
        <ele>453.9185483875304</ele>
        <time>2026-09-01T05:28:50.879Z</time>
      </trkpt>
      <trkpt lat="42.04167500064873" lon="1.8768000020096824">
        <ele>453.48027297245585</ele>
        <time>2026-09-01T05:29:13.612Z</time>
      </trkpt>
      <trkpt lat="42.041230000000006" lon="1.87711">
        <ele>452.499798060914</ele>
        <time>2026-09-01T05:29:38.110Z</time>
      </trkpt>
      <trkpt lat="42.04117" lon="1.87721">
        <ele>452.1822310887407</ele>
        <time>2026-09-01T05:29:42.612Z</time>
      </trkpt>
      <trkpt lat="42.040800000000004" lon="1.8773900000000001">
        <ele>452.19842300672326</ele>
        <time>2026-09-01T05:30:02.579Z</time>
      </trkpt>
      <trkpt lat="42.040760000000006" lon="1.8774600000000001">
        <ele>451.13037276008976</ele>
        <time>2026-09-01T05:30:05.655Z</time>
      </trkpt>
      <trkpt lat="42.04014" lon="1.8777500000000003">
        <ele>449.49152271508683</ele>
        <time>2026-09-01T05:30:34.349Z</time>
      </trkpt>
      <trkpt lat="42.040040000000005" lon="1.87782">
        <ele>450.5525815034975</ele>
        <time>2026-09-01T05:30:40.033Z</time>
      </trkpt>
      <trkpt lat="42.03969" lon="1.8781900000000002">
        <ele>449.0810296912896</ele>
        <time>2026-09-01T05:31:02.493Z</time>
      </trkpt>
      <trkpt lat="42.03947" lon="1.8783200000000002">
        <ele>447.8952732945688</ele>
        <time>2026-09-01T05:31:12.932Z</time>
      </trkpt>
      <trkpt lat="42.03923" lon="1.8783600000000003">
        <ele>447.669415530775</ele>
        <time>2026-09-01T05:31:26.103Z</time>
      </trkpt>
      <trkpt lat="42.03905" lon="1.87833">
        <ele>449.72232238573105</ele>
        <time>2026-09-01T05:31:36.044Z</time>
      </trkpt>
      <trkpt lat="42.038920000000005" lon="1.8784500000000002">
        <ele>448.54321121787746</ele>
        <time>2026-09-01T05:31:43.848Z</time>
      </trkpt>
      <trkpt lat="42.038740000000004" lon="1.8785300000000003">
        <ele>447.01175423908336</ele>
        <time>2026-09-01T05:31:52.252Z</time>
      </trkpt>
      <trkpt lat="42.038610000000006" lon="1.8787500000000001">
        <ele>445.1200058171131</ele>
        <time>2026-09-01T05:31:59.708Z</time>
      </trkpt>
      <trkpt lat="42.037940000000006" lon="1.87925">
        <ele>445.1589870276118</ele>
        <time>2026-09-01T05:32:34.585Z</time>
      </trkpt>
      <trkpt lat="42.03768" lon="1.8795800000000003">
        <ele>447.57314075680887</ele>
        <time>2026-09-01T05:32:57.071Z</time>
      </trkpt>
      <trkpt lat="42.037620000000004" lon="1.8795800000000003">
        <ele>450.8710323021517</ele>
        <time>2026-09-01T05:33:00.683Z</time>
      </trkpt>
      <trkpt lat="42.03745000000001" lon="1.87986">
        <ele>447.57617011467113</ele>
        <time>2026-09-01T05:33:16.854Z</time>
      </trkpt>
      <trkpt lat="42.036860000000004" lon="1.8802900000000002">
        <ele>450.47501805969</ele>
        <time>2026-09-01T05:33:56.346Z</time>
      </trkpt>
      <trkpt lat="42.03667" lon="1.8805800000000001">
        <ele>449.1114324566408</ele>
        <time>2026-09-01T05:34:12.411Z</time>
      </trkpt>
      <trkpt lat="42.03634" lon="1.8801800000000002">
        <ele>452.1229954086517</ele>
        <time>2026-09-01T05:34:37.906Z</time>
      </trkpt>
      <trkpt lat="42.03622" lon="1.8800900000000003">
        <ele>452.0860811369661</ele>
        <time>2026-09-01T05:34:46.305Z</time>
      </trkpt>
      <trkpt lat="42.03607" lon="1.8800200000000002">
        <ele>452.05299742668905</ele>
        <time>2026-09-01T05:34:54.235Z</time>
      </trkpt>
      <trkpt lat="42.03591" lon="1.87999">
        <ele>451.6840027577033</ele>
        <time>2026-09-01T05:35:02.304Z</time>
      </trkpt>
      <trkpt lat="42.03558" lon="1.8800100000000002">
        <ele>452.1894989547541</ele>
        <time>2026-09-01T05:35:19.671Z</time>
      </trkpt>
      <trkpt lat="42.035470000000004" lon="1.8801800000000002">
        <ele>451.8956068782181</ele>
        <time>2026-09-01T05:35:28.733Z</time>
      </trkpt>
      <trkpt lat="42.035250000000005" lon="1.8801900000000002">
        <ele>452.2720340874966</ele>
        <time>2026-09-01T05:35:40.240Z</time>
      </trkpt>
      <trkpt lat="42.035030000000006" lon="1.8802100000000002">
        <ele>452.2094220852263</ele>
        <time>2026-09-01T05:35:51.510Z</time>
      </trkpt>
      <trkpt lat="42.0349" lon="1.880086">
        <ele>451.8341333209869</ele>
        <time>2026-09-01T05:35:59.788Z</time>
      </trkpt>
      <trkpt lat="42.033891" lon="1.880178">
        <ele>449.5480025114459</ele>
        <time>2026-09-01T05:36:47.978Z</time>
      </trkpt>
      <trkpt lat="42.033922" lon="1.881112">
        <ele>446.93942535428334</ele>
        <time>2026-09-01T05:37:19.651Z</time>
      </trkpt>
      <trkpt lat="42.03371" lon="1.881091">
        <ele>446.179455506088</ele>
        <time>2026-09-01T05:37:28.858Z</time>
      </trkpt>
      <trkpt lat="42.03352" lon="1.881055">
        <ele>445.2158055808168</ele>
        <time>2026-09-01T05:37:37.043Z</time>
      </trkpt>
      <trkpt lat="42.033234" lon="1.880987">
        <ele>444.24240539725474</ele>
        <time>2026-09-01T05:37:48.509Z</time>
      </trkpt>
      <trkpt lat="42.033175" lon="1.881148">
        <ele>442.03517260352015</ele>
        <time>2026-09-01T05:37:54.149Z</time>
      </trkpt>
      <trkpt lat="42.033188" lon="1.881207">
        <ele>441.1581689961464</ele>
        <time>2026-09-01T05:37:56.040Z</time>
      </trkpt>
      <trkpt lat="42.033207" lon="1.881439">
        <ele>442.36201713222215</ele>
        <time>2026-09-01T05:38:02.943Z</time>
      </trkpt>
      <trkpt lat="42.033297" lon="1.881671">
        <ele>441.10738390367464</ele>
        <time>2026-09-01T05:38:13.510Z</time>
      </trkpt>
      <trkpt lat="42.033294" lon="1.881968">
        <ele>444.9491267807389</ele>
        <time>2026-09-01T05:38:29.496Z</time>
      </trkpt>
      <trkpt lat="42.033355" lon="1.881989">
        <ele>446.956655146234</ele>
        <time>2026-09-01T05:38:34.219Z</time>
      </trkpt>
      <trkpt lat="42.033485" lon="1.882084">
        <ele>451.7664538127462</ele>
        <time>2026-09-01T05:38:45.773Z</time>
      </trkpt>
      <trkpt lat="42.033738" lon="1.882304">
        <ele>464.03919986017894</ele>
        <time>2026-09-01T05:39:09.192Z</time>
      </trkpt>
      <trkpt lat="42.033838" lon="1.882343">
        <ele>460.69283144499997</ele>
        <time>2026-09-01T05:39:17.057Z</time>
      </trkpt>
      <trkpt lat="42.033821" lon="1.882381">
        <ele>463.3282587506707</ele>
        <time>2026-09-01T05:39:19.496Z</time>
      </trkpt>
      <trkpt lat="42.03381" lon="1.882377">
        <ele>463.42093944541136</ele>
        <time>2026-09-01T05:39:20.337Z</time>
      </trkpt>
      <trkpt lat="42.033802" lon="1.882401">
        <ele>464.6728045186444</ele>
        <time>2026-09-01T05:39:21.780Z</time>
      </trkpt>
      <trkpt lat="42.033647" lon="1.882316">
        <ele>462.50116394696454</ele>
        <time>2026-09-01T05:39:30.168Z</time>
      </trkpt>
      <trkpt lat="42.033581" lon="1.882314">
        <ele>460.6727204358725</ele>
        <time>2026-09-01T05:39:33.822Z</time>
      </trkpt>
      <trkpt lat="42.033599" lon="1.882371">
        <ele>461.3444119319223</ele>
        <time>2026-09-01T05:39:36.368Z</time>
      </trkpt>
      <trkpt lat="42.033632" lon="1.882369">
        <ele>462.29793766558294</ele>
        <time>2026-09-01T05:39:38.196Z</time>
      </trkpt>
      <trkpt lat="42.033642" lon="1.882406">
        <ele>462.6801535395946</ele>
        <time>2026-09-01T05:39:40.156Z</time>
      </trkpt>
      <trkpt lat="42.03365" lon="1.882509">
        <ele>463.51760521362627</ele>
        <time>2026-09-01T05:39:45.313Z</time>
      </trkpt>
      <trkpt lat="42.033682" lon="1.882505">
        <ele>464.46972940768205</ele>
        <time>2026-09-01T05:39:47.206Z</time>
      </trkpt>
      <trkpt lat="42.03369" lon="1.882617">
        <ele>464.9867096375798</ele>
        <time>2026-09-01T05:39:52.754Z</time>
      </trkpt>
    </trkseg>
  </trk>
</gpx>
