<?xml version="1.0" encoding="UTF-8"?>
<gpx creator="StravaGPX" version="1.1" schemaLocation="http://www.topografix.com/GPX/1/1 http://www.topografix.com/GPX/1/1/gpx.xsd http://www.garmin.com/xmlschemas/GpxExtensions/v3 http://www.garmin.com/xmlschemas/GpxExtensionsv3.xsd http://www.garmin.com/xmlschemas/TrackPointExtension/v1 http://www.garmin.com/xmlschemas/TrackPointExtensionv1.xsd http://www.garmin.com/xmlschemas/PowerExtension/v1 http://www.garmin.com/xmlschemas/PowerExtensionv1.xsd http://www.topografix.com/GPX/gpx_style/0/2 http://www.topografix.com/GPX/gpx_style/0/2/gpx_style.xsd" xmlns="http://www.topografix.com/GPX/1/1" xmlns:xsi="http://www.w3.org/2001/XMLSchema-instance" xsi:schemaLocation="http://www.topografix.com/GPX/1/1 http://www.topografix.com/GPX/1/1/gpx.xsd http://www.garmin.com/xmlschemas/GpxExtensions/v3 http://www.garmin.com/xmlschemas/GpxExtensionsv3.xsd http://www.garmin.com/xmlschemas/TrackPointExtension/v1 http://www.garmin.com/xmlschemas/TrackPointExtensionv1.xsd http://www.garmin.com/xmlschemas/PowerExtension/v1 http://www.garmin.com/xmlschemas/PowerExtensionv1.xsd http://www.topografix.com/GPX/gpx_style/0/2 http://www.topografix.com/GPX/gpx_style/0/2/gpx_style.xsd" xmlns:gpxtpx="http://www.garmin.com/xmlschemas/TrackPointExtension/v1" xmlns:gpxx="http://www.garmin.com/xmlschemas/GpxExtensions/v3" xmlns:gpxpx="http://www.garmin.com/xmlschemas/PowerExtension/v1" xmlns:gpx_style="http://www.topografix.com/GPX/gpx_style/0/2">
  <metadata>
    <name>Etapa 3</name>
    <author>
      <name>gpx.studio</name>
      <link href="https://gpx.studio"/>
    </author>
    <link href="https://www.strava.com/routes/3533044680148882544"/>
  </metadata>
  <wpt lat="41.544304" lon="1.891297">
    <ele>110.0543469641517</ele>
    <name>Etapa 3 (Km 12,7) Punt de pas Olesa de Montserrat</name>
    <sym>Drinking Water</sym>
  </wpt>
  <wpt lat="41.538838" lon="1.870566">
    <ele>179.94564893190216</ele>
    <name>Etapa 3 (Km 15,7) Punt de pas Esparraguera</name>
    <sym>Drinking Water</sym>
  </wpt>
  <wpt lat="41.475025" lon="1.936812">
    <ele>55.91655644518958</ele>
    <name>Etapa 3 (Km 30,7) Punt de pas Martorell</name>
    <sym>Drinking Water</sym>
  </wpt>
  <wpt lat="41.451545" lon="1.973424">
    <ele>37.24601442481263</ele>
    <name>Etapa 3 (Km 36,7) Punt de pas Sant Andreu de la Barca</name>
    <sym>Drinking Water</sym>
  </wpt>
  <wpt lat="41.422548" lon="2.000183">
    <ele>30.343654930898968</ele>
    <name>Etapa 3 (Km 41,1) Punt de pas Pallejà</name>
    <sym>Drinking Water</sym>
  </wpt>
  <wpt lat="41.396602" lon="2.01156">
    <ele>22.554337705345866</ele>
    <name>Etapa 3 (Km 45,1) Punt de pas Sant Vicenç dels Horts</name>
    <sym>Drinking Water</sym>
  </wpt>
  <wpt lat="41.347414" lon="2.043047">
    <ele>13.37511734793746</ele>
    <name>Etapa 3 (Km 52,5) Punt de pas Sant Boi de Llobregat</name>
    <sym>Drinking Water</sym>
  </wpt>
  <wpt lat="41.349679" lon="2.04672">
    <ele>8.502233938599284</ele>
    <name>Etapa 3 (Km 53,5) Punt de pas Sant Joan Despí</name>
    <sym>Drinking Water</sym>
  </wpt>
  <wpt lat="41.348639" lon="2.069744">
    <ele>9.662152775926511</ele>
    <name>Etapa 3 (Km 55,8) Punt de pas Cornellà de Llobregat</name>
    <sym>Drinking Water</sym>
  </wpt>
  <wpt lat="41.343675" lon="2.10307">
    <ele>6.72909650355066</ele>
    <name>Etapa 3 (Km 59,9) Punt de pas Hospitalet de Llobregat</name>
    <sym>Drinking Water</sym>
  </wpt>
  <wpt lat="41.294221" lon="2.119009">
    <ele>0.7597558318303241</ele>
    <name>Etapa 3 (Km 66,7) Arribada El Prat de Llobregat</name>
  </wpt>
  <trk>
    <name>Etapa 3</name>
    <link href="https://www.strava.com/routes/3533044680148882544"/>
    <type>hiking</type>
    <trkseg>
      <trkpt lat="41.609836" lon="1.842836">
        <ele>155.39716247531936</ele>
        <time>2026-07-12T05:25:22.000Z</time>
      </trkpt>
      <trkpt lat="41.609893" lon="1.842904">
        <ele>156.14734210225163</ele>
        <time>2026-07-12T05:25:24.096Z</time>
      </trkpt>
      <trkpt lat="41.609933" lon="1.843131">
        <ele>155.49251847902522</ele>
        <time>2026-07-12T05:25:28.884Z</time>
      </trkpt>
      <trkpt lat="41.610003" lon="1.843283">
        <ele>156.03497817209706</ele>
        <time>2026-07-12T05:25:32.549Z</time>
      </trkpt>
      <trkpt lat="41.609912" lon="1.843345">
        <ele>153.2274655637884</ele>
        <time>2026-07-12T05:25:35.352Z</time>
      </trkpt>
      <trkpt lat="41.610151" lon="1.843812">
        <ele>153.76674036674717</ele>
        <time>2026-07-12T05:25:46.970Z</time>
      </trkpt>
      <trkpt lat="41.610187" lon="1.843875">
        <ele>154.04185082236955</ele>
        <time>2026-07-12T05:25:48.598Z</time>
      </trkpt>
      <trkpt lat="41.610343" lon="1.844102">
        <ele>154.75250888758495</ele>
        <time>2026-07-12T05:25:54.927Z</time>
      </trkpt>
      <trkpt lat="41.610562" lon="1.844462">
        <ele>152.8896684985218</ele>
        <time>2026-07-12T05:26:04.455Z</time>
      </trkpt>
      <trkpt lat="41.610587" lon="1.844503">
        <ele>152.30053525784288</ele>
        <time>2026-07-12T05:26:05.540Z</time>
      </trkpt>
      <trkpt lat="41.610604" lon="1.844553">
        <ele>150.8836213588218</ele>
        <time>2026-07-12T05:26:06.667Z</time>
      </trkpt>
      <trkpt lat="41.610639" lon="1.844724">
        <ele>147.3092252760563</ele>
        <time>2026-07-12T05:26:10.307Z</time>
      </trkpt>
      <trkpt lat="41.610662" lon="1.845011">
        <ele>143.03348934589403</ele>
        <time>2026-07-12T05:26:16.231Z</time>
      </trkpt>
      <trkpt lat="41.610727" lon="1.845093">
        <ele>142.3780766905487</ele>
        <time>2026-07-12T05:26:18.684Z</time>
      </trkpt>
      <trkpt lat="41.610653" lon="1.845301">
        <ele>140.21964051133534</ele>
        <time>2026-07-12T05:26:23.412Z</time>
      </trkpt>
      <trkpt lat="41.610637" lon="1.845401">
        <ele>139.57228674550618</ele>
        <time>2026-07-12T05:26:25.512Z</time>
      </trkpt>
      <trkpt lat="41.610627" lon="1.845494">
        <ele>139.03714770975432</ele>
        <time>2026-07-12T05:26:27.440Z</time>
      </trkpt>
      <trkpt lat="41.610643" lon="1.845839">
        <ele>138.31117763557734</ele>
        <time>2026-07-12T05:26:34.536Z</time>
      </trkpt>
      <trkpt lat="41.610532" lon="1.84588">
        <ele>138.24198010784454</ele>
        <time>2026-07-12T05:26:37.697Z</time>
      </trkpt>
      <trkpt lat="41.610539" lon="1.845916">
        <ele>138.27314656358672</ele>
        <time>2026-07-12T05:26:38.462Z</time>
      </trkpt>
      <trkpt lat="41.610595" lon="1.845896">
        <ele>138.01527931109615</ele>
        <time>2026-07-12T05:26:40.052Z</time>
      </trkpt>
      <trkpt lat="41.610634" lon="1.846076">
        <ele>131.15365173508843</ele>
        <time>2026-07-12T05:26:43.899Z</time>
      </trkpt>
      <trkpt lat="41.6105" lon="1.846198">
        <ele>127.31236186757285</ele>
        <time>2026-07-12T05:26:48.350Z</time>
      </trkpt>
      <trkpt lat="41.610454" lon="1.846221">
        <ele>125.99608175616507</ele>
        <time>2026-07-12T05:26:49.698Z</time>
      </trkpt>
      <trkpt lat="41.610824" lon="1.847483">
        <ele>135.40911956566313</ele>
        <time>2026-07-12T05:27:17.527Z</time>
      </trkpt>
      <trkpt lat="41.610921" lon="1.847824">
        <ele>139.13301942601478</ele>
        <time>2026-07-12T05:27:25.016Z</time>
      </trkpt>
      <trkpt lat="41.610937" lon="1.847859">
        <ele>139.4604605152655</ele>
        <time>2026-07-12T05:27:25.858Z</time>
      </trkpt>
      <trkpt lat="41.610955" lon="1.847879">
        <ele>139.69994645550452</ele>
        <time>2026-07-12T05:27:26.500Z</time>
      </trkpt>
      <trkpt lat="41.611023" lon="1.847869">
        <ele>140.23715101735453</ele>
        <time>2026-07-12T05:27:28.379Z</time>
      </trkpt>
      <trkpt lat="41.611053" lon="1.847844">
        <ele>140.14188565987655</ele>
        <time>2026-07-12T05:27:29.348Z</time>
      </trkpt>
      <trkpt lat="41.611119" lon="1.847763">
        <ele>138.9759946691961</ele>
        <time>2026-07-12T05:27:31.808Z</time>
      </trkpt>
      <trkpt lat="41.611428" lon="1.8473">
        <ele>136.4326659117047</ele>
        <time>2026-07-12T05:27:44.549Z</time>
      </trkpt>
      <trkpt lat="41.61142" lon="1.84721">
        <ele>134.7450340433027</ele>
        <time>2026-07-12T05:27:46.408Z</time>
      </trkpt>
      <trkpt lat="41.611429" lon="1.847165">
        <ele>133.47792218504318</ele>
        <time>2026-07-12T05:27:47.365Z</time>
      </trkpt>
      <trkpt lat="41.611597" lon="1.84705">
        <ele>132.0668281143152</ele>
        <time>2026-07-12T05:27:52.546Z</time>
      </trkpt>
      <trkpt lat="41.611602" lon="1.847013">
        <ele>130.30048308801932</ele>
        <time>2026-07-12T05:27:53.317Z</time>
      </trkpt>
      <trkpt lat="41.611565" lon="1.846996">
        <ele>128.82515415827274</ele>
        <time>2026-07-12T05:27:54.391Z</time>
      </trkpt>
      <trkpt lat="41.611475" lon="1.84699">
        <ele>127.3001346153836</ele>
        <time>2026-07-12T05:27:56.865Z</time>
      </trkpt>
      <trkpt lat="41.611473" lon="1.846939">
        <ele>124.67107005770578</ele>
        <time>2026-07-12T05:27:57.913Z</time>
      </trkpt>
      <trkpt lat="41.611508" lon="1.846872">
        <ele>122.67485870606778</ele>
        <time>2026-07-12T05:27:59.590Z</time>
      </trkpt>
      <trkpt lat="41.611512" lon="1.846839">
        <ele>121.99334783354885</ele>
        <time>2026-07-12T05:28:00.277Z</time>
      </trkpt>
      <trkpt lat="41.611153" lon="1.846929">
        <ele>121.77517442651214</ele>
        <time>2026-07-12T05:28:10.305Z</time>
      </trkpt>
      <trkpt lat="41.61098" lon="1.846937">
        <ele>121.16157214621337</ele>
        <time>2026-07-12T05:28:15.057Z</time>
      </trkpt>
      <trkpt lat="41.610795" lon="1.846982">
        <ele>121.26419903137172</ele>
        <time>2026-07-12T05:28:20.220Z</time>
      </trkpt>
      <trkpt lat="41.610638" lon="1.847078">
        <ele>121.43299635200022</ele>
        <time>2026-07-12T05:28:24.960Z</time>
      </trkpt>
      <trkpt lat="41.610524" lon="1.847206">
        <ele>122.12132760320983</ele>
        <time>2026-07-12T05:28:29.046Z</time>
      </trkpt>
      <trkpt lat="41.610313" lon="1.847343">
        <ele>122.48441845521668</ele>
        <time>2026-07-12T05:28:35.486Z</time>
      </trkpt>
      <trkpt lat="41.610061" lon="1.847721">
        <ele>121.02999070715427</ele>
        <time>2026-07-12T05:28:45.883Z</time>
      </trkpt>
      <trkpt lat="41.609813" lon="1.848049">
        <ele>120.77550034155394</ele>
        <time>2026-07-12T05:28:55.459Z</time>
      </trkpt>
      <trkpt lat="41.609675" lon="1.848216">
        <ele>120.58156277173751</ele>
        <time>2026-07-12T05:29:00.569Z</time>
      </trkpt>
      <trkpt lat="41.609357" lon="1.84849">
        <ele>119.26018503710839</ele>
        <time>2026-07-12T05:29:10.956Z</time>
      </trkpt>
      <trkpt lat="41.609161" lon="1.848643">
        <ele>118.53297806139535</ele>
        <time>2026-07-12T05:29:17.187Z</time>
      </trkpt>
      <trkpt lat="41.608591" lon="1.849243">
        <ele>118.99786079558248</ele>
        <time>2026-07-12T05:29:37.104Z</time>
      </trkpt>
      <trkpt lat="41.608258" lon="1.849623">
        <ele>119.79527111505786</ele>
        <time>2026-07-12T05:29:49.123Z</time>
      </trkpt>
      <trkpt lat="41.608078" lon="1.849802">
        <ele>119.90967066945872</ele>
        <time>2026-07-12T05:29:55.282Z</time>
      </trkpt>
      <trkpt lat="41.607897" lon="1.849981">
        <ele>121.66494565733078</ele>
        <time>2026-07-12T05:30:01.463Z</time>
      </trkpt>
      <trkpt lat="41.607609" lon="1.850135">
        <ele>122.83793261744383</ele>
        <time>2026-07-12T05:30:09.979Z</time>
      </trkpt>
      <trkpt lat="41.607347" lon="1.850208">
        <ele>119.57062096680296</ele>
        <time>2026-07-12T05:30:17.327Z</time>
      </trkpt>
      <trkpt lat="41.607085" lon="1.850281">
        <ele>117.80520868963193</ele>
        <time>2026-07-12T05:30:24.676Z</time>
      </trkpt>
      <trkpt lat="41.606837" lon="1.850505">
        <ele>115.73598658459134</ele>
        <time>2026-07-12T05:30:32.893Z</time>
      </trkpt>
      <trkpt lat="41.606347" lon="1.851217">
        <ele>116.6814443826145</ele>
        <time>2026-07-12T05:30:52.760Z</time>
      </trkpt>
      <trkpt lat="41.60585" lon="1.851693">
        <ele>116.93041934518564</ele>
        <time>2026-07-12T05:31:09.544Z</time>
      </trkpt>
      <trkpt lat="41.605494" lon="1.852079">
        <ele>116.57694834212307</ele>
        <time>2026-07-12T05:31:22.128Z</time>
      </trkpt>
      <trkpt lat="41.604791" lon="1.852873">
        <ele>116.9239962833408</ele>
        <time>2026-07-12T05:31:47.394Z</time>
      </trkpt>
      <trkpt lat="41.603845" lon="1.85356">
        <ele>119.66085485345491</ele>
        <time>2026-07-12T05:32:16.952Z</time>
      </trkpt>
      <trkpt lat="41.603437" lon="1.853809">
        <ele>121.32668315790202</ele>
        <time>2026-07-12T05:32:29.266Z</time>
      </trkpt>
      <trkpt lat="41.603" lon="1.853981">
        <ele>123.2338476596224</ele>
        <time>2026-07-12T05:32:41.774Z</time>
      </trkpt>
      <trkpt lat="41.603" lon="1.8539800000000002">
        <ele>123.15702819808617</ele>
        <time>2026-07-12T05:32:41.794Z</time>
      </trkpt>
      <trkpt lat="41.60229" lon="1.85393">
        <ele>125.84895227992506</ele>
        <time>2026-07-12T05:33:01.316Z</time>
      </trkpt>
      <trkpt lat="41.60195" lon="1.8537100000000002">
        <ele>125.02905792214027</ele>
        <time>2026-07-12T05:33:11.686Z</time>
      </trkpt>
      <trkpt lat="41.601670000000006" lon="1.85345">
        <ele>124.25770795006022</ele>
        <time>2026-07-12T05:33:21.046Z</time>
      </trkpt>
      <trkpt lat="41.601380000000006" lon="1.8531400000000002">
        <ele>125.97911465222178</ele>
        <time>2026-07-12T05:33:31.240Z</time>
      </trkpt>
      <trkpt lat="41.6009" lon="1.8525000000000003">
        <ele>122.12139867328771</ele>
        <time>2026-07-12T05:33:49.852Z</time>
      </trkpt>
      <trkpt lat="41.600660000000005" lon="1.8522800000000001">
        <ele>122.85924333878204</ele>
        <time>2026-07-12T05:33:57.841Z</time>
      </trkpt>
      <trkpt lat="41.60038" lon="1.8520800000000002">
        <ele>123.76792003811782</ele>
        <time>2026-07-12T05:34:06.557Z</time>
      </trkpt>
      <trkpt lat="41.60014" lon="1.8519700000000001">
        <ele>125.79434095472782</ele>
        <time>2026-07-12T05:34:13.523Z</time>
      </trkpt>
      <trkpt lat="41.59991" lon="1.8519">
        <ele>124.58191539620327</ele>
        <time>2026-07-12T05:34:19.999Z</time>
      </trkpt>
      <trkpt lat="41.59964" lon="1.8518700000000001">
        <ele>124.17369669125942</ele>
        <time>2026-07-12T05:34:27.438Z</time>
      </trkpt>
      <trkpt lat="41.59921000000001" lon="1.8519800000000002">
        <ele>124.02161871938986</ele>
        <time>2026-07-12T05:34:39.459Z</time>
      </trkpt>
      <trkpt lat="41.59895" lon="1.8521400000000001">
        <ele>123.33963750499521</ele>
        <time>2026-07-12T05:34:47.316Z</time>
      </trkpt>
      <trkpt lat="41.59868" lon="1.85244">
        <ele>121.43559652511475</ele>
        <time>2026-07-12T05:34:56.955Z</time>
      </trkpt>
      <trkpt lat="41.59836000000001" lon="1.85298">
        <ele>118.68131673646992</ele>
        <time>2026-07-12T05:35:11.102Z</time>
      </trkpt>
      <trkpt lat="41.59814" lon="1.8532400000000002">
        <ele>114.67264669305277</ele>
        <time>2026-07-12T05:35:19.163Z</time>
      </trkpt>
      <trkpt lat="41.59801" lon="1.8535300000000001">
        <ele>115.40505645145453</ele>
        <time>2026-07-12T05:35:26.106Z</time>
      </trkpt>
      <trkpt lat="41.59780000000001" lon="1.8538000000000001">
        <ele>113.66227321909955</ele>
        <time>2026-07-12T05:35:34.104Z</time>
      </trkpt>
      <trkpt lat="41.59767" lon="1.8541800000000002">
        <ele>114.84884421345566</ele>
        <time>2026-07-12T05:35:42.684Z</time>
      </trkpt>
      <trkpt lat="41.59732" lon="1.8547200000000001">
        <ele>114.91466176281875</ele>
        <time>2026-07-12T05:35:57.358Z</time>
      </trkpt>
      <trkpt lat="41.597080000000005" lon="1.8549600000000002">
        <ele>114.43874821972054</ele>
        <time>2026-07-12T05:36:05.586Z</time>
      </trkpt>
      <trkpt lat="41.596790000000006" lon="1.8552100000000002">
        <ele>116.24826590478023</ele>
        <time>2026-07-12T05:36:15.060Z</time>
      </trkpt>
      <trkpt lat="41.596340000000005" lon="1.8553400000000002">
        <ele>115.02018362744676</ele>
        <time>2026-07-12T05:36:27.700Z</time>
      </trkpt>
      <trkpt lat="41.595870000000005" lon="1.8555700000000002">
        <ele>115.66345915368807</ele>
        <time>2026-07-12T05:36:41.442Z</time>
      </trkpt>
      <trkpt lat="41.595510000000004" lon="1.85566">
        <ele>116.06473481505944</ele>
        <time>2026-07-12T05:36:51.498Z</time>
      </trkpt>
      <trkpt lat="41.595110000000005" lon="1.8558100000000002">
        <ele>117.26658822641268</ele>
        <time>2026-07-12T05:37:02.905Z</time>
      </trkpt>
      <trkpt lat="41.59489000000001" lon="1.85586">
        <ele>118.50450599510194</ele>
        <time>2026-07-12T05:37:09.032Z</time>
      </trkpt>
      <trkpt lat="41.594590000000004" lon="1.8558500000000002">
        <ele>121.85043064047859</ele>
        <time>2026-07-12T05:37:17.271Z</time>
      </trkpt>
      <trkpt lat="41.593880000000006" lon="1.85562">
        <ele>121.85223753547317</ele>
        <time>2026-07-12T05:37:37.330Z</time>
      </trkpt>
      <trkpt lat="41.593790000000006" lon="1.8555300000000001">
        <ele>124.31034406477704</ele>
        <time>2026-07-12T05:37:40.416Z</time>
      </trkpt>
      <trkpt lat="41.59348000000001" lon="1.8551300000000002">
        <ele>122.0387777318706</ele>
        <time>2026-07-12T05:37:52.245Z</time>
      </trkpt>
      <trkpt lat="41.59308" lon="1.8546900000000002">
        <ele>130.4920274632483</ele>
        <time>2026-07-12T05:38:06.467Z</time>
      </trkpt>
      <trkpt lat="41.59282" lon="1.85434">
        <ele>134.94511627835672</ele>
        <time>2026-07-12T05:38:16.597Z</time>
      </trkpt>
      <trkpt lat="41.592740000000006" lon="1.85417">
        <ele>135.8086700765076</ele>
        <time>2026-07-12T05:38:20.721Z</time>
      </trkpt>
      <trkpt lat="41.59252" lon="1.8535400000000002">
        <ele>128.93624026035695</ele>
        <time>2026-07-12T05:38:34.999Z</time>
      </trkpt>
      <trkpt lat="41.59237" lon="1.8532100000000002">
        <ele>123.84358346772106</ele>
        <time>2026-07-12T05:38:42.929Z</time>
      </trkpt>
      <trkpt lat="41.59198000000001" lon="1.8526900000000002">
        <ele>117.95449378817834</ele>
        <time>2026-07-12T05:38:58.051Z</time>
      </trkpt>
      <trkpt lat="41.591820000000006" lon="1.85257">
        <ele>116.94905072850726</ele>
        <time>2026-07-12T05:39:03.088Z</time>
      </trkpt>
      <trkpt lat="41.591640000000005" lon="1.85247">
        <ele>116.35689007829579</ele>
        <time>2026-07-12T05:39:08.440Z</time>
      </trkpt>
      <trkpt lat="41.59138" lon="1.8523800000000001">
        <ele>116.42522648360992</ele>
        <time>2026-07-12T05:39:15.814Z</time>
      </trkpt>
      <trkpt lat="41.59118" lon="1.85237">
        <ele>116.11632285095729</ele>
        <time>2026-07-12T05:39:21.310Z</time>
      </trkpt>
      <trkpt lat="41.591" lon="1.8524">
        <ele>113.81030790639116</ele>
        <time>2026-07-12T05:39:26.290Z</time>
      </trkpt>
      <trkpt lat="41.59082" lon="1.8525600000000002">
        <ele>114.89969756284958</ele>
        <time>2026-07-12T05:39:32.225Z</time>
      </trkpt>
      <trkpt lat="41.590250000000005" lon="1.85318">
        <ele>115.83120449761451</ele>
        <time>2026-07-12T05:39:52.401Z</time>
      </trkpt>
      <trkpt lat="41.58986" lon="1.85346">
        <ele>114.28391828849303</ele>
        <time>2026-07-12T05:40:04.556Z</time>
      </trkpt>
      <trkpt lat="41.589510000000004" lon="1.85376">
        <ele>113.64592260827261</ele>
        <time>2026-07-12T05:40:15.971Z</time>
      </trkpt>
      <trkpt lat="41.58914" lon="1.8540400000000001">
        <ele>114.2361922271046</ele>
        <time>2026-07-12T05:40:27.645Z</time>
      </trkpt>
      <trkpt lat="41.58878" lon="1.85434">
        <ele>116.3671054796438</ele>
        <time>2026-07-12T05:40:39.292Z</time>
      </trkpt>
      <trkpt lat="41.588330000000006" lon="1.8546200000000002">
        <ele>113.09867136189182</ele>
        <time>2026-07-12T05:40:52.920Z</time>
      </trkpt>
      <trkpt lat="41.58784" lon="1.85501">
        <ele>118.38979074340274</ele>
        <time>2026-07-12T05:41:08.578Z</time>
      </trkpt>
      <trkpt lat="41.58755" lon="1.8551100000000003">
        <ele>112.52039200686082</ele>
        <time>2026-07-12T05:41:16.801Z</time>
      </trkpt>
      <trkpt lat="41.58724" lon="1.8553000000000002">
        <ele>111.23258650335225</ele>
        <time>2026-07-12T05:41:26.164Z</time>
      </trkpt>
      <trkpt lat="41.587030000000006" lon="1.8554100000000002">
        <ele>115.90394731980939</ele>
        <time>2026-07-12T05:41:32.357Z</time>
      </trkpt>
      <trkpt lat="41.58679" lon="1.8555000000000001">
        <ele>113.99345724973958</ele>
        <time>2026-07-12T05:41:39.201Z</time>
      </trkpt>
      <trkpt lat="41.58635" lon="1.8557500000000002">
        <ele>113.09831262250728</ele>
        <time>2026-07-12T05:41:52.328Z</time>
      </trkpt>
      <trkpt lat="41.58614" lon="1.8559700000000001">
        <ele>114.50659009050409</ele>
        <time>2026-07-12T05:41:59.653Z</time>
      </trkpt>
      <trkpt lat="41.585460000000005" lon="1.8564800000000001">
        <ele>113.69505080225801</ele>
        <time>2026-07-12T05:42:21.062Z</time>
      </trkpt>
      <trkpt lat="41.58529" lon="1.8566600000000002">
        <ele>113.93872984506226</ele>
        <time>2026-07-12T05:42:27.017Z</time>
      </trkpt>
      <trkpt lat="41.58518" lon="1.8568200000000001">
        <ele>115.61319209866473</ele>
        <time>2026-07-12T05:42:31.480Z</time>
      </trkpt>
      <trkpt lat="41.58496" lon="1.85695">
        <ele>114.68837912567224</ele>
        <time>2026-07-12T05:42:38.083Z</time>
      </trkpt>
      <trkpt lat="41.584610000000005" lon="1.85732">
        <ele>114.35982227269352</ele>
        <time>2026-07-12T05:42:50.335Z</time>
      </trkpt>
      <trkpt lat="41.58429" lon="1.8576000000000001">
        <ele>113.29152127718382</ele>
        <time>2026-07-12T05:43:00.836Z</time>
      </trkpt>
      <trkpt lat="41.58418" lon="1.8578400000000002">
        <ele>113.87928649382525</ele>
        <time>2026-07-12T05:43:06.617Z</time>
      </trkpt>
      <trkpt lat="41.58413" lon="1.8579100000000002">
        <ele>113.80438964460677</ele>
        <time>2026-07-12T05:43:08.604Z</time>
      </trkpt>
      <trkpt lat="41.583850000000005" lon="1.8581600000000003">
        <ele>113.12044734781523</ele>
        <time>2026-07-12T05:43:17.848Z</time>
      </trkpt>
      <trkpt lat="41.583760000000005" lon="1.8582200000000002">
        <ele>112.8462452402153</ele>
        <time>2026-07-12T05:43:20.610Z</time>
      </trkpt>
      <trkpt lat="41.58337" lon="1.8583900000000002">
        <ele>113.48978803512465</ele>
        <time>2026-07-12T05:43:31.873Z</time>
      </trkpt>
      <trkpt lat="41.58323" lon="1.85851">
        <ele>112.97588188477043</ele>
        <time>2026-07-12T05:43:36.439Z</time>
      </trkpt>
      <trkpt lat="41.582710000000006" lon="1.85918">
        <ele>111.92364934387186</ele>
        <time>2026-07-12T05:43:56.269Z</time>
      </trkpt>
      <trkpt lat="41.582280000000004" lon="1.8596400000000002">
        <ele>109.70782227264431</ele>
        <time>2026-07-12T05:44:11.391Z</time>
      </trkpt>
      <trkpt lat="41.581900000000005" lon="1.86027">
        <ele>115.15683825793377</ele>
        <time>2026-07-12T05:44:28.013Z</time>
      </trkpt>
      <trkpt lat="41.581790000000005" lon="1.8604">
        <ele>116.91380853624342</ele>
        <time>2026-07-12T05:44:32.043Z</time>
      </trkpt>
      <trkpt lat="41.581520000000005" lon="1.8606600000000002">
        <ele>113.6255333839521</ele>
        <time>2026-07-12T05:44:41.180Z</time>
      </trkpt>
      <trkpt lat="41.5814" lon="1.8608000000000002">
        <ele>112.73572281211598</ele>
        <time>2026-07-12T05:44:45.553Z</time>
      </trkpt>
      <trkpt lat="41.58118" lon="1.8611300000000002">
        <ele>113.0345082451344</ele>
        <time>2026-07-12T05:44:54.632Z</time>
      </trkpt>
      <trkpt lat="41.5805" lon="1.8614300000000001">
        <ele>118.30725317390139</ele>
        <time>2026-07-12T05:45:14.293Z</time>
      </trkpt>
      <trkpt lat="41.580360000000006" lon="1.8614300000000001">
        <ele>117.90273026432305</ele>
        <time>2026-07-12T05:45:18.137Z</time>
      </trkpt>
      <trkpt lat="41.58014" lon="1.86139">
        <ele>116.50150964033634</ele>
        <time>2026-07-12T05:45:24.233Z</time>
      </trkpt>
      <trkpt lat="41.58005" lon="1.86139">
        <ele>116.5057199519506</ele>
        <time>2026-07-12T05:45:26.704Z</time>
      </trkpt>
      <trkpt lat="41.57952" lon="1.8614400000000002">
        <ele>121.8344277187767</ele>
        <time>2026-07-12T05:45:41.292Z</time>
      </trkpt>
      <trkpt lat="41.57905" lon="1.86142">
        <ele>115.50563593356333</ele>
        <time>2026-07-12T05:45:54.203Z</time>
      </trkpt>
      <trkpt lat="41.57896" lon="1.86145">
        <ele>116.82770784881458</ele>
        <time>2026-07-12T05:45:56.749Z</time>
      </trkpt>
      <trkpt lat="41.578450000000004" lon="1.8613400000000002">
        <ele>113.7261273604583</ele>
        <time>2026-07-12T05:46:10.934Z</time>
      </trkpt>
      <trkpt lat="41.578300000000006" lon="1.8613400000000002">
        <ele>113.5861429501131</ele>
        <time>2026-07-12T05:46:15.053Z</time>
      </trkpt>
      <trkpt lat="41.578190000000006" lon="1.8614000000000002">
        <ele>115.15046168701939</ele>
        <time>2026-07-12T05:46:18.313Z</time>
      </trkpt>
      <trkpt lat="41.578120000000006" lon="1.86142">
        <ele>116.01933157768872</ele>
        <time>2026-07-12T05:46:20.279Z</time>
      </trkpt>
      <trkpt lat="41.57797" lon="1.8614100000000002">
        <ele>115.46493622407016</ele>
        <time>2026-07-12T05:46:24.403Z</time>
      </trkpt>
      <trkpt lat="41.57788" lon="1.8614400000000002">
        <ele>115.78482558271594</ele>
        <time>2026-07-12T05:46:26.949Z</time>
      </trkpt>
      <trkpt lat="41.577740000000006" lon="1.8615100000000002">
        <ele>116.45476261192813</ele>
        <time>2026-07-12T05:46:31.052Z</time>
      </trkpt>
      <trkpt lat="41.577490000000004" lon="1.86169">
        <ele>119.519431882993</ele>
        <time>2026-07-12T05:46:38.849Z</time>
      </trkpt>
      <trkpt lat="41.577420000000004" lon="1.8617000000000001">
        <ele>119.35593389649294</ele>
        <time>2026-07-12T05:46:40.782Z</time>
      </trkpt>
      <trkpt lat="41.57724" lon="1.8617700000000001">
        <ele>118.99932927065291</ele>
        <time>2026-07-12T05:46:45.929Z</time>
      </trkpt>
      <trkpt lat="41.577180000000006" lon="1.8618200000000003">
        <ele>118.51334454415941</ele>
        <time>2026-07-12T05:46:47.870Z</time>
      </trkpt>
      <trkpt lat="41.576950000000004" lon="1.8621600000000003">
        <ele>121.10307249243318</ele>
        <time>2026-07-12T05:46:57.285Z</time>
      </trkpt>
      <trkpt lat="41.576420000000006" lon="1.8624500000000002">
        <ele>121.47731585480983</ele>
        <time>2026-07-12T05:47:13.009Z</time>
      </trkpt>
      <trkpt lat="41.57629" lon="1.8625500000000001">
        <ele>121.33745310644997</ele>
        <time>2026-07-12T05:47:17.127Z</time>
      </trkpt>
      <trkpt lat="41.57594" lon="1.8629900000000001">
        <ele>121.12532188092086</ele>
        <time>2026-07-12T05:47:30.320Z</time>
      </trkpt>
      <trkpt lat="41.57549" lon="1.8633800000000003">
        <ele>116.97767220448101</ele>
        <time>2026-07-12T05:47:45.045Z</time>
      </trkpt>
      <trkpt lat="41.57499000000001" lon="1.86362">
        <ele>111.49743283913016</ele>
        <time>2026-07-12T05:47:59.631Z</time>
      </trkpt>
      <trkpt lat="41.57489" lon="1.8638500000000002">
        <ele>111.03020716651429</ele>
        <time>2026-07-12T05:48:05.095Z</time>
      </trkpt>
      <trkpt lat="41.57468" lon="1.8642">
        <ele>111.93498481168841</ele>
        <time>2026-07-12T05:48:14.310Z</time>
      </trkpt>
      <trkpt lat="41.574600000000004" lon="1.8644500000000002">
        <ele>113.83440631607348</ele>
        <time>2026-07-12T05:48:19.896Z</time>
      </trkpt>
      <trkpt lat="41.57443000000001" lon="1.8647500000000001">
        <ele>117.30447222232397</ele>
        <time>2026-07-12T05:48:27.626Z</time>
      </trkpt>
      <trkpt lat="41.57432" lon="1.8650900000000001">
        <ele>117.84541934596027</ele>
        <time>2026-07-12T05:48:35.235Z</time>
      </trkpt>
      <trkpt lat="41.574220000000004" lon="1.8652400000000002">
        <ele>118.09386125222396</ele>
        <time>2026-07-12T05:48:39.361Z</time>
      </trkpt>
      <trkpt lat="41.574110000000005" lon="1.86535">
        <ele>117.82823530067199</ele>
        <time>2026-07-12T05:48:43.133Z</time>
      </trkpt>
      <trkpt lat="41.5736600005559" lon="1.8657200026082268">
        <ele>115.6446206651789</ele>
        <time>2026-07-12T05:48:57.639Z</time>
      </trkpt>
      <trkpt lat="41.57321" lon="1.8660900000000002">
        <ele>116.09486397236283</ele>
        <time>2026-07-12T05:49:12.145Z</time>
      </trkpt>
      <trkpt lat="41.573040000000006" lon="1.8661600000000003">
        <ele>115.5567533010064</ele>
        <time>2026-07-12T05:49:17.029Z</time>
      </trkpt>
      <trkpt lat="41.572720000000004" lon="1.8662500000000002">
        <ele>113.37847694600941</ele>
        <time>2026-07-12T05:49:26.008Z</time>
      </trkpt>
      <trkpt lat="41.57238" lon="1.8661800000000002">
        <ele>111.09349638247578</ele>
        <time>2026-07-12T05:49:35.453Z</time>
      </trkpt>
      <trkpt lat="41.572010000000006" lon="1.86589">
        <ele>116.76341930325471</ele>
        <time>2026-07-12T05:49:47.230Z</time>
      </trkpt>
      <trkpt lat="41.57164" lon="1.8657700000000002">
        <ele>123.30918937708103</ele>
        <time>2026-07-12T05:49:57.683Z</time>
      </trkpt>
      <trkpt lat="41.571490000000004" lon="1.8657500000000002">
        <ele>126.58007802022422</ele>
        <time>2026-07-12T05:50:01.822Z</time>
      </trkpt>
      <trkpt lat="41.571160000000006" lon="1.86583">
        <ele>116.6502643436494</ele>
        <time>2026-07-12T05:50:11.030Z</time>
      </trkpt>
      <trkpt lat="41.571070000000006" lon="1.8659000000000001">
        <ele>114.42594719519244</ele>
        <time>2026-07-12T05:50:13.889Z</time>
      </trkpt>
      <trkpt lat="41.57097" lon="1.8660200000000002">
        <ele>113.69358325171018</ele>
        <time>2026-07-12T05:50:17.579Z</time>
      </trkpt>
      <trkpt lat="41.57079" lon="1.86613">
        <ele>112.60496107797086</ele>
        <time>2026-07-12T05:50:23.013Z</time>
      </trkpt>
      <trkpt lat="41.57043" lon="1.8665200000000002">
        <ele>114.2842588879886</ele>
        <time>2026-07-12T05:50:35.737Z</time>
      </trkpt>
      <trkpt lat="41.570100000000004" lon="1.86718">
        <ele>120.24022410314919</ele>
        <time>2026-07-12T05:50:52.044Z</time>
      </trkpt>
      <trkpt lat="41.57001" lon="1.8676400000000002">
        <ele>122.56578389485841</ele>
        <time>2026-07-12T05:51:01.811Z</time>
      </trkpt>
      <trkpt lat="41.57002000000001" lon="1.86796">
        <ele>124.19757734205015</ele>
        <time>2026-07-12T05:51:08.391Z</time>
      </trkpt>
      <trkpt lat="41.57007" lon="1.8680900000000003">
        <ele>125.13888589357931</ele>
        <time>2026-07-12T05:51:11.393Z</time>
      </trkpt>
      <trkpt lat="41.570240000000005" lon="1.8683600000000002">
        <ele>129.42597961191316</ele>
        <time>2026-07-12T05:51:18.642Z</time>
      </trkpt>
      <trkpt lat="41.57032" lon="1.8685300000000002">
        <ele>129.93093851552544</ele>
        <time>2026-07-12T05:51:22.767Z</time>
      </trkpt>
      <trkpt lat="41.57052" lon="1.8686200000000002">
        <ele>133.24027758104583</ele>
        <time>2026-07-12T05:51:28.560Z</time>
      </trkpt>
      <trkpt lat="41.57065" lon="1.86874">
        <ele>136.36672505206892</ele>
        <time>2026-07-12T05:51:32.898Z</time>
      </trkpt>
      <trkpt lat="41.57072" lon="1.86884">
        <ele>138.54145470276273</ele>
        <time>2026-07-12T05:51:35.711Z</time>
      </trkpt>
      <trkpt lat="41.57076" lon="1.8689900000000002">
        <ele>140.73958291211216</ele>
        <time>2026-07-12T05:51:38.982Z</time>
      </trkpt>
      <trkpt lat="41.570780000000006" lon="1.8692300000000002">
        <ele>143.37234228298914</ele>
        <time>2026-07-12T05:51:43.942Z</time>
      </trkpt>
      <trkpt lat="41.570870000000006" lon="1.8696800000000002">
        <ele>145.32689266089233</ele>
        <time>2026-07-12T05:51:53.510Z</time>
      </trkpt>
      <trkpt lat="41.5711" lon="1.86996">
        <ele>145.22893367898558</ele>
        <time>2026-07-12T05:52:02.052Z</time>
      </trkpt>
      <trkpt lat="41.571270000000005" lon="1.87013">
        <ele>145.47177254124733</ele>
        <time>2026-07-12T05:52:07.882Z</time>
      </trkpt>
      <trkpt lat="41.57133" lon="1.8702400000000001">
        <ele>146.98341462333428</ele>
        <time>2026-07-12T05:52:10.677Z</time>
      </trkpt>
      <trkpt lat="41.57133" lon="1.8702900000000002">
        <ele>147.6757838795679</ele>
        <time>2026-07-12T05:52:11.704Z</time>
      </trkpt>
      <trkpt lat="41.57126" lon="1.87047">
        <ele>145.29686595124184</ele>
        <time>2026-07-12T05:52:15.871Z</time>
      </trkpt>
      <trkpt lat="41.57123" lon="1.87074">
        <ele>148.20585727338903</ele>
        <time>2026-07-12T05:52:21.478Z</time>
      </trkpt>
      <trkpt lat="41.571130000000004" lon="1.87091">
        <ele>145.97093444018137</ele>
        <time>2026-07-12T05:52:25.920Z</time>
      </trkpt>
      <trkpt lat="41.571070000000006" lon="1.8711700000000002">
        <ele>139.8106011474694</ele>
        <time>2026-07-12T05:52:31.510Z</time>
      </trkpt>
      <trkpt lat="41.571090000000005" lon="1.87125">
        <ele>140.99825076502816</ele>
        <time>2026-07-12T05:52:33.242Z</time>
      </trkpt>
      <trkpt lat="41.571270000000005" lon="1.87162">
        <ele>144.91830740299451</ele>
        <time>2026-07-12T05:52:42.308Z</time>
      </trkpt>
      <trkpt lat="41.57141" lon="1.8723100000000001">
        <ele>140.1359047116515</ele>
        <time>2026-07-12T05:52:56.994Z</time>
      </trkpt>
      <trkpt lat="41.571470000000005" lon="1.8724300000000003">
        <ele>138.96598388641448</ele>
        <time>2026-07-12T05:52:59.959Z</time>
      </trkpt>
      <trkpt lat="41.571560000000005" lon="1.8725100000000001">
        <ele>140.73143023344534</ele>
        <time>2026-07-12T05:53:02.926Z</time>
      </trkpt>
      <trkpt lat="41.57162" lon="1.87254">
        <ele>141.82550397388286</ele>
        <time>2026-07-12T05:53:04.685Z</time>
      </trkpt>
      <trkpt lat="41.571650000000005" lon="1.8726">
        <ele>141.70571848488592</ele>
        <time>2026-07-12T05:53:06.166Z</time>
      </trkpt>
      <trkpt lat="41.571650000000005" lon="1.87277">
        <ele>138.69254816092894</ele>
        <time>2026-07-12T05:53:09.658Z</time>
      </trkpt>
      <trkpt lat="41.57179" lon="1.8733300000000002">
        <ele>136.99231341813632</ele>
        <time>2026-07-12T05:53:21.786Z</time>
      </trkpt>
      <trkpt lat="41.57179" lon="1.87359">
        <ele>138.4524327992385</ele>
        <time>2026-07-12T05:53:27.127Z</time>
      </trkpt>
      <trkpt lat="41.571760000000005" lon="1.87372">
        <ele>138.44101419584396</ele>
        <time>2026-07-12T05:53:29.921Z</time>
      </trkpt>
      <trkpt lat="41.571540000000006" lon="1.8741800000000002">
        <ele>136.7294555625732</ele>
        <time>2026-07-12T05:53:41.136Z</time>
      </trkpt>
      <trkpt lat="41.57139" lon="1.87433">
        <ele>132.46973475116746</ele>
        <time>2026-07-12T05:53:46.279Z</time>
      </trkpt>
      <trkpt lat="41.57135" lon="1.8744100000000001">
        <ele>131.05140310171728</ele>
        <time>2026-07-12T05:53:48.255Z</time>
      </trkpt>
      <trkpt lat="41.571340000000006" lon="1.8745300000000003">
        <ele>129.56688522167804</ele>
        <time>2026-07-12T05:53:50.735Z</time>
      </trkpt>
      <trkpt lat="41.57137" lon="1.8746300000000002">
        <ele>128.20912222664643</ele>
        <time>2026-07-12T05:53:52.948Z</time>
      </trkpt>
      <trkpt lat="41.57146" lon="1.8747500000000001">
        <ele>127.55034655447889</ele>
        <time>2026-07-12T05:53:56.438Z</time>
      </trkpt>
      <trkpt lat="41.571760000000005" lon="1.87535">
        <ele>126.17601319368197</ele>
        <time>2026-07-12T05:54:11.262Z</time>
      </trkpt>
      <trkpt lat="41.571810000000006" lon="1.87606">
        <ele>120.13169398307345</ele>
        <time>2026-07-12T05:54:25.911Z</time>
      </trkpt>
      <trkpt lat="41.571819" lon="1.87606">
        <ele>120.41932992151771</ele>
        <time>2026-07-12T05:54:26.157Z</time>
      </trkpt>
      <trkpt lat="41.571808" lon="1.876106">
        <ele>120.01172602062847</ele>
        <time>2026-07-12T05:54:27.149Z</time>
      </trkpt>
      <trkpt lat="41.57175" lon="1.876222">
        <ele>118.25029495541185</ele>
        <time>2026-07-12T05:54:30.015Z</time>
      </trkpt>
      <trkpt lat="41.571689" lon="1.876449">
        <ele>116.5129689727674</ele>
        <time>2026-07-12T05:54:34.970Z</time>
      </trkpt>
      <trkpt lat="41.571651" lon="1.876703">
        <ele>114.79361222870081</ele>
        <time>2026-07-12T05:54:40.290Z</time>
      </trkpt>
      <trkpt lat="41.571627" lon="1.876797">
        <ele>115.01946209319738</ele>
        <time>2026-07-12T05:54:42.330Z</time>
      </trkpt>
      <trkpt lat="41.571588" lon="1.876873">
        <ele>115.79484365254754</ele>
        <time>2026-07-12T05:54:44.223Z</time>
      </trkpt>
      <trkpt lat="41.57149" lon="1.876939">
        <ele>114.31393681135478</ele>
        <time>2026-07-12T05:54:47.236Z</time>
      </trkpt>
      <trkpt lat="41.571267" lon="1.877041">
        <ele>111.29271039823402</ele>
        <time>2026-07-12T05:54:53.707Z</time>
      </trkpt>
      <trkpt lat="41.571197" lon="1.877088">
        <ele>109.38626736490168</ele>
        <time>2026-07-12T05:54:55.858Z</time>
      </trkpt>
      <trkpt lat="41.571064" lon="1.877225">
        <ele>104.79106689977084</ele>
        <time>2026-07-12T05:55:00.467Z</time>
      </trkpt>
      <trkpt lat="41.571009" lon="1.877417">
        <ele>103.23381942548755</ele>
        <time>2026-07-12T05:55:04.691Z</time>
      </trkpt>
      <trkpt lat="41.570971" lon="1.877515">
        <ele>103.41785859441062</ele>
        <time>2026-07-12T05:55:06.959Z</time>
      </trkpt>
      <trkpt lat="41.570914" lon="1.877607">
        <ele>102.39523152151067</ele>
        <time>2026-07-12T05:55:09.412Z</time>
      </trkpt>
      <trkpt lat="41.570812" lon="1.877714">
        <ele>98.141530151079</ele>
        <time>2026-07-12T05:55:12.971Z</time>
      </trkpt>
      <trkpt lat="41.57049" lon="1.878256">
        <ele>90.49066189454994</ele>
        <time>2026-07-12T05:55:27.188Z</time>
      </trkpt>
      <trkpt lat="41.570452" lon="1.878283">
        <ele>89.69523894597742</ele>
        <time>2026-07-12T05:55:28.369Z</time>
      </trkpt>
      <trkpt lat="41.570408" lon="1.87829">
        <ele>88.27782079431195</ele>
        <time>2026-07-12T05:55:29.586Z</time>
      </trkpt>
      <trkpt lat="41.570371" lon="1.878369">
        <ele>88.00017885422787</ele>
        <time>2026-07-12T05:55:31.500Z</time>
      </trkpt>
      <trkpt lat="41.57005" lon="1.879125">
        <ele>91.71595321229519</ele>
        <time>2026-07-12T05:55:49.357Z</time>
      </trkpt>
      <trkpt lat="41.569964" lon="1.879305">
        <ele>90.96100251968335</ele>
        <time>2026-07-12T05:55:53.744Z</time>
      </trkpt>
      <trkpt lat="41.569912" lon="1.879393">
        <ele>90.70209352927012</ele>
        <time>2026-07-12T05:55:56.047Z</time>
      </trkpt>
      <trkpt lat="41.569804" lon="1.87952">
        <ele>88.30197575630766</ele>
        <time>2026-07-12T05:55:59.996Z</time>
      </trkpt>
      <trkpt lat="41.569727" lon="1.879578">
        <ele>88.04133149887187</ele>
        <time>2026-07-12T05:56:02.423Z</time>
      </trkpt>
      <trkpt lat="41.569456" lon="1.879769">
        <ele>93.73123237378641</ele>
        <time>2026-07-12T05:56:10.833Z</time>
      </trkpt>
      <trkpt lat="41.569205" lon="1.879973">
        <ele>97.40162298447139</ele>
        <time>2026-07-12T05:56:18.899Z</time>
      </trkpt>
      <trkpt lat="41.569073" lon="1.880083">
        <ele>97.61105669981444</ele>
        <time>2026-07-12T05:56:23.170Z</time>
      </trkpt>
      <trkpt lat="41.568781" lon="1.880385">
        <ele>101.52584721737912</ele>
        <time>2026-07-12T05:56:23.280Z</time>
        <extensions>
          <gpxtpx:TrackPointExtension>
            <gpxtpx:hr>158</gpxtpx:hr>
            <gpxtpx:cad>84</gpxtpx:cad>
          </gpxtpx:TrackPointExtension>
          <gpxpx:PowerExtension>
            <gpxpx:PowerInWatts>399</gpxpx:PowerInWatts>
          </gpxpx:PowerExtension>
        </extensions>
      </trkpt>
      <trkpt lat="41.568761" lon="1.880406">
        <ele>101.9979809167398</ele>
        <time>2026-07-12T05:56:24.086Z</time>
        <extensions>
          <gpxtpx:TrackPointExtension>
            <gpxtpx:hr>158</gpxtpx:hr>
            <gpxtpx:cad>85</gpxtpx:cad>
          </gpxtpx:TrackPointExtension>
          <gpxpx:PowerExtension>
            <gpxpx:PowerInWatts>394</gpxpx:PowerInWatts>
          </gpxpx:PowerExtension>
        </extensions>
      </trkpt>
      <trkpt lat="41.568737" lon="1.88043">
        <ele>102.23808636562497</ele>
        <time>2026-07-12T05:56:24.891Z</time>
        <extensions>
          <gpxtpx:TrackPointExtension>
            <gpxtpx:hr>157</gpxtpx:hr>
            <gpxtpx:cad>85</gpxtpx:cad>
          </gpxtpx:TrackPointExtension>
          <gpxpx:PowerExtension>
            <gpxpx:PowerInWatts>392</gpxpx:PowerInWatts>
          </gpxpx:PowerExtension>
        </extensions>
      </trkpt>
      <trkpt lat="41.568727" lon="1.880452">
        <ele>102.99799776192896</ele>
        <time>2026-07-12T05:56:25.696Z</time>
        <extensions>
          <gpxtpx:TrackPointExtension>
            <gpxtpx:hr>156</gpxtpx:hr>
            <gpxtpx:cad>85</gpxtpx:cad>
          </gpxtpx:TrackPointExtension>
          <gpxpx:PowerExtension>
            <gpxpx:PowerInWatts>392</gpxpx:PowerInWatts>
          </gpxpx:PowerExtension>
        </extensions>
      </trkpt>
      <trkpt lat="41.568708" lon="1.880482">
        <ele>103.57231998125998</ele>
        <time>2026-07-12T05:56:26.503Z</time>
        <extensions>
          <gpxtpx:TrackPointExtension>
            <gpxtpx:hr>155</gpxtpx:hr>
            <gpxtpx:cad>86</gpxtpx:cad>
          </gpxtpx:TrackPointExtension>
          <gpxpx:PowerExtension>
            <gpxpx:PowerInWatts>390</gpxpx:PowerInWatts>
          </gpxpx:PowerExtension>
        </extensions>
      </trkpt>
      <trkpt lat="41.568693" lon="1.880503">
        <ele>104.0883204361661</ele>
        <time>2026-07-12T05:56:27.308Z</time>
        <extensions>
          <gpxtpx:TrackPointExtension>
            <gpxtpx:hr>154</gpxtpx:hr>
            <gpxtpx:cad>86</gpxtpx:cad>
          </gpxtpx:TrackPointExtension>
          <gpxpx:PowerExtension>
            <gpxpx:PowerInWatts>387</gpxpx:PowerInWatts>
          </gpxpx:PowerExtension>
        </extensions>
      </trkpt>
      <trkpt lat="41.568676" lon="1.88052">
        <ele>104.17001169892977</ele>
        <time>2026-07-12T05:56:28.114Z</time>
        <extensions>
          <gpxtpx:TrackPointExtension>
            <gpxtpx:hr>154</gpxtpx:hr>
            <gpxtpx:cad>86</gpxtpx:cad>
          </gpxtpx:TrackPointExtension>
          <gpxpx:PowerExtension>
            <gpxpx:PowerInWatts>385</gpxpx:PowerInWatts>
          </gpxpx:PowerExtension>
        </extensions>
      </trkpt>
      <trkpt lat="41.568655" lon="1.880544">
        <ele>104.2407133876917</ele>
        <time>2026-07-12T05:56:28.919Z</time>
        <extensions>
          <gpxtpx:TrackPointExtension>
            <gpxtpx:hr>153</gpxtpx:hr>
            <gpxtpx:cad>86</gpxtpx:cad>
          </gpxtpx:TrackPointExtension>
          <gpxpx:PowerExtension>
            <gpxpx:PowerInWatts>383</gpxpx:PowerInWatts>
          </gpxpx:PowerExtension>
        </extensions>
      </trkpt>
      <trkpt lat="41.568636" lon="1.88056">
        <ele>104.0847161082482</ele>
        <time>2026-07-12T05:56:29.724Z</time>
        <extensions>
          <gpxtpx:TrackPointExtension>
            <gpxtpx:hr>152</gpxtpx:hr>
            <gpxtpx:cad>85</gpxtpx:cad>
          </gpxtpx:TrackPointExtension>
          <gpxpx:PowerExtension>
            <gpxpx:PowerInWatts>383</gpxpx:PowerInWatts>
          </gpxpx:PowerExtension>
        </extensions>
      </trkpt>
      <trkpt lat="41.56861" lon="1.880578">
        <ele>103.68323998136017</ele>
        <time>2026-07-12T05:56:30.530Z</time>
        <extensions>
          <gpxtpx:TrackPointExtension>
            <gpxtpx:hr>152</gpxtpx:hr>
            <gpxtpx:cad>85</gpxtpx:cad>
          </gpxtpx:TrackPointExtension>
          <gpxpx:PowerExtension>
            <gpxpx:PowerInWatts>381</gpxpx:PowerInWatts>
          </gpxpx:PowerExtension>
        </extensions>
      </trkpt>
      <trkpt lat="41.56859" lon="1.880598">
        <ele>103.64493038428708</ele>
        <time>2026-07-12T05:56:31.335Z</time>
        <extensions>
          <gpxtpx:TrackPointExtension>
            <gpxtpx:hr>152</gpxtpx:hr>
            <gpxtpx:cad>85</gpxtpx:cad>
          </gpxtpx:TrackPointExtension>
          <gpxpx:PowerExtension>
            <gpxpx:PowerInWatts>379</gpxpx:PowerInWatts>
          </gpxpx:PowerExtension>
        </extensions>
      </trkpt>
      <trkpt lat="41.568569" lon="1.880616">
        <ele>103.79480893005413</ele>
        <time>2026-07-12T05:56:32.141Z</time>
        <extensions>
          <gpxtpx:TrackPointExtension>
            <gpxtpx:hr>151</gpxtpx:hr>
            <gpxtpx:cad>85</gpxtpx:cad>
          </gpxtpx:TrackPointExtension>
          <gpxpx:PowerExtension>
            <gpxpx:PowerInWatts>379</gpxpx:PowerInWatts>
          </gpxpx:PowerExtension>
        </extensions>
      </trkpt>
      <trkpt lat="41.568544" lon="1.880636">
        <ele>104.06799753964671</ele>
        <time>2026-07-12T05:56:32.946Z</time>
        <extensions>
          <gpxtpx:TrackPointExtension>
            <gpxtpx:hr>151</gpxtpx:hr>
            <gpxtpx:cad>85</gpxtpx:cad>
          </gpxtpx:TrackPointExtension>
          <gpxpx:PowerExtension>
            <gpxpx:PowerInWatts>377</gpxpx:PowerInWatts>
          </gpxpx:PowerExtension>
        </extensions>
      </trkpt>
      <trkpt lat="41.568524" lon="1.880655">
        <ele>104.30246171237297</ele>
        <time>2026-07-12T05:56:33.751Z</time>
        <extensions>
          <gpxtpx:TrackPointExtension>
            <gpxtpx:hr>151</gpxtpx:hr>
            <gpxtpx:cad>85</gpxtpx:cad>
          </gpxtpx:TrackPointExtension>
          <gpxpx:PowerExtension>
            <gpxpx:PowerInWatts>377</gpxpx:PowerInWatts>
          </gpxpx:PowerExtension>
        </extensions>
      </trkpt>
      <trkpt lat="41.568497" lon="1.880674">
        <ele>104.13633341824692</ele>
        <time>2026-07-12T05:56:34.557Z</time>
        <extensions>
          <gpxtpx:TrackPointExtension>
            <gpxtpx:hr>151</gpxtpx:hr>
            <gpxtpx:cad>85</gpxtpx:cad>
          </gpxtpx:TrackPointExtension>
          <gpxpx:PowerExtension>
            <gpxpx:PowerInWatts>376</gpxpx:PowerInWatts>
          </gpxpx:PowerExtension>
        </extensions>
      </trkpt>
      <trkpt lat="41.568479" lon="1.88069">
        <ele>104.056912806168</ele>
        <time>2026-07-12T05:56:35.363Z</time>
        <extensions>
          <gpxtpx:TrackPointExtension>
            <gpxtpx:hr>151</gpxtpx:hr>
            <gpxtpx:cad>85</gpxtpx:cad>
          </gpxtpx:TrackPointExtension>
          <gpxpx:PowerExtension>
            <gpxpx:PowerInWatts>375</gpxpx:PowerInWatts>
          </gpxpx:PowerExtension>
        </extensions>
      </trkpt>
      <trkpt lat="41.568452" lon="1.880699">
        <ele>103.30018824163257</ele>
        <time>2026-07-12T05:56:36.169Z</time>
        <extensions>
          <gpxtpx:TrackPointExtension>
            <gpxtpx:hr>151</gpxtpx:hr>
            <gpxtpx:cad>85</gpxtpx:cad>
          </gpxtpx:TrackPointExtension>
          <gpxpx:PowerExtension>
            <gpxpx:PowerInWatts>375</gpxpx:PowerInWatts>
          </gpxpx:PowerExtension>
        </extensions>
      </trkpt>
      <trkpt lat="41.568429" lon="1.880707">
        <ele>103.30416064519645</ele>
        <time>2026-07-12T05:56:36.974Z</time>
        <extensions>
          <gpxtpx:TrackPointExtension>
            <gpxtpx:hr>151</gpxtpx:hr>
            <gpxtpx:cad>85</gpxtpx:cad>
          </gpxtpx:TrackPointExtension>
          <gpxpx:PowerExtension>
            <gpxpx:PowerInWatts>373</gpxpx:PowerInWatts>
          </gpxpx:PowerExtension>
        </extensions>
      </trkpt>
      <trkpt lat="41.568403" lon="1.880712">
        <ele>103.15014565312192</ele>
        <time>2026-07-12T05:56:37.779Z</time>
        <extensions>
          <gpxtpx:TrackPointExtension>
            <gpxtpx:hr>151</gpxtpx:hr>
            <gpxtpx:cad>85</gpxtpx:cad>
          </gpxtpx:TrackPointExtension>
          <gpxpx:PowerExtension>
            <gpxpx:PowerInWatts>368</gpxpx:PowerInWatts>
          </gpxpx:PowerExtension>
        </extensions>
      </trkpt>
      <trkpt lat="41.568374" lon="1.880716">
        <ele>102.90915364625212</ele>
        <time>2026-07-12T05:56:38.585Z</time>
        <extensions>
          <gpxtpx:TrackPointExtension>
            <gpxtpx:hr>150</gpxtpx:hr>
            <gpxtpx:cad>85</gpxtpx:cad>
          </gpxtpx:TrackPointExtension>
          <gpxpx:PowerExtension>
            <gpxpx:PowerInWatts>364</gpxpx:PowerInWatts>
          </gpxpx:PowerExtension>
        </extensions>
      </trkpt>
      <trkpt lat="41.568354" lon="1.88072">
        <ele>102.76378724922408</ele>
        <time>2026-07-12T05:56:39.390Z</time>
        <extensions>
          <gpxtpx:TrackPointExtension>
            <gpxtpx:hr>151</gpxtpx:hr>
            <gpxtpx:cad>85</gpxtpx:cad>
          </gpxtpx:TrackPointExtension>
          <gpxpx:PowerExtension>
            <gpxpx:PowerInWatts>361</gpxpx:PowerInWatts>
          </gpxpx:PowerExtension>
        </extensions>
      </trkpt>
      <trkpt lat="41.568321" lon="1.880719">
        <ele>102.33574212385753</ele>
        <time>2026-07-12T05:56:40.196Z</time>
        <extensions>
          <gpxtpx:TrackPointExtension>
            <gpxtpx:hr>151</gpxtpx:hr>
            <gpxtpx:cad>85</gpxtpx:cad>
          </gpxtpx:TrackPointExtension>
          <gpxpx:PowerExtension>
            <gpxpx:PowerInWatts>358</gpxpx:PowerInWatts>
          </gpxpx:PowerExtension>
        </extensions>
      </trkpt>
      <trkpt lat="41.568295" lon="1.880719">
        <ele>102.10769673995634</ele>
        <time>2026-07-12T05:56:41.001Z</time>
        <extensions>
          <gpxtpx:TrackPointExtension>
            <gpxtpx:hr>151</gpxtpx:hr>
            <gpxtpx:cad>85</gpxtpx:cad>
          </gpxtpx:TrackPointExtension>
          <gpxpx:PowerExtension>
            <gpxpx:PowerInWatts>353</gpxpx:PowerInWatts>
          </gpxpx:PowerExtension>
        </extensions>
      </trkpt>
      <trkpt lat="41.568265" lon="1.88072">
        <ele>101.86468557619133</ele>
        <time>2026-07-12T05:56:41.807Z</time>
        <extensions>
          <gpxtpx:TrackPointExtension>
            <gpxtpx:hr>150</gpxtpx:hr>
            <gpxtpx:cad>85</gpxtpx:cad>
          </gpxtpx:TrackPointExtension>
          <gpxpx:PowerExtension>
            <gpxpx:PowerInWatts>348</gpxpx:PowerInWatts>
          </gpxpx:PowerExtension>
        </extensions>
      </trkpt>
      <trkpt lat="41.568232" lon="1.880716">
        <ele>101.50033204948593</ele>
        <time>2026-07-12T05:56:42.612Z</time>
        <extensions>
          <gpxtpx:TrackPointExtension>
            <gpxtpx:hr>150</gpxtpx:hr>
            <gpxtpx:cad>85</gpxtpx:cad>
          </gpxtpx:TrackPointExtension>
          <gpxpx:PowerExtension>
            <gpxpx:PowerInWatts>345</gpxpx:PowerInWatts>
          </gpxpx:PowerExtension>
        </extensions>
      </trkpt>
      <trkpt lat="41.568207" lon="1.880714">
        <ele>101.25154968956417</ele>
        <time>2026-07-12T05:56:43.417Z</time>
        <extensions>
          <gpxtpx:TrackPointExtension>
            <gpxtpx:hr>150</gpxtpx:hr>
            <gpxtpx:cad>85</gpxtpx:cad>
          </gpxtpx:TrackPointExtension>
          <gpxpx:PowerExtension>
            <gpxpx:PowerInWatts>342</gpxpx:PowerInWatts>
          </gpxpx:PowerExtension>
        </extensions>
      </trkpt>
      <trkpt lat="41.568178" lon="1.880709">
        <ele>101.39528590819036</ele>
        <time>2026-07-12T05:56:44.223Z</time>
        <extensions>
          <gpxtpx:TrackPointExtension>
            <gpxtpx:hr>150</gpxtpx:hr>
            <gpxtpx:cad>84</gpxtpx:cad>
          </gpxtpx:TrackPointExtension>
          <gpxpx:PowerExtension>
            <gpxpx:PowerInWatts>342</gpxpx:PowerInWatts>
          </gpxpx:PowerExtension>
        </extensions>
      </trkpt>
      <trkpt lat="41.568151" lon="1.880704">
        <ele>101.74741048931254</ele>
        <time>2026-07-12T05:56:45.029Z</time>
        <extensions>
          <gpxtpx:TrackPointExtension>
            <gpxtpx:hr>150</gpxtpx:hr>
            <gpxtpx:cad>84</gpxtpx:cad>
          </gpxtpx:TrackPointExtension>
          <gpxpx:PowerExtension>
            <gpxpx:PowerInWatts>337</gpxpx:PowerInWatts>
          </gpxpx:PowerExtension>
        </extensions>
      </trkpt>
      <trkpt lat="41.568123" lon="1.880693">
        <ele>101.98452311372388</ele>
        <time>2026-07-12T05:56:45.835Z</time>
        <extensions>
          <gpxtpx:TrackPointExtension>
            <gpxtpx:hr>150</gpxtpx:hr>
            <gpxtpx:cad>84</gpxtpx:cad>
          </gpxtpx:TrackPointExtension>
          <gpxpx:PowerExtension>
            <gpxpx:PowerInWatts>332</gpxpx:PowerInWatts>
          </gpxpx:PowerExtension>
        </extensions>
      </trkpt>
      <trkpt lat="41.568092" lon="1.880687">
        <ele>102.3444265342983</ele>
        <time>2026-07-12T05:56:46.640Z</time>
        <extensions>
          <gpxtpx:TrackPointExtension>
            <gpxtpx:hr>151</gpxtpx:hr>
            <gpxtpx:cad>85</gpxtpx:cad>
          </gpxtpx:TrackPointExtension>
          <gpxpx:PowerExtension>
            <gpxpx:PowerInWatts>327</gpxpx:PowerInWatts>
          </gpxpx:PowerExtension>
        </extensions>
      </trkpt>
      <trkpt lat="41.568071" lon="1.880679">
        <ele>102.49117422510173</ele>
        <time>2026-07-12T05:56:47.445Z</time>
        <extensions>
          <gpxtpx:TrackPointExtension>
            <gpxtpx:hr>150</gpxtpx:hr>
            <gpxtpx:cad>85</gpxtpx:cad>
          </gpxtpx:TrackPointExtension>
          <gpxpx:PowerExtension>
            <gpxpx:PowerInWatts>323</gpxpx:PowerInWatts>
          </gpxpx:PowerExtension>
        </extensions>
      </trkpt>
      <trkpt lat="41.568041" lon="1.880668">
        <ele>103.60335049056545</ele>
        <time>2026-07-12T05:56:48.251Z</time>
        <extensions>
          <gpxtpx:TrackPointExtension>
            <gpxtpx:hr>150</gpxtpx:hr>
            <gpxtpx:cad>84</gpxtpx:cad>
          </gpxtpx:TrackPointExtension>
          <gpxpx:PowerExtension>
            <gpxpx:PowerInWatts>323</gpxpx:PowerInWatts>
          </gpxpx:PowerExtension>
        </extensions>
      </trkpt>
      <trkpt lat="41.568015" lon="1.880657">
        <ele>104.48116810902953</ele>
        <time>2026-07-12T05:56:49.056Z</time>
        <extensions>
          <gpxtpx:TrackPointExtension>
            <gpxtpx:hr>150</gpxtpx:hr>
            <gpxtpx:cad>84</gpxtpx:cad>
          </gpxtpx:TrackPointExtension>
          <gpxpx:PowerExtension>
            <gpxpx:PowerInWatts>322</gpxpx:PowerInWatts>
          </gpxpx:PowerExtension>
        </extensions>
      </trkpt>
      <trkpt lat="41.567987" lon="1.880643">
        <ele>105.20419977270473</ele>
        <time>2026-07-12T05:56:49.862Z</time>
        <extensions>
          <gpxtpx:TrackPointExtension>
            <gpxtpx:hr>149</gpxtpx:hr>
            <gpxtpx:cad>83</gpxtpx:cad>
          </gpxtpx:TrackPointExtension>
          <gpxpx:PowerExtension>
            <gpxpx:PowerInWatts>323</gpxpx:PowerInWatts>
          </gpxpx:PowerExtension>
        </extensions>
      </trkpt>
      <trkpt lat="41.567959" lon="1.880625">
        <ele>105.57681597349966</ele>
        <time>2026-07-12T05:56:50.667Z</time>
        <extensions>
          <gpxtpx:TrackPointExtension>
            <gpxtpx:hr>149</gpxtpx:hr>
            <gpxtpx:cad>83</gpxtpx:cad>
          </gpxtpx:TrackPointExtension>
          <gpxpx:PowerExtension>
            <gpxpx:PowerInWatts>321</gpxpx:PowerInWatts>
          </gpxpx:PowerExtension>
        </extensions>
      </trkpt>
      <trkpt lat="41.567935" lon="1.88061">
        <ele>106.06708865688238</ele>
        <time>2026-07-12T05:56:51.472Z</time>
        <extensions>
          <gpxtpx:TrackPointExtension>
            <gpxtpx:hr>149</gpxtpx:hr>
            <gpxtpx:cad>83</gpxtpx:cad>
          </gpxtpx:TrackPointExtension>
          <gpxpx:PowerExtension>
            <gpxpx:PowerInWatts>320</gpxpx:PowerInWatts>
          </gpxpx:PowerExtension>
        </extensions>
      </trkpt>
      <trkpt lat="41.567908" lon="1.880589">
        <ele>107.66502235305668</ele>
        <time>2026-07-12T05:56:52.278Z</time>
        <extensions>
          <gpxtpx:TrackPointExtension>
            <gpxtpx:hr>149</gpxtpx:hr>
            <gpxtpx:cad>83</gpxtpx:cad>
          </gpxtpx:TrackPointExtension>
          <gpxpx:PowerExtension>
            <gpxpx:PowerInWatts>321</gpxpx:PowerInWatts>
          </gpxpx:PowerExtension>
        </extensions>
      </trkpt>
      <trkpt lat="41.567886" lon="1.880572">
        <ele>108.92448632477233</ele>
        <time>2026-07-12T05:56:53.083Z</time>
        <extensions>
          <gpxtpx:TrackPointExtension>
            <gpxtpx:hr>149</gpxtpx:hr>
            <gpxtpx:cad>83</gpxtpx:cad>
          </gpxtpx:TrackPointExtension>
          <gpxpx:PowerExtension>
            <gpxpx:PowerInWatts>321</gpxpx:PowerInWatts>
          </gpxpx:PowerExtension>
        </extensions>
      </trkpt>
      <trkpt lat="41.567866" lon="1.88055">
        <ele>109.67894940322317</ele>
        <time>2026-07-12T05:56:53.889Z</time>
        <extensions>
          <gpxtpx:TrackPointExtension>
            <gpxtpx:hr>148</gpxtpx:hr>
            <gpxtpx:cad>83</gpxtpx:cad>
          </gpxtpx:TrackPointExtension>
          <gpxpx:PowerExtension>
            <gpxpx:PowerInWatts>321</gpxpx:PowerInWatts>
          </gpxpx:PowerExtension>
        </extensions>
      </trkpt>
      <trkpt lat="41.567844" lon="1.880522">
        <ele>110.0793689915495</ele>
        <time>2026-07-12T05:56:54.695Z</time>
        <extensions>
          <gpxtpx:TrackPointExtension>
            <gpxtpx:hr>148</gpxtpx:hr>
            <gpxtpx:cad>83</gpxtpx:cad>
          </gpxtpx:TrackPointExtension>
          <gpxpx:PowerExtension>
            <gpxpx:PowerInWatts>319</gpxpx:PowerInWatts>
          </gpxpx:PowerExtension>
        </extensions>
      </trkpt>
      <trkpt lat="41.567823" lon="1.880502">
        <ele>110.48735425287194</ele>
        <time>2026-07-12T05:56:55.501Z</time>
        <extensions>
          <gpxtpx:TrackPointExtension>
            <gpxtpx:hr>148</gpxtpx:hr>
            <gpxtpx:cad>83</gpxtpx:cad>
          </gpxtpx:TrackPointExtension>
          <gpxpx:PowerExtension>
            <gpxpx:PowerInWatts>316</gpxpx:PowerInWatts>
          </gpxpx:PowerExtension>
        </extensions>
      </trkpt>
      <trkpt lat="41.567803" lon="1.880474">
        <ele>109.95854521260715</ele>
        <time>2026-07-12T05:56:56.306Z</time>
        <extensions>
          <gpxtpx:TrackPointExtension>
            <gpxtpx:hr>147</gpxtpx:hr>
            <gpxtpx:cad>83</gpxtpx:cad>
          </gpxtpx:TrackPointExtension>
          <gpxpx:PowerExtension>
            <gpxpx:PowerInWatts>314</gpxpx:PowerInWatts>
          </gpxpx:PowerExtension>
        </extensions>
      </trkpt>
      <trkpt lat="41.56778" lon="1.880442">
        <ele>109.30152788550471</ele>
        <time>2026-07-12T05:56:57.111Z</time>
        <extensions>
          <gpxtpx:TrackPointExtension>
            <gpxtpx:hr>147</gpxtpx:hr>
            <gpxtpx:cad>82</gpxtpx:cad>
          </gpxtpx:TrackPointExtension>
          <gpxpx:PowerExtension>
            <gpxpx:PowerInWatts>311</gpxpx:PowerInWatts>
          </gpxpx:PowerExtension>
        </extensions>
      </trkpt>
      <trkpt lat="41.567759" lon="1.880419">
        <ele>109.13515881742495</ele>
        <time>2026-07-12T05:56:57.917Z</time>
        <extensions>
          <gpxtpx:TrackPointExtension>
            <gpxtpx:hr>146</gpxtpx:hr>
            <gpxtpx:cad>82</gpxtpx:cad>
          </gpxtpx:TrackPointExtension>
          <gpxpx:PowerExtension>
            <gpxpx:PowerInWatts>310</gpxpx:PowerInWatts>
          </gpxpx:PowerExtension>
        </extensions>
      </trkpt>
      <trkpt lat="41.567737" lon="1.880379">
        <ele>107.74503992595614</ele>
        <time>2026-07-12T05:56:58.722Z</time>
        <extensions>
          <gpxtpx:TrackPointExtension>
            <gpxtpx:hr>146</gpxtpx:hr>
            <gpxtpx:cad>83</gpxtpx:cad>
          </gpxtpx:TrackPointExtension>
          <gpxpx:PowerExtension>
            <gpxpx:PowerInWatts>306</gpxpx:PowerInWatts>
          </gpxpx:PowerExtension>
        </extensions>
      </trkpt>
      <trkpt lat="41.567715" lon="1.880349">
        <ele>107.29074909723728</ele>
        <time>2026-07-12T05:56:59.528Z</time>
        <extensions>
          <gpxtpx:TrackPointExtension>
            <gpxtpx:hr>146</gpxtpx:hr>
            <gpxtpx:cad>83</gpxtpx:cad>
          </gpxtpx:TrackPointExtension>
          <gpxpx:PowerExtension>
            <gpxpx:PowerInWatts>302</gpxpx:PowerInWatts>
          </gpxpx:PowerExtension>
        </extensions>
      </trkpt>
      <trkpt lat="41.56769" lon="1.880312">
        <ele>105.92125977024773</ele>
        <time>2026-07-12T05:57:00.333Z</time>
        <extensions>
          <gpxtpx:TrackPointExtension>
            <gpxtpx:hr>145</gpxtpx:hr>
            <gpxtpx:cad>82</gpxtpx:cad>
          </gpxtpx:TrackPointExtension>
          <gpxpx:PowerExtension>
            <gpxpx:PowerInWatts>305</gpxpx:PowerInWatts>
          </gpxpx:PowerExtension>
        </extensions>
      </trkpt>
      <trkpt lat="41.567663" lon="1.880276">
        <ele>103.05545044507768</ele>
        <time>2026-07-12T05:57:01.138Z</time>
        <extensions>
          <gpxtpx:TrackPointExtension>
            <gpxtpx:hr>145</gpxtpx:hr>
            <gpxtpx:cad>82</gpxtpx:cad>
          </gpxtpx:TrackPointExtension>
          <gpxpx:PowerExtension>
            <gpxpx:PowerInWatts>306</gpxpx:PowerInWatts>
          </gpxpx:PowerExtension>
        </extensions>
      </trkpt>
      <trkpt lat="41.567642" lon="1.880261">
        <ele>101.59278067708189</ele>
        <time>2026-07-12T05:57:01.944Z</time>
        <extensions>
          <gpxtpx:TrackPointExtension>
            <gpxtpx:hr>145</gpxtpx:hr>
            <gpxtpx:cad>82</gpxtpx:cad>
          </gpxtpx:TrackPointExtension>
          <gpxpx:PowerExtension>
            <gpxpx:PowerInWatts>306</gpxpx:PowerInWatts>
          </gpxpx:PowerExtension>
        </extensions>
      </trkpt>
      <trkpt lat="41.56761" lon="1.880251">
        <ele>100.41552676930542</ele>
        <time>2026-07-12T05:57:02.749Z</time>
        <extensions>
          <gpxtpx:TrackPointExtension>
            <gpxtpx:hr>145</gpxtpx:hr>
            <gpxtpx:cad>82</gpxtpx:cad>
          </gpxtpx:TrackPointExtension>
          <gpxpx:PowerExtension>
            <gpxpx:PowerInWatts>303</gpxpx:PowerInWatts>
          </gpxpx:PowerExtension>
        </extensions>
      </trkpt>
      <trkpt lat="41.567589" lon="1.880256">
        <ele>100.53090813699433</ele>
        <time>2026-07-12T05:57:03.555Z</time>
        <extensions>
          <gpxtpx:TrackPointExtension>
            <gpxtpx:hr>144</gpxtpx:hr>
            <gpxtpx:cad>83</gpxtpx:cad>
          </gpxtpx:TrackPointExtension>
          <gpxpx:PowerExtension>
            <gpxpx:PowerInWatts>320</gpxpx:PowerInWatts>
          </gpxpx:PowerExtension>
        </extensions>
      </trkpt>
      <trkpt lat="41.567565" lon="1.880266">
        <ele>100.9632252391097</ele>
        <time>2026-07-12T05:57:04.361Z</time>
        <extensions>
          <gpxtpx:TrackPointExtension>
            <gpxtpx:hr>144</gpxtpx:hr>
            <gpxtpx:cad>83</gpxtpx:cad>
          </gpxtpx:TrackPointExtension>
          <gpxpx:PowerExtension>
            <gpxpx:PowerInWatts>291</gpxpx:PowerInWatts>
          </gpxpx:PowerExtension>
        </extensions>
      </trkpt>
      <trkpt lat="41.567532" lon="1.880284">
        <ele>100.93647870713677</ele>
        <time>2026-07-12T05:57:05.166Z</time>
        <extensions>
          <gpxtpx:TrackPointExtension>
            <gpxtpx:hr>144</gpxtpx:hr>
            <gpxtpx:cad>82</gpxtpx:cad>
          </gpxtpx:TrackPointExtension>
          <gpxpx:PowerExtension>
            <gpxpx:PowerInWatts>283</gpxpx:PowerInWatts>
          </gpxpx:PowerExtension>
        </extensions>
      </trkpt>
      <trkpt lat="41.567509" lon="1.880296">
        <ele>100.40718205826471</ele>
        <time>2026-07-12T05:57:05.972Z</time>
        <extensions>
          <gpxtpx:TrackPointExtension>
            <gpxtpx:hr>144</gpxtpx:hr>
            <gpxtpx:cad>81</gpxtpx:cad>
          </gpxtpx:TrackPointExtension>
          <gpxpx:PowerExtension>
            <gpxpx:PowerInWatts>283</gpxpx:PowerInWatts>
          </gpxpx:PowerExtension>
        </extensions>
      </trkpt>
      <trkpt lat="41.567483" lon="1.880314">
        <ele>99.79868884065222</ele>
        <time>2026-07-12T05:57:06.777Z</time>
        <extensions>
          <gpxtpx:TrackPointExtension>
            <gpxtpx:hr>143</gpxtpx:hr>
            <gpxtpx:cad>81</gpxtpx:cad>
          </gpxtpx:TrackPointExtension>
          <gpxpx:PowerExtension>
            <gpxpx:PowerInWatts>301</gpxpx:PowerInWatts>
          </gpxpx:PowerExtension>
        </extensions>
      </trkpt>
      <trkpt lat="41.567453" lon="1.880334">
        <ele>98.67175881433556</ele>
        <time>2026-07-12T05:57:07.583Z</time>
        <extensions>
          <gpxtpx:TrackPointExtension>
            <gpxtpx:hr>143</gpxtpx:hr>
            <gpxtpx:cad>81</gpxtpx:cad>
          </gpxtpx:TrackPointExtension>
          <gpxpx:PowerExtension>
            <gpxpx:PowerInWatts>309</gpxpx:PowerInWatts>
          </gpxpx:PowerExtension>
        </extensions>
      </trkpt>
      <trkpt lat="41.567428" lon="1.880357">
        <ele>97.61084486478276</ele>
        <time>2026-07-12T05:57:08.388Z</time>
        <extensions>
          <gpxtpx:TrackPointExtension>
            <gpxtpx:hr>143</gpxtpx:hr>
            <gpxtpx:cad>81</gpxtpx:cad>
          </gpxtpx:TrackPointExtension>
          <gpxpx:PowerExtension>
            <gpxpx:PowerInWatts>305</gpxpx:PowerInWatts>
          </gpxpx:PowerExtension>
        </extensions>
      </trkpt>
      <trkpt lat="41.567395" lon="1.880384">
        <ele>97.38031272545997</ele>
        <time>2026-07-12T05:57:09.193Z</time>
        <extensions>
          <gpxtpx:TrackPointExtension>
            <gpxtpx:hr>143</gpxtpx:hr>
            <gpxtpx:cad>82</gpxtpx:cad>
          </gpxtpx:TrackPointExtension>
          <gpxpx:PowerExtension>
            <gpxpx:PowerInWatts>311</gpxpx:PowerInWatts>
          </gpxpx:PowerExtension>
        </extensions>
      </trkpt>
      <trkpt lat="41.567368" lon="1.880403">
        <ele>97.71436490813262</ele>
        <time>2026-07-12T05:57:09.999Z</time>
        <extensions>
          <gpxtpx:TrackPointExtension>
            <gpxtpx:hr>143</gpxtpx:hr>
            <gpxtpx:cad>82</gpxtpx:cad>
          </gpxtpx:TrackPointExtension>
          <gpxpx:PowerExtension>
            <gpxpx:PowerInWatts>299</gpxpx:PowerInWatts>
          </gpxpx:PowerExtension>
        </extensions>
      </trkpt>
      <trkpt lat="41.567342" lon="1.880426">
        <ele>98.09885328319395</ele>
        <time>2026-07-12T05:57:10.804Z</time>
        <extensions>
          <gpxtpx:TrackPointExtension>
            <gpxtpx:hr>142</gpxtpx:hr>
            <gpxtpx:cad>83</gpxtpx:cad>
          </gpxtpx:TrackPointExtension>
          <gpxpx:PowerExtension>
            <gpxpx:PowerInWatts>310</gpxpx:PowerInWatts>
          </gpxpx:PowerExtension>
        </extensions>
      </trkpt>
      <trkpt lat="41.567313" lon="1.880454">
        <ele>98.30879402487004</ele>
        <time>2026-07-12T05:57:11.610Z</time>
        <extensions>
          <gpxtpx:TrackPointExtension>
            <gpxtpx:hr>143</gpxtpx:hr>
            <gpxtpx:cad>83</gpxtpx:cad>
          </gpxtpx:TrackPointExtension>
          <gpxpx:PowerExtension>
            <gpxpx:PowerInWatts>309</gpxpx:PowerInWatts>
          </gpxpx:PowerExtension>
        </extensions>
      </trkpt>
      <trkpt lat="41.567297" lon="1.880487">
        <ele>99.25199580079422</ele>
        <time>2026-07-12T05:57:12.415Z</time>
        <extensions>
          <gpxtpx:TrackPointExtension>
            <gpxtpx:hr>143</gpxtpx:hr>
            <gpxtpx:cad>84</gpxtpx:cad>
          </gpxtpx:TrackPointExtension>
          <gpxpx:PowerExtension>
            <gpxpx:PowerInWatts>300</gpxpx:PowerInWatts>
          </gpxpx:PowerExtension>
        </extensions>
      </trkpt>
      <trkpt lat="41.567262" lon="1.880509">
        <ele>100.51650922176105</ele>
        <time>2026-07-12T05:57:13.221Z</time>
        <extensions>
          <gpxtpx:TrackPointExtension>
            <gpxtpx:hr>142</gpxtpx:hr>
            <gpxtpx:cad>83</gpxtpx:cad>
          </gpxtpx:TrackPointExtension>
          <gpxpx:PowerExtension>
            <gpxpx:PowerInWatts>296</gpxpx:PowerInWatts>
          </gpxpx:PowerExtension>
        </extensions>
      </trkpt>
      <trkpt lat="41.567239" lon="1.880518">
        <ele>101.08079955958367</ele>
        <time>2026-07-12T05:57:14.027Z</time>
        <extensions>
          <gpxtpx:TrackPointExtension>
            <gpxtpx:hr>143</gpxtpx:hr>
            <gpxtpx:cad>83</gpxtpx:cad>
          </gpxtpx:TrackPointExtension>
          <gpxpx:PowerExtension>
            <gpxpx:PowerInWatts>287</gpxpx:PowerInWatts>
          </gpxpx:PowerExtension>
        </extensions>
      </trkpt>
      <trkpt lat="41.567209" lon="1.880524">
        <ele>101.51257923052046</ele>
        <time>2026-07-12T05:57:14.832Z</time>
        <extensions>
          <gpxtpx:TrackPointExtension>
            <gpxtpx:hr>143</gpxtpx:hr>
            <gpxtpx:cad>83</gpxtpx:cad>
          </gpxtpx:TrackPointExtension>
          <gpxpx:PowerExtension>
            <gpxpx:PowerInWatts>286</gpxpx:PowerInWatts>
          </gpxpx:PowerExtension>
        </extensions>
      </trkpt>
      <trkpt lat="41.567177" lon="1.880527">
        <ele>101.78845764337787</ele>
        <time>2026-07-12T05:57:15.638Z</time>
        <extensions>
          <gpxtpx:TrackPointExtension>
            <gpxtpx:hr>142</gpxtpx:hr>
            <gpxtpx:cad>83</gpxtpx:cad>
          </gpxtpx:TrackPointExtension>
          <gpxpx:PowerExtension>
            <gpxpx:PowerInWatts>284</gpxpx:PowerInWatts>
          </gpxpx:PowerExtension>
        </extensions>
      </trkpt>
      <trkpt lat="41.567148" lon="1.880528">
        <ele>102.40942028072553</ele>
        <time>2026-07-12T05:57:16.443Z</time>
        <extensions>
          <gpxtpx:TrackPointExtension>
            <gpxtpx:hr>142</gpxtpx:hr>
            <gpxtpx:cad>84</gpxtpx:cad>
          </gpxtpx:TrackPointExtension>
          <gpxpx:PowerExtension>
            <gpxpx:PowerInWatts>280</gpxpx:PowerInWatts>
          </gpxpx:PowerExtension>
        </extensions>
      </trkpt>
      <trkpt lat="41.567113" lon="1.880519">
        <ele>102.65362891303297</ele>
        <time>2026-07-12T05:57:17.249Z</time>
        <extensions>
          <gpxtpx:TrackPointExtension>
            <gpxtpx:hr>142</gpxtpx:hr>
            <gpxtpx:cad>84</gpxtpx:cad>
          </gpxtpx:TrackPointExtension>
          <gpxpx:PowerExtension>
            <gpxpx:PowerInWatts>277</gpxpx:PowerInWatts>
          </gpxpx:PowerExtension>
        </extensions>
      </trkpt>
      <trkpt lat="41.567082" lon="1.880509">
        <ele>102.63366730049634</ele>
        <time>2026-07-12T05:57:18.054Z</time>
        <extensions>
          <gpxtpx:TrackPointExtension>
            <gpxtpx:hr>142</gpxtpx:hr>
            <gpxtpx:cad>84</gpxtpx:cad>
          </gpxtpx:TrackPointExtension>
          <gpxpx:PowerExtension>
            <gpxpx:PowerInWatts>277</gpxpx:PowerInWatts>
          </gpxpx:PowerExtension>
        </extensions>
      </trkpt>
      <trkpt lat="41.567055" lon="1.880504">
        <ele>102.83033391512424</ele>
        <time>2026-07-12T05:57:18.859Z</time>
        <extensions>
          <gpxtpx:TrackPointExtension>
            <gpxtpx:hr>142</gpxtpx:hr>
            <gpxtpx:cad>83</gpxtpx:cad>
          </gpxtpx:TrackPointExtension>
          <gpxpx:PowerExtension>
            <gpxpx:PowerInWatts>276</gpxpx:PowerInWatts>
          </gpxpx:PowerExtension>
        </extensions>
      </trkpt>
      <trkpt lat="41.567022" lon="1.880489">
        <ele>102.33220409865174</ele>
        <time>2026-07-12T05:57:19.665Z</time>
        <extensions>
          <gpxtpx:TrackPointExtension>
            <gpxtpx:hr>142</gpxtpx:hr>
            <gpxtpx:cad>83</gpxtpx:cad>
          </gpxtpx:TrackPointExtension>
          <gpxpx:PowerExtension>
            <gpxpx:PowerInWatts>273</gpxpx:PowerInWatts>
          </gpxpx:PowerExtension>
        </extensions>
      </trkpt>
      <trkpt lat="41.566993" lon="1.880482">
        <ele>102.35098715101905</ele>
        <time>2026-07-12T05:57:20.470Z</time>
        <extensions>
          <gpxtpx:TrackPointExtension>
            <gpxtpx:hr>142</gpxtpx:hr>
            <gpxtpx:cad>83</gpxtpx:cad>
          </gpxtpx:TrackPointExtension>
          <gpxpx:PowerExtension>
            <gpxpx:PowerInWatts>272</gpxpx:PowerInWatts>
          </gpxpx:PowerExtension>
        </extensions>
      </trkpt>
      <trkpt lat="41.566964" lon="1.880479">
        <ele>102.67717593644119</ele>
        <time>2026-07-12T05:57:21.276Z</time>
        <extensions>
          <gpxtpx:TrackPointExtension>
            <gpxtpx:hr>142</gpxtpx:hr>
            <gpxtpx:cad>83</gpxtpx:cad>
          </gpxtpx:TrackPointExtension>
          <gpxpx:PowerExtension>
            <gpxpx:PowerInWatts>273</gpxpx:PowerInWatts>
          </gpxpx:PowerExtension>
        </extensions>
      </trkpt>
      <trkpt lat="41.566924" lon="1.88047">
        <ele>102.56284091162772</ele>
        <time>2026-07-12T05:57:22.081Z</time>
        <extensions>
          <gpxtpx:TrackPointExtension>
            <gpxtpx:hr>142</gpxtpx:hr>
            <gpxtpx:cad>84</gpxtpx:cad>
          </gpxtpx:TrackPointExtension>
          <gpxpx:PowerExtension>
            <gpxpx:PowerInWatts>269</gpxpx:PowerInWatts>
          </gpxpx:PowerExtension>
        </extensions>
      </trkpt>
      <trkpt lat="41.5669" lon="1.880458">
        <ele>101.64724927204674</ele>
        <time>2026-07-12T05:57:22.886Z</time>
        <extensions>
          <gpxtpx:TrackPointExtension>
            <gpxtpx:hr>142</gpxtpx:hr>
            <gpxtpx:cad>84</gpxtpx:cad>
          </gpxtpx:TrackPointExtension>
          <gpxpx:PowerExtension>
            <gpxpx:PowerInWatts>267</gpxpx:PowerInWatts>
          </gpxpx:PowerExtension>
        </extensions>
      </trkpt>
      <trkpt lat="41.566867" lon="1.880441">
        <ele>100.20707127428302</ele>
        <time>2026-07-12T05:57:23.693Z</time>
        <extensions>
          <gpxtpx:TrackPointExtension>
            <gpxtpx:hr>143</gpxtpx:hr>
            <gpxtpx:cad>83</gpxtpx:cad>
          </gpxtpx:TrackPointExtension>
          <gpxpx:PowerExtension>
            <gpxpx:PowerInWatts>268</gpxpx:PowerInWatts>
          </gpxpx:PowerExtension>
        </extensions>
      </trkpt>
      <trkpt lat="41.566838" lon="1.880431">
        <ele>99.45589921290646</ele>
        <time>2026-07-12T05:57:24.498Z</time>
        <extensions>
          <gpxtpx:TrackPointExtension>
            <gpxtpx:hr>144</gpxtpx:hr>
            <gpxtpx:cad>83</gpxtpx:cad>
          </gpxtpx:TrackPointExtension>
          <gpxpx:PowerExtension>
            <gpxpx:PowerInWatts>265</gpxpx:PowerInWatts>
          </gpxpx:PowerExtension>
        </extensions>
      </trkpt>
      <trkpt lat="41.566811" lon="1.880419">
        <ele>98.45071580564353</ele>
        <time>2026-07-12T05:57:25.304Z</time>
        <extensions>
          <gpxtpx:TrackPointExtension>
            <gpxtpx:hr>145</gpxtpx:hr>
            <gpxtpx:cad>81</gpxtpx:cad>
          </gpxtpx:TrackPointExtension>
          <gpxpx:PowerExtension>
            <gpxpx:PowerInWatts>265</gpxpx:PowerInWatts>
          </gpxpx:PowerExtension>
        </extensions>
      </trkpt>
      <trkpt lat="41.566779" lon="1.880406">
        <ele>97.25523478722096</ele>
        <time>2026-07-12T05:57:26.109Z</time>
        <extensions>
          <gpxtpx:TrackPointExtension>
            <gpxtpx:hr>145</gpxtpx:hr>
            <gpxtpx:cad>81</gpxtpx:cad>
          </gpxtpx:TrackPointExtension>
          <gpxpx:PowerExtension>
            <gpxpx:PowerInWatts>263</gpxpx:PowerInWatts>
          </gpxpx:PowerExtension>
        </extensions>
      </trkpt>
      <trkpt lat="41.566749" lon="1.8804">
        <ele>96.274307391023</ele>
        <time>2026-07-12T05:57:26.914Z</time>
        <extensions>
          <gpxtpx:TrackPointExtension>
            <gpxtpx:hr>145</gpxtpx:hr>
            <gpxtpx:cad>83</gpxtpx:cad>
          </gpxtpx:TrackPointExtension>
          <gpxpx:PowerExtension>
            <gpxpx:PowerInWatts>259</gpxpx:PowerInWatts>
          </gpxpx:PowerExtension>
        </extensions>
      </trkpt>
      <trkpt lat="41.566713" lon="1.880398">
        <ele>95.69344395730329</ele>
        <time>2026-07-12T05:57:27.720Z</time>
        <extensions>
          <gpxtpx:TrackPointExtension>
            <gpxtpx:hr>145</gpxtpx:hr>
            <gpxtpx:cad>83</gpxtpx:cad>
          </gpxtpx:TrackPointExtension>
          <gpxpx:PowerExtension>
            <gpxpx:PowerInWatts>259</gpxpx:PowerInWatts>
          </gpxpx:PowerExtension>
        </extensions>
      </trkpt>
      <trkpt lat="41.566685" lon="1.880405">
        <ele>96.00103136646425</ele>
        <time>2026-07-12T05:57:28.525Z</time>
        <extensions>
          <gpxtpx:TrackPointExtension>
            <gpxtpx:hr>145</gpxtpx:hr>
            <gpxtpx:cad>83</gpxtpx:cad>
          </gpxtpx:TrackPointExtension>
          <gpxpx:PowerExtension>
            <gpxpx:PowerInWatts>260</gpxpx:PowerInWatts>
          </gpxpx:PowerExtension>
        </extensions>
      </trkpt>
      <trkpt lat="41.566649" lon="1.880406">
        <ele>95.49744274030618</ele>
        <time>2026-07-12T05:57:29.331Z</time>
        <extensions>
          <gpxtpx:TrackPointExtension>
            <gpxtpx:hr>145</gpxtpx:hr>
            <gpxtpx:cad>83</gpxtpx:cad>
          </gpxtpx:TrackPointExtension>
          <gpxpx:PowerExtension>
            <gpxpx:PowerInWatts>263</gpxpx:PowerInWatts>
          </gpxpx:PowerExtension>
        </extensions>
      </trkpt>
      <trkpt lat="41.566618" lon="1.880415">
        <ele>95.09189742177921</ele>
        <time>2026-07-12T05:57:30.136Z</time>
        <extensions>
          <gpxtpx:TrackPointExtension>
            <gpxtpx:hr>144</gpxtpx:hr>
            <gpxtpx:cad>84</gpxtpx:cad>
          </gpxtpx:TrackPointExtension>
          <gpxpx:PowerExtension>
            <gpxpx:PowerInWatts>267</gpxpx:PowerInWatts>
          </gpxpx:PowerExtension>
        </extensions>
      </trkpt>
      <trkpt lat="41.56659" lon="1.880425">
        <ele>94.74311249142615</ele>
        <time>2026-07-12T05:57:30.942Z</time>
        <extensions>
          <gpxtpx:TrackPointExtension>
            <gpxtpx:hr>144</gpxtpx:hr>
            <gpxtpx:cad>84</gpxtpx:cad>
          </gpxtpx:TrackPointExtension>
          <gpxpx:PowerExtension>
            <gpxpx:PowerInWatts>273</gpxpx:PowerInWatts>
          </gpxpx:PowerExtension>
        </extensions>
      </trkpt>
      <trkpt lat="41.566558" lon="1.880439">
        <ele>94.34506785093322</ele>
        <time>2026-07-12T05:57:31.747Z</time>
        <extensions>
          <gpxtpx:TrackPointExtension>
            <gpxtpx:hr>144</gpxtpx:hr>
            <gpxtpx:cad>86</gpxtpx:cad>
          </gpxtpx:TrackPointExtension>
          <gpxpx:PowerExtension>
            <gpxpx:PowerInWatts>274</gpxpx:PowerInWatts>
          </gpxpx:PowerExtension>
        </extensions>
      </trkpt>
      <trkpt lat="41.566527" lon="1.880452">
        <ele>93.74975559954655</ele>
        <time>2026-07-12T05:57:32.553Z</time>
        <extensions>
          <gpxtpx:TrackPointExtension>
            <gpxtpx:hr>144</gpxtpx:hr>
            <gpxtpx:cad>86</gpxtpx:cad>
          </gpxtpx:TrackPointExtension>
          <gpxpx:PowerExtension>
            <gpxpx:PowerInWatts>276</gpxpx:PowerInWatts>
          </gpxpx:PowerExtension>
        </extensions>
      </trkpt>
      <trkpt lat="41.566494" lon="1.880465">
        <ele>93.3137246385026</ele>
        <time>2026-07-12T05:57:33.359Z</time>
        <extensions>
          <gpxtpx:TrackPointExtension>
            <gpxtpx:hr>144</gpxtpx:hr>
            <gpxtpx:cad>87</gpxtpx:cad>
          </gpxtpx:TrackPointExtension>
          <gpxpx:PowerExtension>
            <gpxpx:PowerInWatts>280</gpxpx:PowerInWatts>
          </gpxpx:PowerExtension>
        </extensions>
      </trkpt>
      <trkpt lat="41.566464" lon="1.880486">
        <ele>93.07301380775503</ele>
        <time>2026-07-12T05:57:34.164Z</time>
        <extensions>
          <gpxtpx:TrackPointExtension>
            <gpxtpx:hr>144</gpxtpx:hr>
            <gpxtpx:cad>87</gpxtpx:cad>
          </gpxtpx:TrackPointExtension>
          <gpxpx:PowerExtension>
            <gpxpx:PowerInWatts>285</gpxpx:PowerInWatts>
          </gpxpx:PowerExtension>
        </extensions>
      </trkpt>
      <trkpt lat="41.566429" lon="1.880505">
        <ele>92.26131777741722</ele>
        <time>2026-07-12T05:57:34.970Z</time>
        <extensions>
          <gpxtpx:TrackPointExtension>
            <gpxtpx:hr>144</gpxtpx:hr>
            <gpxtpx:cad>87</gpxtpx:cad>
          </gpxtpx:TrackPointExtension>
          <gpxpx:PowerExtension>
            <gpxpx:PowerInWatts>293</gpxpx:PowerInWatts>
          </gpxpx:PowerExtension>
        </extensions>
      </trkpt>
      <trkpt lat="41.5664" lon="1.880525">
        <ele>91.4393483434444</ele>
        <time>2026-07-12T05:57:35.775Z</time>
        <extensions>
          <gpxtpx:TrackPointExtension>
            <gpxtpx:hr>143</gpxtpx:hr>
            <gpxtpx:cad>87</gpxtpx:cad>
          </gpxtpx:TrackPointExtension>
          <gpxpx:PowerExtension>
            <gpxpx:PowerInWatts>301</gpxpx:PowerInWatts>
          </gpxpx:PowerExtension>
        </extensions>
      </trkpt>
      <trkpt lat="41.566373" lon="1.880545">
        <ele>91.41730856827992</ele>
        <time>2026-07-12T05:57:36.580Z</time>
        <extensions>
          <gpxtpx:TrackPointExtension>
            <gpxtpx:hr>144</gpxtpx:hr>
            <gpxtpx:cad>87</gpxtpx:cad>
          </gpxtpx:TrackPointExtension>
          <gpxpx:PowerExtension>
            <gpxpx:PowerInWatts>310</gpxpx:PowerInWatts>
          </gpxpx:PowerExtension>
        </extensions>
      </trkpt>
      <trkpt lat="41.566344" lon="1.880563">
        <ele>91.79348469429992</ele>
        <time>2026-07-12T05:57:37.386Z</time>
        <extensions>
          <gpxtpx:TrackPointExtension>
            <gpxtpx:hr>144</gpxtpx:hr>
            <gpxtpx:cad>87</gpxtpx:cad>
          </gpxtpx:TrackPointExtension>
          <gpxpx:PowerExtension>
            <gpxpx:PowerInWatts>319</gpxpx:PowerInWatts>
          </gpxpx:PowerExtension>
        </extensions>
      </trkpt>
      <trkpt lat="41.56632" lon="1.880578">
        <ele>92.15543689590953</ele>
        <time>2026-07-12T05:57:38.191Z</time>
        <extensions>
          <gpxtpx:TrackPointExtension>
            <gpxtpx:hr>143</gpxtpx:hr>
            <gpxtpx:cad>87</gpxtpx:cad>
          </gpxtpx:TrackPointExtension>
          <gpxpx:PowerExtension>
            <gpxpx:PowerInWatts>324</gpxpx:PowerInWatts>
          </gpxpx:PowerExtension>
        </extensions>
      </trkpt>
      <trkpt lat="41.566288" lon="1.880595">
        <ele>92.32844523871553</ele>
        <time>2026-07-12T05:57:38.997Z</time>
        <extensions>
          <gpxtpx:TrackPointExtension>
            <gpxtpx:hr>144</gpxtpx:hr>
            <gpxtpx:cad>86</gpxtpx:cad>
          </gpxtpx:TrackPointExtension>
          <gpxpx:PowerExtension>
            <gpxpx:PowerInWatts>331</gpxpx:PowerInWatts>
          </gpxpx:PowerExtension>
        </extensions>
      </trkpt>
      <trkpt lat="41.566263" lon="1.880611">
        <ele>92.50998143702039</ele>
        <time>2026-07-12T05:57:39.802Z</time>
        <extensions>
          <gpxtpx:TrackPointExtension>
            <gpxtpx:hr>144</gpxtpx:hr>
            <gpxtpx:cad>86</gpxtpx:cad>
          </gpxtpx:TrackPointExtension>
          <gpxpx:PowerExtension>
            <gpxpx:PowerInWatts>334</gpxpx:PowerInWatts>
          </gpxpx:PowerExtension>
        </extensions>
      </trkpt>
      <trkpt lat="41.566232" lon="1.880626">
        <ele>92.4819321583314</ele>
        <time>2026-07-12T05:57:40.607Z</time>
        <extensions>
          <gpxtpx:TrackPointExtension>
            <gpxtpx:hr>143</gpxtpx:hr>
            <gpxtpx:cad>85</gpxtpx:cad>
          </gpxtpx:TrackPointExtension>
          <gpxpx:PowerExtension>
            <gpxpx:PowerInWatts>338</gpxpx:PowerInWatts>
          </gpxpx:PowerExtension>
        </extensions>
      </trkpt>
      <trkpt lat="41.566206" lon="1.880648">
        <ele>92.55088942065595</ele>
        <time>2026-07-12T05:57:41.413Z</time>
        <extensions>
          <gpxtpx:TrackPointExtension>
            <gpxtpx:hr>144</gpxtpx:hr>
            <gpxtpx:cad>85</gpxtpx:cad>
          </gpxtpx:TrackPointExtension>
          <gpxpx:PowerExtension>
            <gpxpx:PowerInWatts>342</gpxpx:PowerInWatts>
          </gpxpx:PowerExtension>
        </extensions>
      </trkpt>
      <trkpt lat="41.566182" lon="1.880665">
        <ele>92.3015346520504</ele>
        <time>2026-07-12T05:57:42.219Z</time>
        <extensions>
          <gpxtpx:TrackPointExtension>
            <gpxtpx:hr>144</gpxtpx:hr>
            <gpxtpx:cad>85</gpxtpx:cad>
          </gpxtpx:TrackPointExtension>
          <gpxpx:PowerExtension>
            <gpxpx:PowerInWatts>346</gpxpx:PowerInWatts>
          </gpxpx:PowerExtension>
        </extensions>
      </trkpt>
      <trkpt lat="41.566156" lon="1.880684">
        <ele>91.8232504477268</ele>
        <time>2026-07-12T05:57:43.025Z</time>
        <extensions>
          <gpxtpx:TrackPointExtension>
            <gpxtpx:hr>144</gpxtpx:hr>
            <gpxtpx:cad>85</gpxtpx:cad>
          </gpxtpx:TrackPointExtension>
          <gpxpx:PowerExtension>
            <gpxpx:PowerInWatts>349</gpxpx:PowerInWatts>
          </gpxpx:PowerExtension>
        </extensions>
      </trkpt>
      <trkpt lat="41.566133" lon="1.880698">
        <ele>91.43082342704507</ele>
        <time>2026-07-12T05:57:43.830Z</time>
        <extensions>
          <gpxtpx:TrackPointExtension>
            <gpxtpx:hr>144</gpxtpx:hr>
            <gpxtpx:cad>86</gpxtpx:cad>
          </gpxtpx:TrackPointExtension>
          <gpxpx:PowerExtension>
            <gpxpx:PowerInWatts>348</gpxpx:PowerInWatts>
          </gpxpx:PowerExtension>
        </extensions>
      </trkpt>
      <trkpt lat="41.566104" lon="1.880713">
        <ele>91.30635535827223</ele>
        <time>2026-07-12T05:57:44.635Z</time>
        <extensions>
          <gpxtpx:TrackPointExtension>
            <gpxtpx:hr>144</gpxtpx:hr>
            <gpxtpx:cad>86</gpxtpx:cad>
          </gpxtpx:TrackPointExtension>
          <gpxpx:PowerExtension>
            <gpxpx:PowerInWatts>349</gpxpx:PowerInWatts>
          </gpxpx:PowerExtension>
        </extensions>
      </trkpt>
      <trkpt lat="41.566079" lon="1.880725">
        <ele>91.27352263968871</ele>
        <time>2026-07-12T05:57:45.441Z</time>
        <extensions>
          <gpxtpx:TrackPointExtension>
            <gpxtpx:hr>144</gpxtpx:hr>
            <gpxtpx:cad>86</gpxtpx:cad>
          </gpxtpx:TrackPointExtension>
          <gpxpx:PowerExtension>
            <gpxpx:PowerInWatts>350</gpxpx:PowerInWatts>
          </gpxpx:PowerExtension>
        </extensions>
      </trkpt>
      <trkpt lat="41.566045" lon="1.880734">
        <ele>91.31412048355817</ele>
        <time>2026-07-12T05:57:46.246Z</time>
        <extensions>
          <gpxtpx:TrackPointExtension>
            <gpxtpx:hr>144</gpxtpx:hr>
            <gpxtpx:cad>86</gpxtpx:cad>
          </gpxtpx:TrackPointExtension>
          <gpxpx:PowerExtension>
            <gpxpx:PowerInWatts>350</gpxpx:PowerInWatts>
          </gpxpx:PowerExtension>
        </extensions>
      </trkpt>
      <trkpt lat="41.566023" lon="1.880748">
        <ele>91.66569187842208</ele>
        <time>2026-07-12T05:57:47.052Z</time>
        <extensions>
          <gpxtpx:TrackPointExtension>
            <gpxtpx:hr>144</gpxtpx:hr>
            <gpxtpx:cad>86</gpxtpx:cad>
          </gpxtpx:TrackPointExtension>
          <gpxpx:PowerExtension>
            <gpxpx:PowerInWatts>350</gpxpx:PowerInWatts>
          </gpxpx:PowerExtension>
        </extensions>
      </trkpt>
      <trkpt lat="41.565992" lon="1.880759">
        <ele>91.81795403865638</ele>
        <time>2026-07-12T05:57:47.857Z</time>
        <extensions>
          <gpxtpx:TrackPointExtension>
            <gpxtpx:hr>144</gpxtpx:hr>
            <gpxtpx:cad>86</gpxtpx:cad>
          </gpxtpx:TrackPointExtension>
          <gpxpx:PowerExtension>
            <gpxpx:PowerInWatts>351</gpxpx:PowerInWatts>
          </gpxpx:PowerExtension>
        </extensions>
      </trkpt>
      <trkpt lat="41.565967" lon="1.880773">
        <ele>92.06660416978502</ele>
        <time>2026-07-12T05:57:48.663Z</time>
        <extensions>
          <gpxtpx:TrackPointExtension>
            <gpxtpx:hr>145</gpxtpx:hr>
            <gpxtpx:cad>86</gpxtpx:cad>
          </gpxtpx:TrackPointExtension>
          <gpxpx:PowerExtension>
            <gpxpx:PowerInWatts>351</gpxpx:PowerInWatts>
          </gpxpx:PowerExtension>
        </extensions>
      </trkpt>
      <trkpt lat="41.565937" lon="1.880787">
        <ele>92.08558786815371</ele>
        <time>2026-07-12T05:57:49.468Z</time>
        <extensions>
          <gpxtpx:TrackPointExtension>
            <gpxtpx:hr>145</gpxtpx:hr>
            <gpxtpx:cad>86</gpxtpx:cad>
          </gpxtpx:TrackPointExtension>
          <gpxpx:PowerExtension>
            <gpxpx:PowerInWatts>352</gpxpx:PowerInWatts>
          </gpxpx:PowerExtension>
        </extensions>
      </trkpt>
      <trkpt lat="41.565907" lon="1.880801">
        <ele>91.919431431837</ele>
        <time>2026-07-12T05:57:50.273Z</time>
        <extensions>
          <gpxtpx:TrackPointExtension>
            <gpxtpx:hr>145</gpxtpx:hr>
            <gpxtpx:cad>86</gpxtpx:cad>
          </gpxtpx:TrackPointExtension>
          <gpxpx:PowerExtension>
            <gpxpx:PowerInWatts>351</gpxpx:PowerInWatts>
          </gpxpx:PowerExtension>
        </extensions>
      </trkpt>
      <trkpt lat="41.565879" lon="1.88082">
        <ele>91.75379407601244</ele>
        <time>2026-07-12T05:57:51.079Z</time>
        <extensions>
          <gpxtpx:TrackPointExtension>
            <gpxtpx:hr>145</gpxtpx:hr>
            <gpxtpx:cad>86</gpxtpx:cad>
          </gpxtpx:TrackPointExtension>
          <gpxpx:PowerExtension>
            <gpxpx:PowerInWatts>352</gpxpx:PowerInWatts>
          </gpxpx:PowerExtension>
        </extensions>
      </trkpt>
      <trkpt lat="41.565851" lon="1.880835">
        <ele>91.64435910175516</ele>
        <time>2026-07-12T05:57:51.885Z</time>
        <extensions>
          <gpxtpx:TrackPointExtension>
            <gpxtpx:hr>145</gpxtpx:hr>
            <gpxtpx:cad>86</gpxtpx:cad>
          </gpxtpx:TrackPointExtension>
          <gpxpx:PowerExtension>
            <gpxpx:PowerInWatts>352</gpxpx:PowerInWatts>
          </gpxpx:PowerExtension>
        </extensions>
      </trkpt>
      <trkpt lat="41.56583" lon="1.880849">
        <ele>91.53946975640588</ele>
        <time>2026-07-12T05:57:52.691Z</time>
        <extensions>
          <gpxtpx:TrackPointExtension>
            <gpxtpx:hr>145</gpxtpx:hr>
            <gpxtpx:cad>86</gpxtpx:cad>
          </gpxtpx:TrackPointExtension>
          <gpxpx:PowerExtension>
            <gpxpx:PowerInWatts>352</gpxpx:PowerInWatts>
          </gpxpx:PowerExtension>
        </extensions>
      </trkpt>
      <trkpt lat="41.565798" lon="1.880872">
        <ele>91.28630506889431</ele>
        <time>2026-07-12T05:57:53.496Z</time>
        <extensions>
          <gpxtpx:TrackPointExtension>
            <gpxtpx:hr>145</gpxtpx:hr>
            <gpxtpx:cad>86</gpxtpx:cad>
          </gpxtpx:TrackPointExtension>
          <gpxpx:PowerExtension>
            <gpxpx:PowerInWatts>353</gpxpx:PowerInWatts>
          </gpxpx:PowerExtension>
        </extensions>
      </trkpt>
      <trkpt lat="41.565772" lon="1.88089">
        <ele>90.97575606065361</ele>
        <time>2026-07-12T05:57:54.301Z</time>
        <extensions>
          <gpxtpx:TrackPointExtension>
            <gpxtpx:hr>146</gpxtpx:hr>
            <gpxtpx:cad>86</gpxtpx:cad>
          </gpxtpx:TrackPointExtension>
          <gpxpx:PowerExtension>
            <gpxpx:PowerInWatts>352</gpxpx:PowerInWatts>
          </gpxpx:PowerExtension>
        </extensions>
      </trkpt>
      <trkpt lat="41.565742" lon="1.880911">
        <ele>91.38281124129097</ele>
        <time>2026-07-12T05:57:55.107Z</time>
        <extensions>
          <gpxtpx:TrackPointExtension>
            <gpxtpx:hr>146</gpxtpx:hr>
            <gpxtpx:cad>86</gpxtpx:cad>
          </gpxtpx:TrackPointExtension>
          <gpxpx:PowerExtension>
            <gpxpx:PowerInWatts>352</gpxpx:PowerInWatts>
          </gpxpx:PowerExtension>
        </extensions>
      </trkpt>
      <trkpt lat="41.565716" lon="1.880929">
        <ele>91.86926773231794</ele>
        <time>2026-07-12T05:57:55.912Z</time>
        <extensions>
          <gpxtpx:TrackPointExtension>
            <gpxtpx:hr>146</gpxtpx:hr>
            <gpxtpx:cad>86</gpxtpx:cad>
          </gpxtpx:TrackPointExtension>
          <gpxpx:PowerExtension>
            <gpxpx:PowerInWatts>355</gpxpx:PowerInWatts>
          </gpxpx:PowerExtension>
        </extensions>
      </trkpt>
      <trkpt lat="41.565689" lon="1.880948">
        <ele>92.1882814324378</ele>
        <time>2026-07-12T05:57:56.718Z</time>
        <extensions>
          <gpxtpx:TrackPointExtension>
            <gpxtpx:hr>146</gpxtpx:hr>
            <gpxtpx:cad>86</gpxtpx:cad>
          </gpxtpx:TrackPointExtension>
          <gpxpx:PowerExtension>
            <gpxpx:PowerInWatts>355</gpxpx:PowerInWatts>
          </gpxpx:PowerExtension>
        </extensions>
      </trkpt>
      <trkpt lat="41.565657" lon="1.880962">
        <ele>92.11334522080222</ele>
        <time>2026-07-12T05:57:57.523Z</time>
        <extensions>
          <gpxtpx:TrackPointExtension>
            <gpxtpx:hr>146</gpxtpx:hr>
            <gpxtpx:cad>87</gpxtpx:cad>
          </gpxtpx:TrackPointExtension>
          <gpxpx:PowerExtension>
            <gpxpx:PowerInWatts>357</gpxpx:PowerInWatts>
          </gpxpx:PowerExtension>
        </extensions>
      </trkpt>
      <trkpt lat="41.565636" lon="1.880973">
        <ele>92.00157452620908</ele>
        <time>2026-07-12T05:57:58.328Z</time>
        <extensions>
          <gpxtpx:TrackPointExtension>
            <gpxtpx:hr>146</gpxtpx:hr>
            <gpxtpx:cad>87</gpxtpx:cad>
          </gpxtpx:TrackPointExtension>
          <gpxpx:PowerExtension>
            <gpxpx:PowerInWatts>357</gpxpx:PowerInWatts>
          </gpxpx:PowerExtension>
        </extensions>
      </trkpt>
      <trkpt lat="41.565605" lon="1.880987">
        <ele>91.8923286884818</ele>
        <time>2026-07-12T05:57:59.134Z</time>
        <extensions>
          <gpxtpx:TrackPointExtension>
            <gpxtpx:hr>146</gpxtpx:hr>
            <gpxtpx:cad>86</gpxtpx:cad>
          </gpxtpx:TrackPointExtension>
          <gpxpx:PowerExtension>
            <gpxpx:PowerInWatts>358</gpxpx:PowerInWatts>
          </gpxpx:PowerExtension>
        </extensions>
      </trkpt>
      <trkpt lat="41.565573" lon="1.881">
        <ele>91.74840387012405</ele>
        <time>2026-07-12T05:57:59.939Z</time>
        <extensions>
          <gpxtpx:TrackPointExtension>
            <gpxtpx:hr>146</gpxtpx:hr>
            <gpxtpx:cad>85</gpxtpx:cad>
          </gpxtpx:TrackPointExtension>
          <gpxpx:PowerExtension>
            <gpxpx:PowerInWatts>358</gpxpx:PowerInWatts>
          </gpxpx:PowerExtension>
        </extensions>
      </trkpt>
      <trkpt lat="41.565539" lon="1.881013">
        <ele>91.49901025592743</ele>
        <time>2026-07-12T05:58:00.745Z</time>
        <extensions>
          <gpxtpx:TrackPointExtension>
            <gpxtpx:hr>146</gpxtpx:hr>
            <gpxtpx:cad>85</gpxtpx:cad>
          </gpxtpx:TrackPointExtension>
          <gpxpx:PowerExtension>
            <gpxpx:PowerInWatts>357</gpxpx:PowerInWatts>
          </gpxpx:PowerExtension>
        </extensions>
      </trkpt>
      <trkpt lat="41.565507" lon="1.881028">
        <ele>91.19801415399087</ele>
        <time>2026-07-12T05:58:01.551Z</time>
        <extensions>
          <gpxtpx:TrackPointExtension>
            <gpxtpx:hr>146</gpxtpx:hr>
            <gpxtpx:cad>85</gpxtpx:cad>
          </gpxtpx:TrackPointExtension>
          <gpxpx:PowerExtension>
            <gpxpx:PowerInWatts>356</gpxpx:PowerInWatts>
          </gpxpx:PowerExtension>
        </extensions>
      </trkpt>
      <trkpt lat="41.565481" lon="1.881044">
        <ele>91.1110660111968</ele>
        <time>2026-07-12T05:58:02.357Z</time>
        <extensions>
          <gpxtpx:TrackPointExtension>
            <gpxtpx:hr>147</gpxtpx:hr>
            <gpxtpx:cad>85</gpxtpx:cad>
          </gpxtpx:TrackPointExtension>
          <gpxpx:PowerExtension>
            <gpxpx:PowerInWatts>358</gpxpx:PowerInWatts>
          </gpxpx:PowerExtension>
        </extensions>
      </trkpt>
      <trkpt lat="41.56545" lon="1.881058">
        <ele>91.0540281959702</ele>
        <time>2026-07-12T05:58:03.162Z</time>
        <extensions>
          <gpxtpx:TrackPointExtension>
            <gpxtpx:hr>147</gpxtpx:hr>
            <gpxtpx:cad>85</gpxtpx:cad>
          </gpxtpx:TrackPointExtension>
          <gpxpx:PowerExtension>
            <gpxpx:PowerInWatts>359</gpxpx:PowerInWatts>
          </gpxpx:PowerExtension>
        </extensions>
      </trkpt>
      <trkpt lat="41.565425" lon="1.881069">
        <ele>91.09161998565186</ele>
        <time>2026-07-12T05:58:03.967Z</time>
        <extensions>
          <gpxtpx:TrackPointExtension>
            <gpxtpx:hr>147</gpxtpx:hr>
            <gpxtpx:cad>85</gpxtpx:cad>
          </gpxtpx:TrackPointExtension>
          <gpxpx:PowerExtension>
            <gpxpx:PowerInWatts>361</gpxpx:PowerInWatts>
          </gpxpx:PowerExtension>
        </extensions>
      </trkpt>
      <trkpt lat="41.565394" lon="1.881083">
        <ele>91.2846429822598</ele>
        <time>2026-07-12T05:58:04.773Z</time>
        <extensions>
          <gpxtpx:TrackPointExtension>
            <gpxtpx:hr>146</gpxtpx:hr>
            <gpxtpx:cad>85</gpxtpx:cad>
          </gpxtpx:TrackPointExtension>
          <gpxpx:PowerExtension>
            <gpxpx:PowerInWatts>363</gpxpx:PowerInWatts>
          </gpxpx:PowerExtension>
        </extensions>
      </trkpt>
      <trkpt lat="41.565375" lon="1.881105">
        <ele>91.57799693271348</ele>
        <time>2026-07-12T05:58:05.578Z</time>
        <extensions>
          <gpxtpx:TrackPointExtension>
            <gpxtpx:hr>147</gpxtpx:hr>
            <gpxtpx:cad>85</gpxtpx:cad>
          </gpxtpx:TrackPointExtension>
          <gpxpx:PowerExtension>
            <gpxpx:PowerInWatts>363</gpxpx:PowerInWatts>
          </gpxpx:PowerExtension>
        </extensions>
      </trkpt>
      <trkpt lat="41.565344" lon="1.881122">
        <ele>91.68646186895315</ele>
        <time>2026-07-12T05:58:06.384Z</time>
        <extensions>
          <gpxtpx:TrackPointExtension>
            <gpxtpx:hr>147</gpxtpx:hr>
            <gpxtpx:cad>86</gpxtpx:cad>
          </gpxtpx:TrackPointExtension>
          <gpxpx:PowerExtension>
            <gpxpx:PowerInWatts>362</gpxpx:PowerInWatts>
          </gpxpx:PowerExtension>
        </extensions>
      </trkpt>
      <trkpt lat="41.565316" lon="1.881141">
        <ele>91.75753528060335</ele>
        <time>2026-07-12T05:58:07.189Z</time>
        <extensions>
          <gpxtpx:TrackPointExtension>
            <gpxtpx:hr>147</gpxtpx:hr>
            <gpxtpx:cad>86</gpxtpx:cad>
          </gpxtpx:TrackPointExtension>
          <gpxpx:PowerExtension>
            <gpxpx:PowerInWatts>361</gpxpx:PowerInWatts>
          </gpxpx:PowerExtension>
        </extensions>
      </trkpt>
      <trkpt lat="41.565289" lon="1.881152">
        <ele>91.64351849621896</ele>
        <time>2026-07-12T05:58:07.994Z</time>
        <extensions>
          <gpxtpx:TrackPointExtension>
            <gpxtpx:hr>147</gpxtpx:hr>
            <gpxtpx:cad>86</gpxtpx:cad>
          </gpxtpx:TrackPointExtension>
          <gpxpx:PowerExtension>
            <gpxpx:PowerInWatts>361</gpxpx:PowerInWatts>
          </gpxpx:PowerExtension>
        </extensions>
      </trkpt>
      <trkpt lat="41.565258" lon="1.881171">
        <ele>91.47457967676206</ele>
        <time>2026-07-12T05:58:08.800Z</time>
        <extensions>
          <gpxtpx:TrackPointExtension>
            <gpxtpx:hr>147</gpxtpx:hr>
            <gpxtpx:cad>87</gpxtpx:cad>
          </gpxtpx:TrackPointExtension>
          <gpxpx:PowerExtension>
            <gpxpx:PowerInWatts>360</gpxpx:PowerInWatts>
          </gpxpx:PowerExtension>
        </extensions>
      </trkpt>
      <trkpt lat="41.565236" lon="1.881184">
        <ele>91.33514057770344</ele>
        <time>2026-07-12T05:58:09.605Z</time>
        <extensions>
          <gpxtpx:TrackPointExtension>
            <gpxtpx:hr>147</gpxtpx:hr>
            <gpxtpx:cad>87</gpxtpx:cad>
          </gpxtpx:TrackPointExtension>
          <gpxpx:PowerExtension>
            <gpxpx:PowerInWatts>360</gpxpx:PowerInWatts>
          </gpxpx:PowerExtension>
        </extensions>
      </trkpt>
      <trkpt lat="41.565201" lon="1.881192">
        <ele>91.2169245058353</ele>
        <time>2026-07-12T05:58:10.411Z</time>
        <extensions>
          <gpxtpx:TrackPointExtension>
            <gpxtpx:hr>147</gpxtpx:hr>
            <gpxtpx:cad>87</gpxtpx:cad>
          </gpxtpx:TrackPointExtension>
          <gpxpx:PowerExtension>
            <gpxpx:PowerInWatts>360</gpxpx:PowerInWatts>
          </gpxpx:PowerExtension>
        </extensions>
      </trkpt>
      <trkpt lat="41.565178" lon="1.881203">
        <ele>91.148016018374</ele>
        <time>2026-07-12T05:58:11.217Z</time>
        <extensions>
          <gpxtpx:TrackPointExtension>
            <gpxtpx:hr>147</gpxtpx:hr>
            <gpxtpx:cad>86</gpxtpx:cad>
          </gpxtpx:TrackPointExtension>
          <gpxpx:PowerExtension>
            <gpxpx:PowerInWatts>361</gpxpx:PowerInWatts>
          </gpxpx:PowerExtension>
        </extensions>
      </trkpt>
      <trkpt lat="41.565151" lon="1.881214">
        <ele>91.04423568284443</ele>
        <time>2026-07-12T05:58:12.022Z</time>
        <extensions>
          <gpxtpx:TrackPointExtension>
            <gpxtpx:hr>147</gpxtpx:hr>
            <gpxtpx:cad>85</gpxtpx:cad>
          </gpxtpx:TrackPointExtension>
          <gpxpx:PowerExtension>
            <gpxpx:PowerInWatts>362</gpxpx:PowerInWatts>
          </gpxpx:PowerExtension>
        </extensions>
      </trkpt>
      <trkpt lat="41.565122" lon="1.881227">
        <ele>90.91549031268117</ele>
        <time>2026-07-12T05:58:12.828Z</time>
        <extensions>
          <gpxtpx:TrackPointExtension>
            <gpxtpx:hr>147</gpxtpx:hr>
            <gpxtpx:cad>85</gpxtpx:cad>
          </gpxtpx:TrackPointExtension>
          <gpxpx:PowerExtension>
            <gpxpx:PowerInWatts>361</gpxpx:PowerInWatts>
          </gpxpx:PowerExtension>
        </extensions>
      </trkpt>
      <trkpt lat="41.565099" lon="1.881234">
        <ele>90.85199855950935</ele>
        <time>2026-07-12T05:58:13.633Z</time>
        <extensions>
          <gpxtpx:TrackPointExtension>
            <gpxtpx:hr>148</gpxtpx:hr>
            <gpxtpx:cad>84</gpxtpx:cad>
          </gpxtpx:TrackPointExtension>
          <gpxpx:PowerExtension>
            <gpxpx:PowerInWatts>362</gpxpx:PowerInWatts>
          </gpxpx:PowerExtension>
        </extensions>
      </trkpt>
      <trkpt lat="41.565065" lon="1.881245">
        <ele>90.98420242639979</ele>
        <time>2026-07-12T05:58:14.439Z</time>
        <extensions>
          <gpxtpx:TrackPointExtension>
            <gpxtpx:hr>148</gpxtpx:hr>
            <gpxtpx:cad>84</gpxtpx:cad>
          </gpxtpx:TrackPointExtension>
          <gpxpx:PowerExtension>
            <gpxpx:PowerInWatts>362</gpxpx:PowerInWatts>
          </gpxpx:PowerExtension>
        </extensions>
      </trkpt>
      <trkpt lat="41.565037" lon="1.881251">
        <ele>91.03524382951765</ele>
        <time>2026-07-12T05:58:15.244Z</time>
        <extensions>
          <gpxtpx:TrackPointExtension>
            <gpxtpx:hr>148</gpxtpx:hr>
            <gpxtpx:cad>85</gpxtpx:cad>
          </gpxtpx:TrackPointExtension>
          <gpxpx:PowerExtension>
            <gpxpx:PowerInWatts>359</gpxpx:PowerInWatts>
          </gpxpx:PowerExtension>
        </extensions>
      </trkpt>
      <trkpt lat="41.565005" lon="1.881262">
        <ele>91.12562258558489</ele>
        <time>2026-07-12T05:58:16.049Z</time>
        <extensions>
          <gpxtpx:TrackPointExtension>
            <gpxtpx:hr>147</gpxtpx:hr>
            <gpxtpx:cad>85</gpxtpx:cad>
          </gpxtpx:TrackPointExtension>
          <gpxpx:PowerExtension>
            <gpxpx:PowerInWatts>357</gpxpx:PowerInWatts>
          </gpxpx:PowerExtension>
        </extensions>
      </trkpt>
      <trkpt lat="41.564973" lon="1.881274">
        <ele>91.17877853922073</ele>
        <time>2026-07-12T05:58:16.855Z</time>
        <extensions>
          <gpxtpx:TrackPointExtension>
            <gpxtpx:hr>147</gpxtpx:hr>
            <gpxtpx:cad>84</gpxtpx:cad>
          </gpxtpx:TrackPointExtension>
          <gpxpx:PowerExtension>
            <gpxpx:PowerInWatts>357</gpxpx:PowerInWatts>
          </gpxpx:PowerExtension>
        </extensions>
      </trkpt>
      <trkpt lat="41.564946" lon="1.881287">
        <ele>91.24470887300289</ele>
        <time>2026-07-12T05:58:17.660Z</time>
        <extensions>
          <gpxtpx:TrackPointExtension>
            <gpxtpx:hr>147</gpxtpx:hr>
            <gpxtpx:cad>84</gpxtpx:cad>
          </gpxtpx:TrackPointExtension>
          <gpxpx:PowerExtension>
            <gpxpx:PowerInWatts>358</gpxpx:PowerInWatts>
          </gpxpx:PowerExtension>
        </extensions>
      </trkpt>
      <trkpt lat="41.564912" lon="1.881301">
        <ele>91.24350910383518</ele>
        <time>2026-07-12T05:58:18.466Z</time>
        <extensions>
          <gpxtpx:TrackPointExtension>
            <gpxtpx:hr>147</gpxtpx:hr>
            <gpxtpx:cad>84</gpxtpx:cad>
          </gpxtpx:TrackPointExtension>
          <gpxpx:PowerExtension>
            <gpxpx:PowerInWatts>357</gpxpx:PowerInWatts>
          </gpxpx:PowerExtension>
        </extensions>
      </trkpt>
      <trkpt lat="41.564889" lon="1.881312">
        <ele>91.22812724348555</ele>
        <time>2026-07-12T05:58:19.271Z</time>
        <extensions>
          <gpxtpx:TrackPointExtension>
            <gpxtpx:hr>147</gpxtpx:hr>
            <gpxtpx:cad>84</gpxtpx:cad>
          </gpxtpx:TrackPointExtension>
          <gpxpx:PowerExtension>
            <gpxpx:PowerInWatts>356</gpxpx:PowerInWatts>
          </gpxpx:PowerExtension>
        </extensions>
      </trkpt>
      <trkpt lat="41.564859" lon="1.881324">
        <ele>91.1445980282155</ele>
        <time>2026-07-12T05:58:20.078Z</time>
        <extensions>
          <gpxtpx:TrackPointExtension>
            <gpxtpx:hr>146</gpxtpx:hr>
            <gpxtpx:cad>84</gpxtpx:cad>
          </gpxtpx:TrackPointExtension>
          <gpxpx:PowerExtension>
            <gpxpx:PowerInWatts>356</gpxpx:PowerInWatts>
          </gpxpx:PowerExtension>
        </extensions>
      </trkpt>
      <trkpt lat="41.56483" lon="1.881334">
        <ele>91.01829273658807</ele>
        <time>2026-07-12T05:58:20.883Z</time>
        <extensions>
          <gpxtpx:TrackPointExtension>
            <gpxtpx:hr>146</gpxtpx:hr>
            <gpxtpx:cad>85</gpxtpx:cad>
          </gpxtpx:TrackPointExtension>
          <gpxpx:PowerExtension>
            <gpxpx:PowerInWatts>353</gpxpx:PowerInWatts>
          </gpxpx:PowerExtension>
        </extensions>
      </trkpt>
      <trkpt lat="41.564802" lon="1.881345">
        <ele>90.8842376562616</ele>
        <time>2026-07-12T05:58:21.688Z</time>
        <extensions>
          <gpxtpx:TrackPointExtension>
            <gpxtpx:hr>146</gpxtpx:hr>
            <gpxtpx:cad>85</gpxtpx:cad>
          </gpxtpx:TrackPointExtension>
          <gpxpx:PowerExtension>
            <gpxpx:PowerInWatts>352</gpxpx:PowerInWatts>
          </gpxpx:PowerExtension>
        </extensions>
      </trkpt>
      <trkpt lat="41.56477" lon="1.881356">
        <ele>90.69406426224582</ele>
        <time>2026-07-12T05:58:22.494Z</time>
        <extensions>
          <gpxtpx:TrackPointExtension>
            <gpxtpx:hr>145</gpxtpx:hr>
            <gpxtpx:cad>84</gpxtpx:cad>
          </gpxtpx:TrackPointExtension>
          <gpxpx:PowerExtension>
            <gpxpx:PowerInWatts>352</gpxpx:PowerInWatts>
          </gpxpx:PowerExtension>
        </extensions>
      </trkpt>
      <trkpt lat="41.564742" lon="1.88137">
        <ele>90.52442297144775</ele>
        <time>2026-07-12T05:58:23.299Z</time>
        <extensions>
          <gpxtpx:TrackPointExtension>
            <gpxtpx:hr>145</gpxtpx:hr>
            <gpxtpx:cad>84</gpxtpx:cad>
          </gpxtpx:TrackPointExtension>
          <gpxpx:PowerExtension>
            <gpxpx:PowerInWatts>351</gpxpx:PowerInWatts>
          </gpxpx:PowerExtension>
        </extensions>
      </trkpt>
      <trkpt lat="41.564714" lon="1.88138">
        <ele>90.39535940519534</ele>
        <time>2026-07-12T05:58:24.105Z</time>
        <extensions>
          <gpxtpx:TrackPointExtension>
            <gpxtpx:hr>145</gpxtpx:hr>
            <gpxtpx:cad>84</gpxtpx:cad>
          </gpxtpx:TrackPointExtension>
          <gpxpx:PowerExtension>
            <gpxpx:PowerInWatts>351</gpxpx:PowerInWatts>
          </gpxpx:PowerExtension>
        </extensions>
      </trkpt>
      <trkpt lat="41.564689" lon="1.881388">
        <ele>90.35179823571889</ele>
        <time>2026-07-12T05:58:24.910Z</time>
        <extensions>
          <gpxtpx:TrackPointExtension>
            <gpxtpx:hr>145</gpxtpx:hr>
            <gpxtpx:cad>84</gpxtpx:cad>
          </gpxtpx:TrackPointExtension>
          <gpxpx:PowerExtension>
            <gpxpx:PowerInWatts>350</gpxpx:PowerInWatts>
          </gpxpx:PowerExtension>
        </extensions>
      </trkpt>
      <trkpt lat="41.56466" lon="1.881397">
        <ele>90.3252181020474</ele>
        <time>2026-07-12T05:58:25.715Z</time>
        <extensions>
          <gpxtpx:TrackPointExtension>
            <gpxtpx:hr>144</gpxtpx:hr>
            <gpxtpx:cad>85</gpxtpx:cad>
          </gpxtpx:TrackPointExtension>
          <gpxpx:PowerExtension>
            <gpxpx:PowerInWatts>347</gpxpx:PowerInWatts>
          </gpxpx:PowerExtension>
        </extensions>
      </trkpt>
      <trkpt lat="41.564628" lon="1.881399">
        <ele>90.25572831472022</ele>
        <time>2026-07-12T05:58:26.521Z</time>
        <extensions>
          <gpxtpx:TrackPointExtension>
            <gpxtpx:hr>144</gpxtpx:hr>
            <gpxtpx:cad>85</gpxtpx:cad>
          </gpxtpx:TrackPointExtension>
          <gpxpx:PowerExtension>
            <gpxpx:PowerInWatts>344</gpxpx:PowerInWatts>
          </gpxpx:PowerExtension>
        </extensions>
      </trkpt>
      <trkpt lat="41.564601" lon="1.881403">
        <ele>90.22638494955892</ele>
        <time>2026-07-12T05:58:27.326Z</time>
        <extensions>
          <gpxtpx:TrackPointExtension>
            <gpxtpx:hr>144</gpxtpx:hr>
            <gpxtpx:cad>85</gpxtpx:cad>
          </gpxtpx:TrackPointExtension>
          <gpxpx:PowerExtension>
            <gpxpx:PowerInWatts>341</gpxpx:PowerInWatts>
          </gpxpx:PowerExtension>
        </extensions>
      </trkpt>
      <trkpt lat="41.564565" lon="1.881414">
        <ele>90.21951764938876</ele>
        <time>2026-07-12T05:58:28.132Z</time>
        <extensions>
          <gpxtpx:TrackPointExtension>
            <gpxtpx:hr>143</gpxtpx:hr>
            <gpxtpx:cad>85</gpxtpx:cad>
          </gpxtpx:TrackPointExtension>
          <gpxpx:PowerExtension>
            <gpxpx:PowerInWatts>340</gpxpx:PowerInWatts>
          </gpxpx:PowerExtension>
        </extensions>
      </trkpt>
      <trkpt lat="41.56454" lon="1.881429">
        <ele>90.22423701342842</ele>
        <time>2026-07-12T05:58:28.937Z</time>
        <extensions>
          <gpxtpx:TrackPointExtension>
            <gpxtpx:hr>143</gpxtpx:hr>
            <gpxtpx:cad>85</gpxtpx:cad>
          </gpxtpx:TrackPointExtension>
          <gpxpx:PowerExtension>
            <gpxpx:PowerInWatts>340</gpxpx:PowerInWatts>
          </gpxpx:PowerExtension>
        </extensions>
      </trkpt>
      <trkpt lat="41.564506" lon="1.881439">
        <ele>90.17122521569974</ele>
        <time>2026-07-12T05:58:29.743Z</time>
        <extensions>
          <gpxtpx:TrackPointExtension>
            <gpxtpx:hr>143</gpxtpx:hr>
            <gpxtpx:cad>85</gpxtpx:cad>
          </gpxtpx:TrackPointExtension>
          <gpxpx:PowerExtension>
            <gpxpx:PowerInWatts>339</gpxpx:PowerInWatts>
          </gpxpx:PowerExtension>
        </extensions>
      </trkpt>
      <trkpt lat="41.564476" lon="1.881447">
        <ele>90.11438665759862</ele>
        <time>2026-07-12T05:58:30.549Z</time>
        <extensions>
          <gpxtpx:TrackPointExtension>
            <gpxtpx:hr>144</gpxtpx:hr>
            <gpxtpx:cad>86</gpxtpx:cad>
          </gpxtpx:TrackPointExtension>
          <gpxpx:PowerExtension>
            <gpxpx:PowerInWatts>339</gpxpx:PowerInWatts>
          </gpxpx:PowerExtension>
        </extensions>
      </trkpt>
      <trkpt lat="41.564447" lon="1.881463">
        <ele>90.0052310507286</ele>
        <time>2026-07-12T05:58:31.354Z</time>
        <extensions>
          <gpxtpx:TrackPointExtension>
            <gpxtpx:hr>143</gpxtpx:hr>
            <gpxtpx:cad>86</gpxtpx:cad>
          </gpxtpx:TrackPointExtension>
          <gpxpx:PowerExtension>
            <gpxpx:PowerInWatts>340</gpxpx:PowerInWatts>
          </gpxpx:PowerExtension>
        </extensions>
      </trkpt>
      <trkpt lat="41.564414" lon="1.881475">
        <ele>89.85739248646148</ele>
        <time>2026-07-12T05:58:32.160Z</time>
        <extensions>
          <gpxtpx:TrackPointExtension>
            <gpxtpx:hr>143</gpxtpx:hr>
            <gpxtpx:cad>86</gpxtpx:cad>
          </gpxtpx:TrackPointExtension>
          <gpxpx:PowerExtension>
            <gpxpx:PowerInWatts>339</gpxpx:PowerInWatts>
          </gpxpx:PowerExtension>
        </extensions>
      </trkpt>
      <trkpt lat="41.564387" lon="1.881487">
        <ele>89.76117893107775</ele>
        <time>2026-07-12T05:58:32.965Z</time>
        <extensions>
          <gpxtpx:TrackPointExtension>
            <gpxtpx:hr>144</gpxtpx:hr>
            <gpxtpx:cad>85</gpxtpx:cad>
          </gpxtpx:TrackPointExtension>
          <gpxpx:PowerExtension>
            <gpxpx:PowerInWatts>341</gpxpx:PowerInWatts>
          </gpxpx:PowerExtension>
        </extensions>
      </trkpt>
      <trkpt lat="41.56435" lon="1.881495">
        <ele>89.59669420844378</ele>
        <time>2026-07-12T05:58:33.770Z</time>
        <extensions>
          <gpxtpx:TrackPointExtension>
            <gpxtpx:hr>144</gpxtpx:hr>
            <gpxtpx:cad>85</gpxtpx:cad>
          </gpxtpx:TrackPointExtension>
          <gpxpx:PowerExtension>
            <gpxpx:PowerInWatts>340</gpxpx:PowerInWatts>
          </gpxpx:PowerExtension>
        </extensions>
      </trkpt>
      <trkpt lat="41.564322" lon="1.8815">
        <ele>89.4457131107433</ele>
        <time>2026-07-12T05:58:34.576Z</time>
        <extensions>
          <gpxtpx:TrackPointExtension>
            <gpxtpx:hr>144</gpxtpx:hr>
            <gpxtpx:cad>85</gpxtpx:cad>
          </gpxtpx:TrackPointExtension>
          <gpxpx:PowerExtension>
            <gpxpx:PowerInWatts>340</gpxpx:PowerInWatts>
          </gpxpx:PowerExtension>
        </extensions>
      </trkpt>
      <trkpt lat="41.564292" lon="1.881506">
        <ele>89.2982189993731</ele>
        <time>2026-07-12T05:58:35.381Z</time>
        <extensions>
          <gpxtpx:TrackPointExtension>
            <gpxtpx:hr>143</gpxtpx:hr>
            <gpxtpx:cad>85</gpxtpx:cad>
          </gpxtpx:TrackPointExtension>
          <gpxpx:PowerExtension>
            <gpxpx:PowerInWatts>341</gpxpx:PowerInWatts>
          </gpxpx:PowerExtension>
        </extensions>
      </trkpt>
      <trkpt lat="41.564262" lon="1.881507">
        <ele>89.1149475053176</ele>
        <time>2026-07-12T05:58:36.187Z</time>
        <extensions>
          <gpxtpx:TrackPointExtension>
            <gpxtpx:hr>143</gpxtpx:hr>
            <gpxtpx:cad>85</gpxtpx:cad>
          </gpxtpx:TrackPointExtension>
          <gpxpx:PowerExtension>
            <gpxpx:PowerInWatts>341</gpxpx:PowerInWatts>
          </gpxpx:PowerExtension>
        </extensions>
      </trkpt>
      <trkpt lat="41.564233" lon="1.88151">
        <ele>88.96716477485364</ele>
        <time>2026-07-12T05:58:36.992Z</time>
        <extensions>
          <gpxtpx:TrackPointExtension>
            <gpxtpx:hr>143</gpxtpx:hr>
            <gpxtpx:cad>85</gpxtpx:cad>
          </gpxtpx:TrackPointExtension>
          <gpxpx:PowerExtension>
            <gpxpx:PowerInWatts>338</gpxpx:PowerInWatts>
          </gpxpx:PowerExtension>
        </extensions>
      </trkpt>
      <trkpt lat="41.564196" lon="1.881509">
        <ele>88.67783330082402</ele>
        <time>2026-07-12T05:58:37.798Z</time>
        <extensions>
          <gpxtpx:TrackPointExtension>
            <gpxtpx:hr>144</gpxtpx:hr>
            <gpxtpx:cad>85</gpxtpx:cad>
          </gpxtpx:TrackPointExtension>
          <gpxpx:PowerExtension>
            <gpxpx:PowerInWatts>333</gpxpx:PowerInWatts>
          </gpxpx:PowerExtension>
        </extensions>
      </trkpt>
      <trkpt lat="41.564164" lon="1.88152">
        <ele>88.59351987722289</ele>
        <time>2026-07-12T05:58:38.603Z</time>
        <extensions>
          <gpxtpx:TrackPointExtension>
            <gpxtpx:hr>143</gpxtpx:hr>
            <gpxtpx:cad>84</gpxtpx:cad>
          </gpxtpx:TrackPointExtension>
          <gpxpx:PowerExtension>
            <gpxpx:PowerInWatts>330</gpxpx:PowerInWatts>
          </gpxpx:PowerExtension>
        </extensions>
      </trkpt>
      <trkpt lat="41.56413" lon="1.881516">
        <ele>88.25038363835358</ele>
        <time>2026-07-12T05:58:39.409Z</time>
        <extensions>
          <gpxtpx:TrackPointExtension>
            <gpxtpx:hr>143</gpxtpx:hr>
            <gpxtpx:cad>84</gpxtpx:cad>
          </gpxtpx:TrackPointExtension>
          <gpxpx:PowerExtension>
            <gpxpx:PowerInWatts>325</gpxpx:PowerInWatts>
          </gpxpx:PowerExtension>
        </extensions>
      </trkpt>
      <trkpt lat="41.564133" lon="1.881499">
        <ele>87.94992478347812</ele>
        <time>2026-07-12T05:58:40.215Z</time>
        <extensions>
          <gpxtpx:TrackPointExtension>
            <gpxtpx:hr>143</gpxtpx:hr>
            <gpxtpx:cad>85</gpxtpx:cad>
          </gpxtpx:TrackPointExtension>
          <gpxpx:PowerExtension>
            <gpxpx:PowerInWatts>319</gpxpx:PowerInWatts>
          </gpxpx:PowerExtension>
        </extensions>
      </trkpt>
      <trkpt lat="41.564145" lon="1.881489">
        <ele>87.87646462173703</ele>
        <time>2026-07-12T05:58:41.020Z</time>
        <extensions>
          <gpxtpx:TrackPointExtension>
            <gpxtpx:hr>144</gpxtpx:hr>
            <gpxtpx:cad>85</gpxtpx:cad>
          </gpxtpx:TrackPointExtension>
          <gpxpx:PowerExtension>
            <gpxpx:PowerInWatts>307</gpxpx:PowerInWatts>
          </gpxpx:PowerExtension>
        </extensions>
      </trkpt>
      <trkpt lat="41.564163" lon="1.881483">
        <ele>87.94961809504144</ele>
        <time>2026-07-12T05:58:41.826Z</time>
        <extensions>
          <gpxtpx:TrackPointExtension>
            <gpxtpx:hr>143</gpxtpx:hr>
            <gpxtpx:cad>85</gpxtpx:cad>
          </gpxtpx:TrackPointExtension>
          <gpxpx:PowerExtension>
            <gpxpx:PowerInWatts>299</gpxpx:PowerInWatts>
          </gpxpx:PowerExtension>
        </extensions>
      </trkpt>
      <trkpt lat="41.564179" lon="1.881483">
        <ele>88.11243648347475</ele>
        <time>2026-07-12T05:58:42.631Z</time>
        <extensions>
          <gpxtpx:TrackPointExtension>
            <gpxtpx:hr>143</gpxtpx:hr>
            <gpxtpx:cad>85</gpxtpx:cad>
          </gpxtpx:TrackPointExtension>
          <gpxpx:PowerExtension>
            <gpxpx:PowerInWatts>295</gpxpx:PowerInWatts>
          </gpxpx:PowerExtension>
        </extensions>
      </trkpt>
      <trkpt lat="41.564195" lon="1.881479">
        <ele>88.21463092171301</ele>
        <time>2026-07-12T05:58:43.436Z</time>
        <extensions>
          <gpxtpx:TrackPointExtension>
            <gpxtpx:hr>143</gpxtpx:hr>
            <gpxtpx:cad>85</gpxtpx:cad>
          </gpxtpx:TrackPointExtension>
          <gpxpx:PowerExtension>
            <gpxpx:PowerInWatts>283</gpxpx:PowerInWatts>
          </gpxpx:PowerExtension>
        </extensions>
      </trkpt>
      <trkpt lat="41.564217" lon="1.881477">
        <ele>88.41270627483448</ele>
        <time>2026-07-12T05:58:44.242Z</time>
        <extensions>
          <gpxtpx:TrackPointExtension>
            <gpxtpx:hr>143</gpxtpx:hr>
            <gpxtpx:cad>86</gpxtpx:cad>
          </gpxtpx:TrackPointExtension>
          <gpxpx:PowerExtension>
            <gpxpx:PowerInWatts>253</gpxpx:PowerInWatts>
          </gpxpx:PowerExtension>
        </extensions>
      </trkpt>
      <trkpt lat="41.564237" lon="1.881477">
        <ele>88.57515030082048</ele>
        <time>2026-07-12T05:58:45.047Z</time>
        <extensions>
          <gpxtpx:TrackPointExtension>
            <gpxtpx:hr>143</gpxtpx:hr>
            <gpxtpx:cad>86</gpxtpx:cad>
          </gpxtpx:TrackPointExtension>
          <gpxpx:PowerExtension>
            <gpxpx:PowerInWatts>226</gpxpx:PowerInWatts>
          </gpxpx:PowerExtension>
        </extensions>
      </trkpt>
      <trkpt lat="41.564264" lon="1.881495">
        <ele>88.99446045639644</ele>
        <time>2026-07-12T05:58:45.853Z</time>
        <extensions>
          <gpxtpx:TrackPointExtension>
            <gpxtpx:hr>142</gpxtpx:hr>
            <gpxtpx:cad>84</gpxtpx:cad>
          </gpxtpx:TrackPointExtension>
          <gpxpx:PowerExtension>
            <gpxpx:PowerInWatts>182</gpxpx:PowerInWatts>
          </gpxpx:PowerExtension>
        </extensions>
      </trkpt>
      <trkpt lat="41.564278" lon="1.881519">
        <ele>89.34162007344986</ele>
        <time>2026-07-12T05:58:46.658Z</time>
        <extensions>
          <gpxtpx:TrackPointExtension>
            <gpxtpx:hr>142</gpxtpx:hr>
            <gpxtpx:cad>84</gpxtpx:cad>
          </gpxtpx:TrackPointExtension>
          <gpxpx:PowerExtension>
            <gpxpx:PowerInWatts>187</gpxpx:PowerInWatts>
          </gpxpx:PowerExtension>
        </extensions>
      </trkpt>
      <trkpt lat="41.564263" lon="1.88154">
        <ele>89.48992543741778</ele>
        <time>2026-07-12T05:58:47.463Z</time>
        <extensions>
          <gpxtpx:TrackPointExtension>
            <gpxtpx:hr>141</gpxtpx:hr>
            <gpxtpx:cad>84</gpxtpx:cad>
          </gpxtpx:TrackPointExtension>
          <gpxpx:PowerExtension>
            <gpxpx:PowerInWatts>211</gpxpx:PowerInWatts>
          </gpxpx:PowerExtension>
        </extensions>
      </trkpt>
      <trkpt lat="41.564238" lon="1.881557">
        <ele>89.58976449137222</ele>
        <time>2026-07-12T05:58:48.269Z</time>
        <extensions>
          <gpxtpx:TrackPointExtension>
            <gpxtpx:hr>141</gpxtpx:hr>
            <gpxtpx:cad>84</gpxtpx:cad>
          </gpxtpx:TrackPointExtension>
          <gpxpx:PowerExtension>
            <gpxpx:PowerInWatts>220</gpxpx:PowerInWatts>
          </gpxpx:PowerExtension>
        </extensions>
      </trkpt>
      <trkpt lat="41.564212" lon="1.881569">
        <ele>89.65867633407974</ele>
        <time>2026-07-12T05:58:49.075Z</time>
        <extensions>
          <gpxtpx:TrackPointExtension>
            <gpxtpx:hr>140</gpxtpx:hr>
            <gpxtpx:cad>86</gpxtpx:cad>
          </gpxtpx:TrackPointExtension>
          <gpxpx:PowerExtension>
            <gpxpx:PowerInWatts>229</gpxpx:PowerInWatts>
          </gpxpx:PowerExtension>
        </extensions>
      </trkpt>
      <trkpt lat="41.56418" lon="1.881584">
        <ele>89.71337198051059</ele>
        <time>2026-07-12T05:58:49.881Z</time>
        <extensions>
          <gpxtpx:TrackPointExtension>
            <gpxtpx:hr>140</gpxtpx:hr>
            <gpxtpx:cad>86</gpxtpx:cad>
          </gpxtpx:TrackPointExtension>
          <gpxpx:PowerExtension>
            <gpxpx:PowerInWatts>241</gpxpx:PowerInWatts>
          </gpxpx:PowerExtension>
        </extensions>
      </trkpt>
      <trkpt lat="41.564155" lon="1.881594">
        <ele>89.6731919955048</ele>
        <time>2026-07-12T05:58:50.686Z</time>
        <extensions>
          <gpxtpx:TrackPointExtension>
            <gpxtpx:hr>140</gpxtpx:hr>
            <gpxtpx:cad>86</gpxtpx:cad>
          </gpxtpx:TrackPointExtension>
          <gpxpx:PowerExtension>
            <gpxpx:PowerInWatts>278</gpxpx:PowerInWatts>
          </gpxpx:PowerExtension>
        </extensions>
      </trkpt>
      <trkpt lat="41.564126" lon="1.881603">
        <ele>89.60777313825785</ele>
        <time>2026-07-12T05:58:51.491Z</time>
        <extensions>
          <gpxtpx:TrackPointExtension>
            <gpxtpx:hr>140</gpxtpx:hr>
            <gpxtpx:cad>86</gpxtpx:cad>
          </gpxtpx:TrackPointExtension>
          <gpxpx:PowerExtension>
            <gpxpx:PowerInWatts>307</gpxpx:PowerInWatts>
          </gpxpx:PowerExtension>
        </extensions>
      </trkpt>
      <trkpt lat="41.5641" lon="1.881617">
        <ele>89.58018022458334</ele>
        <time>2026-07-12T05:58:52.297Z</time>
        <extensions>
          <gpxtpx:TrackPointExtension>
            <gpxtpx:hr>141</gpxtpx:hr>
            <gpxtpx:cad>86</gpxtpx:cad>
          </gpxtpx:TrackPointExtension>
          <gpxpx:PowerExtension>
            <gpxpx:PowerInWatts>312</gpxpx:PowerInWatts>
          </gpxpx:PowerExtension>
        </extensions>
      </trkpt>
      <trkpt lat="41.564069" lon="1.881629">
        <ele>89.45595571447701</ele>
        <time>2026-07-12T05:58:53.102Z</time>
        <extensions>
          <gpxtpx:TrackPointExtension>
            <gpxtpx:hr>140</gpxtpx:hr>
            <gpxtpx:cad>85</gpxtpx:cad>
          </gpxtpx:TrackPointExtension>
          <gpxpx:PowerExtension>
            <gpxpx:PowerInWatts>323</gpxpx:PowerInWatts>
          </gpxpx:PowerExtension>
        </extensions>
      </trkpt>
      <trkpt lat="41.564039" lon="1.88164">
        <ele>89.30641307342475</ele>
        <time>2026-07-12T05:58:53.908Z</time>
        <extensions>
          <gpxtpx:TrackPointExtension>
            <gpxtpx:hr>140</gpxtpx:hr>
            <gpxtpx:cad>85</gpxtpx:cad>
          </gpxtpx:TrackPointExtension>
          <gpxpx:PowerExtension>
            <gpxpx:PowerInWatts>316</gpxpx:PowerInWatts>
          </gpxpx:PowerExtension>
        </extensions>
      </trkpt>
      <trkpt lat="41.56401" lon="1.881654">
        <ele>89.20944307224107</ele>
        <time>2026-07-12T05:58:54.713Z</time>
        <extensions>
          <gpxtpx:TrackPointExtension>
            <gpxtpx:hr>140</gpxtpx:hr>
            <gpxtpx:cad>85</gpxtpx:cad>
          </gpxtpx:TrackPointExtension>
          <gpxpx:PowerExtension>
            <gpxpx:PowerInWatts>324</gpxpx:PowerInWatts>
          </gpxpx:PowerExtension>
        </extensions>
      </trkpt>
      <trkpt lat="41.563977" lon="1.881667">
        <ele>89.10426436520906</ele>
        <time>2026-07-12T05:58:55.519Z</time>
        <extensions>
          <gpxtpx:TrackPointExtension>
            <gpxtpx:hr>141</gpxtpx:hr>
            <gpxtpx:cad>84</gpxtpx:cad>
          </gpxtpx:TrackPointExtension>
          <gpxpx:PowerExtension>
            <gpxpx:PowerInWatts>327</gpxpx:PowerInWatts>
          </gpxpx:PowerExtension>
        </extensions>
      </trkpt>
      <trkpt lat="41.563952" lon="1.881682">
        <ele>89.08968048025875</ele>
        <time>2026-07-12T05:58:56.324Z</time>
        <extensions>
          <gpxtpx:TrackPointExtension>
            <gpxtpx:hr>140</gpxtpx:hr>
            <gpxtpx:cad>84</gpxtpx:cad>
          </gpxtpx:TrackPointExtension>
          <gpxpx:PowerExtension>
            <gpxpx:PowerInWatts>345</gpxpx:PowerInWatts>
          </gpxpx:PowerExtension>
        </extensions>
      </trkpt>
      <trkpt lat="41.563924" lon="1.881692">
        <ele>89.01452396741843</ele>
        <time>2026-07-12T05:58:57.129Z</time>
        <extensions>
          <gpxtpx:TrackPointExtension>
            <gpxtpx:hr>141</gpxtpx:hr>
            <gpxtpx:cad>84</gpxtpx:cad>
          </gpxtpx:TrackPointExtension>
          <gpxpx:PowerExtension>
            <gpxpx:PowerInWatts>347</gpxpx:PowerInWatts>
          </gpxpx:PowerExtension>
        </extensions>
      </trkpt>
      <trkpt lat="41.563892" lon="1.881703">
        <ele>88.94866582396736</ele>
        <time>2026-07-12T05:58:57.935Z</time>
        <extensions>
          <gpxtpx:TrackPointExtension>
            <gpxtpx:hr>141</gpxtpx:hr>
            <gpxtpx:cad>85</gpxtpx:cad>
          </gpxtpx:TrackPointExtension>
          <gpxpx:PowerExtension>
            <gpxpx:PowerInWatts>339</gpxpx:PowerInWatts>
          </gpxpx:PowerExtension>
        </extensions>
      </trkpt>
      <trkpt lat="41.563864" lon="1.881715">
        <ele>88.94377972724214</ele>
        <time>2026-07-12T05:58:58.741Z</time>
        <extensions>
          <gpxtpx:TrackPointExtension>
            <gpxtpx:hr>141</gpxtpx:hr>
            <gpxtpx:cad>85</gpxtpx:cad>
          </gpxtpx:TrackPointExtension>
          <gpxpx:PowerExtension>
            <gpxpx:PowerInWatts>331</gpxpx:PowerInWatts>
          </gpxpx:PowerExtension>
        </extensions>
      </trkpt>
      <trkpt lat="41.563831" lon="1.881723">
        <ele>88.88097746294012</ele>
        <time>2026-07-12T05:58:59.547Z</time>
        <extensions>
          <gpxtpx:TrackPointExtension>
            <gpxtpx:hr>142</gpxtpx:hr>
            <gpxtpx:cad>84</gpxtpx:cad>
          </gpxtpx:TrackPointExtension>
          <gpxpx:PowerExtension>
            <gpxpx:PowerInWatts>325</gpxpx:PowerInWatts>
          </gpxpx:PowerExtension>
        </extensions>
      </trkpt>
      <trkpt lat="41.563801" lon="1.881736">
        <ele>88.90617369865836</ele>
        <time>2026-07-12T05:59:00.352Z</time>
        <extensions>
          <gpxtpx:TrackPointExtension>
            <gpxtpx:hr>143</gpxtpx:hr>
            <gpxtpx:cad>84</gpxtpx:cad>
          </gpxtpx:TrackPointExtension>
          <gpxpx:PowerExtension>
            <gpxpx:PowerInWatts>327</gpxpx:PowerInWatts>
          </gpxpx:PowerExtension>
        </extensions>
      </trkpt>
      <trkpt lat="41.563767" lon="1.881747">
        <ele>88.91223051053515</ele>
        <time>2026-07-12T05:59:01.157Z</time>
        <extensions>
          <gpxtpx:TrackPointExtension>
            <gpxtpx:hr>143</gpxtpx:hr>
            <gpxtpx:cad>84</gpxtpx:cad>
          </gpxtpx:TrackPointExtension>
          <gpxpx:PowerExtension>
            <gpxpx:PowerInWatts>338</gpxpx:PowerInWatts>
          </gpxpx:PowerExtension>
        </extensions>
      </trkpt>
      <trkpt lat="41.563738" lon="1.881758">
        <ele>88.96316712047431</ele>
        <time>2026-07-12T05:59:01.963Z</time>
        <extensions>
          <gpxtpx:TrackPointExtension>
            <gpxtpx:hr>143</gpxtpx:hr>
            <gpxtpx:cad>84</gpxtpx:cad>
          </gpxtpx:TrackPointExtension>
          <gpxpx:PowerExtension>
            <gpxpx:PowerInWatts>347</gpxpx:PowerInWatts>
          </gpxpx:PowerExtension>
        </extensions>
      </trkpt>
      <trkpt lat="41.56371" lon="1.881766">
        <ele>88.96583056868134</ele>
        <time>2026-07-12T05:59:02.768Z</time>
        <extensions>
          <gpxtpx:TrackPointExtension>
            <gpxtpx:hr>143</gpxtpx:hr>
            <gpxtpx:cad>85</gpxtpx:cad>
          </gpxtpx:TrackPointExtension>
          <gpxpx:PowerExtension>
            <gpxpx:PowerInWatts>345</gpxpx:PowerInWatts>
          </gpxpx:PowerExtension>
        </extensions>
      </trkpt>
      <trkpt lat="41.563676" lon="1.881776">
        <ele>88.98098504027978</ele>
        <time>2026-07-12T05:59:03.574Z</time>
        <extensions>
          <gpxtpx:TrackPointExtension>
            <gpxtpx:hr>143</gpxtpx:hr>
            <gpxtpx:cad>85</gpxtpx:cad>
          </gpxtpx:TrackPointExtension>
          <gpxpx:PowerExtension>
            <gpxpx:PowerInWatts>342</gpxpx:PowerInWatts>
          </gpxpx:PowerExtension>
        </extensions>
      </trkpt>
      <trkpt lat="41.563648" lon="1.881785">
        <ele>89.00452329618501</ele>
        <time>2026-07-12T05:59:04.379Z</time>
        <extensions>
          <gpxtpx:TrackPointExtension>
            <gpxtpx:hr>143</gpxtpx:hr>
            <gpxtpx:cad>85</gpxtpx:cad>
          </gpxtpx:TrackPointExtension>
          <gpxpx:PowerExtension>
            <gpxpx:PowerInWatts>335</gpxpx:PowerInWatts>
          </gpxpx:PowerExtension>
        </extensions>
      </trkpt>
      <trkpt lat="41.563614" lon="1.88179">
        <ele>88.93223323546792</ele>
        <time>2026-07-12T05:59:05.184Z</time>
        <extensions>
          <gpxtpx:TrackPointExtension>
            <gpxtpx:hr>143</gpxtpx:hr>
            <gpxtpx:cad>85</gpxtpx:cad>
          </gpxtpx:TrackPointExtension>
          <gpxpx:PowerExtension>
            <gpxpx:PowerInWatts>331</gpxpx:PowerInWatts>
          </gpxpx:PowerExtension>
        </extensions>
      </trkpt>
      <trkpt lat="41.563586" lon="1.881797">
        <ele>88.91679095586727</ele>
        <time>2026-07-12T05:59:05.990Z</time>
        <extensions>
          <gpxtpx:TrackPointExtension>
            <gpxtpx:hr>143</gpxtpx:hr>
            <gpxtpx:cad>85</gpxtpx:cad>
          </gpxtpx:TrackPointExtension>
          <gpxpx:PowerExtension>
            <gpxpx:PowerInWatts>331</gpxpx:PowerInWatts>
          </gpxpx:PowerExtension>
        </extensions>
      </trkpt>
      <trkpt lat="41.563554" lon="1.881799">
        <ele>88.81184689337029</ele>
        <time>2026-07-12T05:59:06.795Z</time>
        <extensions>
          <gpxtpx:TrackPointExtension>
            <gpxtpx:hr>143</gpxtpx:hr>
            <gpxtpx:cad>85</gpxtpx:cad>
          </gpxtpx:TrackPointExtension>
          <gpxpx:PowerExtension>
            <gpxpx:PowerInWatts>331</gpxpx:PowerInWatts>
          </gpxpx:PowerExtension>
        </extensions>
      </trkpt>
      <trkpt lat="41.563522" lon="1.881803">
        <ele>88.74490222000296</ele>
        <time>2026-07-12T05:59:07.601Z</time>
        <extensions>
          <gpxtpx:TrackPointExtension>
            <gpxtpx:hr>142</gpxtpx:hr>
            <gpxtpx:cad>85</gpxtpx:cad>
          </gpxtpx:TrackPointExtension>
          <gpxpx:PowerExtension>
            <gpxpx:PowerInWatts>333</gpxpx:PowerInWatts>
          </gpxpx:PowerExtension>
        </extensions>
      </trkpt>
      <trkpt lat="41.563492" lon="1.881809">
        <ele>88.71665104624947</ele>
        <time>2026-07-12T05:59:08.407Z</time>
        <extensions>
          <gpxtpx:TrackPointExtension>
            <gpxtpx:hr>143</gpxtpx:hr>
            <gpxtpx:cad>85</gpxtpx:cad>
          </gpxtpx:TrackPointExtension>
          <gpxpx:PowerExtension>
            <gpxpx:PowerInWatts>332</gpxpx:PowerInWatts>
          </gpxpx:PowerExtension>
        </extensions>
      </trkpt>
      <trkpt lat="41.563454" lon="1.881815">
        <ele>88.6545650056374</ele>
        <time>2026-07-12T05:59:09.213Z</time>
        <extensions>
          <gpxtpx:TrackPointExtension>
            <gpxtpx:hr>143</gpxtpx:hr>
            <gpxtpx:cad>85</gpxtpx:cad>
          </gpxtpx:TrackPointExtension>
          <gpxpx:PowerExtension>
            <gpxpx:PowerInWatts>330</gpxpx:PowerInWatts>
          </gpxpx:PowerExtension>
        </extensions>
      </trkpt>
      <trkpt lat="41.563426" lon="1.881824">
        <ele>88.69083683288704</ele>
        <time>2026-07-12T05:59:10.018Z</time>
        <extensions>
          <gpxtpx:TrackPointExtension>
            <gpxtpx:hr>142</gpxtpx:hr>
            <gpxtpx:cad>85</gpxtpx:cad>
          </gpxtpx:TrackPointExtension>
          <gpxpx:PowerExtension>
            <gpxpx:PowerInWatts>329</gpxpx:PowerInWatts>
          </gpxpx:PowerExtension>
        </extensions>
      </trkpt>
      <trkpt lat="41.563389" lon="1.881827">
        <ele>88.60815166775991</ele>
        <time>2026-07-12T05:59:10.823Z</time>
        <extensions>
          <gpxtpx:TrackPointExtension>
            <gpxtpx:hr>143</gpxtpx:hr>
            <gpxtpx:cad>85</gpxtpx:cad>
          </gpxtpx:TrackPointExtension>
          <gpxpx:PowerExtension>
            <gpxpx:PowerInWatts>331</gpxpx:PowerInWatts>
          </gpxpx:PowerExtension>
        </extensions>
      </trkpt>
      <trkpt lat="41.563354" lon="1.881828">
        <ele>88.50136952692304</ele>
        <time>2026-07-12T05:59:11.629Z</time>
        <extensions>
          <gpxtpx:TrackPointExtension>
            <gpxtpx:hr>143</gpxtpx:hr>
            <gpxtpx:cad>85</gpxtpx:cad>
          </gpxtpx:TrackPointExtension>
          <gpxpx:PowerExtension>
            <gpxpx:PowerInWatts>332</gpxpx:PowerInWatts>
          </gpxpx:PowerExtension>
        </extensions>
      </trkpt>
      <trkpt lat="41.563321" lon="1.881833">
        <ele>88.46225676041846</ele>
        <time>2026-07-12T05:59:12.434Z</time>
        <extensions>
          <gpxtpx:TrackPointExtension>
            <gpxtpx:hr>143</gpxtpx:hr>
            <gpxtpx:cad>85</gpxtpx:cad>
          </gpxtpx:TrackPointExtension>
          <gpxpx:PowerExtension>
            <gpxpx:PowerInWatts>334</gpxpx:PowerInWatts>
          </gpxpx:PowerExtension>
        </extensions>
      </trkpt>
      <trkpt lat="41.563287" lon="1.881835">
        <ele>88.45782984522084</ele>
        <time>2026-07-12T05:59:13.240Z</time>
        <extensions>
          <gpxtpx:TrackPointExtension>
            <gpxtpx:hr>143</gpxtpx:hr>
            <gpxtpx:cad>84</gpxtpx:cad>
          </gpxtpx:TrackPointExtension>
          <gpxpx:PowerExtension>
            <gpxpx:PowerInWatts>344</gpxpx:PowerInWatts>
          </gpxpx:PowerExtension>
        </extensions>
      </trkpt>
      <trkpt lat="41.563261" lon="1.881839">
        <ele>88.50391435218438</ele>
        <time>2026-07-12T05:59:14.045Z</time>
        <extensions>
          <gpxtpx:TrackPointExtension>
            <gpxtpx:hr>144</gpxtpx:hr>
            <gpxtpx:cad>84</gpxtpx:cad>
          </gpxtpx:TrackPointExtension>
          <gpxpx:PowerExtension>
            <gpxpx:PowerInWatts>358</gpxpx:PowerInWatts>
          </gpxpx:PowerExtension>
        </extensions>
      </trkpt>
      <trkpt lat="41.563227" lon="1.881839">
        <ele>88.48352591983607</ele>
        <time>2026-07-12T05:59:14.850Z</time>
        <extensions>
          <gpxtpx:TrackPointExtension>
            <gpxtpx:hr>144</gpxtpx:hr>
            <gpxtpx:cad>84</gpxtpx:cad>
          </gpxtpx:TrackPointExtension>
          <gpxpx:PowerExtension>
            <gpxpx:PowerInWatts>357</gpxpx:PowerInWatts>
          </gpxpx:PowerExtension>
        </extensions>
      </trkpt>
      <trkpt lat="41.563197" lon="1.881837">
        <ele>88.43335891739868</ele>
        <time>2026-07-12T05:59:15.656Z</time>
        <extensions>
          <gpxtpx:TrackPointExtension>
            <gpxtpx:hr>144</gpxtpx:hr>
            <gpxtpx:cad>85</gpxtpx:cad>
          </gpxtpx:TrackPointExtension>
          <gpxpx:PowerExtension>
            <gpxpx:PowerInWatts>343</gpxpx:PowerInWatts>
          </gpxpx:PowerExtension>
        </extensions>
      </trkpt>
      <trkpt lat="41.56316" lon="1.881833">
        <ele>88.41531822500734</ele>
        <time>2026-07-12T05:59:16.461Z</time>
        <extensions>
          <gpxtpx:TrackPointExtension>
            <gpxtpx:hr>144</gpxtpx:hr>
            <gpxtpx:cad>85</gpxtpx:cad>
          </gpxtpx:TrackPointExtension>
          <gpxpx:PowerExtension>
            <gpxpx:PowerInWatts>337</gpxpx:PowerInWatts>
          </gpxpx:PowerExtension>
        </extensions>
      </trkpt>
      <trkpt lat="41.563126" lon="1.881831">
        <ele>88.44317589531278</ele>
        <time>2026-07-12T05:59:17.268Z</time>
        <extensions>
          <gpxtpx:TrackPointExtension>
            <gpxtpx:hr>144</gpxtpx:hr>
            <gpxtpx:cad>85</gpxtpx:cad>
          </gpxtpx:TrackPointExtension>
          <gpxpx:PowerExtension>
            <gpxpx:PowerInWatts>335</gpxpx:PowerInWatts>
          </gpxpx:PowerExtension>
        </extensions>
      </trkpt>
      <trkpt lat="41.563099" lon="1.881831">
        <ele>88.49219803713764</ele>
        <time>2026-07-12T05:59:18.073Z</time>
        <extensions>
          <gpxtpx:TrackPointExtension>
            <gpxtpx:hr>144</gpxtpx:hr>
            <gpxtpx:cad>85</gpxtpx:cad>
          </gpxtpx:TrackPointExtension>
          <gpxpx:PowerExtension>
            <gpxpx:PowerInWatts>337</gpxpx:PowerInWatts>
          </gpxpx:PowerExtension>
        </extensions>
      </trkpt>
      <trkpt lat="41.563064" lon="1.881828">
        <ele>88.49687251165889</ele>
        <time>2026-07-12T05:59:18.878Z</time>
        <extensions>
          <gpxtpx:TrackPointExtension>
            <gpxtpx:hr>144</gpxtpx:hr>
            <gpxtpx:cad>85</gpxtpx:cad>
          </gpxtpx:TrackPointExtension>
          <gpxpx:PowerExtension>
            <gpxpx:PowerInWatts>339</gpxpx:PowerInWatts>
          </gpxpx:PowerExtension>
        </extensions>
      </trkpt>
      <trkpt lat="41.563034" lon="1.881826">
        <ele>88.51521945504085</ele>
        <time>2026-07-12T05:59:19.684Z</time>
        <extensions>
          <gpxtpx:TrackPointExtension>
            <gpxtpx:hr>144</gpxtpx:hr>
            <gpxtpx:cad>85</gpxtpx:cad>
          </gpxtpx:TrackPointExtension>
          <gpxpx:PowerExtension>
            <gpxpx:PowerInWatts>340</gpxpx:PowerInWatts>
          </gpxpx:PowerExtension>
        </extensions>
      </trkpt>
      <trkpt lat="41.563001" lon="1.881817">
        <ele>88.39153509053692</ele>
        <time>2026-07-12T05:59:20.489Z</time>
        <extensions>
          <gpxtpx:TrackPointExtension>
            <gpxtpx:hr>144</gpxtpx:hr>
            <gpxtpx:cad>85</gpxtpx:cad>
          </gpxtpx:TrackPointExtension>
          <gpxpx:PowerExtension>
            <gpxpx:PowerInWatts>340</gpxpx:PowerInWatts>
          </gpxpx:PowerExtension>
        </extensions>
      </trkpt>
      <trkpt lat="41.562969" lon="1.881811">
        <ele>88.31893511577269</ele>
        <time>2026-07-12T05:59:21.295Z</time>
        <extensions>
          <gpxtpx:TrackPointExtension>
            <gpxtpx:hr>145</gpxtpx:hr>
            <gpxtpx:cad>85</gpxtpx:cad>
          </gpxtpx:TrackPointExtension>
          <gpxpx:PowerExtension>
            <gpxpx:PowerInWatts>338</gpxpx:PowerInWatts>
          </gpxpx:PowerExtension>
        </extensions>
      </trkpt>
      <trkpt lat="41.562937" lon="1.881805">
        <ele>88.23851144397902</ele>
        <time>2026-07-12T05:59:22.100Z</time>
        <extensions>
          <gpxtpx:TrackPointExtension>
            <gpxtpx:hr>145</gpxtpx:hr>
            <gpxtpx:cad>85</gpxtpx:cad>
          </gpxtpx:TrackPointExtension>
          <gpxpx:PowerExtension>
            <gpxpx:PowerInWatts>336</gpxpx:PowerInWatts>
          </gpxpx:PowerExtension>
        </extensions>
      </trkpt>
      <trkpt lat="41.562908" lon="1.881798">
        <ele>88.32462587159723</ele>
        <time>2026-07-12T05:59:22.905Z</time>
        <extensions>
          <gpxtpx:TrackPointExtension>
            <gpxtpx:hr>145</gpxtpx:hr>
            <gpxtpx:cad>85</gpxtpx:cad>
          </gpxtpx:TrackPointExtension>
          <gpxpx:PowerExtension>
            <gpxpx:PowerInWatts>337</gpxpx:PowerInWatts>
          </gpxpx:PowerExtension>
        </extensions>
      </trkpt>
      <trkpt lat="41.562879" lon="1.881792">
        <ele>88.42830383646096</ele>
        <time>2026-07-12T05:59:23.711Z</time>
        <extensions>
          <gpxtpx:TrackPointExtension>
            <gpxtpx:hr>145</gpxtpx:hr>
            <gpxtpx:cad>85</gpxtpx:cad>
          </gpxtpx:TrackPointExtension>
          <gpxpx:PowerExtension>
            <gpxpx:PowerInWatts>337</gpxpx:PowerInWatts>
          </gpxpx:PowerExtension>
        </extensions>
      </trkpt>
      <trkpt lat="41.562844" lon="1.881785">
        <ele>88.4787202456415</ele>
        <time>2026-07-12T05:59:24.516Z</time>
        <extensions>
          <gpxtpx:TrackPointExtension>
            <gpxtpx:hr>146</gpxtpx:hr>
            <gpxtpx:cad>85</gpxtpx:cad>
          </gpxtpx:TrackPointExtension>
          <gpxpx:PowerExtension>
            <gpxpx:PowerInWatts>337</gpxpx:PowerInWatts>
          </gpxpx:PowerExtension>
        </extensions>
      </trkpt>
      <trkpt lat="41.562818" lon="1.881784">
        <ele>88.63862083079562</ele>
        <time>2026-07-12T05:59:25.322Z</time>
        <extensions>
          <gpxtpx:TrackPointExtension>
            <gpxtpx:hr>146</gpxtpx:hr>
            <gpxtpx:cad>85</gpxtpx:cad>
          </gpxtpx:TrackPointExtension>
          <gpxpx:PowerExtension>
            <gpxpx:PowerInWatts>338</gpxpx:PowerInWatts>
          </gpxpx:PowerExtension>
        </extensions>
      </trkpt>
      <trkpt lat="41.562783" lon="1.881781">
        <ele>88.72183403364866</ele>
        <time>2026-07-12T05:59:26.127Z</time>
        <extensions>
          <gpxtpx:TrackPointExtension>
            <gpxtpx:hr>146</gpxtpx:hr>
            <gpxtpx:cad>85</gpxtpx:cad>
          </gpxtpx:TrackPointExtension>
          <gpxpx:PowerExtension>
            <gpxpx:PowerInWatts>337</gpxpx:PowerInWatts>
          </gpxpx:PowerExtension>
        </extensions>
      </trkpt>
      <trkpt lat="41.562749" lon="1.881774">
        <ele>88.53132775636422</ele>
        <time>2026-07-12T05:59:26.934Z</time>
        <extensions>
          <gpxtpx:TrackPointExtension>
            <gpxtpx:hr>146</gpxtpx:hr>
            <gpxtpx:cad>85</gpxtpx:cad>
          </gpxtpx:TrackPointExtension>
          <gpxpx:PowerExtension>
            <gpxpx:PowerInWatts>338</gpxpx:PowerInWatts>
          </gpxpx:PowerExtension>
        </extensions>
      </trkpt>
      <trkpt lat="41.562717" lon="1.881771">
        <ele>88.49893781797718</ele>
        <time>2026-07-12T05:59:27.739Z</time>
        <extensions>
          <gpxtpx:TrackPointExtension>
            <gpxtpx:hr>146</gpxtpx:hr>
            <gpxtpx:cad>85</gpxtpx:cad>
          </gpxtpx:TrackPointExtension>
          <gpxpx:PowerExtension>
            <gpxpx:PowerInWatts>340</gpxpx:PowerInWatts>
          </gpxpx:PowerExtension>
        </extensions>
      </trkpt>
      <trkpt lat="41.562684" lon="1.881757">
        <ele>87.77152602585225</ele>
        <time>2026-07-12T05:59:28.544Z</time>
        <extensions>
          <gpxtpx:TrackPointExtension>
            <gpxtpx:hr>146</gpxtpx:hr>
            <gpxtpx:cad>85</gpxtpx:cad>
          </gpxtpx:TrackPointExtension>
          <gpxpx:PowerExtension>
            <gpxpx:PowerInWatts>342</gpxpx:PowerInWatts>
          </gpxpx:PowerExtension>
        </extensions>
      </trkpt>
      <trkpt lat="41.562651" lon="1.881753">
        <ele>87.65074956923328</ele>
        <time>2026-07-12T05:59:29.350Z</time>
        <extensions>
          <gpxtpx:TrackPointExtension>
            <gpxtpx:hr>146</gpxtpx:hr>
            <gpxtpx:cad>85</gpxtpx:cad>
          </gpxtpx:TrackPointExtension>
          <gpxpx:PowerExtension>
            <gpxpx:PowerInWatts>345</gpxpx:PowerInWatts>
          </gpxpx:PowerExtension>
        </extensions>
      </trkpt>
      <trkpt lat="41.562621" lon="1.881742">
        <ele>87.57825585025145</ele>
        <time>2026-07-12T05:59:30.155Z</time>
        <extensions>
          <gpxtpx:TrackPointExtension>
            <gpxtpx:hr>146</gpxtpx:hr>
            <gpxtpx:cad>85</gpxtpx:cad>
          </gpxtpx:TrackPointExtension>
          <gpxpx:PowerExtension>
            <gpxpx:PowerInWatts>348</gpxpx:PowerInWatts>
          </gpxpx:PowerExtension>
        </extensions>
      </trkpt>
      <trkpt lat="41.562591" lon="1.88173">
        <ele>87.56252139813463</ele>
        <time>2026-07-12T05:59:30.961Z</time>
        <extensions>
          <gpxtpx:TrackPointExtension>
            <gpxtpx:hr>146</gpxtpx:hr>
            <gpxtpx:cad>85</gpxtpx:cad>
          </gpxtpx:TrackPointExtension>
          <gpxpx:PowerExtension>
            <gpxpx:PowerInWatts>352</gpxpx:PowerInWatts>
          </gpxpx:PowerExtension>
        </extensions>
      </trkpt>
      <trkpt lat="41.562563" lon="1.881722">
        <ele>87.60848609902737</ele>
        <time>2026-07-12T05:59:31.766Z</time>
        <extensions>
          <gpxtpx:TrackPointExtension>
            <gpxtpx:hr>146</gpxtpx:hr>
            <gpxtpx:cad>85</gpxtpx:cad>
          </gpxtpx:TrackPointExtension>
          <gpxpx:PowerExtension>
            <gpxpx:PowerInWatts>354</gpxpx:PowerInWatts>
          </gpxpx:PowerExtension>
        </extensions>
      </trkpt>
      <trkpt lat="41.562537" lon="1.881711">
        <ele>87.6339844686299</ele>
        <time>2026-07-12T05:59:32.571Z</time>
        <extensions>
          <gpxtpx:TrackPointExtension>
            <gpxtpx:hr>146</gpxtpx:hr>
            <gpxtpx:cad>85</gpxtpx:cad>
          </gpxtpx:TrackPointExtension>
          <gpxpx:PowerExtension>
            <gpxpx:PowerInWatts>356</gpxpx:PowerInWatts>
          </gpxpx:PowerExtension>
        </extensions>
      </trkpt>
      <trkpt lat="41.56251" lon="1.881703">
        <ele>87.73654769243801</ele>
        <time>2026-07-12T05:59:33.377Z</time>
        <extensions>
          <gpxtpx:TrackPointExtension>
            <gpxtpx:hr>146</gpxtpx:hr>
            <gpxtpx:cad>85</gpxtpx:cad>
          </gpxtpx:TrackPointExtension>
          <gpxpx:PowerExtension>
            <gpxpx:PowerInWatts>358</gpxpx:PowerInWatts>
          </gpxpx:PowerExtension>
        </extensions>
      </trkpt>
      <trkpt lat="41.562481" lon="1.881691">
        <ele>87.81199886546148</ele>
        <time>2026-07-12T05:59:34.182Z</time>
        <extensions>
          <gpxtpx:TrackPointExtension>
            <gpxtpx:hr>146</gpxtpx:hr>
            <gpxtpx:cad>86</gpxtpx:cad>
          </gpxtpx:TrackPointExtension>
          <gpxpx:PowerExtension>
            <gpxpx:PowerInWatts>355</gpxpx:PowerInWatts>
          </gpxpx:PowerExtension>
        </extensions>
      </trkpt>
      <trkpt lat="41.562455" lon="1.88169">
        <ele>87.99485953593845</ele>
        <time>2026-07-12T05:59:34.988Z</time>
        <extensions>
          <gpxtpx:TrackPointExtension>
            <gpxtpx:hr>147</gpxtpx:hr>
            <gpxtpx:cad>87</gpxtpx:cad>
          </gpxtpx:TrackPointExtension>
          <gpxpx:PowerExtension>
            <gpxpx:PowerInWatts>353</gpxpx:PowerInWatts>
          </gpxpx:PowerExtension>
        </extensions>
      </trkpt>
      <trkpt lat="41.562419" lon="1.88168">
        <ele>88.15479467640736</ele>
        <time>2026-07-12T05:59:35.793Z</time>
        <extensions>
          <gpxtpx:TrackPointExtension>
            <gpxtpx:hr>146</gpxtpx:hr>
            <gpxtpx:cad>87</gpxtpx:cad>
          </gpxtpx:TrackPointExtension>
          <gpxpx:PowerExtension>
            <gpxpx:PowerInWatts>333</gpxpx:PowerInWatts>
          </gpxpx:PowerExtension>
        </extensions>
      </trkpt>
      <trkpt lat="41.56239" lon="1.88167">
        <ele>88.37371258894188</ele>
        <time>2026-07-12T05:59:36.599Z</time>
        <extensions>
          <gpxtpx:TrackPointExtension>
            <gpxtpx:hr>146</gpxtpx:hr>
            <gpxtpx:cad>87</gpxtpx:cad>
          </gpxtpx:TrackPointExtension>
          <gpxpx:PowerExtension>
            <gpxpx:PowerInWatts>334</gpxpx:PowerInWatts>
          </gpxpx:PowerExtension>
        </extensions>
      </trkpt>
      <trkpt lat="41.562355" lon="1.881662">
        <ele>88.65787783525708</ele>
        <time>2026-07-12T05:59:37.405Z</time>
        <extensions>
          <gpxtpx:TrackPointExtension>
            <gpxtpx:hr>146</gpxtpx:hr>
            <gpxtpx:cad>86</gpxtpx:cad>
          </gpxtpx:TrackPointExtension>
          <gpxpx:PowerExtension>
            <gpxpx:PowerInWatts>356</gpxpx:PowerInWatts>
          </gpxpx:PowerExtension>
        </extensions>
      </trkpt>
      <trkpt lat="41.562325" lon="1.881651">
        <ele>88.80158697402184</ele>
        <time>2026-07-12T05:59:38.210Z</time>
        <extensions>
          <gpxtpx:TrackPointExtension>
            <gpxtpx:hr>146</gpxtpx:hr>
            <gpxtpx:cad>86</gpxtpx:cad>
          </gpxtpx:TrackPointExtension>
          <gpxpx:PowerExtension>
            <gpxpx:PowerInWatts>384</gpxpx:PowerInWatts>
          </gpxpx:PowerExtension>
        </extensions>
      </trkpt>
      <trkpt lat="41.562296" lon="1.881642">
        <ele>88.92993603237738</ele>
        <time>2026-07-12T05:59:39.016Z</time>
        <extensions>
          <gpxtpx:TrackPointExtension>
            <gpxtpx:hr>146</gpxtpx:hr>
            <gpxtpx:cad>86</gpxtpx:cad>
          </gpxtpx:TrackPointExtension>
          <gpxpx:PowerExtension>
            <gpxpx:PowerInWatts>397</gpxpx:PowerInWatts>
          </gpxpx:PowerExtension>
        </extensions>
      </trkpt>
      <trkpt lat="41.562264" lon="1.881629">
        <ele>89.06640815375351</ele>
        <time>2026-07-12T05:59:39.821Z</time>
        <extensions>
          <gpxtpx:TrackPointExtension>
            <gpxtpx:hr>146</gpxtpx:hr>
            <gpxtpx:cad>86</gpxtpx:cad>
          </gpxtpx:TrackPointExtension>
          <gpxpx:PowerExtension>
            <gpxpx:PowerInWatts>398</gpxpx:PowerInWatts>
          </gpxpx:PowerExtension>
        </extensions>
      </trkpt>
      <trkpt lat="41.56224" lon="1.881623">
        <ele>89.20094241341462</ele>
        <time>2026-07-12T05:59:40.626Z</time>
        <extensions>
          <gpxtpx:TrackPointExtension>
            <gpxtpx:hr>147</gpxtpx:hr>
            <gpxtpx:cad>86</gpxtpx:cad>
          </gpxtpx:TrackPointExtension>
          <gpxpx:PowerExtension>
            <gpxpx:PowerInWatts>382</gpxpx:PowerInWatts>
          </gpxpx:PowerExtension>
        </extensions>
      </trkpt>
      <trkpt lat="41.562206" lon="1.881611">
        <ele>89.16974363117613</ele>
        <time>2026-07-12T05:59:41.432Z</time>
        <extensions>
          <gpxtpx:TrackPointExtension>
            <gpxtpx:hr>147</gpxtpx:hr>
            <gpxtpx:cad>85</gpxtpx:cad>
          </gpxtpx:TrackPointExtension>
          <gpxpx:PowerExtension>
            <gpxpx:PowerInWatts>378</gpxpx:PowerInWatts>
          </gpxpx:PowerExtension>
        </extensions>
      </trkpt>
      <trkpt lat="41.562183" lon="1.881606">
        <ele>89.1829486005603</ele>
        <time>2026-07-12T05:59:42.237Z</time>
        <extensions>
          <gpxtpx:TrackPointExtension>
            <gpxtpx:hr>147</gpxtpx:hr>
            <gpxtpx:cad>85</gpxtpx:cad>
          </gpxtpx:TrackPointExtension>
          <gpxpx:PowerExtension>
            <gpxpx:PowerInWatts>370</gpxpx:PowerInWatts>
          </gpxpx:PowerExtension>
        </extensions>
      </trkpt>
      <trkpt lat="41.562152" lon="1.881599">
        <ele>89.11681981511352</ele>
        <time>2026-07-12T05:59:43.043Z</time>
        <extensions>
          <gpxtpx:TrackPointExtension>
            <gpxtpx:hr>147</gpxtpx:hr>
            <gpxtpx:cad>85</gpxtpx:cad>
          </gpxtpx:TrackPointExtension>
          <gpxpx:PowerExtension>
            <gpxpx:PowerInWatts>372</gpxpx:PowerInWatts>
          </gpxpx:PowerExtension>
        </extensions>
      </trkpt>
      <trkpt lat="41.56212" lon="1.881588">
        <ele>88.80837325616335</ele>
        <time>2026-07-12T05:59:43.848Z</time>
        <extensions>
          <gpxtpx:TrackPointExtension>
            <gpxtpx:hr>147</gpxtpx:hr>
            <gpxtpx:cad>85</gpxtpx:cad>
          </gpxtpx:TrackPointExtension>
          <gpxpx:PowerExtension>
            <gpxpx:PowerInWatts>367</gpxpx:PowerInWatts>
          </gpxpx:PowerExtension>
        </extensions>
      </trkpt>
      <trkpt lat="41.562089" lon="1.881577">
        <ele>88.57321877427897</ele>
        <time>2026-07-12T05:59:44.654Z</time>
        <extensions>
          <gpxtpx:TrackPointExtension>
            <gpxtpx:hr>147</gpxtpx:hr>
            <gpxtpx:cad>85</gpxtpx:cad>
          </gpxtpx:TrackPointExtension>
          <gpxpx:PowerExtension>
            <gpxpx:PowerInWatts>369</gpxpx:PowerInWatts>
          </gpxpx:PowerExtension>
        </extensions>
      </trkpt>
      <trkpt lat="41.562056" lon="1.881568">
        <ele>88.68602970258708</ele>
        <time>2026-07-12T05:59:45.459Z</time>
        <extensions>
          <gpxtpx:TrackPointExtension>
            <gpxtpx:hr>148</gpxtpx:hr>
            <gpxtpx:cad>85</gpxtpx:cad>
          </gpxtpx:TrackPointExtension>
          <gpxpx:PowerExtension>
            <gpxpx:PowerInWatts>375</gpxpx:PowerInWatts>
          </gpxpx:PowerExtension>
        </extensions>
      </trkpt>
      <trkpt lat="41.562032" lon="1.881565">
        <ele>88.80957928319478</ele>
        <time>2026-07-12T05:59:46.265Z</time>
        <extensions>
          <gpxtpx:TrackPointExtension>
            <gpxtpx:hr>148</gpxtpx:hr>
            <gpxtpx:cad>85</gpxtpx:cad>
          </gpxtpx:TrackPointExtension>
          <gpxpx:PowerExtension>
            <gpxpx:PowerInWatts>380</gpxpx:PowerInWatts>
          </gpxpx:PowerExtension>
        </extensions>
      </trkpt>
      <trkpt lat="41.561999" lon="1.881555">
        <ele>89.18859537145181</ele>
        <time>2026-07-12T05:59:47.071Z</time>
        <extensions>
          <gpxtpx:TrackPointExtension>
            <gpxtpx:hr>148</gpxtpx:hr>
            <gpxtpx:cad>85</gpxtpx:cad>
          </gpxtpx:TrackPointExtension>
          <gpxpx:PowerExtension>
            <gpxpx:PowerInWatts>385</gpxpx:PowerInWatts>
          </gpxpx:PowerExtension>
        </extensions>
      </trkpt>
      <trkpt lat="41.561974" lon="1.881548">
        <ele>89.46515440780271</ele>
        <time>2026-07-12T05:59:47.876Z</time>
        <extensions>
          <gpxtpx:TrackPointExtension>
            <gpxtpx:hr>148</gpxtpx:hr>
            <gpxtpx:cad>85</gpxtpx:cad>
          </gpxtpx:TrackPointExtension>
          <gpxpx:PowerExtension>
            <gpxpx:PowerInWatts>388</gpxpx:PowerInWatts>
          </gpxpx:PowerExtension>
        </extensions>
      </trkpt>
      <trkpt lat="41.561946" lon="1.881538">
        <ele>89.73955364006386</ele>
        <time>2026-07-12T05:59:48.682Z</time>
        <extensions>
          <gpxtpx:TrackPointExtension>
            <gpxtpx:hr>149</gpxtpx:hr>
            <gpxtpx:cad>85</gpxtpx:cad>
          </gpxtpx:TrackPointExtension>
          <gpxpx:PowerExtension>
            <gpxpx:PowerInWatts>387</gpxpx:PowerInWatts>
          </gpxpx:PowerExtension>
        </extensions>
      </trkpt>
      <trkpt lat="41.561918" lon="1.881527">
        <ele>89.98321979761866</ele>
        <time>2026-07-12T05:59:49.487Z</time>
        <extensions>
          <gpxtpx:TrackPointExtension>
            <gpxtpx:hr>149</gpxtpx:hr>
            <gpxtpx:cad>85</gpxtpx:cad>
          </gpxtpx:TrackPointExtension>
          <gpxpx:PowerExtension>
            <gpxpx:PowerInWatts>386</gpxpx:PowerInWatts>
          </gpxpx:PowerExtension>
        </extensions>
      </trkpt>
      <trkpt lat="41.561889" lon="1.881519">
        <ele>90.5996329238369</ele>
        <time>2026-07-12T05:59:50.292Z</time>
        <extensions>
          <gpxtpx:TrackPointExtension>
            <gpxtpx:hr>149</gpxtpx:hr>
            <gpxtpx:cad>85</gpxtpx:cad>
          </gpxtpx:TrackPointExtension>
          <gpxpx:PowerExtension>
            <gpxpx:PowerInWatts>386</gpxpx:PowerInWatts>
          </gpxpx:PowerExtension>
        </extensions>
      </trkpt>
      <trkpt lat="41.561856" lon="1.88151">
        <ele>91.58223723545515</ele>
        <time>2026-07-12T05:59:51.098Z</time>
        <extensions>
          <gpxtpx:TrackPointExtension>
            <gpxtpx:hr>150</gpxtpx:hr>
            <gpxtpx:cad>86</gpxtpx:cad>
          </gpxtpx:TrackPointExtension>
          <gpxpx:PowerExtension>
            <gpxpx:PowerInWatts>386</gpxpx:PowerInWatts>
          </gpxpx:PowerExtension>
        </extensions>
      </trkpt>
      <trkpt lat="41.561835" lon="1.881507">
        <ele>92.20450892913786</ele>
        <time>2026-07-12T05:59:51.903Z</time>
        <extensions>
          <gpxtpx:TrackPointExtension>
            <gpxtpx:hr>150</gpxtpx:hr>
            <gpxtpx:cad>86</gpxtpx:cad>
          </gpxtpx:TrackPointExtension>
          <gpxpx:PowerExtension>
            <gpxpx:PowerInWatts>388</gpxpx:PowerInWatts>
          </gpxpx:PowerExtension>
        </extensions>
      </trkpt>
      <trkpt lat="41.561801" lon="1.881497">
        <ele>92.94325422932181</ele>
        <time>2026-07-12T05:59:52.709Z</time>
        <extensions>
          <gpxtpx:TrackPointExtension>
            <gpxtpx:hr>150</gpxtpx:hr>
            <gpxtpx:cad>86</gpxtpx:cad>
          </gpxtpx:TrackPointExtension>
          <gpxpx:PowerExtension>
            <gpxpx:PowerInWatts>389</gpxpx:PowerInWatts>
          </gpxpx:PowerExtension>
        </extensions>
      </trkpt>
      <trkpt lat="41.561777" lon="1.881486">
        <ele>93.17865893289252</ele>
        <time>2026-07-12T05:59:53.514Z</time>
        <extensions>
          <gpxtpx:TrackPointExtension>
            <gpxtpx:hr>150</gpxtpx:hr>
            <gpxtpx:cad>86</gpxtpx:cad>
          </gpxtpx:TrackPointExtension>
          <gpxpx:PowerExtension>
            <gpxpx:PowerInWatts>391</gpxpx:PowerInWatts>
          </gpxpx:PowerExtension>
        </extensions>
      </trkpt>
      <trkpt lat="41.561752" lon="1.881478">
        <ele>93.33044001927907</ele>
        <time>2026-07-12T05:59:54.319Z</time>
        <extensions>
          <gpxtpx:TrackPointExtension>
            <gpxtpx:hr>151</gpxtpx:hr>
            <gpxtpx:cad>86</gpxtpx:cad>
          </gpxtpx:TrackPointExtension>
          <gpxpx:PowerExtension>
            <gpxpx:PowerInWatts>400</gpxpx:PowerInWatts>
          </gpxpx:PowerExtension>
        </extensions>
      </trkpt>
      <trkpt lat="41.561726" lon="1.881467">
        <ele>93.24937546260522</ele>
        <time>2026-07-12T05:59:55.125Z</time>
        <extensions>
          <gpxtpx:TrackPointExtension>
            <gpxtpx:hr>151</gpxtpx:hr>
            <gpxtpx:cad>85</gpxtpx:cad>
          </gpxtpx:TrackPointExtension>
          <gpxpx:PowerExtension>
            <gpxpx:PowerInWatts>407</gpxpx:PowerInWatts>
          </gpxpx:PowerExtension>
        </extensions>
      </trkpt>
      <trkpt lat="41.561703" lon="1.881466">
        <ele>93.6020244914866</ele>
        <time>2026-07-12T05:59:55.931Z</time>
        <extensions>
          <gpxtpx:TrackPointExtension>
            <gpxtpx:hr>152</gpxtpx:hr>
            <gpxtpx:cad>84</gpxtpx:cad>
          </gpxtpx:TrackPointExtension>
          <gpxpx:PowerExtension>
            <gpxpx:PowerInWatts>414</gpxpx:PowerInWatts>
          </gpxpx:PowerExtension>
        </extensions>
      </trkpt>
      <trkpt lat="41.56167" lon="1.881459">
        <ele>93.72984162308613</ele>
        <time>2026-07-12T05:59:56.737Z</time>
        <extensions>
          <gpxtpx:TrackPointExtension>
            <gpxtpx:hr>152</gpxtpx:hr>
            <gpxtpx:cad>84</gpxtpx:cad>
          </gpxtpx:TrackPointExtension>
          <gpxpx:PowerExtension>
            <gpxpx:PowerInWatts>417</gpxpx:PowerInWatts>
          </gpxpx:PowerExtension>
        </extensions>
      </trkpt>
      <trkpt lat="41.561643" lon="1.881452">
        <ele>93.66754544627769</ele>
        <time>2026-07-12T05:59:57.542Z</time>
        <extensions>
          <gpxtpx:TrackPointExtension>
            <gpxtpx:hr>152</gpxtpx:hr>
            <gpxtpx:cad>84</gpxtpx:cad>
          </gpxtpx:TrackPointExtension>
          <gpxpx:PowerExtension>
            <gpxpx:PowerInWatts>419</gpxpx:PowerInWatts>
          </gpxpx:PowerExtension>
        </extensions>
      </trkpt>
      <trkpt lat="41.561609" lon="1.881447">
        <ele>93.71964407114379</ele>
        <time>2026-07-12T05:59:58.347Z</time>
        <extensions>
          <gpxtpx:TrackPointExtension>
            <gpxtpx:hr>153</gpxtpx:hr>
            <gpxtpx:cad>84</gpxtpx:cad>
          </gpxtpx:TrackPointExtension>
          <gpxpx:PowerExtension>
            <gpxpx:PowerInWatts>421</gpxpx:PowerInWatts>
          </gpxpx:PowerExtension>
        </extensions>
      </trkpt>
      <trkpt lat="41.561581" lon="1.881439">
        <ele>93.50558324133273</ele>
        <time>2026-07-12T05:59:59.153Z</time>
        <extensions>
          <gpxtpx:TrackPointExtension>
            <gpxtpx:hr>153</gpxtpx:hr>
            <gpxtpx:cad>84</gpxtpx:cad>
          </gpxtpx:TrackPointExtension>
          <gpxpx:PowerExtension>
            <gpxpx:PowerInWatts>423</gpxpx:PowerInWatts>
          </gpxpx:PowerExtension>
        </extensions>
      </trkpt>
      <trkpt lat="41.56155" lon="1.881431">
        <ele>93.33990064805985</ele>
        <time>2026-07-12T05:59:59.958Z</time>
        <extensions>
          <gpxtpx:TrackPointExtension>
            <gpxtpx:hr>154</gpxtpx:hr>
            <gpxtpx:cad>84</gpxtpx:cad>
          </gpxtpx:TrackPointExtension>
          <gpxpx:PowerExtension>
            <gpxpx:PowerInWatts>426</gpxpx:PowerInWatts>
          </gpxpx:PowerExtension>
        </extensions>
      </trkpt>
      <trkpt lat="41.561522" lon="1.881421">
        <ele>93.01739206378222</ele>
        <time>2026-07-12T06:00:00.764Z</time>
        <extensions>
          <gpxtpx:TrackPointExtension>
            <gpxtpx:hr>154</gpxtpx:hr>
            <gpxtpx:cad>84</gpxtpx:cad>
          </gpxtpx:TrackPointExtension>
          <gpxpx:PowerExtension>
            <gpxpx:PowerInWatts>429</gpxpx:PowerInWatts>
          </gpxpx:PowerExtension>
        </extensions>
      </trkpt>
      <trkpt lat="41.5615" lon="1.881418">
        <ele>93.30922065867495</ele>
        <time>2026-07-12T06:00:01.569Z</time>
        <extensions>
          <gpxtpx:TrackPointExtension>
            <gpxtpx:hr>154</gpxtpx:hr>
            <gpxtpx:cad>84</gpxtpx:cad>
          </gpxtpx:TrackPointExtension>
          <gpxpx:PowerExtension>
            <gpxpx:PowerInWatts>431</gpxpx:PowerInWatts>
          </gpxpx:PowerExtension>
        </extensions>
      </trkpt>
      <trkpt lat="41.56147" lon="1.881408">
        <ele>93.44742423883261</ele>
        <time>2026-07-12T06:00:02.375Z</time>
        <extensions>
          <gpxtpx:TrackPointExtension>
            <gpxtpx:hr>155</gpxtpx:hr>
            <gpxtpx:cad>85</gpxtpx:cad>
          </gpxtpx:TrackPointExtension>
          <gpxpx:PowerExtension>
            <gpxpx:PowerInWatts>432</gpxpx:PowerInWatts>
          </gpxpx:PowerExtension>
        </extensions>
      </trkpt>
      <trkpt lat="41.561446" lon="1.881398">
        <ele>93.8394735814658</ele>
        <time>2026-07-12T06:00:03.180Z</time>
        <extensions>
          <gpxtpx:TrackPointExtension>
            <gpxtpx:hr>155</gpxtpx:hr>
            <gpxtpx:cad>86</gpxtpx:cad>
          </gpxtpx:TrackPointExtension>
          <gpxpx:PowerExtension>
            <gpxpx:PowerInWatts>431</gpxpx:PowerInWatts>
          </gpxpx:PowerExtension>
        </extensions>
      </trkpt>
      <trkpt lat="41.561418" lon="1.881392">
        <ele>94.37404667949546</ele>
        <time>2026-07-12T06:00:03.985Z</time>
        <extensions>
          <gpxtpx:TrackPointExtension>
            <gpxtpx:hr>156</gpxtpx:hr>
            <gpxtpx:cad>86</gpxtpx:cad>
          </gpxtpx:TrackPointExtension>
          <gpxpx:PowerExtension>
            <gpxpx:PowerInWatts>429</gpxpx:PowerInWatts>
          </gpxpx:PowerExtension>
        </extensions>
      </trkpt>
      <trkpt lat="41.561392" lon="1.881382">
        <ele>94.727011274789</ele>
        <time>2026-07-12T06:00:04.792Z</time>
        <extensions>
          <gpxtpx:TrackPointExtension>
            <gpxtpx:hr>156</gpxtpx:hr>
            <gpxtpx:cad>86</gpxtpx:cad>
          </gpxtpx:TrackPointExtension>
          <gpxpx:PowerExtension>
            <gpxpx:PowerInWatts>431</gpxpx:PowerInWatts>
          </gpxpx:PowerExtension>
        </extensions>
      </trkpt>
      <trkpt lat="41.561364" lon="1.881374">
        <ele>95.15828547980477</ele>
        <time>2026-07-12T06:00:05.597Z</time>
        <extensions>
          <gpxtpx:TrackPointExtension>
            <gpxtpx:hr>157</gpxtpx:hr>
            <gpxtpx:cad>85</gpxtpx:cad>
          </gpxtpx:TrackPointExtension>
          <gpxpx:PowerExtension>
            <gpxpx:PowerInWatts>437</gpxpx:PowerInWatts>
          </gpxpx:PowerExtension>
        </extensions>
      </trkpt>
      <trkpt lat="41.561331" lon="1.88136">
        <ele>95.44348946210698</ele>
        <time>2026-07-12T06:00:06.403Z</time>
        <extensions>
          <gpxtpx:TrackPointExtension>
            <gpxtpx:hr>157</gpxtpx:hr>
            <gpxtpx:cad>85</gpxtpx:cad>
          </gpxtpx:TrackPointExtension>
          <gpxpx:PowerExtension>
            <gpxpx:PowerInWatts>436</gpxpx:PowerInWatts>
          </gpxpx:PowerExtension>
        </extensions>
      </trkpt>
      <trkpt lat="41.561308" lon="1.881351">
        <ele>95.6009556872099</ele>
        <time>2026-07-12T06:00:07.208Z</time>
        <extensions>
          <gpxtpx:TrackPointExtension>
            <gpxtpx:hr>157</gpxtpx:hr>
            <gpxtpx:cad>85</gpxtpx:cad>
          </gpxtpx:TrackPointExtension>
          <gpxpx:PowerExtension>
            <gpxpx:PowerInWatts>433</gpxpx:PowerInWatts>
          </gpxpx:PowerExtension>
        </extensions>
      </trkpt>
      <trkpt lat="41.561279" lon="1.881342">
        <ele>95.81944044756321</ele>
        <time>2026-07-12T06:00:08.013Z</time>
        <extensions>
          <gpxtpx:TrackPointExtension>
            <gpxtpx:hr>157</gpxtpx:hr>
            <gpxtpx:cad>85</gpxtpx:cad>
          </gpxtpx:TrackPointExtension>
          <gpxpx:PowerExtension>
            <gpxpx:PowerInWatts>430</gpxpx:PowerInWatts>
          </gpxpx:PowerExtension>
        </extensions>
      </trkpt>
      <trkpt lat="41.561251" lon="1.881331">
        <ele>95.71896668935895</ele>
        <time>2026-07-12T06:00:08.819Z</time>
        <extensions>
          <gpxtpx:TrackPointExtension>
            <gpxtpx:hr>158</gpxtpx:hr>
            <gpxtpx:cad>85</gpxtpx:cad>
          </gpxtpx:TrackPointExtension>
          <gpxpx:PowerExtension>
            <gpxpx:PowerInWatts>429</gpxpx:PowerInWatts>
          </gpxpx:PowerExtension>
        </extensions>
      </trkpt>
      <trkpt lat="41.561221" lon="1.881324">
        <ele>95.51427790923582</ele>
        <time>2026-07-12T06:00:09.624Z</time>
        <extensions>
          <gpxtpx:TrackPointExtension>
            <gpxtpx:hr>158</gpxtpx:hr>
            <gpxtpx:cad>86</gpxtpx:cad>
          </gpxtpx:TrackPointExtension>
          <gpxpx:PowerExtension>
            <gpxpx:PowerInWatts>425</gpxpx:PowerInWatts>
          </gpxpx:PowerExtension>
        </extensions>
      </trkpt>
      <trkpt lat="41.561192" lon="1.881312">
        <ele>95.09609967000029</ele>
        <time>2026-07-12T06:00:10.430Z</time>
        <extensions>
          <gpxtpx:TrackPointExtension>
            <gpxtpx:hr>158</gpxtpx:hr>
            <gpxtpx:cad>85</gpxtpx:cad>
          </gpxtpx:TrackPointExtension>
          <gpxpx:PowerExtension>
            <gpxpx:PowerInWatts>423</gpxpx:PowerInWatts>
          </gpxpx:PowerExtension>
        </extensions>
      </trkpt>
      <trkpt lat="41.56117" lon="1.881306">
        <ele>94.91119114228033</ele>
        <time>2026-07-12T06:00:11.235Z</time>
        <extensions>
          <gpxtpx:TrackPointExtension>
            <gpxtpx:hr>158</gpxtpx:hr>
            <gpxtpx:cad>85</gpxtpx:cad>
          </gpxtpx:TrackPointExtension>
          <gpxpx:PowerExtension>
            <gpxpx:PowerInWatts>421</gpxpx:PowerInWatts>
          </gpxpx:PowerExtension>
        </extensions>
      </trkpt>
      <trkpt lat="41.561135" lon="1.881298">
        <ele>94.6836039272844</ele>
        <time>2026-07-12T06:00:12.040Z</time>
        <extensions>
          <gpxtpx:TrackPointExtension>
            <gpxtpx:hr>158</gpxtpx:hr>
            <gpxtpx:cad>85</gpxtpx:cad>
          </gpxtpx:TrackPointExtension>
          <gpxpx:PowerExtension>
            <gpxpx:PowerInWatts>420</gpxpx:PowerInWatts>
          </gpxpx:PowerExtension>
        </extensions>
      </trkpt>
      <trkpt lat="41.561115" lon="1.881297">
        <ele>94.84657963172364</ele>
        <time>2026-07-12T06:00:12.846Z</time>
        <extensions>
          <gpxtpx:TrackPointExtension>
            <gpxtpx:hr>158</gpxtpx:hr>
            <gpxtpx:cad>86</gpxtpx:cad>
          </gpxtpx:TrackPointExtension>
          <gpxpx:PowerExtension>
            <gpxpx:PowerInWatts>414</gpxpx:PowerInWatts>
          </gpxpx:PowerExtension>
        </extensions>
      </trkpt>
      <trkpt lat="41.561084" lon="1.881293">
        <ele>95.01197605293093</ele>
        <time>2026-07-12T06:00:13.651Z</time>
        <extensions>
          <gpxtpx:TrackPointExtension>
            <gpxtpx:hr>158</gpxtpx:hr>
            <gpxtpx:cad>86</gpxtpx:cad>
          </gpxtpx:TrackPointExtension>
          <gpxpx:PowerExtension>
            <gpxpx:PowerInWatts>410</gpxpx:PowerInWatts>
          </gpxpx:PowerExtension>
        </extensions>
      </trkpt>
      <trkpt lat="41.561057" lon="1.881281">
        <ele>94.74803546349199</ele>
        <time>2026-07-12T06:00:14.458Z</time>
        <extensions>
          <gpxtpx:TrackPointExtension>
            <gpxtpx:hr>158</gpxtpx:hr>
            <gpxtpx:cad>86</gpxtpx:cad>
          </gpxtpx:TrackPointExtension>
          <gpxpx:PowerExtension>
            <gpxpx:PowerInWatts>406</gpxpx:PowerInWatts>
          </gpxpx:PowerExtension>
        </extensions>
      </trkpt>
      <trkpt lat="41.561033" lon="1.881277">
        <ele>94.80140232444575</ele>
        <time>2026-07-12T06:00:15.263Z</time>
        <extensions>
          <gpxtpx:TrackPointExtension>
            <gpxtpx:hr>159</gpxtpx:hr>
            <gpxtpx:cad>86</gpxtpx:cad>
          </gpxtpx:TrackPointExtension>
          <gpxpx:PowerExtension>
            <gpxpx:PowerInWatts>403</gpxpx:PowerInWatts>
          </gpxpx:PowerExtension>
        </extensions>
      </trkpt>
      <trkpt lat="41.561" lon="1.881267">
        <ele>94.62059061166434</ele>
        <time>2026-07-12T06:00:16.069Z</time>
        <extensions>
          <gpxtpx:TrackPointExtension>
            <gpxtpx:hr>159</gpxtpx:hr>
            <gpxtpx:cad>85</gpxtpx:cad>
          </gpxtpx:TrackPointExtension>
          <gpxpx:PowerExtension>
            <gpxpx:PowerInWatts>401</gpxpx:PowerInWatts>
          </gpxpx:PowerExtension>
        </extensions>
      </trkpt>
      <trkpt lat="41.560975" lon="1.881262">
        <ele>94.54309013112865</ele>
        <time>2026-07-12T06:00:16.874Z</time>
        <extensions>
          <gpxtpx:TrackPointExtension>
            <gpxtpx:hr>159</gpxtpx:hr>
            <gpxtpx:cad>84</gpxtpx:cad>
          </gpxtpx:TrackPointExtension>
          <gpxpx:PowerExtension>
            <gpxpx:PowerInWatts>400</gpxpx:PowerInWatts>
          </gpxpx:PowerExtension>
        </extensions>
      </trkpt>
      <trkpt lat="41.560942" lon="1.881256">
        <ele>94.47788282389278</ele>
        <time>2026-07-12T06:00:17.679Z</time>
        <extensions>
          <gpxtpx:TrackPointExtension>
            <gpxtpx:hr>159</gpxtpx:hr>
            <gpxtpx:cad>84</gpxtpx:cad>
          </gpxtpx:TrackPointExtension>
          <gpxpx:PowerExtension>
            <gpxpx:PowerInWatts>400</gpxpx:PowerInWatts>
          </gpxpx:PowerExtension>
        </extensions>
      </trkpt>
      <trkpt lat="41.560915" lon="1.881254">
        <ele>94.56951293874445</ele>
        <time>2026-07-12T06:00:18.485Z</time>
        <extensions>
          <gpxtpx:TrackPointExtension>
            <gpxtpx:hr>158</gpxtpx:hr>
            <gpxtpx:cad>84</gpxtpx:cad>
          </gpxtpx:TrackPointExtension>
          <gpxpx:PowerExtension>
            <gpxpx:PowerInWatts>401</gpxpx:PowerInWatts>
          </gpxpx:PowerExtension>
        </extensions>
      </trkpt>
      <trkpt lat="41.560884" lon="1.881246">
        <ele>94.40932744228708</ele>
        <time>2026-07-12T06:00:19.290Z</time>
        <extensions>
          <gpxtpx:TrackPointExtension>
            <gpxtpx:hr>159</gpxtpx:hr>
            <gpxtpx:cad>84</gpxtpx:cad>
          </gpxtpx:TrackPointExtension>
          <gpxpx:PowerExtension>
            <gpxpx:PowerInWatts>401</gpxpx:PowerInWatts>
          </gpxpx:PowerExtension>
        </extensions>
      </trkpt>
      <trkpt lat="41.560855" lon="1.881241">
        <ele>94.32504766501987</ele>
        <time>2026-07-12T06:00:20.096Z</time>
        <extensions>
          <gpxtpx:TrackPointExtension>
            <gpxtpx:hr>159</gpxtpx:hr>
            <gpxtpx:cad>85</gpxtpx:cad>
          </gpxtpx:TrackPointExtension>
          <gpxpx:PowerExtension>
            <gpxpx:PowerInWatts>398</gpxpx:PowerInWatts>
          </gpxpx:PowerExtension>
        </extensions>
      </trkpt>
      <trkpt lat="41.56083" lon="1.881235">
        <ele>94.22779245874102</ele>
        <time>2026-07-12T06:00:20.901Z</time>
        <extensions>
          <gpxtpx:TrackPointExtension>
            <gpxtpx:hr>159</gpxtpx:hr>
            <gpxtpx:cad>85</gpxtpx:cad>
          </gpxtpx:TrackPointExtension>
          <gpxpx:PowerExtension>
            <gpxpx:PowerInWatts>395</gpxpx:PowerInWatts>
          </gpxpx:PowerExtension>
        </extensions>
      </trkpt>
      <trkpt lat="41.560792" lon="1.881231">
        <ele>94.35479851989035</ele>
        <time>2026-07-12T06:00:21.706Z</time>
        <extensions>
          <gpxtpx:TrackPointExtension>
            <gpxtpx:hr>159</gpxtpx:hr>
            <gpxtpx:cad>85</gpxtpx:cad>
          </gpxtpx:TrackPointExtension>
          <gpxpx:PowerExtension>
            <gpxpx:PowerInWatts>394</gpxpx:PowerInWatts>
          </gpxpx:PowerExtension>
        </extensions>
      </trkpt>
      <trkpt lat="41.560768" lon="1.881226">
        <ele>94.41168843280482</ele>
        <time>2026-07-12T06:00:22.512Z</time>
        <extensions>
          <gpxtpx:TrackPointExtension>
            <gpxtpx:hr>159</gpxtpx:hr>
            <gpxtpx:cad>85</gpxtpx:cad>
          </gpxtpx:TrackPointExtension>
          <gpxpx:PowerExtension>
            <gpxpx:PowerInWatts>393</gpxpx:PowerInWatts>
          </gpxpx:PowerExtension>
        </extensions>
      </trkpt>
      <trkpt lat="41.560736" lon="1.88122">
        <ele>94.48295286926907</ele>
        <time>2026-07-12T06:00:23.317Z</time>
        <extensions>
          <gpxtpx:TrackPointExtension>
            <gpxtpx:hr>159</gpxtpx:hr>
            <gpxtpx:cad>85</gpxtpx:cad>
          </gpxtpx:TrackPointExtension>
          <gpxpx:PowerExtension>
            <gpxpx:PowerInWatts>392</gpxpx:PowerInWatts>
          </gpxpx:PowerExtension>
        </extensions>
      </trkpt>
      <trkpt lat="41.560707" lon="1.881215">
        <ele>94.52769563443003</ele>
        <time>2026-07-12T06:00:24.124Z</time>
        <extensions>
          <gpxtpx:TrackPointExtension>
            <gpxtpx:hr>160</gpxtpx:hr>
            <gpxtpx:cad>85</gpxtpx:cad>
          </gpxtpx:TrackPointExtension>
          <gpxpx:PowerExtension>
            <gpxpx:PowerInWatts>390</gpxpx:PowerInWatts>
          </gpxpx:PowerExtension>
        </extensions>
      </trkpt>
      <trkpt lat="41.560679" lon="1.881214">
        <ele>94.60947246361015</ele>
        <time>2026-07-12T06:00:24.929Z</time>
        <extensions>
          <gpxtpx:TrackPointExtension>
            <gpxtpx:hr>159</gpxtpx:hr>
            <gpxtpx:cad>85</gpxtpx:cad>
          </gpxtpx:TrackPointExtension>
          <gpxpx:PowerExtension>
            <gpxpx:PowerInWatts>386</gpxpx:PowerInWatts>
          </gpxpx:PowerExtension>
        </extensions>
      </trkpt>
      <trkpt lat="41.560643" lon="1.881208">
        <ele>94.67065970542589</ele>
        <time>2026-07-12T06:00:25.734Z</time>
        <extensions>
          <gpxtpx:TrackPointExtension>
            <gpxtpx:hr>159</gpxtpx:hr>
            <gpxtpx:cad>85</gpxtpx:cad>
          </gpxtpx:TrackPointExtension>
          <gpxpx:PowerExtension>
            <gpxpx:PowerInWatts>383</gpxpx:PowerInWatts>
          </gpxpx:PowerExtension>
        </extensions>
      </trkpt>
      <trkpt lat="41.560622" lon="1.881207">
        <ele>94.73080963822801</ele>
        <time>2026-07-12T06:00:26.540Z</time>
        <extensions>
          <gpxtpx:TrackPointExtension>
            <gpxtpx:hr>159</gpxtpx:hr>
            <gpxtpx:cad>85</gpxtpx:cad>
          </gpxtpx:TrackPointExtension>
          <gpxpx:PowerExtension>
            <gpxpx:PowerInWatts>381</gpxpx:PowerInWatts>
          </gpxpx:PowerExtension>
        </extensions>
      </trkpt>
      <trkpt lat="41.560595" lon="1.881202">
        <ele>94.7875038338009</ele>
        <time>2026-07-12T06:00:27.345Z</time>
        <extensions>
          <gpxtpx:TrackPointExtension>
            <gpxtpx:hr>159</gpxtpx:hr>
            <gpxtpx:cad>85</gpxtpx:cad>
          </gpxtpx:TrackPointExtension>
          <gpxpx:PowerExtension>
            <gpxpx:PowerInWatts>380</gpxpx:PowerInWatts>
          </gpxpx:PowerExtension>
        </extensions>
      </trkpt>
      <trkpt lat="41.560564" lon="1.881198">
        <ele>94.86930983541852</ele>
        <time>2026-07-12T06:00:28.151Z</time>
        <extensions>
          <gpxtpx:TrackPointExtension>
            <gpxtpx:hr>160</gpxtpx:hr>
            <gpxtpx:cad>85</gpxtpx:cad>
          </gpxtpx:TrackPointExtension>
          <gpxpx:PowerExtension>
            <gpxpx:PowerInWatts>379</gpxpx:PowerInWatts>
          </gpxpx:PowerExtension>
        </extensions>
      </trkpt>
      <trkpt lat="41.560536" lon="1.881196">
        <ele>94.95766808520922</ele>
        <time>2026-07-12T06:00:28.956Z</time>
        <extensions>
          <gpxtpx:TrackPointExtension>
            <gpxtpx:hr>159</gpxtpx:hr>
            <gpxtpx:cad>84</gpxtpx:cad>
          </gpxtpx:TrackPointExtension>
          <gpxpx:PowerExtension>
            <gpxpx:PowerInWatts>377</gpxpx:PowerInWatts>
          </gpxpx:PowerExtension>
        </extensions>
      </trkpt>
      <trkpt lat="41.560508" lon="1.881191">
        <ele>95.01533524341937</ele>
        <time>2026-07-12T06:00:29.761Z</time>
        <extensions>
          <gpxtpx:TrackPointExtension>
            <gpxtpx:hr>159</gpxtpx:hr>
            <gpxtpx:cad>84</gpxtpx:cad>
          </gpxtpx:TrackPointExtension>
          <gpxpx:PowerExtension>
            <gpxpx:PowerInWatts>375</gpxpx:PowerInWatts>
          </gpxpx:PowerExtension>
        </extensions>
      </trkpt>
      <trkpt lat="41.560483" lon="1.88119">
        <ele>95.11670836268715</ele>
        <time>2026-07-12T06:00:30.567Z</time>
        <extensions>
          <gpxtpx:TrackPointExtension>
            <gpxtpx:hr>159</gpxtpx:hr>
            <gpxtpx:cad>84</gpxtpx:cad>
          </gpxtpx:TrackPointExtension>
          <gpxpx:PowerExtension>
            <gpxpx:PowerInWatts>374</gpxpx:PowerInWatts>
          </gpxpx:PowerExtension>
        </extensions>
      </trkpt>
      <trkpt lat="41.560449" lon="1.881186">
        <ele>95.27151821045491</ele>
        <time>2026-07-12T06:00:31.372Z</time>
        <extensions>
          <gpxtpx:TrackPointExtension>
            <gpxtpx:hr>159</gpxtpx:hr>
            <gpxtpx:cad>84</gpxtpx:cad>
          </gpxtpx:TrackPointExtension>
          <gpxpx:PowerExtension>
            <gpxpx:PowerInWatts>373</gpxpx:PowerInWatts>
          </gpxpx:PowerExtension>
        </extensions>
      </trkpt>
      <trkpt lat="41.560423" lon="1.881182">
        <ele>95.36979847613922</ele>
        <time>2026-07-12T06:00:32.178Z</time>
        <extensions>
          <gpxtpx:TrackPointExtension>
            <gpxtpx:hr>159</gpxtpx:hr>
            <gpxtpx:cad>84</gpxtpx:cad>
          </gpxtpx:TrackPointExtension>
          <gpxpx:PowerExtension>
            <gpxpx:PowerInWatts>371</gpxpx:PowerInWatts>
          </gpxpx:PowerExtension>
        </extensions>
      </trkpt>
      <trkpt lat="41.560394" lon="1.88118">
        <ele>95.50395883763628</ele>
        <time>2026-07-12T06:00:32.983Z</time>
        <extensions>
          <gpxtpx:TrackPointExtension>
            <gpxtpx:hr>159</gpxtpx:hr>
            <gpxtpx:cad>84</gpxtpx:cad>
          </gpxtpx:TrackPointExtension>
          <gpxpx:PowerExtension>
            <gpxpx:PowerInWatts>369</gpxpx:PowerInWatts>
          </gpxpx:PowerExtension>
        </extensions>
      </trkpt>
      <trkpt lat="41.560364" lon="1.881176">
        <ele>95.60752399538698</ele>
        <time>2026-07-12T06:00:33.790Z</time>
        <extensions>
          <gpxtpx:TrackPointExtension>
            <gpxtpx:hr>158</gpxtpx:hr>
            <gpxtpx:cad>84</gpxtpx:cad>
          </gpxtpx:TrackPointExtension>
          <gpxpx:PowerExtension>
            <gpxpx:PowerInWatts>368</gpxpx:PowerInWatts>
          </gpxpx:PowerExtension>
        </extensions>
      </trkpt>
      <trkpt lat="41.560338" lon="1.881177">
        <ele>95.62735826268727</ele>
        <time>2026-07-12T06:00:34.595Z</time>
        <extensions>
          <gpxtpx:TrackPointExtension>
            <gpxtpx:hr>158</gpxtpx:hr>
            <gpxtpx:cad>84</gpxtpx:cad>
          </gpxtpx:TrackPointExtension>
          <gpxpx:PowerExtension>
            <gpxpx:PowerInWatts>367</gpxpx:PowerInWatts>
          </gpxpx:PowerExtension>
        </extensions>
      </trkpt>
      <trkpt lat="41.560304" lon="1.881171">
        <ele>95.52542449872273</ele>
        <time>2026-07-12T06:00:35.400Z</time>
        <extensions>
          <gpxtpx:TrackPointExtension>
            <gpxtpx:hr>158</gpxtpx:hr>
            <gpxtpx:cad>84</gpxtpx:cad>
          </gpxtpx:TrackPointExtension>
          <gpxpx:PowerExtension>
            <gpxpx:PowerInWatts>365</gpxpx:PowerInWatts>
          </gpxpx:PowerExtension>
        </extensions>
      </trkpt>
      <trkpt lat="41.560278" lon="1.881171">
        <ele>95.51909893286211</ele>
        <time>2026-07-12T06:00:36.206Z</time>
        <extensions>
          <gpxtpx:TrackPointExtension>
            <gpxtpx:hr>158</gpxtpx:hr>
            <gpxtpx:cad>84</gpxtpx:cad>
          </gpxtpx:TrackPointExtension>
          <gpxpx:PowerExtension>
            <gpxpx:PowerInWatts>362</gpxpx:PowerInWatts>
          </gpxpx:PowerExtension>
        </extensions>
      </trkpt>
      <trkpt lat="41.560244" lon="1.881169">
        <ele>95.47960642057296</ele>
        <time>2026-07-12T06:00:37.011Z</time>
        <extensions>
          <gpxtpx:TrackPointExtension>
            <gpxtpx:hr>158</gpxtpx:hr>
            <gpxtpx:cad>85</gpxtpx:cad>
          </gpxtpx:TrackPointExtension>
          <gpxpx:PowerExtension>
            <gpxpx:PowerInWatts>359</gpxpx:PowerInWatts>
          </gpxpx:PowerExtension>
        </extensions>
      </trkpt>
      <trkpt lat="41.560216" lon="1.881164">
        <ele>95.43584057621837</ele>
        <time>2026-07-12T06:00:37.817Z</time>
        <extensions>
          <gpxtpx:TrackPointExtension>
            <gpxtpx:hr>158</gpxtpx:hr>
            <gpxtpx:cad>86</gpxtpx:cad>
          </gpxtpx:TrackPointExtension>
          <gpxpx:PowerExtension>
            <gpxpx:PowerInWatts>358</gpxpx:PowerInWatts>
          </gpxpx:PowerExtension>
        </extensions>
      </trkpt>
      <trkpt lat="41.560189" lon="1.881165">
        <ele>95.50784783755466</ele>
        <time>2026-07-12T06:00:38.622Z</time>
        <extensions>
          <gpxtpx:TrackPointExtension>
            <gpxtpx:hr>157</gpxtpx:hr>
            <gpxtpx:cad>86</gpxtpx:cad>
          </gpxtpx:TrackPointExtension>
          <gpxpx:PowerExtension>
            <gpxpx:PowerInWatts>360</gpxpx:PowerInWatts>
          </gpxpx:PowerExtension>
        </extensions>
      </trkpt>
      <trkpt lat="41.560156" lon="1.881164">
        <ele>95.56081540179426</ele>
        <time>2026-07-12T06:00:39.427Z</time>
        <extensions>
          <gpxtpx:TrackPointExtension>
            <gpxtpx:hr>157</gpxtpx:hr>
            <gpxtpx:cad>85</gpxtpx:cad>
          </gpxtpx:TrackPointExtension>
          <gpxpx:PowerExtension>
            <gpxpx:PowerInWatts>363</gpxpx:PowerInWatts>
          </gpxpx:PowerExtension>
        </extensions>
      </trkpt>
      <trkpt lat="41.560132" lon="1.881161">
        <ele>95.56289369030168</ele>
        <time>2026-07-12T06:00:40.233Z</time>
        <extensions>
          <gpxtpx:TrackPointExtension>
            <gpxtpx:hr>157</gpxtpx:hr>
            <gpxtpx:cad>84</gpxtpx:cad>
          </gpxtpx:TrackPointExtension>
          <gpxpx:PowerExtension>
            <gpxpx:PowerInWatts>364</gpxpx:PowerInWatts>
          </gpxpx:PowerExtension>
        </extensions>
      </trkpt>
      <trkpt lat="41.560105" lon="1.881161">
        <ele>95.61942720984871</ele>
        <time>2026-07-12T06:00:41.038Z</time>
        <extensions>
          <gpxtpx:TrackPointExtension>
            <gpxtpx:hr>157</gpxtpx:hr>
            <gpxtpx:cad>84</gpxtpx:cad>
          </gpxtpx:TrackPointExtension>
          <gpxpx:PowerExtension>
            <gpxpx:PowerInWatts>363</gpxpx:PowerInWatts>
          </gpxpx:PowerExtension>
        </extensions>
      </trkpt>
      <trkpt lat="41.560076" lon="1.881158">
        <ele>95.70716425824885</ele>
        <time>2026-07-12T06:00:41.844Z</time>
        <extensions>
          <gpxtpx:TrackPointExtension>
            <gpxtpx:hr>157</gpxtpx:hr>
            <gpxtpx:cad>84</gpxtpx:cad>
          </gpxtpx:TrackPointExtension>
          <gpxpx:PowerExtension>
            <gpxpx:PowerInWatts>363</gpxpx:PowerInWatts>
          </gpxpx:PowerExtension>
        </extensions>
      </trkpt>
      <trkpt lat="41.560051" lon="1.881159">
        <ele>95.84093766825833</ele>
        <time>2026-07-12T06:00:42.649Z</time>
        <extensions>
          <gpxtpx:TrackPointExtension>
            <gpxtpx:hr>157</gpxtpx:hr>
            <gpxtpx:cad>84</gpxtpx:cad>
          </gpxtpx:TrackPointExtension>
          <gpxpx:PowerExtension>
            <gpxpx:PowerInWatts>363</gpxpx:PowerInWatts>
          </gpxpx:PowerExtension>
        </extensions>
      </trkpt>
      <trkpt lat="41.560017" lon="1.881153">
        <ele>95.8991839814885</ele>
        <time>2026-07-12T06:00:43.455Z</time>
        <extensions>
          <gpxtpx:TrackPointExtension>
            <gpxtpx:hr>157</gpxtpx:hr>
            <gpxtpx:cad>84</gpxtpx:cad>
          </gpxtpx:TrackPointExtension>
          <gpxpx:PowerExtension>
            <gpxpx:PowerInWatts>363</gpxpx:PowerInWatts>
          </gpxpx:PowerExtension>
        </extensions>
      </trkpt>
      <trkpt lat="41.559991" lon="1.881151">
        <ele>95.98550084747474</ele>
        <time>2026-07-12T06:00:44.261Z</time>
        <extensions>
          <gpxtpx:TrackPointExtension>
            <gpxtpx:hr>157</gpxtpx:hr>
            <gpxtpx:cad>84</gpxtpx:cad>
          </gpxtpx:TrackPointExtension>
          <gpxpx:PowerExtension>
            <gpxpx:PowerInWatts>362</gpxpx:PowerInWatts>
          </gpxpx:PowerExtension>
        </extensions>
      </trkpt>
      <trkpt lat="41.559961" lon="1.881146">
        <ele>96.00754569996677</ele>
        <time>2026-07-12T06:00:45.066Z</time>
        <extensions>
          <gpxtpx:TrackPointExtension>
            <gpxtpx:hr>156</gpxtpx:hr>
            <gpxtpx:cad>84</gpxtpx:cad>
          </gpxtpx:TrackPointExtension>
          <gpxpx:PowerExtension>
            <gpxpx:PowerInWatts>363</gpxpx:PowerInWatts>
          </gpxpx:PowerExtension>
        </extensions>
      </trkpt>
      <trkpt lat="41.559927" lon="1.881142">
        <ele>96.03311951464578</ele>
        <time>2026-07-12T06:00:45.872Z</time>
        <extensions>
          <gpxtpx:TrackPointExtension>
            <gpxtpx:hr>156</gpxtpx:hr>
            <gpxtpx:cad>84</gpxtpx:cad>
          </gpxtpx:TrackPointExtension>
          <gpxpx:PowerExtension>
            <gpxpx:PowerInWatts>364</gpxpx:PowerInWatts>
          </gpxpx:PowerExtension>
        </extensions>
      </trkpt>
      <trkpt lat="41.5599" lon="1.88114">
        <ele>96.07509370831161</ele>
        <time>2026-07-12T06:00:46.677Z</time>
        <extensions>
          <gpxtpx:TrackPointExtension>
            <gpxtpx:hr>156</gpxtpx:hr>
            <gpxtpx:cad>84</gpxtpx:cad>
          </gpxtpx:TrackPointExtension>
          <gpxpx:PowerExtension>
            <gpxpx:PowerInWatts>364</gpxpx:PowerInWatts>
          </gpxpx:PowerExtension>
        </extensions>
      </trkpt>
      <trkpt lat="41.559867" lon="1.881137">
        <ele>96.11943622921123</ele>
        <time>2026-07-12T06:00:47.482Z</time>
        <extensions>
          <gpxtpx:TrackPointExtension>
            <gpxtpx:hr>155</gpxtpx:hr>
            <gpxtpx:cad>84</gpxtpx:cad>
          </gpxtpx:TrackPointExtension>
          <gpxpx:PowerExtension>
            <gpxpx:PowerInWatts>363</gpxpx:PowerInWatts>
          </gpxpx:PowerExtension>
        </extensions>
      </trkpt>
      <trkpt lat="41.559842" lon="1.881137">
        <ele>96.19171273771973</ele>
        <time>2026-07-12T06:00:48.288Z</time>
        <extensions>
          <gpxtpx:TrackPointExtension>
            <gpxtpx:hr>155</gpxtpx:hr>
            <gpxtpx:cad>85</gpxtpx:cad>
          </gpxtpx:TrackPointExtension>
          <gpxpx:PowerExtension>
            <gpxpx:PowerInWatts>361</gpxpx:PowerInWatts>
          </gpxpx:PowerExtension>
        </extensions>
      </trkpt>
      <trkpt lat="41.559811" lon="1.881136">
        <ele>96.27105756907446</ele>
        <time>2026-07-12T06:00:49.093Z</time>
        <extensions>
          <gpxtpx:TrackPointExtension>
            <gpxtpx:hr>155</gpxtpx:hr>
            <gpxtpx:cad>85</gpxtpx:cad>
          </gpxtpx:TrackPointExtension>
          <gpxpx:PowerExtension>
            <gpxpx:PowerInWatts>361</gpxpx:PowerInWatts>
          </gpxpx:PowerExtension>
        </extensions>
      </trkpt>
      <trkpt lat="41.55978" lon="1.881134">
        <ele>96.33301492834741</ele>
        <time>2026-07-12T06:00:49.899Z</time>
        <extensions>
          <gpxtpx:TrackPointExtension>
            <gpxtpx:hr>155</gpxtpx:hr>
            <gpxtpx:cad>85</gpxtpx:cad>
          </gpxtpx:TrackPointExtension>
          <gpxpx:PowerExtension>
            <gpxpx:PowerInWatts>360</gpxpx:PowerInWatts>
          </gpxpx:PowerExtension>
        </extensions>
      </trkpt>
      <trkpt lat="41.559755" lon="1.881132">
        <ele>96.3752400922727</ele>
        <time>2026-07-12T06:00:50.704Z</time>
        <extensions>
          <gpxtpx:TrackPointExtension>
            <gpxtpx:hr>155</gpxtpx:hr>
            <gpxtpx:cad>84</gpxtpx:cad>
          </gpxtpx:TrackPointExtension>
          <gpxpx:PowerExtension>
            <gpxpx:PowerInWatts>362</gpxpx:PowerInWatts>
          </gpxpx:PowerExtension>
        </extensions>
      </trkpt>
      <trkpt lat="41.559725" lon="1.881138">
        <ele>96.56942950158223</ele>
        <time>2026-07-12T06:00:51.510Z</time>
        <extensions>
          <gpxtpx:TrackPointExtension>
            <gpxtpx:hr>154</gpxtpx:hr>
            <gpxtpx:cad>84</gpxtpx:cad>
          </gpxtpx:TrackPointExtension>
          <gpxpx:PowerExtension>
            <gpxpx:PowerInWatts>363</gpxpx:PowerInWatts>
          </gpxpx:PowerExtension>
        </extensions>
      </trkpt>
      <trkpt lat="41.559697" lon="1.881134">
        <ele>96.58191470737258</ele>
        <time>2026-07-12T06:00:52.315Z</time>
        <extensions>
          <gpxtpx:TrackPointExtension>
            <gpxtpx:hr>155</gpxtpx:hr>
            <gpxtpx:cad>84</gpxtpx:cad>
          </gpxtpx:TrackPointExtension>
          <gpxpx:PowerExtension>
            <gpxpx:PowerInWatts>363</gpxpx:PowerInWatts>
          </gpxpx:PowerExtension>
        </extensions>
      </trkpt>
      <trkpt lat="41.559664" lon="1.88113">
        <ele>96.60561505556188</ele>
        <time>2026-07-12T06:00:53.121Z</time>
        <extensions>
          <gpxtpx:TrackPointExtension>
            <gpxtpx:hr>155</gpxtpx:hr>
            <gpxtpx:cad>84</gpxtpx:cad>
          </gpxtpx:TrackPointExtension>
          <gpxpx:PowerExtension>
            <gpxpx:PowerInWatts>363</gpxpx:PowerInWatts>
          </gpxpx:PowerExtension>
        </extensions>
      </trkpt>
      <trkpt lat="41.559632" lon="1.881127">
        <ele>96.64215098201561</ele>
        <time>2026-07-12T06:00:53.927Z</time>
        <extensions>
          <gpxtpx:TrackPointExtension>
            <gpxtpx:hr>154</gpxtpx:hr>
            <gpxtpx:cad>83</gpxtpx:cad>
          </gpxtpx:TrackPointExtension>
          <gpxpx:PowerExtension>
            <gpxpx:PowerInWatts>365</gpxpx:PowerInWatts>
          </gpxpx:PowerExtension>
        </extensions>
      </trkpt>
      <trkpt lat="41.559602" lon="1.881127">
        <ele>96.72676662313614</ele>
        <time>2026-07-12T06:00:54.732Z</time>
        <extensions>
          <gpxtpx:TrackPointExtension>
            <gpxtpx:hr>154</gpxtpx:hr>
            <gpxtpx:cad>83</gpxtpx:cad>
          </gpxtpx:TrackPointExtension>
          <gpxpx:PowerExtension>
            <gpxpx:PowerInWatts>365</gpxpx:PowerInWatts>
          </gpxpx:PowerExtension>
        </extensions>
      </trkpt>
      <trkpt lat="41.559574" lon="1.881128">
        <ele>96.83865640738338</ele>
        <time>2026-07-12T06:00:55.538Z</time>
        <extensions>
          <gpxtpx:TrackPointExtension>
            <gpxtpx:hr>154</gpxtpx:hr>
            <gpxtpx:cad>83</gpxtpx:cad>
          </gpxtpx:TrackPointExtension>
          <gpxpx:PowerExtension>
            <gpxpx:PowerInWatts>366</gpxpx:PowerInWatts>
          </gpxpx:PowerExtension>
        </extensions>
      </trkpt>
      <trkpt lat="41.559542" lon="1.881131">
        <ele>97.01300958708933</ele>
        <time>2026-07-12T06:00:56.343Z</time>
        <extensions>
          <gpxtpx:TrackPointExtension>
            <gpxtpx:hr>154</gpxtpx:hr>
            <gpxtpx:cad>84</gpxtpx:cad>
          </gpxtpx:TrackPointExtension>
          <gpxpx:PowerExtension>
            <gpxpx:PowerInWatts>367</gpxpx:PowerInWatts>
          </gpxpx:PowerExtension>
        </extensions>
      </trkpt>
      <trkpt lat="41.55951" lon="1.881134">
        <ele>97.18994778482235</ele>
        <time>2026-07-12T06:00:57.148Z</time>
        <extensions>
          <gpxtpx:TrackPointExtension>
            <gpxtpx:hr>154</gpxtpx:hr>
            <gpxtpx:cad>85</gpxtpx:cad>
          </gpxtpx:TrackPointExtension>
          <gpxpx:PowerExtension>
            <gpxpx:PowerInWatts>367</gpxpx:PowerInWatts>
          </gpxpx:PowerExtension>
        </extensions>
      </trkpt>
      <trkpt lat="41.559477" lon="1.881131">
        <ele>97.25230503141708</ele>
        <time>2026-07-12T06:00:57.954Z</time>
        <extensions>
          <gpxtpx:TrackPointExtension>
            <gpxtpx:hr>154</gpxtpx:hr>
            <gpxtpx:cad>85</gpxtpx:cad>
          </gpxtpx:TrackPointExtension>
          <gpxpx:PowerExtension>
            <gpxpx:PowerInWatts>369</gpxpx:PowerInWatts>
          </gpxpx:PowerExtension>
        </extensions>
      </trkpt>
      <trkpt lat="41.559446" lon="1.881133">
        <ele>97.42359934372091</ele>
        <time>2026-07-12T06:00:58.759Z</time>
        <extensions>
          <gpxtpx:TrackPointExtension>
            <gpxtpx:hr>153</gpxtpx:hr>
            <gpxtpx:cad>85</gpxtpx:cad>
          </gpxtpx:TrackPointExtension>
          <gpxpx:PowerExtension>
            <gpxpx:PowerInWatts>368</gpxpx:PowerInWatts>
          </gpxpx:PowerExtension>
        </extensions>
      </trkpt>
      <trkpt lat="41.559415" lon="1.881132">
        <ele>97.54630743290858</ele>
        <time>2026-07-12T06:00:59.565Z</time>
        <extensions>
          <gpxtpx:TrackPointExtension>
            <gpxtpx:hr>153</gpxtpx:hr>
            <gpxtpx:cad>86</gpxtpx:cad>
          </gpxtpx:TrackPointExtension>
          <gpxpx:PowerExtension>
            <gpxpx:PowerInWatts>369</gpxpx:PowerInWatts>
          </gpxpx:PowerExtension>
        </extensions>
      </trkpt>
      <trkpt lat="41.559389" lon="1.881132">
        <ele>97.66663174732861</ele>
        <time>2026-07-12T06:01:00.370Z</time>
        <extensions>
          <gpxtpx:TrackPointExtension>
            <gpxtpx:hr>153</gpxtpx:hr>
            <gpxtpx:cad>86</gpxtpx:cad>
          </gpxtpx:TrackPointExtension>
          <gpxpx:PowerExtension>
            <gpxpx:PowerInWatts>371</gpxpx:PowerInWatts>
          </gpxpx:PowerExtension>
        </extensions>
      </trkpt>
      <trkpt lat="41.559357" lon="1.881128">
        <ele>97.7230605419314</ele>
        <time>2026-07-12T06:01:01.175Z</time>
        <extensions>
          <gpxtpx:TrackPointExtension>
            <gpxtpx:hr>153</gpxtpx:hr>
            <gpxtpx:cad>86</gpxtpx:cad>
          </gpxtpx:TrackPointExtension>
          <gpxpx:PowerExtension>
            <gpxpx:PowerInWatts>371</gpxpx:PowerInWatts>
          </gpxpx:PowerExtension>
        </extensions>
      </trkpt>
      <trkpt lat="41.559331" lon="1.881127">
        <ele>97.8133869594316</ele>
        <time>2026-07-12T06:01:01.982Z</time>
        <extensions>
          <gpxtpx:TrackPointExtension>
            <gpxtpx:hr>153</gpxtpx:hr>
            <gpxtpx:cad>86</gpxtpx:cad>
          </gpxtpx:TrackPointExtension>
          <gpxpx:PowerExtension>
            <gpxpx:PowerInWatts>371</gpxpx:PowerInWatts>
          </gpxpx:PowerExtension>
        </extensions>
      </trkpt>
      <trkpt lat="41.559297" lon="1.881122">
        <ele>97.80939828314727</ele>
        <time>2026-07-12T06:01:02.787Z</time>
        <extensions>
          <gpxtpx:TrackPointExtension>
            <gpxtpx:hr>153</gpxtpx:hr>
            <gpxtpx:cad>85</gpxtpx:cad>
          </gpxtpx:TrackPointExtension>
          <gpxpx:PowerExtension>
            <gpxpx:PowerInWatts>372</gpxpx:PowerInWatts>
          </gpxpx:PowerExtension>
        </extensions>
      </trkpt>
      <trkpt lat="41.559268" lon="1.881117">
        <ele>97.78520076331316</ele>
        <time>2026-07-12T06:01:03.593Z</time>
        <extensions>
          <gpxtpx:TrackPointExtension>
            <gpxtpx:hr>153</gpxtpx:hr>
            <gpxtpx:cad>84</gpxtpx:cad>
          </gpxtpx:TrackPointExtension>
          <gpxpx:PowerExtension>
            <gpxpx:PowerInWatts>375</gpxpx:PowerInWatts>
          </gpxpx:PowerExtension>
        </extensions>
      </trkpt>
      <trkpt lat="41.559238" lon="1.881116">
        <ele>97.85914696325477</ele>
        <time>2026-07-12T06:01:04.398Z</time>
        <extensions>
          <gpxtpx:TrackPointExtension>
            <gpxtpx:hr>153</gpxtpx:hr>
            <gpxtpx:cad>84</gpxtpx:cad>
          </gpxtpx:TrackPointExtension>
          <gpxpx:PowerExtension>
            <gpxpx:PowerInWatts>376</gpxpx:PowerInWatts>
          </gpxpx:PowerExtension>
        </extensions>
      </trkpt>
      <trkpt lat="41.559207" lon="1.881113">
        <ele>97.8859152916197</ele>
        <time>2026-07-12T06:01:05.203Z</time>
        <extensions>
          <gpxtpx:TrackPointExtension>
            <gpxtpx:hr>153</gpxtpx:hr>
            <gpxtpx:cad>84</gpxtpx:cad>
          </gpxtpx:TrackPointExtension>
          <gpxpx:PowerExtension>
            <gpxpx:PowerInWatts>375</gpxpx:PowerInWatts>
          </gpxpx:PowerExtension>
        </extensions>
      </trkpt>
      <trkpt lat="41.559182" lon="1.881111">
        <ele>97.94650469041278</ele>
        <time>2026-07-12T06:01:06.009Z</time>
        <extensions>
          <gpxtpx:TrackPointExtension>
            <gpxtpx:hr>153</gpxtpx:hr>
            <gpxtpx:cad>84</gpxtpx:cad>
          </gpxtpx:TrackPointExtension>
          <gpxpx:PowerExtension>
            <gpxpx:PowerInWatts>376</gpxpx:PowerInWatts>
          </gpxpx:PowerExtension>
        </extensions>
      </trkpt>
      <trkpt lat="41.559152" lon="1.881106">
        <ele>97.94778365073434</ele>
        <time>2026-07-12T06:01:06.814Z</time>
        <extensions>
          <gpxtpx:TrackPointExtension>
            <gpxtpx:hr>153</gpxtpx:hr>
            <gpxtpx:cad>84</gpxtpx:cad>
          </gpxtpx:TrackPointExtension>
          <gpxpx:PowerExtension>
            <gpxpx:PowerInWatts>374</gpxpx:PowerInWatts>
          </gpxpx:PowerExtension>
        </extensions>
      </trkpt>
      <trkpt lat="41.559125" lon="1.881103">
        <ele>97.98226230325902</ele>
        <time>2026-07-12T06:01:07.620Z</time>
        <extensions>
          <gpxtpx:TrackPointExtension>
            <gpxtpx:hr>153</gpxtpx:hr>
            <gpxtpx:cad>84</gpxtpx:cad>
          </gpxtpx:TrackPointExtension>
          <gpxpx:PowerExtension>
            <gpxpx:PowerInWatts>373</gpxpx:PowerInWatts>
          </gpxpx:PowerExtension>
        </extensions>
      </trkpt>
      <trkpt lat="41.559095" lon="1.881101">
        <ele>98.05251788461896</ele>
        <time>2026-07-12T06:01:08.425Z</time>
        <extensions>
          <gpxtpx:TrackPointExtension>
            <gpxtpx:hr>153</gpxtpx:hr>
            <gpxtpx:cad>84</gpxtpx:cad>
          </gpxtpx:TrackPointExtension>
          <gpxpx:PowerExtension>
            <gpxpx:PowerInWatts>369</gpxpx:PowerInWatts>
          </gpxpx:PowerExtension>
        </extensions>
      </trkpt>
      <trkpt lat="41.559063" lon="1.881096">
        <ele>98.04014697916136</ele>
        <time>2026-07-12T06:01:09.231Z</time>
        <extensions>
          <gpxtpx:TrackPointExtension>
            <gpxtpx:hr>153</gpxtpx:hr>
            <gpxtpx:cad>84</gpxtpx:cad>
          </gpxtpx:TrackPointExtension>
          <gpxpx:PowerExtension>
            <gpxpx:PowerInWatts>368</gpxpx:PowerInWatts>
          </gpxpx:PowerExtension>
        </extensions>
      </trkpt>
      <trkpt lat="41.559037" lon="1.881096">
        <ele>98.14485194891708</ele>
        <time>2026-07-12T06:01:10.036Z</time>
        <extensions>
          <gpxtpx:TrackPointExtension>
            <gpxtpx:hr>153</gpxtpx:hr>
            <gpxtpx:cad>84</gpxtpx:cad>
          </gpxtpx:TrackPointExtension>
          <gpxpx:PowerExtension>
            <gpxpx:PowerInWatts>368</gpxpx:PowerInWatts>
          </gpxpx:PowerExtension>
        </extensions>
      </trkpt>
      <trkpt lat="41.559003" lon="1.881096">
        <ele>98.28177376874092</ele>
        <time>2026-07-12T06:01:10.841Z</time>
        <extensions>
          <gpxtpx:TrackPointExtension>
            <gpxtpx:hr>153</gpxtpx:hr>
            <gpxtpx:cad>84</gpxtpx:cad>
          </gpxtpx:TrackPointExtension>
          <gpxpx:PowerExtension>
            <gpxpx:PowerInWatts>368</gpxpx:PowerInWatts>
          </gpxpx:PowerExtension>
        </extensions>
      </trkpt>
      <trkpt lat="41.55898" lon="1.881099">
        <ele>98.46241783732711</ele>
        <time>2026-07-12T06:01:11.648Z</time>
        <extensions>
          <gpxtpx:TrackPointExtension>
            <gpxtpx:hr>153</gpxtpx:hr>
            <gpxtpx:cad>84</gpxtpx:cad>
          </gpxtpx:TrackPointExtension>
          <gpxpx:PowerExtension>
            <gpxpx:PowerInWatts>367</gpxpx:PowerInWatts>
          </gpxpx:PowerExtension>
        </extensions>
      </trkpt>
      <trkpt lat="41.558949" lon="1.881102">
        <ele>98.67668270174784</ele>
        <time>2026-07-12T06:01:12.453Z</time>
        <extensions>
          <gpxtpx:TrackPointExtension>
            <gpxtpx:hr>153</gpxtpx:hr>
            <gpxtpx:cad>84</gpxtpx:cad>
          </gpxtpx:TrackPointExtension>
          <gpxpx:PowerExtension>
            <gpxpx:PowerInWatts>366</gpxpx:PowerInWatts>
          </gpxpx:PowerExtension>
        </extensions>
      </trkpt>
      <trkpt lat="41.558918" lon="1.881097">
        <ele>98.68785856796526</ele>
        <time>2026-07-12T06:01:13.259Z</time>
        <extensions>
          <gpxtpx:TrackPointExtension>
            <gpxtpx:hr>152</gpxtpx:hr>
            <gpxtpx:cad>84</gpxtpx:cad>
          </gpxtpx:TrackPointExtension>
          <gpxpx:PowerExtension>
            <gpxpx:PowerInWatts>364</gpxpx:PowerInWatts>
          </gpxpx:PowerExtension>
        </extensions>
      </trkpt>
      <trkpt lat="41.558886" lon="1.881093">
        <ele>98.72727238248832</ele>
        <time>2026-07-12T06:01:14.064Z</time>
        <extensions>
          <gpxtpx:TrackPointExtension>
            <gpxtpx:hr>153</gpxtpx:hr>
            <gpxtpx:cad>84</gpxtpx:cad>
          </gpxtpx:TrackPointExtension>
          <gpxpx:PowerExtension>
            <gpxpx:PowerInWatts>364</gpxpx:PowerInWatts>
          </gpxpx:PowerExtension>
        </extensions>
      </trkpt>
      <trkpt lat="41.558852" lon="1.881088">
        <ele>98.73798189947505</ele>
        <time>2026-07-12T06:01:14.869Z</time>
        <extensions>
          <gpxtpx:TrackPointExtension>
            <gpxtpx:hr>153</gpxtpx:hr>
            <gpxtpx:cad>84</gpxtpx:cad>
          </gpxtpx:TrackPointExtension>
          <gpxpx:PowerExtension>
            <gpxpx:PowerInWatts>365</gpxpx:PowerInWatts>
          </gpxpx:PowerExtension>
        </extensions>
      </trkpt>
      <trkpt lat="41.558827" lon="1.881087">
        <ele>98.82771953388998</ele>
        <time>2026-07-12T06:01:15.675Z</time>
        <extensions>
          <gpxtpx:TrackPointExtension>
            <gpxtpx:hr>153</gpxtpx:hr>
            <gpxtpx:cad>84</gpxtpx:cad>
          </gpxtpx:TrackPointExtension>
          <gpxpx:PowerExtension>
            <gpxpx:PowerInWatts>366</gpxpx:PowerInWatts>
          </gpxpx:PowerExtension>
        </extensions>
      </trkpt>
      <trkpt lat="41.558792" lon="1.881082">
        <ele>98.89871364527384</ele>
        <time>2026-07-12T06:01:16.480Z</time>
        <extensions>
          <gpxtpx:TrackPointExtension>
            <gpxtpx:hr>153</gpxtpx:hr>
            <gpxtpx:cad>84</gpxtpx:cad>
          </gpxtpx:TrackPointExtension>
          <gpxpx:PowerExtension>
            <gpxpx:PowerInWatts>370</gpxpx:PowerInWatts>
          </gpxpx:PowerExtension>
        </extensions>
      </trkpt>
      <trkpt lat="41.558765" lon="1.881077">
        <ele>98.91865369329821</ele>
        <time>2026-07-12T06:01:17.286Z</time>
        <extensions>
          <gpxtpx:TrackPointExtension>
            <gpxtpx:hr>152</gpxtpx:hr>
            <gpxtpx:cad>84</gpxtpx:cad>
          </gpxtpx:TrackPointExtension>
          <gpxpx:PowerExtension>
            <gpxpx:PowerInWatts>371</gpxpx:PowerInWatts>
          </gpxpx:PowerExtension>
        </extensions>
      </trkpt>
      <trkpt lat="41.558735" lon="1.881075">
        <ele>99.05713139754894</ele>
        <time>2026-07-12T06:01:18.091Z</time>
        <extensions>
          <gpxtpx:TrackPointExtension>
            <gpxtpx:hr>153</gpxtpx:hr>
            <gpxtpx:cad>84</gpxtpx:cad>
          </gpxtpx:TrackPointExtension>
          <gpxpx:PowerExtension>
            <gpxpx:PowerInWatts>372</gpxpx:PowerInWatts>
          </gpxpx:PowerExtension>
        </extensions>
      </trkpt>
      <trkpt lat="41.558706" lon="1.881071">
        <ele>99.11285101948864</ele>
        <time>2026-07-12T06:01:18.896Z</time>
        <extensions>
          <gpxtpx:TrackPointExtension>
            <gpxtpx:hr>152</gpxtpx:hr>
            <gpxtpx:cad>84</gpxtpx:cad>
          </gpxtpx:TrackPointExtension>
          <gpxpx:PowerExtension>
            <gpxpx:PowerInWatts>374</gpxpx:PowerInWatts>
          </gpxpx:PowerExtension>
        </extensions>
      </trkpt>
      <trkpt lat="41.558684" lon="1.881065">
        <ele>99.07135356250289</ele>
        <time>2026-07-12T06:01:19.702Z</time>
        <extensions>
          <gpxtpx:TrackPointExtension>
            <gpxtpx:hr>152</gpxtpx:hr>
            <gpxtpx:cad>84</gpxtpx:cad>
          </gpxtpx:TrackPointExtension>
          <gpxpx:PowerExtension>
            <gpxpx:PowerInWatts>374</gpxpx:PowerInWatts>
          </gpxpx:PowerExtension>
        </extensions>
      </trkpt>
      <trkpt lat="41.558649" lon="1.881054">
        <ele>99.19808394950235</ele>
        <time>2026-07-12T06:01:20.507Z</time>
        <extensions>
          <gpxtpx:TrackPointExtension>
            <gpxtpx:hr>152</gpxtpx:hr>
            <gpxtpx:cad>84</gpxtpx:cad>
          </gpxtpx:TrackPointExtension>
          <gpxpx:PowerExtension>
            <gpxpx:PowerInWatts>374</gpxpx:PowerInWatts>
          </gpxpx:PowerExtension>
        </extensions>
      </trkpt>
      <trkpt lat="41.558625" lon="1.881047">
        <ele>99.30676883280525</ele>
        <time>2026-07-12T06:01:21.314Z</time>
        <extensions>
          <gpxtpx:TrackPointExtension>
            <gpxtpx:hr>153</gpxtpx:hr>
            <gpxtpx:cad>84</gpxtpx:cad>
          </gpxtpx:TrackPointExtension>
          <gpxpx:PowerExtension>
            <gpxpx:PowerInWatts>371</gpxpx:PowerInWatts>
          </gpxpx:PowerExtension>
        </extensions>
      </trkpt>
      <trkpt lat="41.558593" lon="1.881036">
        <ele>99.43710239915788</ele>
        <time>2026-07-12T06:01:22.119Z</time>
        <extensions>
          <gpxtpx:TrackPointExtension>
            <gpxtpx:hr>152</gpxtpx:hr>
            <gpxtpx:cad>84</gpxtpx:cad>
          </gpxtpx:TrackPointExtension>
          <gpxpx:PowerExtension>
            <gpxpx:PowerInWatts>370</gpxpx:PowerInWatts>
          </gpxpx:PowerExtension>
        </extensions>
      </trkpt>
      <trkpt lat="41.55856" lon="1.881024">
        <ele>99.57489704894928</ele>
        <time>2026-07-12T06:01:22.924Z</time>
        <extensions>
          <gpxtpx:TrackPointExtension>
            <gpxtpx:hr>152</gpxtpx:hr>
            <gpxtpx:cad>84</gpxtpx:cad>
          </gpxtpx:TrackPointExtension>
          <gpxpx:PowerExtension>
            <gpxpx:PowerInWatts>370</gpxpx:PowerInWatts>
          </gpxpx:PowerExtension>
        </extensions>
      </trkpt>
      <trkpt lat="41.558531" lon="1.88102">
        <ele>99.77205005130627</ele>
        <time>2026-07-12T06:01:23.730Z</time>
        <extensions>
          <gpxtpx:TrackPointExtension>
            <gpxtpx:hr>153</gpxtpx:hr>
            <gpxtpx:cad>85</gpxtpx:cad>
          </gpxtpx:TrackPointExtension>
          <gpxpx:PowerExtension>
            <gpxpx:PowerInWatts>369</gpxpx:PowerInWatts>
          </gpxpx:PowerExtension>
        </extensions>
      </trkpt>
      <trkpt lat="41.558497" lon="1.881012">
        <ele>99.94476376603168</ele>
        <time>2026-07-12T06:01:24.535Z</time>
        <extensions>
          <gpxtpx:TrackPointExtension>
            <gpxtpx:hr>152</gpxtpx:hr>
            <gpxtpx:cad>85</gpxtpx:cad>
          </gpxtpx:TrackPointExtension>
          <gpxpx:PowerExtension>
            <gpxpx:PowerInWatts>371</gpxpx:PowerInWatts>
          </gpxpx:PowerExtension>
        </extensions>
      </trkpt>
      <trkpt lat="41.558472" lon="1.881011">
        <ele>100.15267019709765</ele>
        <time>2026-07-12T06:01:25.341Z</time>
        <extensions>
          <gpxtpx:TrackPointExtension>
            <gpxtpx:hr>152</gpxtpx:hr>
            <gpxtpx:cad>86</gpxtpx:cad>
          </gpxtpx:TrackPointExtension>
          <gpxpx:PowerExtension>
            <gpxpx:PowerInWatts>369</gpxpx:PowerInWatts>
          </gpxpx:PowerExtension>
        </extensions>
      </trkpt>
      <trkpt lat="41.558439" lon="1.881004">
        <ele>100.32765332622215</ele>
        <time>2026-07-12T06:01:26.146Z</time>
        <extensions>
          <gpxtpx:TrackPointExtension>
            <gpxtpx:hr>153</gpxtpx:hr>
            <gpxtpx:cad>86</gpxtpx:cad>
          </gpxtpx:TrackPointExtension>
          <gpxpx:PowerExtension>
            <gpxpx:PowerInWatts>370</gpxpx:PowerInWatts>
          </gpxpx:PowerExtension>
        </extensions>
      </trkpt>
      <trkpt lat="41.558414" lon="1.880991">
        <ele>100.26494457202938</ele>
        <time>2026-07-12T06:01:26.952Z</time>
        <extensions>
          <gpxtpx:TrackPointExtension>
            <gpxtpx:hr>153</gpxtpx:hr>
            <gpxtpx:cad>85</gpxtpx:cad>
          </gpxtpx:TrackPointExtension>
          <gpxpx:PowerExtension>
            <gpxpx:PowerInWatts>374</gpxpx:PowerInWatts>
          </gpxpx:PowerExtension>
        </extensions>
      </trkpt>
      <trkpt lat="41.558385" lon="1.880986">
        <ele>100.3483172497003</ele>
        <time>2026-07-12T06:01:27.757Z</time>
        <extensions>
          <gpxtpx:TrackPointExtension>
            <gpxtpx:hr>153</gpxtpx:hr>
            <gpxtpx:cad>83</gpxtpx:cad>
          </gpxtpx:TrackPointExtension>
          <gpxpx:PowerExtension>
            <gpxpx:PowerInWatts>377</gpxpx:PowerInWatts>
          </gpxpx:PowerExtension>
        </extensions>
      </trkpt>
      <trkpt lat="41.558355" lon="1.880977">
        <ele>100.34863056741047</ele>
        <time>2026-07-12T06:01:28.562Z</time>
        <extensions>
          <gpxtpx:TrackPointExtension>
            <gpxtpx:hr>153</gpxtpx:hr>
            <gpxtpx:cad>83</gpxtpx:cad>
          </gpxtpx:TrackPointExtension>
          <gpxpx:PowerExtension>
            <gpxpx:PowerInWatts>377</gpxpx:PowerInWatts>
          </gpxpx:PowerExtension>
        </extensions>
      </trkpt>
      <trkpt lat="41.558331" lon="1.88097">
        <ele>100.34083062634339</ele>
        <time>2026-07-12T06:01:29.368Z</time>
        <extensions>
          <gpxtpx:TrackPointExtension>
            <gpxtpx:hr>153</gpxtpx:hr>
            <gpxtpx:cad>83</gpxtpx:cad>
          </gpxtpx:TrackPointExtension>
          <gpxpx:PowerExtension>
            <gpxpx:PowerInWatts>376</gpxpx:PowerInWatts>
          </gpxpx:PowerExtension>
        </extensions>
      </trkpt>
      <trkpt lat="41.558297" lon="1.880956">
        <ele>100.21457474758796</ele>
        <time>2026-07-12T06:01:30.173Z</time>
        <extensions>
          <gpxtpx:TrackPointExtension>
            <gpxtpx:hr>153</gpxtpx:hr>
            <gpxtpx:cad>84</gpxtpx:cad>
          </gpxtpx:TrackPointExtension>
          <gpxpx:PowerExtension>
            <gpxpx:PowerInWatts>376</gpxpx:PowerInWatts>
          </gpxpx:PowerExtension>
        </extensions>
      </trkpt>
      <trkpt lat="41.55827" lon="1.880944">
        <ele>100.08126633447473</ele>
        <time>2026-07-12T06:01:30.980Z</time>
        <extensions>
          <gpxtpx:TrackPointExtension>
            <gpxtpx:hr>153</gpxtpx:hr>
            <gpxtpx:cad>84</gpxtpx:cad>
          </gpxtpx:TrackPointExtension>
          <gpxpx:PowerExtension>
            <gpxpx:PowerInWatts>378</gpxpx:PowerInWatts>
          </gpxpx:PowerExtension>
        </extensions>
      </trkpt>
      <trkpt lat="41.558242" lon="1.880933">
        <ele>99.98761885403809</ele>
        <time>2026-07-12T06:01:31.785Z</time>
        <extensions>
          <gpxtpx:TrackPointExtension>
            <gpxtpx:hr>152</gpxtpx:hr>
            <gpxtpx:cad>84</gpxtpx:cad>
          </gpxtpx:TrackPointExtension>
          <gpxpx:PowerExtension>
            <gpxpx:PowerInWatts>380</gpxpx:PowerInWatts>
          </gpxpx:PowerExtension>
        </extensions>
      </trkpt>
      <trkpt lat="41.558212" lon="1.880918">
        <ele>99.84107842131282</ele>
        <time>2026-07-12T06:01:32.590Z</time>
        <extensions>
          <gpxtpx:TrackPointExtension>
            <gpxtpx:hr>153</gpxtpx:hr>
            <gpxtpx:cad>84</gpxtpx:cad>
          </gpxtpx:TrackPointExtension>
          <gpxpx:PowerExtension>
            <gpxpx:PowerInWatts>382</gpxpx:PowerInWatts>
          </gpxpx:PowerExtension>
        </extensions>
      </trkpt>
      <trkpt lat="41.558186" lon="1.880907">
        <ele>99.76818932392945</ele>
        <time>2026-07-12T06:01:33.396Z</time>
        <extensions>
          <gpxtpx:TrackPointExtension>
            <gpxtpx:hr>153</gpxtpx:hr>
            <gpxtpx:cad>84</gpxtpx:cad>
          </gpxtpx:TrackPointExtension>
          <gpxpx:PowerExtension>
            <gpxpx:PowerInWatts>385</gpxpx:PowerInWatts>
          </gpxpx:PowerExtension>
        </extensions>
      </trkpt>
      <trkpt lat="41.558157" lon="1.880887">
        <ele>99.74660010022984</ele>
        <time>2026-07-12T06:01:34.201Z</time>
        <extensions>
          <gpxtpx:TrackPointExtension>
            <gpxtpx:hr>153</gpxtpx:hr>
            <gpxtpx:cad>85</gpxtpx:cad>
          </gpxtpx:TrackPointExtension>
          <gpxpx:PowerExtension>
            <gpxpx:PowerInWatts>387</gpxpx:PowerInWatts>
          </gpxpx:PowerExtension>
        </extensions>
      </trkpt>
      <trkpt lat="41.558132" lon="1.880877">
        <ele>99.95061058012129</ele>
        <time>2026-07-12T06:01:35.007Z</time>
        <extensions>
          <gpxtpx:TrackPointExtension>
            <gpxtpx:hr>153</gpxtpx:hr>
            <gpxtpx:cad>85</gpxtpx:cad>
          </gpxtpx:TrackPointExtension>
          <gpxpx:PowerExtension>
            <gpxpx:PowerInWatts>390</gpxpx:PowerInWatts>
          </gpxpx:PowerExtension>
        </extensions>
      </trkpt>
      <trkpt lat="41.558098" lon="1.88086">
        <ele>100.24387110170213</ele>
        <time>2026-07-12T06:01:35.812Z</time>
        <extensions>
          <gpxtpx:TrackPointExtension>
            <gpxtpx:hr>153</gpxtpx:hr>
            <gpxtpx:cad>86</gpxtpx:cad>
          </gpxtpx:TrackPointExtension>
          <gpxpx:PowerExtension>
            <gpxpx:PowerInWatts>393</gpxpx:PowerInWatts>
          </gpxpx:PowerExtension>
        </extensions>
      </trkpt>
      <trkpt lat="41.558072" lon="1.880849">
        <ele>100.56576059351337</ele>
        <time>2026-07-12T06:01:36.617Z</time>
        <extensions>
          <gpxtpx:TrackPointExtension>
            <gpxtpx:hr>153</gpxtpx:hr>
            <gpxtpx:cad>86</gpxtpx:cad>
          </gpxtpx:TrackPointExtension>
          <gpxpx:PowerExtension>
            <gpxpx:PowerInWatts>392</gpxpx:PowerInWatts>
          </gpxpx:PowerExtension>
        </extensions>
      </trkpt>
      <trkpt lat="41.55804" lon="1.880835">
        <ele>100.93277971720286</ele>
        <time>2026-07-12T06:01:37.423Z</time>
        <extensions>
          <gpxtpx:TrackPointExtension>
            <gpxtpx:hr>153</gpxtpx:hr>
            <gpxtpx:cad>86</gpxtpx:cad>
          </gpxtpx:TrackPointExtension>
          <gpxpx:PowerExtension>
            <gpxpx:PowerInWatts>391</gpxpx:PowerInWatts>
          </gpxpx:PowerExtension>
        </extensions>
      </trkpt>
      <trkpt lat="41.558012" lon="1.880816">
        <ele>100.99140550611686</ele>
        <time>2026-07-12T06:01:38.228Z</time>
        <extensions>
          <gpxtpx:TrackPointExtension>
            <gpxtpx:hr>154</gpxtpx:hr>
            <gpxtpx:cad>86</gpxtpx:cad>
          </gpxtpx:TrackPointExtension>
          <gpxpx:PowerExtension>
            <gpxpx:PowerInWatts>390</gpxpx:PowerInWatts>
          </gpxpx:PowerExtension>
        </extensions>
      </trkpt>
      <trkpt lat="41.557987" lon="1.880797">
        <ele>100.9839776845443</ele>
        <time>2026-07-12T06:01:39.034Z</time>
        <extensions>
          <gpxtpx:TrackPointExtension>
            <gpxtpx:hr>154</gpxtpx:hr>
            <gpxtpx:cad>86</gpxtpx:cad>
          </gpxtpx:TrackPointExtension>
          <gpxpx:PowerExtension>
            <gpxpx:PowerInWatts>387</gpxpx:PowerInWatts>
          </gpxpx:PowerExtension>
        </extensions>
      </trkpt>
      <trkpt lat="41.557956" lon="1.880774">
        <ele>100.9382371803557</ele>
        <time>2026-07-12T06:01:39.839Z</time>
        <extensions>
          <gpxtpx:TrackPointExtension>
            <gpxtpx:hr>154</gpxtpx:hr>
            <gpxtpx:cad>86</gpxtpx:cad>
          </gpxtpx:TrackPointExtension>
          <gpxpx:PowerExtension>
            <gpxpx:PowerInWatts>385</gpxpx:PowerInWatts>
          </gpxpx:PowerExtension>
        </extensions>
      </trkpt>
      <trkpt lat="41.557933" lon="1.880758">
        <ele>100.88994104578627</ele>
        <time>2026-07-12T06:01:40.646Z</time>
        <extensions>
          <gpxtpx:TrackPointExtension>
            <gpxtpx:hr>154</gpxtpx:hr>
            <gpxtpx:cad>86</gpxtpx:cad>
          </gpxtpx:TrackPointExtension>
          <gpxpx:PowerExtension>
            <gpxpx:PowerInWatts>384</gpxpx:PowerInWatts>
          </gpxpx:PowerExtension>
        </extensions>
      </trkpt>
      <trkpt lat="41.557906" lon="1.880732">
        <ele>100.8044341907866</ele>
        <time>2026-07-12T06:01:41.451Z</time>
        <extensions>
          <gpxtpx:TrackPointExtension>
            <gpxtpx:hr>154</gpxtpx:hr>
            <gpxtpx:cad>86</gpxtpx:cad>
          </gpxtpx:TrackPointExtension>
          <gpxpx:PowerExtension>
            <gpxpx:PowerInWatts>383</gpxpx:PowerInWatts>
          </gpxpx:PowerExtension>
        </extensions>
      </trkpt>
      <trkpt lat="41.55788" lon="1.880715">
        <ele>100.95775915365536</ele>
        <time>2026-07-12T06:01:42.256Z</time>
        <extensions>
          <gpxtpx:TrackPointExtension>
            <gpxtpx:hr>155</gpxtpx:hr>
            <gpxtpx:cad>86</gpxtpx:cad>
          </gpxtpx:TrackPointExtension>
          <gpxpx:PowerExtension>
            <gpxpx:PowerInWatts>382</gpxpx:PowerInWatts>
          </gpxpx:PowerExtension>
        </extensions>
      </trkpt>
      <trkpt lat="41.557852" lon="1.880693">
        <ele>101.15762187241839</ele>
        <time>2026-07-12T06:01:43.062Z</time>
        <extensions>
          <gpxtpx:TrackPointExtension>
            <gpxtpx:hr>155</gpxtpx:hr>
            <gpxtpx:cad>86</gpxtpx:cad>
          </gpxtpx:TrackPointExtension>
          <gpxpx:PowerExtension>
            <gpxpx:PowerInWatts>382</gpxpx:PowerInWatts>
          </gpxpx:PowerExtension>
        </extensions>
      </trkpt>
      <trkpt lat="41.557827" lon="1.880672">
        <ele>101.24446288362788</ele>
        <time>2026-07-12T06:01:43.867Z</time>
        <extensions>
          <gpxtpx:TrackPointExtension>
            <gpxtpx:hr>155</gpxtpx:hr>
            <gpxtpx:cad>86</gpxtpx:cad>
          </gpxtpx:TrackPointExtension>
          <gpxpx:PowerExtension>
            <gpxpx:PowerInWatts>379</gpxpx:PowerInWatts>
          </gpxpx:PowerExtension>
        </extensions>
      </trkpt>
      <trkpt lat="41.557802" lon="1.880656">
        <ele>101.31713367626666</ele>
        <time>2026-07-12T06:01:44.673Z</time>
        <extensions>
          <gpxtpx:TrackPointExtension>
            <gpxtpx:hr>155</gpxtpx:hr>
            <gpxtpx:cad>86</gpxtpx:cad>
          </gpxtpx:TrackPointExtension>
          <gpxpx:PowerExtension>
            <gpxpx:PowerInWatts>375</gpxpx:PowerInWatts>
          </gpxpx:PowerExtension>
        </extensions>
      </trkpt>
      <trkpt lat="41.557772" lon="1.880634">
        <ele>101.56009367270799</ele>
        <time>2026-07-12T06:01:45.478Z</time>
        <extensions>
          <gpxtpx:TrackPointExtension>
            <gpxtpx:hr>155</gpxtpx:hr>
            <gpxtpx:cad>86</gpxtpx:cad>
          </gpxtpx:TrackPointExtension>
          <gpxpx:PowerExtension>
            <gpxpx:PowerInWatts>374</gpxpx:PowerInWatts>
          </gpxpx:PowerExtension>
        </extensions>
      </trkpt>
      <trkpt lat="41.55775" lon="1.880618">
        <ele>101.71396490697403</ele>
        <time>2026-07-12T06:01:46.283Z</time>
        <extensions>
          <gpxtpx:TrackPointExtension>
            <gpxtpx:hr>155</gpxtpx:hr>
            <gpxtpx:cad>86</gpxtpx:cad>
          </gpxtpx:TrackPointExtension>
          <gpxpx:PowerExtension>
            <gpxpx:PowerInWatts>373</gpxpx:PowerInWatts>
          </gpxpx:PowerExtension>
        </extensions>
      </trkpt>
      <trkpt lat="41.557718" lon="1.880591">
        <ele>101.66456839211338</ele>
        <time>2026-07-12T06:01:47.089Z</time>
        <extensions>
          <gpxtpx:TrackPointExtension>
            <gpxtpx:hr>155</gpxtpx:hr>
            <gpxtpx:cad>85</gpxtpx:cad>
          </gpxtpx:TrackPointExtension>
          <gpxpx:PowerExtension>
            <gpxpx:PowerInWatts>374</gpxpx:PowerInWatts>
          </gpxpx:PowerExtension>
        </extensions>
      </trkpt>
      <trkpt lat="41.557693" lon="1.880572">
        <ele>101.50951601523784</ele>
        <time>2026-07-12T06:01:47.894Z</time>
        <extensions>
          <gpxtpx:TrackPointExtension>
            <gpxtpx:hr>155</gpxtpx:hr>
            <gpxtpx:cad>85</gpxtpx:cad>
          </gpxtpx:TrackPointExtension>
          <gpxpx:PowerExtension>
            <gpxpx:PowerInWatts>377</gpxpx:PowerInWatts>
          </gpxpx:PowerExtension>
        </extensions>
      </trkpt>
      <trkpt lat="41.557671" lon="1.880552">
        <ele>101.156777758992</ele>
        <time>2026-07-12T06:01:48.700Z</time>
        <extensions>
          <gpxtpx:TrackPointExtension>
            <gpxtpx:hr>155</gpxtpx:hr>
            <gpxtpx:cad>85</gpxtpx:cad>
          </gpxtpx:TrackPointExtension>
          <gpxpx:PowerExtension>
            <gpxpx:PowerInWatts>377</gpxpx:PowerInWatts>
          </gpxpx:PowerExtension>
        </extensions>
      </trkpt>
      <trkpt lat="41.557646" lon="1.880528">
        <ele>101.36449987141684</ele>
        <time>2026-07-12T06:01:49.506Z</time>
        <extensions>
          <gpxtpx:TrackPointExtension>
            <gpxtpx:hr>155</gpxtpx:hr>
            <gpxtpx:cad>86</gpxtpx:cad>
          </gpxtpx:TrackPointExtension>
          <gpxpx:PowerExtension>
            <gpxpx:PowerInWatts>376</gpxpx:PowerInWatts>
          </gpxpx:PowerExtension>
        </extensions>
      </trkpt>
      <trkpt lat="41.557624" lon="1.880515">
        <ele>101.65191956086493</ele>
        <time>2026-07-12T06:01:50.311Z</time>
        <extensions>
          <gpxtpx:TrackPointExtension>
            <gpxtpx:hr>155</gpxtpx:hr>
            <gpxtpx:cad>86</gpxtpx:cad>
          </gpxtpx:TrackPointExtension>
          <gpxpx:PowerExtension>
            <gpxpx:PowerInWatts>376</gpxpx:PowerInWatts>
          </gpxpx:PowerExtension>
        </extensions>
      </trkpt>
      <trkpt lat="41.557594" lon="1.880485">
        <ele>101.78283294011491</ele>
        <time>2026-07-12T06:01:51.117Z</time>
        <extensions>
          <gpxtpx:TrackPointExtension>
            <gpxtpx:hr>155</gpxtpx:hr>
            <gpxtpx:cad>85</gpxtpx:cad>
          </gpxtpx:TrackPointExtension>
          <gpxpx:PowerExtension>
            <gpxpx:PowerInWatts>374</gpxpx:PowerInWatts>
          </gpxpx:PowerExtension>
        </extensions>
      </trkpt>
      <trkpt lat="41.557573" lon="1.880463">
        <ele>101.7575474332194</ele>
        <time>2026-07-12T06:01:51.922Z</time>
        <extensions>
          <gpxtpx:TrackPointExtension>
            <gpxtpx:hr>155</gpxtpx:hr>
            <gpxtpx:cad>85</gpxtpx:cad>
          </gpxtpx:TrackPointExtension>
          <gpxpx:PowerExtension>
            <gpxpx:PowerInWatts>373</gpxpx:PowerInWatts>
          </gpxpx:PowerExtension>
        </extensions>
      </trkpt>
      <trkpt lat="41.557548" lon="1.880439">
        <ele>101.65470623311242</ele>
        <time>2026-07-12T06:01:52.728Z</time>
        <extensions>
          <gpxtpx:TrackPointExtension>
            <gpxtpx:hr>155</gpxtpx:hr>
            <gpxtpx:cad>85</gpxtpx:cad>
          </gpxtpx:TrackPointExtension>
          <gpxpx:PowerExtension>
            <gpxpx:PowerInWatts>371</gpxpx:PowerInWatts>
          </gpxpx:PowerExtension>
        </extensions>
      </trkpt>
      <trkpt lat="41.557524" lon="1.880414">
        <ele>101.49190074949507</ele>
        <time>2026-07-12T06:01:53.533Z</time>
        <extensions>
          <gpxtpx:TrackPointExtension>
            <gpxtpx:hr>155</gpxtpx:hr>
            <gpxtpx:cad>84</gpxtpx:cad>
          </gpxtpx:TrackPointExtension>
          <gpxpx:PowerExtension>
            <gpxpx:PowerInWatts>372</gpxpx:PowerInWatts>
          </gpxpx:PowerExtension>
        </extensions>
      </trkpt>
      <trkpt lat="41.557499" lon="1.880396">
        <ele>101.46810301808034</ele>
        <time>2026-07-12T06:01:54.338Z</time>
        <extensions>
          <gpxtpx:TrackPointExtension>
            <gpxtpx:hr>155</gpxtpx:hr>
            <gpxtpx:cad>84</gpxtpx:cad>
          </gpxtpx:TrackPointExtension>
          <gpxpx:PowerExtension>
            <gpxpx:PowerInWatts>372</gpxpx:PowerInWatts>
          </gpxpx:PowerExtension>
        </extensions>
      </trkpt>
      <trkpt lat="41.55747" lon="1.88037">
        <ele>101.37044297136413</ele>
        <time>2026-07-12T06:01:55.144Z</time>
        <extensions>
          <gpxtpx:TrackPointExtension>
            <gpxtpx:hr>154</gpxtpx:hr>
            <gpxtpx:cad>84</gpxtpx:cad>
          </gpxtpx:TrackPointExtension>
          <gpxpx:PowerExtension>
            <gpxpx:PowerInWatts>371</gpxpx:PowerInWatts>
          </gpxpx:PowerExtension>
        </extensions>
      </trkpt>
      <trkpt lat="41.557447" lon="1.880355">
        <ele>101.53820221407037</ele>
        <time>2026-07-12T06:01:55.949Z</time>
        <extensions>
          <gpxtpx:TrackPointExtension>
            <gpxtpx:hr>154</gpxtpx:hr>
            <gpxtpx:cad>84</gpxtpx:cad>
          </gpxtpx:TrackPointExtension>
          <gpxpx:PowerExtension>
            <gpxpx:PowerInWatts>370</gpxpx:PowerInWatts>
          </gpxpx:PowerExtension>
        </extensions>
      </trkpt>
      <trkpt lat="41.557419" lon="1.880329">
        <ele>101.63325476181403</ele>
        <time>2026-07-12T06:01:56.755Z</time>
        <extensions>
          <gpxtpx:TrackPointExtension>
            <gpxtpx:hr>154</gpxtpx:hr>
            <gpxtpx:cad>84</gpxtpx:cad>
          </gpxtpx:TrackPointExtension>
          <gpxpx:PowerExtension>
            <gpxpx:PowerInWatts>370</gpxpx:PowerInWatts>
          </gpxpx:PowerExtension>
        </extensions>
      </trkpt>
      <trkpt lat="41.557399" lon="1.880309">
        <ele>101.67991334394706</ele>
        <time>2026-07-12T06:01:57.560Z</time>
        <extensions>
          <gpxtpx:TrackPointExtension>
            <gpxtpx:hr>154</gpxtpx:hr>
            <gpxtpx:cad>85</gpxtpx:cad>
          </gpxtpx:TrackPointExtension>
          <gpxpx:PowerExtension>
            <gpxpx:PowerInWatts>370</gpxpx:PowerInWatts>
          </gpxpx:PowerExtension>
        </extensions>
      </trkpt>
      <trkpt lat="41.557373" lon="1.880286">
        <ele>101.75761504430469</ele>
        <time>2026-07-12T06:01:58.366Z</time>
        <extensions>
          <gpxtpx:TrackPointExtension>
            <gpxtpx:hr>154</gpxtpx:hr>
            <gpxtpx:cad>85</gpxtpx:cad>
          </gpxtpx:TrackPointExtension>
          <gpxpx:PowerExtension>
            <gpxpx:PowerInWatts>370</gpxpx:PowerInWatts>
          </gpxpx:PowerExtension>
        </extensions>
      </trkpt>
      <trkpt lat="41.557345" lon="1.88026">
        <ele>101.7365225881811</ele>
        <time>2026-07-12T06:01:59.172Z</time>
        <extensions>
          <gpxtpx:TrackPointExtension>
            <gpxtpx:hr>154</gpxtpx:hr>
            <gpxtpx:cad>86</gpxtpx:cad>
          </gpxtpx:TrackPointExtension>
          <gpxpx:PowerExtension>
            <gpxpx:PowerInWatts>368</gpxpx:PowerInWatts>
          </gpxpx:PowerExtension>
        </extensions>
      </trkpt>
      <trkpt lat="41.557318" lon="1.880241">
        <ele>101.71536805249032</ele>
        <time>2026-07-12T06:01:59.977Z</time>
        <extensions>
          <gpxtpx:TrackPointExtension>
            <gpxtpx:hr>154</gpxtpx:hr>
            <gpxtpx:cad>86</gpxtpx:cad>
          </gpxtpx:TrackPointExtension>
          <gpxpx:PowerExtension>
            <gpxpx:PowerInWatts>366</gpxpx:PowerInWatts>
          </gpxpx:PowerExtension>
        </extensions>
      </trkpt>
      <trkpt lat="41.557291" lon="1.88021">
        <ele>101.42581052525182</ele>
        <time>2026-07-12T06:02:00.783Z</time>
        <extensions>
          <gpxtpx:TrackPointExtension>
            <gpxtpx:hr>154</gpxtpx:hr>
            <gpxtpx:cad>86</gpxtpx:cad>
          </gpxtpx:TrackPointExtension>
          <gpxpx:PowerExtension>
            <gpxpx:PowerInWatts>366</gpxpx:PowerInWatts>
          </gpxpx:PowerExtension>
        </extensions>
      </trkpt>
      <trkpt lat="41.557268" lon="1.88019">
        <ele>101.48212011792974</ele>
        <time>2026-07-12T06:02:01.588Z</time>
        <extensions>
          <gpxtpx:TrackPointExtension>
            <gpxtpx:hr>153</gpxtpx:hr>
            <gpxtpx:cad>86</gpxtpx:cad>
          </gpxtpx:TrackPointExtension>
          <gpxpx:PowerExtension>
            <gpxpx:PowerInWatts>365</gpxpx:PowerInWatts>
          </gpxpx:PowerExtension>
        </extensions>
      </trkpt>
      <trkpt lat="41.557237" lon="1.880164">
        <ele>101.6703453546672</ele>
        <time>2026-07-12T06:02:02.394Z</time>
        <extensions>
          <gpxtpx:TrackPointExtension>
            <gpxtpx:hr>153</gpxtpx:hr>
            <gpxtpx:cad>86</gpxtpx:cad>
          </gpxtpx:TrackPointExtension>
          <gpxpx:PowerExtension>
            <gpxpx:PowerInWatts>366</gpxpx:PowerInWatts>
          </gpxpx:PowerExtension>
        </extensions>
      </trkpt>
      <trkpt lat="41.557215" lon="1.880142">
        <ele>101.73082230673991</ele>
        <time>2026-07-12T06:02:03.199Z</time>
        <extensions>
          <gpxtpx:TrackPointExtension>
            <gpxtpx:hr>153</gpxtpx:hr>
            <gpxtpx:cad>86</gpxtpx:cad>
          </gpxtpx:TrackPointExtension>
          <gpxpx:PowerExtension>
            <gpxpx:PowerInWatts>365</gpxpx:PowerInWatts>
          </gpxpx:PowerExtension>
        </extensions>
      </trkpt>
      <trkpt lat="41.55719" lon="1.880123">
        <ele>101.81496546004809</ele>
        <time>2026-07-12T06:02:04.004Z</time>
        <extensions>
          <gpxtpx:TrackPointExtension>
            <gpxtpx:hr>153</gpxtpx:hr>
            <gpxtpx:cad>86</gpxtpx:cad>
          </gpxtpx:TrackPointExtension>
          <gpxpx:PowerExtension>
            <gpxpx:PowerInWatts>363</gpxpx:PowerInWatts>
          </gpxpx:PowerExtension>
        </extensions>
      </trkpt>
      <trkpt lat="41.557163" lon="1.880096">
        <ele>101.78776679836889</ele>
        <time>2026-07-12T06:02:04.810Z</time>
        <extensions>
          <gpxtpx:TrackPointExtension>
            <gpxtpx:hr>154</gpxtpx:hr>
            <gpxtpx:cad>86</gpxtpx:cad>
          </gpxtpx:TrackPointExtension>
          <gpxpx:PowerExtension>
            <gpxpx:PowerInWatts>363</gpxpx:PowerInWatts>
          </gpxpx:PowerExtension>
        </extensions>
      </trkpt>
      <trkpt lat="41.557137" lon="1.880082">
        <ele>101.89690243755496</ele>
        <time>2026-07-12T06:02:05.615Z</time>
        <extensions>
          <gpxtpx:TrackPointExtension>
            <gpxtpx:hr>153</gpxtpx:hr>
            <gpxtpx:cad>84</gpxtpx:cad>
          </gpxtpx:TrackPointExtension>
          <gpxpx:PowerExtension>
            <gpxpx:PowerInWatts>366</gpxpx:PowerInWatts>
          </gpxpx:PowerExtension>
        </extensions>
      </trkpt>
      <trkpt lat="41.557111" lon="1.880051">
        <ele>101.8217600386552</ele>
        <time>2026-07-12T06:02:06.421Z</time>
        <extensions>
          <gpxtpx:TrackPointExtension>
            <gpxtpx:hr>153</gpxtpx:hr>
            <gpxtpx:cad>84</gpxtpx:cad>
          </gpxtpx:TrackPointExtension>
          <gpxpx:PowerExtension>
            <gpxpx:PowerInWatts>369</gpxpx:PowerInWatts>
          </gpxpx:PowerExtension>
        </extensions>
      </trkpt>
      <trkpt lat="41.557091" lon="1.880027">
        <ele>101.78192044859117</ele>
        <time>2026-07-12T06:02:07.226Z</time>
        <extensions>
          <gpxtpx:TrackPointExtension>
            <gpxtpx:hr>153</gpxtpx:hr>
            <gpxtpx:cad>84</gpxtpx:cad>
          </gpxtpx:TrackPointExtension>
          <gpxpx:PowerExtension>
            <gpxpx:PowerInWatts>369</gpxpx:PowerInWatts>
          </gpxpx:PowerExtension>
        </extensions>
      </trkpt>
      <trkpt lat="41.557067" lon="1.879999">
        <ele>101.80638255110311</ele>
        <time>2026-07-12T06:02:08.031Z</time>
        <extensions>
          <gpxtpx:TrackPointExtension>
            <gpxtpx:hr>153</gpxtpx:hr>
            <gpxtpx:cad>85</gpxtpx:cad>
          </gpxtpx:TrackPointExtension>
          <gpxpx:PowerExtension>
            <gpxpx:PowerInWatts>366</gpxpx:PowerInWatts>
          </gpxpx:PowerExtension>
        </extensions>
      </trkpt>
      <trkpt lat="41.557044" lon="1.879973">
        <ele>101.84990968814654</ele>
        <time>2026-07-12T06:02:08.838Z</time>
        <extensions>
          <gpxtpx:TrackPointExtension>
            <gpxtpx:hr>154</gpxtpx:hr>
            <gpxtpx:cad>85</gpxtpx:cad>
          </gpxtpx:TrackPointExtension>
          <gpxpx:PowerExtension>
            <gpxpx:PowerInWatts>367</gpxpx:PowerInWatts>
          </gpxpx:PowerExtension>
        </extensions>
      </trkpt>
      <trkpt lat="41.557019" lon="1.879951">
        <ele>101.94778551151744</ele>
        <time>2026-07-12T06:02:09.643Z</time>
        <extensions>
          <gpxtpx:TrackPointExtension>
            <gpxtpx:hr>153</gpxtpx:hr>
            <gpxtpx:cad>85</gpxtpx:cad>
          </gpxtpx:TrackPointExtension>
          <gpxpx:PowerExtension>
            <gpxpx:PowerInWatts>368</gpxpx:PowerInWatts>
          </gpxpx:PowerExtension>
        </extensions>
      </trkpt>
      <trkpt lat="41.556995" lon="1.87992">
        <ele>101.85459370671028</ele>
        <time>2026-07-12T06:02:10.449Z</time>
        <extensions>
          <gpxtpx:TrackPointExtension>
            <gpxtpx:hr>153</gpxtpx:hr>
            <gpxtpx:cad>85</gpxtpx:cad>
          </gpxtpx:TrackPointExtension>
          <gpxpx:PowerExtension>
            <gpxpx:PowerInWatts>369</gpxpx:PowerInWatts>
          </gpxpx:PowerExtension>
        </extensions>
      </trkpt>
      <trkpt lat="41.556972" lon="1.879903">
        <ele>101.87031308728001</ele>
        <time>2026-07-12T06:02:11.254Z</time>
        <extensions>
          <gpxtpx:TrackPointExtension>
            <gpxtpx:hr>154</gpxtpx:hr>
            <gpxtpx:cad>85</gpxtpx:cad>
          </gpxtpx:TrackPointExtension>
          <gpxpx:PowerExtension>
            <gpxpx:PowerInWatts>369</gpxpx:PowerInWatts>
          </gpxpx:PowerExtension>
        </extensions>
      </trkpt>
      <trkpt lat="41.556946" lon="1.879878">
        <ele>101.83050028661759</ele>
        <time>2026-07-12T06:02:12.059Z</time>
        <extensions>
          <gpxtpx:TrackPointExtension>
            <gpxtpx:hr>153</gpxtpx:hr>
            <gpxtpx:cad>86</gpxtpx:cad>
          </gpxtpx:TrackPointExtension>
          <gpxpx:PowerExtension>
            <gpxpx:PowerInWatts>371</gpxpx:PowerInWatts>
          </gpxpx:PowerExtension>
        </extensions>
      </trkpt>
      <trkpt lat="41.556923" lon="1.879858">
        <ele>101.80848192059105</ele>
        <time>2026-07-12T06:02:12.865Z</time>
        <extensions>
          <gpxtpx:TrackPointExtension>
            <gpxtpx:hr>153</gpxtpx:hr>
            <gpxtpx:cad>86</gpxtpx:cad>
          </gpxtpx:TrackPointExtension>
          <gpxpx:PowerExtension>
            <gpxpx:PowerInWatts>370</gpxpx:PowerInWatts>
          </gpxpx:PowerExtension>
        </extensions>
      </trkpt>
      <trkpt lat="41.556896" lon="1.879833">
        <ele>101.81650021146797</ele>
        <time>2026-07-12T06:02:13.670Z</time>
        <extensions>
          <gpxtpx:TrackPointExtension>
            <gpxtpx:hr>154</gpxtpx:hr>
            <gpxtpx:cad>86</gpxtpx:cad>
          </gpxtpx:TrackPointExtension>
          <gpxpx:PowerExtension>
            <gpxpx:PowerInWatts>367</gpxpx:PowerInWatts>
          </gpxpx:PowerExtension>
        </extensions>
      </trkpt>
      <trkpt lat="41.556874" lon="1.879806">
        <ele>101.78422786384922</ele>
        <time>2026-07-12T06:02:14.476Z</time>
        <extensions>
          <gpxtpx:TrackPointExtension>
            <gpxtpx:hr>153</gpxtpx:hr>
            <gpxtpx:cad>85</gpxtpx:cad>
          </gpxtpx:TrackPointExtension>
          <gpxpx:PowerExtension>
            <gpxpx:PowerInWatts>367</gpxpx:PowerInWatts>
          </gpxpx:PowerExtension>
        </extensions>
      </trkpt>
      <trkpt lat="41.55685" lon="1.879787">
        <ele>101.80406516364872</ele>
        <time>2026-07-12T06:02:15.281Z</time>
        <extensions>
          <gpxtpx:TrackPointExtension>
            <gpxtpx:hr>153</gpxtpx:hr>
            <gpxtpx:cad>85</gpxtpx:cad>
          </gpxtpx:TrackPointExtension>
          <gpxpx:PowerExtension>
            <gpxpx:PowerInWatts>366</gpxpx:PowerInWatts>
          </gpxpx:PowerExtension>
        </extensions>
      </trkpt>
      <trkpt lat="41.556818" lon="1.879759">
        <ele>101.77253532627522</ele>
        <time>2026-07-12T06:02:16.087Z</time>
        <extensions>
          <gpxtpx:TrackPointExtension>
            <gpxtpx:hr>154</gpxtpx:hr>
            <gpxtpx:cad>85</gpxtpx:cad>
          </gpxtpx:TrackPointExtension>
          <gpxpx:PowerExtension>
            <gpxpx:PowerInWatts>365</gpxpx:PowerInWatts>
          </gpxpx:PowerExtension>
        </extensions>
      </trkpt>
      <trkpt lat="41.556796" lon="1.87974">
        <ele>101.72879851344064</ele>
        <time>2026-07-12T06:02:16.892Z</time>
        <extensions>
          <gpxtpx:TrackPointExtension>
            <gpxtpx:hr>153</gpxtpx:hr>
            <gpxtpx:cad>85</gpxtpx:cad>
          </gpxtpx:TrackPointExtension>
          <gpxpx:PowerExtension>
            <gpxpx:PowerInWatts>364</gpxpx:PowerInWatts>
          </gpxpx:PowerExtension>
        </extensions>
      </trkpt>
      <trkpt lat="41.556766" lon="1.879713">
        <ele>101.62603286889463</ele>
        <time>2026-07-12T06:02:17.697Z</time>
        <extensions>
          <gpxtpx:TrackPointExtension>
            <gpxtpx:hr>153</gpxtpx:hr>
            <gpxtpx:cad>84</gpxtpx:cad>
          </gpxtpx:TrackPointExtension>
          <gpxpx:PowerExtension>
            <gpxpx:PowerInWatts>365</gpxpx:PowerInWatts>
          </gpxpx:PowerExtension>
        </extensions>
      </trkpt>
      <trkpt lat="41.556742" lon="1.879685">
        <ele>101.40690482814139</ele>
        <time>2026-07-12T06:02:18.504Z</time>
        <extensions>
          <gpxtpx:TrackPointExtension>
            <gpxtpx:hr>154</gpxtpx:hr>
            <gpxtpx:cad>84</gpxtpx:cad>
          </gpxtpx:TrackPointExtension>
          <gpxpx:PowerExtension>
            <gpxpx:PowerInWatts>364</gpxpx:PowerInWatts>
          </gpxpx:PowerExtension>
        </extensions>
      </trkpt>
      <trkpt lat="41.556719" lon="1.879666">
        <ele>101.17018475666028</ele>
        <time>2026-07-12T06:02:19.309Z</time>
        <extensions>
          <gpxtpx:TrackPointExtension>
            <gpxtpx:hr>153</gpxtpx:hr>
            <gpxtpx:cad>84</gpxtpx:cad>
          </gpxtpx:TrackPointExtension>
          <gpxpx:PowerExtension>
            <gpxpx:PowerInWatts>364</gpxpx:PowerInWatts>
          </gpxpx:PowerExtension>
        </extensions>
      </trkpt>
      <trkpt lat="41.556691" lon="1.879636">
        <ele>100.97866225897823</ele>
        <time>2026-07-12T06:02:20.115Z</time>
        <extensions>
          <gpxtpx:TrackPointExtension>
            <gpxtpx:hr>153</gpxtpx:hr>
            <gpxtpx:cad>84</gpxtpx:cad>
          </gpxtpx:TrackPointExtension>
          <gpxpx:PowerExtension>
            <gpxpx:PowerInWatts>363</gpxpx:PowerInWatts>
          </gpxpx:PowerExtension>
        </extensions>
      </trkpt>
      <trkpt lat="41.556669" lon="1.879618">
        <ele>101.13843130919666</ele>
        <time>2026-07-12T06:02:20.920Z</time>
        <extensions>
          <gpxtpx:TrackPointExtension>
            <gpxtpx:hr>153</gpxtpx:hr>
            <gpxtpx:cad>84</gpxtpx:cad>
          </gpxtpx:TrackPointExtension>
          <gpxpx:PowerExtension>
            <gpxpx:PowerInWatts>362</gpxpx:PowerInWatts>
          </gpxpx:PowerExtension>
        </extensions>
      </trkpt>
      <trkpt lat="41.556638" lon="1.879586">
        <ele>101.56437275513466</ele>
        <time>2026-07-12T06:02:21.725Z</time>
        <extensions>
          <gpxtpx:TrackPointExtension>
            <gpxtpx:hr>153</gpxtpx:hr>
            <gpxtpx:cad>85</gpxtpx:cad>
          </gpxtpx:TrackPointExtension>
          <gpxpx:PowerExtension>
            <gpxpx:PowerInWatts>362</gpxpx:PowerInWatts>
          </gpxpx:PowerExtension>
        </extensions>
      </trkpt>
      <trkpt lat="41.556613" lon="1.879564">
        <ele>101.50537334460354</ele>
        <time>2026-07-12T06:02:22.531Z</time>
        <extensions>
          <gpxtpx:TrackPointExtension>
            <gpxtpx:hr>153</gpxtpx:hr>
            <gpxtpx:cad>85</gpxtpx:cad>
          </gpxtpx:TrackPointExtension>
          <gpxpx:PowerExtension>
            <gpxpx:PowerInWatts>360</gpxpx:PowerInWatts>
          </gpxpx:PowerExtension>
        </extensions>
      </trkpt>
      <trkpt lat="41.556585" lon="1.879541">
        <ele>101.4101751335118</ele>
        <time>2026-07-12T06:02:23.336Z</time>
        <extensions>
          <gpxtpx:TrackPointExtension>
            <gpxtpx:hr>154</gpxtpx:hr>
            <gpxtpx:cad>85</gpxtpx:cad>
          </gpxtpx:TrackPointExtension>
          <gpxpx:PowerExtension>
            <gpxpx:PowerInWatts>360</gpxpx:PowerInWatts>
          </gpxpx:PowerExtension>
        </extensions>
      </trkpt>
      <trkpt lat="41.556558" lon="1.879516">
        <ele>101.14895322395742</ele>
        <time>2026-07-12T06:02:24.142Z</time>
        <extensions>
          <gpxtpx:TrackPointExtension>
            <gpxtpx:hr>153</gpxtpx:hr>
            <gpxtpx:cad>86</gpxtpx:cad>
          </gpxtpx:TrackPointExtension>
          <gpxpx:PowerExtension>
            <gpxpx:PowerInWatts>358</gpxpx:PowerInWatts>
          </gpxpx:PowerExtension>
        </extensions>
      </trkpt>
      <trkpt lat="41.556536" lon="1.879499">
        <ele>100.76044439778339</ele>
        <time>2026-07-12T06:02:24.947Z</time>
        <extensions>
          <gpxtpx:TrackPointExtension>
            <gpxtpx:hr>153</gpxtpx:hr>
            <gpxtpx:cad>86</gpxtpx:cad>
          </gpxtpx:TrackPointExtension>
          <gpxpx:PowerExtension>
            <gpxpx:PowerInWatts>356</gpxpx:PowerInWatts>
          </gpxpx:PowerExtension>
        </extensions>
      </trkpt>
      <trkpt lat="41.556509" lon="1.879476">
        <ele>100.6225456569307</ele>
        <time>2026-07-12T06:02:25.752Z</time>
        <extensions>
          <gpxtpx:TrackPointExtension>
            <gpxtpx:hr>153</gpxtpx:hr>
            <gpxtpx:cad>85</gpxtpx:cad>
          </gpxtpx:TrackPointExtension>
          <gpxpx:PowerExtension>
            <gpxpx:PowerInWatts>356</gpxpx:PowerInWatts>
          </gpxpx:PowerExtension>
        </extensions>
      </trkpt>
      <trkpt lat="41.556485" lon="1.879461">
        <ele>100.63381419103965</ele>
        <time>2026-07-12T06:02:26.558Z</time>
        <extensions>
          <gpxtpx:TrackPointExtension>
            <gpxtpx:hr>153</gpxtpx:hr>
            <gpxtpx:cad>85</gpxtpx:cad>
          </gpxtpx:TrackPointExtension>
          <gpxpx:PowerExtension>
            <gpxpx:PowerInWatts>354</gpxpx:PowerInWatts>
          </gpxpx:PowerExtension>
        </extensions>
      </trkpt>
      <trkpt lat="41.556455" lon="1.879436">
        <ele>100.6707346454938</ele>
        <time>2026-07-12T06:02:27.363Z</time>
        <extensions>
          <gpxtpx:TrackPointExtension>
            <gpxtpx:hr>153</gpxtpx:hr>
            <gpxtpx:cad>84</gpxtpx:cad>
          </gpxtpx:TrackPointExtension>
          <gpxpx:PowerExtension>
            <gpxpx:PowerInWatts>353</gpxpx:PowerInWatts>
          </gpxpx:PowerExtension>
        </extensions>
      </trkpt>
      <trkpt lat="41.556427" lon="1.879414">
        <ele>100.86974102083877</ele>
        <time>2026-07-12T06:02:28.170Z</time>
        <extensions>
          <gpxtpx:TrackPointExtension>
            <gpxtpx:hr>153</gpxtpx:hr>
            <gpxtpx:cad>84</gpxtpx:cad>
          </gpxtpx:TrackPointExtension>
          <gpxpx:PowerExtension>
            <gpxpx:PowerInWatts>352</gpxpx:PowerInWatts>
          </gpxpx:PowerExtension>
        </extensions>
      </trkpt>
      <trkpt lat="41.5564" lon="1.879395">
        <ele>101.20802627470258</ele>
        <time>2026-07-12T06:02:28.975Z</time>
        <extensions>
          <gpxtpx:TrackPointExtension>
            <gpxtpx:hr>153</gpxtpx:hr>
            <gpxtpx:cad>84</gpxtpx:cad>
          </gpxtpx:TrackPointExtension>
          <gpxpx:PowerExtension>
            <gpxpx:PowerInWatts>353</gpxpx:PowerInWatts>
          </gpxpx:PowerExtension>
        </extensions>
      </trkpt>
      <trkpt lat="41.556372" lon="1.87937">
        <ele>101.47028678437131</ele>
        <time>2026-07-12T06:02:29.780Z</time>
        <extensions>
          <gpxtpx:TrackPointExtension>
            <gpxtpx:hr>153</gpxtpx:hr>
            <gpxtpx:cad>84</gpxtpx:cad>
          </gpxtpx:TrackPointExtension>
          <gpxpx:PowerExtension>
            <gpxpx:PowerInWatts>356</gpxpx:PowerInWatts>
          </gpxpx:PowerExtension>
        </extensions>
      </trkpt>
      <trkpt lat="41.556347" lon="1.879357">
        <ele>101.37996659730179</ele>
        <time>2026-07-12T06:02:30.586Z</time>
        <extensions>
          <gpxtpx:TrackPointExtension>
            <gpxtpx:hr>153</gpxtpx:hr>
            <gpxtpx:cad>84</gpxtpx:cad>
          </gpxtpx:TrackPointExtension>
          <gpxpx:PowerExtension>
            <gpxpx:PowerInWatts>357</gpxpx:PowerInWatts>
          </gpxpx:PowerExtension>
        </extensions>
      </trkpt>
      <trkpt lat="41.556317" lon="1.879341">
        <ele>101.26803702784566</ele>
        <time>2026-07-12T06:02:31.391Z</time>
        <extensions>
          <gpxtpx:TrackPointExtension>
            <gpxtpx:hr>152</gpxtpx:hr>
            <gpxtpx:cad>84</gpxtpx:cad>
          </gpxtpx:TrackPointExtension>
          <gpxpx:PowerExtension>
            <gpxpx:PowerInWatts>358</gpxpx:PowerInWatts>
          </gpxpx:PowerExtension>
        </extensions>
      </trkpt>
      <trkpt lat="41.556295" lon="1.879327">
        <ele>101.23487608819033</ele>
        <time>2026-07-12T06:02:32.197Z</time>
        <extensions>
          <gpxtpx:TrackPointExtension>
            <gpxtpx:hr>152</gpxtpx:hr>
            <gpxtpx:cad>84</gpxtpx:cad>
          </gpxtpx:TrackPointExtension>
          <gpxpx:PowerExtension>
            <gpxpx:PowerInWatts>355</gpxpx:PowerInWatts>
          </gpxpx:PowerExtension>
        </extensions>
      </trkpt>
      <trkpt lat="41.556266" lon="1.879306">
        <ele>101.26457241261976</ele>
        <time>2026-07-12T06:02:33.002Z</time>
        <extensions>
          <gpxtpx:TrackPointExtension>
            <gpxtpx:hr>152</gpxtpx:hr>
            <gpxtpx:cad>84</gpxtpx:cad>
          </gpxtpx:TrackPointExtension>
          <gpxpx:PowerExtension>
            <gpxpx:PowerInWatts>353</gpxpx:PowerInWatts>
          </gpxpx:PowerExtension>
        </extensions>
      </trkpt>
      <trkpt lat="41.55624" lon="1.879283">
        <ele>101.3472186993221</ele>
        <time>2026-07-12T06:02:33.808Z</time>
        <extensions>
          <gpxtpx:TrackPointExtension>
            <gpxtpx:hr>153</gpxtpx:hr>
            <gpxtpx:cad>84</gpxtpx:cad>
          </gpxtpx:TrackPointExtension>
          <gpxpx:PowerExtension>
            <gpxpx:PowerInWatts>351</gpxpx:PowerInWatts>
          </gpxpx:PowerExtension>
        </extensions>
      </trkpt>
      <trkpt lat="41.556215" lon="1.879262">
        <ele>101.39017164920918</ele>
        <time>2026-07-12T06:02:34.613Z</time>
        <extensions>
          <gpxtpx:TrackPointExtension>
            <gpxtpx:hr>152</gpxtpx:hr>
            <gpxtpx:cad>84</gpxtpx:cad>
          </gpxtpx:TrackPointExtension>
          <gpxpx:PowerExtension>
            <gpxpx:PowerInWatts>349</gpxpx:PowerInWatts>
          </gpxpx:PowerExtension>
        </extensions>
      </trkpt>
      <trkpt lat="41.556183" lon="1.879238">
        <ele>101.40733999325433</ele>
        <time>2026-07-12T06:02:35.418Z</time>
        <extensions>
          <gpxtpx:TrackPointExtension>
            <gpxtpx:hr>152</gpxtpx:hr>
            <gpxtpx:cad>85</gpxtpx:cad>
          </gpxtpx:TrackPointExtension>
          <gpxpx:PowerExtension>
            <gpxpx:PowerInWatts>346</gpxpx:PowerInWatts>
          </gpxpx:PowerExtension>
        </extensions>
      </trkpt>
      <trkpt lat="41.55616" lon="1.879221">
        <ele>101.3963089342686</ele>
        <time>2026-07-12T06:02:36.224Z</time>
        <extensions>
          <gpxtpx:TrackPointExtension>
            <gpxtpx:hr>152</gpxtpx:hr>
            <gpxtpx:cad>85</gpxtpx:cad>
          </gpxtpx:TrackPointExtension>
          <gpxpx:PowerExtension>
            <gpxpx:PowerInWatts>346</gpxpx:PowerInWatts>
          </gpxpx:PowerExtension>
        </extensions>
      </trkpt>
      <trkpt lat="41.556132" lon="1.879191">
        <ele>101.34432989601211</ele>
        <time>2026-07-12T06:02:37.030Z</time>
        <extensions>
          <gpxtpx:TrackPointExtension>
            <gpxtpx:hr>152</gpxtpx:hr>
            <gpxtpx:cad>85</gpxtpx:cad>
          </gpxtpx:TrackPointExtension>
          <gpxpx:PowerExtension>
            <gpxpx:PowerInWatts>348</gpxpx:PowerInWatts>
          </gpxpx:PowerExtension>
        </extensions>
      </trkpt>
      <trkpt lat="41.556108" lon="1.87917">
        <ele>101.28140279516225</ele>
        <time>2026-07-12T06:02:37.836Z</time>
        <extensions>
          <gpxtpx:TrackPointExtension>
            <gpxtpx:hr>152</gpxtpx:hr>
            <gpxtpx:cad>85</gpxtpx:cad>
          </gpxtpx:TrackPointExtension>
          <gpxpx:PowerExtension>
            <gpxpx:PowerInWatts>349</gpxpx:PowerInWatts>
          </gpxpx:PowerExtension>
        </extensions>
      </trkpt>
      <trkpt lat="41.556079" lon="1.879145">
        <ele>101.24668023870318</ele>
        <time>2026-07-12T06:02:38.641Z</time>
        <extensions>
          <gpxtpx:TrackPointExtension>
            <gpxtpx:hr>152</gpxtpx:hr>
            <gpxtpx:cad>85</gpxtpx:cad>
          </gpxtpx:TrackPointExtension>
          <gpxpx:PowerExtension>
            <gpxpx:PowerInWatts>351</gpxpx:PowerInWatts>
          </gpxpx:PowerExtension>
        </extensions>
      </trkpt>
      <trkpt lat="41.556057" lon="1.879113">
        <ele>101.25639277895552</ele>
        <time>2026-07-12T06:02:39.446Z</time>
        <extensions>
          <gpxtpx:TrackPointExtension>
            <gpxtpx:hr>152</gpxtpx:hr>
            <gpxtpx:cad>85</gpxtpx:cad>
          </gpxtpx:TrackPointExtension>
          <gpxpx:PowerExtension>
            <gpxpx:PowerInWatts>352</gpxpx:PowerInWatts>
          </gpxpx:PowerExtension>
        </extensions>
      </trkpt>
      <trkpt lat="41.556036" lon="1.87908">
        <ele>101.28942595088205</ele>
        <time>2026-07-12T06:02:40.252Z</time>
        <extensions>
          <gpxtpx:TrackPointExtension>
            <gpxtpx:hr>152</gpxtpx:hr>
            <gpxtpx:cad>85</gpxtpx:cad>
          </gpxtpx:TrackPointExtension>
          <gpxpx:PowerExtension>
            <gpxpx:PowerInWatts>352</gpxpx:PowerInWatts>
          </gpxpx:PowerExtension>
        </extensions>
      </trkpt>
      <trkpt lat="41.55602" lon="1.879037">
        <ele>101.36780266135275</ele>
        <time>2026-07-12T06:02:41.057Z</time>
        <extensions>
          <gpxtpx:TrackPointExtension>
            <gpxtpx:hr>152</gpxtpx:hr>
            <gpxtpx:cad>86</gpxtpx:cad>
          </gpxtpx:TrackPointExtension>
          <gpxpx:PowerExtension>
            <gpxpx:PowerInWatts>351</gpxpx:PowerInWatts>
          </gpxpx:PowerExtension>
        </extensions>
      </trkpt>
      <trkpt lat="41.556005" lon="1.878997">
        <ele>101.42679490920645</ele>
        <time>2026-07-12T06:02:41.863Z</time>
        <extensions>
          <gpxtpx:TrackPointExtension>
            <gpxtpx:hr>151</gpxtpx:hr>
            <gpxtpx:cad>86</gpxtpx:cad>
          </gpxtpx:TrackPointExtension>
          <gpxpx:PowerExtension>
            <gpxpx:PowerInWatts>351</gpxpx:PowerInWatts>
          </gpxpx:PowerExtension>
        </extensions>
      </trkpt>
      <trkpt lat="41.555995" lon="1.878953">
        <ele>101.40448839184432</ele>
        <time>2026-07-12T06:02:42.668Z</time>
        <extensions>
          <gpxtpx:TrackPointExtension>
            <gpxtpx:hr>152</gpxtpx:hr>
            <gpxtpx:cad>87</gpxtpx:cad>
          </gpxtpx:TrackPointExtension>
          <gpxpx:PowerExtension>
            <gpxpx:PowerInWatts>351</gpxpx:PowerInWatts>
          </gpxpx:PowerExtension>
        </extensions>
      </trkpt>
      <trkpt lat="41.555985" lon="1.878916">
        <ele>101.36933578110354</ele>
        <time>2026-07-12T06:02:43.473Z</time>
        <extensions>
          <gpxtpx:TrackPointExtension>
            <gpxtpx:hr>152</gpxtpx:hr>
            <gpxtpx:cad>87</gpxtpx:cad>
          </gpxtpx:TrackPointExtension>
          <gpxpx:PowerExtension>
            <gpxpx:PowerInWatts>354</gpxpx:PowerInWatts>
          </gpxpx:PowerExtension>
        </extensions>
      </trkpt>
      <trkpt lat="41.555977" lon="1.87887">
        <ele>101.33735118752568</ele>
        <time>2026-07-12T06:02:44.279Z</time>
        <extensions>
          <gpxtpx:TrackPointExtension>
            <gpxtpx:hr>152</gpxtpx:hr>
            <gpxtpx:cad>86</gpxtpx:cad>
          </gpxtpx:TrackPointExtension>
          <gpxpx:PowerExtension>
            <gpxpx:PowerInWatts>357</gpxpx:PowerInWatts>
          </gpxpx:PowerExtension>
        </extensions>
      </trkpt>
      <trkpt lat="41.555968" lon="1.878829">
        <ele>101.29264418938244</ele>
        <time>2026-07-12T06:02:45.084Z</time>
        <extensions>
          <gpxtpx:TrackPointExtension>
            <gpxtpx:hr>151</gpxtpx:hr>
            <gpxtpx:cad>86</gpxtpx:cad>
          </gpxtpx:TrackPointExtension>
          <gpxpx:PowerExtension>
            <gpxpx:PowerInWatts>356</gpxpx:PowerInWatts>
          </gpxpx:PowerExtension>
        </extensions>
      </trkpt>
      <trkpt lat="41.555955" lon="1.878789">
        <ele>101.113127834472</ele>
        <time>2026-07-12T06:02:45.890Z</time>
        <extensions>
          <gpxtpx:TrackPointExtension>
            <gpxtpx:hr>152</gpxtpx:hr>
            <gpxtpx:cad>86</gpxtpx:cad>
          </gpxtpx:TrackPointExtension>
          <gpxpx:PowerExtension>
            <gpxpx:PowerInWatts>358</gpxpx:PowerInWatts>
          </gpxpx:PowerExtension>
        </extensions>
      </trkpt>
      <trkpt lat="41.555942" lon="1.878751">
        <ele>100.96955905196076</ele>
        <time>2026-07-12T06:02:46.696Z</time>
        <extensions>
          <gpxtpx:TrackPointExtension>
            <gpxtpx:hr>152</gpxtpx:hr>
            <gpxtpx:cad>87</gpxtpx:cad>
          </gpxtpx:TrackPointExtension>
          <gpxpx:PowerExtension>
            <gpxpx:PowerInWatts>354</gpxpx:PowerInWatts>
          </gpxpx:PowerExtension>
        </extensions>
      </trkpt>
      <trkpt lat="41.555922" lon="1.87872">
        <ele>100.89492157907459</ele>
        <time>2026-07-12T06:02:47.502Z</time>
        <extensions>
          <gpxtpx:TrackPointExtension>
            <gpxtpx:hr>152</gpxtpx:hr>
            <gpxtpx:cad>87</gpxtpx:cad>
          </gpxtpx:TrackPointExtension>
          <gpxpx:PowerExtension>
            <gpxpx:PowerInWatts>353</gpxpx:PowerInWatts>
          </gpxpx:PowerExtension>
        </extensions>
      </trkpt>
      <trkpt lat="41.555898" lon="1.878687">
        <ele>100.86113636865669</ele>
        <time>2026-07-12T06:02:48.307Z</time>
        <extensions>
          <gpxtpx:TrackPointExtension>
            <gpxtpx:hr>152</gpxtpx:hr>
            <gpxtpx:cad>87</gpxtpx:cad>
          </gpxtpx:TrackPointExtension>
          <gpxpx:PowerExtension>
            <gpxpx:PowerInWatts>350</gpxpx:PowerInWatts>
          </gpxpx:PowerExtension>
        </extensions>
      </trkpt>
      <trkpt lat="41.555875" lon="1.878667">
        <ele>100.8939845698382</ele>
        <time>2026-07-12T06:02:49.112Z</time>
        <extensions>
          <gpxtpx:TrackPointExtension>
            <gpxtpx:hr>153</gpxtpx:hr>
            <gpxtpx:cad>87</gpxtpx:cad>
          </gpxtpx:TrackPointExtension>
          <gpxpx:PowerExtension>
            <gpxpx:PowerInWatts>348</gpxpx:PowerInWatts>
          </gpxpx:PowerExtension>
        </extensions>
      </trkpt>
      <trkpt lat="41.555842" lon="1.878637">
        <ele>100.76785490193438</ele>
        <time>2026-07-12T06:02:49.918Z</time>
        <extensions>
          <gpxtpx:TrackPointExtension>
            <gpxtpx:hr>152</gpxtpx:hr>
            <gpxtpx:cad>87</gpxtpx:cad>
          </gpxtpx:TrackPointExtension>
          <gpxpx:PowerExtension>
            <gpxpx:PowerInWatts>347</gpxpx:PowerInWatts>
          </gpxpx:PowerExtension>
        </extensions>
      </trkpt>
      <trkpt lat="41.555818" lon="1.878618">
        <ele>100.64919680380814</ele>
        <time>2026-07-12T06:02:50.723Z</time>
        <extensions>
          <gpxtpx:TrackPointExtension>
            <gpxtpx:hr>153</gpxtpx:hr>
            <gpxtpx:cad>87</gpxtpx:cad>
          </gpxtpx:TrackPointExtension>
          <gpxpx:PowerExtension>
            <gpxpx:PowerInWatts>346</gpxpx:PowerInWatts>
          </gpxpx:PowerExtension>
        </extensions>
      </trkpt>
      <trkpt lat="41.555806" lon="1.878573">
        <ele>100.44040468790114</ele>
        <time>2026-07-12T06:02:51.529Z</time>
        <extensions>
          <gpxtpx:TrackPointExtension>
            <gpxtpx:hr>153</gpxtpx:hr>
            <gpxtpx:cad>87</gpxtpx:cad>
          </gpxtpx:TrackPointExtension>
          <gpxpx:PowerExtension>
            <gpxpx:PowerInWatts>345</gpxpx:PowerInWatts>
          </gpxpx:PowerExtension>
        </extensions>
      </trkpt>
      <trkpt lat="41.555799" lon="1.87853">
        <ele>100.24985979207915</ele>
        <time>2026-07-12T06:02:52.334Z</time>
        <extensions>
          <gpxtpx:TrackPointExtension>
            <gpxtpx:hr>153</gpxtpx:hr>
            <gpxtpx:cad>86</gpxtpx:cad>
          </gpxtpx:TrackPointExtension>
          <gpxpx:PowerExtension>
            <gpxpx:PowerInWatts>345</gpxpx:PowerInWatts>
          </gpxpx:PowerExtension>
        </extensions>
      </trkpt>
      <trkpt lat="41.555795" lon="1.878489">
        <ele>100.07383967659274</ele>
        <time>2026-07-12T06:02:53.139Z</time>
        <extensions>
          <gpxtpx:TrackPointExtension>
            <gpxtpx:hr>153</gpxtpx:hr>
            <gpxtpx:cad>86</gpxtpx:cad>
          </gpxtpx:TrackPointExtension>
          <gpxpx:PowerExtension>
            <gpxpx:PowerInWatts>343</gpxpx:PowerInWatts>
          </gpxpx:PowerExtension>
        </extensions>
      </trkpt>
      <trkpt lat="41.555799" lon="1.878444">
        <ele>99.91603447837201</ele>
        <time>2026-07-12T06:02:53.945Z</time>
        <extensions>
          <gpxtpx:TrackPointExtension>
            <gpxtpx:hr>152</gpxtpx:hr>
            <gpxtpx:cad>86</gpxtpx:cad>
          </gpxtpx:TrackPointExtension>
          <gpxpx:PowerExtension>
            <gpxpx:PowerInWatts>343</gpxpx:PowerInWatts>
          </gpxpx:PowerExtension>
        </extensions>
      </trkpt>
      <trkpt lat="41.555793" lon="1.87841">
        <ele>99.78836952041777</ele>
        <time>2026-07-12T06:02:54.750Z</time>
        <extensions>
          <gpxtpx:TrackPointExtension>
            <gpxtpx:hr>153</gpxtpx:hr>
            <gpxtpx:cad>86</gpxtpx:cad>
          </gpxtpx:TrackPointExtension>
          <gpxpx:PowerExtension>
            <gpxpx:PowerInWatts>341</gpxpx:PowerInWatts>
          </gpxpx:PowerExtension>
        </extensions>
      </trkpt>
      <trkpt lat="41.55579" lon="1.878361">
        <ele>99.60986749889051</ele>
        <time>2026-07-12T06:02:55.556Z</time>
        <extensions>
          <gpxtpx:TrackPointExtension>
            <gpxtpx:hr>153</gpxtpx:hr>
            <gpxtpx:cad>86</gpxtpx:cad>
          </gpxtpx:TrackPointExtension>
          <gpxpx:PowerExtension>
            <gpxpx:PowerInWatts>339</gpxpx:PowerInWatts>
          </gpxpx:PowerExtension>
        </extensions>
      </trkpt>
      <trkpt lat="41.555781" lon="1.878324">
        <ele>99.46945910713494</ele>
        <time>2026-07-12T06:02:56.362Z</time>
        <extensions>
          <gpxtpx:TrackPointExtension>
            <gpxtpx:hr>153</gpxtpx:hr>
            <gpxtpx:cad>86</gpxtpx:cad>
          </gpxtpx:TrackPointExtension>
          <gpxpx:PowerExtension>
            <gpxpx:PowerInWatts>336</gpxpx:PowerInWatts>
          </gpxpx:PowerExtension>
        </extensions>
      </trkpt>
      <trkpt lat="41.555772" lon="1.87828">
        <ele>99.34366540024875</ele>
        <time>2026-07-12T06:02:57.167Z</time>
        <extensions>
          <gpxtpx:TrackPointExtension>
            <gpxtpx:hr>152</gpxtpx:hr>
            <gpxtpx:cad>85</gpxtpx:cad>
          </gpxtpx:TrackPointExtension>
          <gpxpx:PowerExtension>
            <gpxpx:PowerInWatts>335</gpxpx:PowerInWatts>
          </gpxpx:PowerExtension>
        </extensions>
      </trkpt>
      <trkpt lat="41.55576" lon="1.878238">
        <ele>99.23329933845247</ele>
        <time>2026-07-12T06:02:57.973Z</time>
        <extensions>
          <gpxtpx:TrackPointExtension>
            <gpxtpx:hr>153</gpxtpx:hr>
            <gpxtpx:cad>85</gpxtpx:cad>
          </gpxtpx:TrackPointExtension>
          <gpxpx:PowerExtension>
            <gpxpx:PowerInWatts>334</gpxpx:PowerInWatts>
          </gpxpx:PowerExtension>
        </extensions>
      </trkpt>
      <trkpt lat="41.555746" lon="1.878209">
        <ele>99.16170395522603</ele>
        <time>2026-07-12T06:02:58.778Z</time>
        <extensions>
          <gpxtpx:TrackPointExtension>
            <gpxtpx:hr>153</gpxtpx:hr>
            <gpxtpx:cad>86</gpxtpx:cad>
          </gpxtpx:TrackPointExtension>
          <gpxpx:PowerExtension>
            <gpxpx:PowerInWatts>332</gpxpx:PowerInWatts>
          </gpxpx:PowerExtension>
        </extensions>
      </trkpt>
      <trkpt lat="41.555732" lon="1.878172">
        <ele>99.07750189656787</ele>
        <time>2026-07-12T06:02:59.584Z</time>
        <extensions>
          <gpxtpx:TrackPointExtension>
            <gpxtpx:hr>152</gpxtpx:hr>
            <gpxtpx:cad>86</gpxtpx:cad>
          </gpxtpx:TrackPointExtension>
          <gpxpx:PowerExtension>
            <gpxpx:PowerInWatts>328</gpxpx:PowerInWatts>
          </gpxpx:PowerExtension>
        </extensions>
      </trkpt>
      <trkpt lat="41.555713" lon="1.878147">
        <ele>99.01820957770121</ele>
        <time>2026-07-12T06:03:00.389Z</time>
        <extensions>
          <gpxtpx:TrackPointExtension>
            <gpxtpx:hr>153</gpxtpx:hr>
            <gpxtpx:cad>86</gpxtpx:cad>
          </gpxtpx:TrackPointExtension>
          <gpxpx:PowerExtension>
            <gpxpx:PowerInWatts>325</gpxpx:PowerInWatts>
          </gpxpx:PowerExtension>
        </extensions>
      </trkpt>
      <trkpt lat="41.555688" lon="1.878109">
        <ele>98.69943135001441</ele>
        <time>2026-07-12T06:03:01.194Z</time>
        <extensions>
          <gpxtpx:TrackPointExtension>
            <gpxtpx:hr>152</gpxtpx:hr>
            <gpxtpx:cad>86</gpxtpx:cad>
          </gpxtpx:TrackPointExtension>
          <gpxpx:PowerExtension>
            <gpxpx:PowerInWatts>321</gpxpx:PowerInWatts>
          </gpxpx:PowerExtension>
        </extensions>
      </trkpt>
      <trkpt lat="41.55567" lon="1.878085">
        <ele>98.5943992972143</ele>
        <time>2026-07-12T06:03:02.000Z</time>
        <extensions>
          <gpxtpx:TrackPointExtension>
            <gpxtpx:hr>152</gpxtpx:hr>
            <gpxtpx:cad>86</gpxtpx:cad>
          </gpxtpx:TrackPointExtension>
          <gpxpx:PowerExtension>
            <gpxpx:PowerInWatts>318</gpxpx:PowerInWatts>
          </gpxpx:PowerExtension>
        </extensions>
      </trkpt>
      <trkpt lat="41.555644" lon="1.878055">
        <ele>98.59574446473052</ele>
        <time>2026-07-12T06:03:02.805Z</time>
        <extensions>
          <gpxtpx:TrackPointExtension>
            <gpxtpx:hr>152</gpxtpx:hr>
            <gpxtpx:cad>86</gpxtpx:cad>
          </gpxtpx:TrackPointExtension>
          <gpxpx:PowerExtension>
            <gpxpx:PowerInWatts>315</gpxpx:PowerInWatts>
          </gpxpx:PowerExtension>
        </extensions>
      </trkpt>
      <trkpt lat="41.555622" lon="1.878029">
        <ele>98.70033676182521</ele>
        <time>2026-07-12T06:03:03.611Z</time>
        <extensions>
          <gpxtpx:TrackPointExtension>
            <gpxtpx:hr>152</gpxtpx:hr>
            <gpxtpx:cad>86</gpxtpx:cad>
          </gpxtpx:TrackPointExtension>
          <gpxpx:PowerExtension>
            <gpxpx:PowerInWatts>315</gpxpx:PowerInWatts>
          </gpxpx:PowerExtension>
        </extensions>
      </trkpt>
      <trkpt lat="41.555598" lon="1.878008">
        <ele>98.80196286303689</ele>
        <time>2026-07-12T06:03:04.416Z</time>
        <extensions>
          <gpxtpx:TrackPointExtension>
            <gpxtpx:hr>152</gpxtpx:hr>
            <gpxtpx:cad>86</gpxtpx:cad>
          </gpxtpx:TrackPointExtension>
          <gpxpx:PowerExtension>
            <gpxpx:PowerInWatts>314</gpxpx:PowerInWatts>
          </gpxpx:PowerExtension>
        </extensions>
      </trkpt>
      <trkpt lat="41.555564" lon="1.877984">
        <ele>98.76961878306942</ele>
        <time>2026-07-12T06:03:05.222Z</time>
        <extensions>
          <gpxtpx:TrackPointExtension>
            <gpxtpx:hr>152</gpxtpx:hr>
            <gpxtpx:cad>86</gpxtpx:cad>
          </gpxtpx:TrackPointExtension>
          <gpxpx:PowerExtension>
            <gpxpx:PowerInWatts>313</gpxpx:PowerInWatts>
          </gpxpx:PowerExtension>
        </extensions>
      </trkpt>
      <trkpt lat="41.555542" lon="1.877974">
        <ele>98.7410331729569</ele>
        <time>2026-07-12T06:03:06.028Z</time>
        <extensions>
          <gpxtpx:TrackPointExtension>
            <gpxtpx:hr>152</gpxtpx:hr>
            <gpxtpx:cad>86</gpxtpx:cad>
          </gpxtpx:TrackPointExtension>
          <gpxpx:PowerExtension>
            <gpxpx:PowerInWatts>313</gpxpx:PowerInWatts>
          </gpxpx:PowerExtension>
        </extensions>
      </trkpt>
      <trkpt lat="41.555513" lon="1.877951">
        <ele>98.61953687353551</ele>
        <time>2026-07-12T06:03:06.833Z</time>
        <extensions>
          <gpxtpx:TrackPointExtension>
            <gpxtpx:hr>152</gpxtpx:hr>
            <gpxtpx:cad>85</gpxtpx:cad>
          </gpxtpx:TrackPointExtension>
          <gpxpx:PowerExtension>
            <gpxpx:PowerInWatts>315</gpxpx:PowerInWatts>
          </gpxpx:PowerExtension>
        </extensions>
      </trkpt>
      <trkpt lat="41.555493" lon="1.877926">
        <ele>98.59781316058984</ele>
        <time>2026-07-12T06:03:07.639Z</time>
        <extensions>
          <gpxtpx:TrackPointExtension>
            <gpxtpx:hr>152</gpxtpx:hr>
            <gpxtpx:cad>85</gpxtpx:cad>
          </gpxtpx:TrackPointExtension>
          <gpxpx:PowerExtension>
            <gpxpx:PowerInWatts>316</gpxpx:PowerInWatts>
          </gpxpx:PowerExtension>
        </extensions>
      </trkpt>
      <trkpt lat="41.555467" lon="1.877902">
        <ele>98.58361703112332</ele>
        <time>2026-07-12T06:03:08.444Z</time>
        <extensions>
          <gpxtpx:TrackPointExtension>
            <gpxtpx:hr>152</gpxtpx:hr>
            <gpxtpx:cad>85</gpxtpx:cad>
          </gpxtpx:TrackPointExtension>
          <gpxpx:PowerExtension>
            <gpxpx:PowerInWatts>317</gpxpx:PowerInWatts>
          </gpxpx:PowerExtension>
        </extensions>
      </trkpt>
      <trkpt lat="41.555441" lon="1.877873">
        <ele>98.46216771428487</ele>
        <time>2026-07-12T06:03:09.250Z</time>
        <extensions>
          <gpxtpx:TrackPointExtension>
            <gpxtpx:hr>152</gpxtpx:hr>
            <gpxtpx:cad>85</gpxtpx:cad>
          </gpxtpx:TrackPointExtension>
          <gpxpx:PowerExtension>
            <gpxpx:PowerInWatts>317</gpxpx:PowerInWatts>
          </gpxpx:PowerExtension>
        </extensions>
      </trkpt>
      <trkpt lat="41.555419" lon="1.877855">
        <ele>98.37956722688807</ele>
        <time>2026-07-12T06:03:10.055Z</time>
        <extensions>
          <gpxtpx:TrackPointExtension>
            <gpxtpx:hr>151</gpxtpx:hr>
            <gpxtpx:cad>85</gpxtpx:cad>
          </gpxtpx:TrackPointExtension>
          <gpxpx:PowerExtension>
            <gpxpx:PowerInWatts>318</gpxpx:PowerInWatts>
          </gpxpx:PowerExtension>
        </extensions>
      </trkpt>
      <trkpt lat="41.555392" lon="1.877823">
        <ele>98.27873483516849</ele>
        <time>2026-07-12T06:03:10.860Z</time>
        <extensions>
          <gpxtpx:TrackPointExtension>
            <gpxtpx:hr>151</gpxtpx:hr>
            <gpxtpx:cad>85</gpxtpx:cad>
          </gpxtpx:TrackPointExtension>
          <gpxpx:PowerExtension>
            <gpxpx:PowerInWatts>319</gpxpx:PowerInWatts>
          </gpxpx:PowerExtension>
        </extensions>
      </trkpt>
      <trkpt lat="41.555375" lon="1.8778">
        <ele>98.21597433071192</ele>
        <time>2026-07-12T06:03:11.666Z</time>
        <extensions>
          <gpxtpx:TrackPointExtension>
            <gpxtpx:hr>151</gpxtpx:hr>
            <gpxtpx:cad>85</gpxtpx:cad>
          </gpxtpx:TrackPointExtension>
          <gpxpx:PowerExtension>
            <gpxpx:PowerInWatts>319</gpxpx:PowerInWatts>
          </gpxpx:PowerExtension>
        </extensions>
      </trkpt>
      <trkpt lat="41.55535" lon="1.87777">
        <ele>98.18992567640089</ele>
        <time>2026-07-12T06:03:12.471Z</time>
        <extensions>
          <gpxtpx:TrackPointExtension>
            <gpxtpx:hr>151</gpxtpx:hr>
            <gpxtpx:cad>85</gpxtpx:cad>
          </gpxtpx:TrackPointExtension>
          <gpxpx:PowerExtension>
            <gpxpx:PowerInWatts>320</gpxpx:PowerInWatts>
          </gpxpx:PowerExtension>
        </extensions>
      </trkpt>
      <trkpt lat="41.555326" lon="1.877742">
        <ele>98.19373713482264</ele>
        <time>2026-07-12T06:03:13.277Z</time>
        <extensions>
          <gpxtpx:TrackPointExtension>
            <gpxtpx:hr>151</gpxtpx:hr>
            <gpxtpx:cad>85</gpxtpx:cad>
          </gpxtpx:TrackPointExtension>
          <gpxpx:PowerExtension>
            <gpxpx:PowerInWatts>322</gpxpx:PowerInWatts>
          </gpxpx:PowerExtension>
        </extensions>
      </trkpt>
      <trkpt lat="41.555305" lon="1.877717">
        <ele>98.19723145137687</ele>
        <time>2026-07-12T06:03:14.082Z</time>
        <extensions>
          <gpxtpx:TrackPointExtension>
            <gpxtpx:hr>151</gpxtpx:hr>
            <gpxtpx:cad>84</gpxtpx:cad>
          </gpxtpx:TrackPointExtension>
          <gpxpx:PowerExtension>
            <gpxpx:PowerInWatts>325</gpxpx:PowerInWatts>
          </gpxpx:PowerExtension>
        </extensions>
      </trkpt>
      <trkpt lat="41.555279" lon="1.877688">
        <ele>98.2009357649049</ele>
        <time>2026-07-12T06:03:14.887Z</time>
        <extensions>
          <gpxtpx:TrackPointExtension>
            <gpxtpx:hr>151</gpxtpx:hr>
            <gpxtpx:cad>84</gpxtpx:cad>
          </gpxtpx:TrackPointExtension>
          <gpxpx:PowerExtension>
            <gpxpx:PowerInWatts>327</gpxpx:PowerInWatts>
          </gpxpx:PowerExtension>
        </extensions>
      </trkpt>
      <trkpt lat="41.555259" lon="1.877671">
        <ele>98.20209432554611</ele>
        <time>2026-07-12T06:03:15.694Z</time>
        <extensions>
          <gpxtpx:TrackPointExtension>
            <gpxtpx:hr>151</gpxtpx:hr>
            <gpxtpx:cad>84</gpxtpx:cad>
          </gpxtpx:TrackPointExtension>
          <gpxpx:PowerExtension>
            <gpxpx:PowerInWatts>328</gpxpx:PowerInWatts>
          </gpxpx:PowerExtension>
        </extensions>
      </trkpt>
      <trkpt lat="41.555231" lon="1.877641">
        <ele>98.20569149487436</ele>
        <time>2026-07-12T06:03:16.499Z</time>
        <extensions>
          <gpxtpx:TrackPointExtension>
            <gpxtpx:hr>151</gpxtpx:hr>
            <gpxtpx:cad>84</gpxtpx:cad>
          </gpxtpx:TrackPointExtension>
          <gpxpx:PowerExtension>
            <gpxpx:PowerInWatts>331</gpxpx:PowerInWatts>
          </gpxpx:PowerExtension>
        </extensions>
      </trkpt>
      <trkpt lat="41.555208" lon="1.87762">
        <ele>98.1836350054151</ele>
        <time>2026-07-12T06:03:17.305Z</time>
        <extensions>
          <gpxtpx:TrackPointExtension>
            <gpxtpx:hr>151</gpxtpx:hr>
            <gpxtpx:cad>84</gpxtpx:cad>
          </gpxtpx:TrackPointExtension>
          <gpxpx:PowerExtension>
            <gpxpx:PowerInWatts>333</gpxpx:PowerInWatts>
          </gpxpx:PowerExtension>
        </extensions>
      </trkpt>
      <trkpt lat="41.555183" lon="1.877596">
        <ele>98.15198083105913</ele>
        <time>2026-07-12T06:03:18.110Z</time>
        <extensions>
          <gpxtpx:TrackPointExtension>
            <gpxtpx:hr>151</gpxtpx:hr>
            <gpxtpx:cad>84</gpxtpx:cad>
          </gpxtpx:TrackPointExtension>
          <gpxpx:PowerExtension>
            <gpxpx:PowerInWatts>333</gpxpx:PowerInWatts>
          </gpxpx:PowerExtension>
        </extensions>
      </trkpt>
      <trkpt lat="41.555157" lon="1.877566">
        <ele>98.13605685729175</ele>
        <time>2026-07-12T06:03:18.915Z</time>
        <extensions>
          <gpxtpx:TrackPointExtension>
            <gpxtpx:hr>151</gpxtpx:hr>
            <gpxtpx:cad>85</gpxtpx:cad>
          </gpxtpx:TrackPointExtension>
          <gpxpx:PowerExtension>
            <gpxpx:PowerInWatts>333</gpxpx:PowerInWatts>
          </gpxpx:PowerExtension>
        </extensions>
      </trkpt>
      <trkpt lat="41.555133" lon="1.877544">
        <ele>98.15401958621226</ele>
        <time>2026-07-12T06:03:19.721Z</time>
        <extensions>
          <gpxtpx:TrackPointExtension>
            <gpxtpx:hr>150</gpxtpx:hr>
            <gpxtpx:cad>85</gpxtpx:cad>
          </gpxtpx:TrackPointExtension>
          <gpxpx:PowerExtension>
            <gpxpx:PowerInWatts>335</gpxpx:PowerInWatts>
          </gpxpx:PowerExtension>
        </extensions>
      </trkpt>
      <trkpt lat="41.555102" lon="1.877516">
        <ele>98.20758386632795</ele>
        <time>2026-07-12T06:03:20.526Z</time>
        <extensions>
          <gpxtpx:TrackPointExtension>
            <gpxtpx:hr>151</gpxtpx:hr>
            <gpxtpx:cad>85</gpxtpx:cad>
          </gpxtpx:TrackPointExtension>
          <gpxpx:PowerExtension>
            <gpxpx:PowerInWatts>336</gpxpx:PowerInWatts>
          </gpxpx:PowerExtension>
        </extensions>
      </trkpt>
      <trkpt lat="41.55508" lon="1.877501">
        <ele>98.22280885426648</ele>
        <time>2026-07-12T06:03:21.332Z</time>
        <extensions>
          <gpxtpx:TrackPointExtension>
            <gpxtpx:hr>150</gpxtpx:hr>
            <gpxtpx:cad>85</gpxtpx:cad>
          </gpxtpx:TrackPointExtension>
          <gpxpx:PowerExtension>
            <gpxpx:PowerInWatts>338</gpxpx:PowerInWatts>
          </gpxpx:PowerExtension>
        </extensions>
      </trkpt>
      <trkpt lat="41.555048" lon="1.877479">
        <ele>98.22243464749691</ele>
        <time>2026-07-12T06:03:22.137Z</time>
        <extensions>
          <gpxtpx:TrackPointExtension>
            <gpxtpx:hr>150</gpxtpx:hr>
            <gpxtpx:cad>85</gpxtpx:cad>
          </gpxtpx:TrackPointExtension>
          <gpxpx:PowerExtension>
            <gpxpx:PowerInWatts>339</gpxpx:PowerInWatts>
          </gpxpx:PowerExtension>
        </extensions>
      </trkpt>
      <trkpt lat="41.555023" lon="1.877465">
        <ele>98.22368802387979</ele>
        <time>2026-07-12T06:03:22.943Z</time>
        <extensions>
          <gpxtpx:TrackPointExtension>
            <gpxtpx:hr>150</gpxtpx:hr>
            <gpxtpx:cad>85</gpxtpx:cad>
          </gpxtpx:TrackPointExtension>
          <gpxpx:PowerExtension>
            <gpxpx:PowerInWatts>339</gpxpx:PowerInWatts>
          </gpxpx:PowerExtension>
        </extensions>
      </trkpt>
      <trkpt lat="41.554994" lon="1.87745">
        <ele>98.19594619211367</ele>
        <time>2026-07-12T06:03:23.748Z</time>
        <extensions>
          <gpxtpx:TrackPointExtension>
            <gpxtpx:hr>151</gpxtpx:hr>
            <gpxtpx:cad>85</gpxtpx:cad>
          </gpxtpx:TrackPointExtension>
          <gpxpx:PowerExtension>
            <gpxpx:PowerInWatts>339</gpxpx:PowerInWatts>
          </gpxpx:PowerExtension>
        </extensions>
      </trkpt>
      <trkpt lat="41.554964" lon="1.877431">
        <ele>98.1677460273081</ele>
        <time>2026-07-12T06:03:24.553Z</time>
        <extensions>
          <gpxtpx:TrackPointExtension>
            <gpxtpx:hr>150</gpxtpx:hr>
            <gpxtpx:cad>85</gpxtpx:cad>
          </gpxtpx:TrackPointExtension>
          <gpxpx:PowerExtension>
            <gpxpx:PowerInWatts>337</gpxpx:PowerInWatts>
          </gpxpx:PowerExtension>
        </extensions>
      </trkpt>
      <trkpt lat="41.554937" lon="1.87742">
        <ele>98.15874568143698</ele>
        <time>2026-07-12T06:03:25.360Z</time>
        <extensions>
          <gpxtpx:TrackPointExtension>
            <gpxtpx:hr>150</gpxtpx:hr>
            <gpxtpx:cad>85</gpxtpx:cad>
          </gpxtpx:TrackPointExtension>
          <gpxpx:PowerExtension>
            <gpxpx:PowerInWatts>336</gpxpx:PowerInWatts>
          </gpxpx:PowerExtension>
        </extensions>
      </trkpt>
      <trkpt lat="41.554903" lon="1.877396">
        <ele>98.12836151864173</ele>
        <time>2026-07-12T06:03:26.165Z</time>
        <extensions>
          <gpxtpx:TrackPointExtension>
            <gpxtpx:hr>151</gpxtpx:hr>
            <gpxtpx:cad>85</gpxtpx:cad>
          </gpxtpx:TrackPointExtension>
          <gpxpx:PowerExtension>
            <gpxpx:PowerInWatts>337</gpxpx:PowerInWatts>
          </gpxpx:PowerExtension>
        </extensions>
      </trkpt>
      <trkpt lat="41.554878" lon="1.877382">
        <ele>98.11664192662823</ele>
        <time>2026-07-12T06:03:26.971Z</time>
        <extensions>
          <gpxtpx:TrackPointExtension>
            <gpxtpx:hr>150</gpxtpx:hr>
            <gpxtpx:cad>85</gpxtpx:cad>
          </gpxtpx:TrackPointExtension>
          <gpxpx:PowerExtension>
            <gpxpx:PowerInWatts>339</gpxpx:PowerInWatts>
          </gpxpx:PowerExtension>
        </extensions>
      </trkpt>
      <trkpt lat="41.554847" lon="1.877367">
        <ele>98.1096612512656</ele>
        <time>2026-07-12T06:03:27.776Z</time>
        <extensions>
          <gpxtpx:TrackPointExtension>
            <gpxtpx:hr>150</gpxtpx:hr>
            <gpxtpx:cad>85</gpxtpx:cad>
          </gpxtpx:TrackPointExtension>
          <gpxpx:PowerExtension>
            <gpxpx:PowerInWatts>340</gpxpx:PowerInWatts>
          </gpxpx:PowerExtension>
        </extensions>
      </trkpt>
      <trkpt lat="41.554816" lon="1.877354">
        <ele>98.09538606676995</ele>
        <time>2026-07-12T06:03:28.581Z</time>
        <extensions>
          <gpxtpx:TrackPointExtension>
            <gpxtpx:hr>151</gpxtpx:hr>
            <gpxtpx:cad>85</gpxtpx:cad>
          </gpxtpx:TrackPointExtension>
          <gpxpx:PowerExtension>
            <gpxpx:PowerInWatts>341</gpxpx:PowerInWatts>
          </gpxpx:PowerExtension>
        </extensions>
      </trkpt>
      <trkpt lat="41.554792" lon="1.87734">
        <ele>98.07349987700783</ele>
        <time>2026-07-12T06:03:29.387Z</time>
        <extensions>
          <gpxtpx:TrackPointExtension>
            <gpxtpx:hr>150</gpxtpx:hr>
            <gpxtpx:cad>85</gpxtpx:cad>
          </gpxtpx:TrackPointExtension>
          <gpxpx:PowerExtension>
            <gpxpx:PowerInWatts>342</gpxpx:PowerInWatts>
          </gpxpx:PowerExtension>
        </extensions>
      </trkpt>
      <trkpt lat="41.554761" lon="1.877323">
        <ele>98.04797074192624</ele>
        <time>2026-07-12T06:03:30.192Z</time>
        <extensions>
          <gpxtpx:TrackPointExtension>
            <gpxtpx:hr>150</gpxtpx:hr>
            <gpxtpx:cad>85</gpxtpx:cad>
          </gpxtpx:TrackPointExtension>
          <gpxpx:PowerExtension>
            <gpxpx:PowerInWatts>344</gpxpx:PowerInWatts>
          </gpxpx:PowerExtension>
        </extensions>
      </trkpt>
      <trkpt lat="41.554737" lon="1.877319">
        <ele>98.04577919370092</ele>
        <time>2026-07-12T06:03:30.998Z</time>
        <extensions>
          <gpxtpx:TrackPointExtension>
            <gpxtpx:hr>151</gpxtpx:hr>
            <gpxtpx:cad>84</gpxtpx:cad>
          </gpxtpx:TrackPointExtension>
          <gpxpx:PowerExtension>
            <gpxpx:PowerInWatts>347</gpxpx:PowerInWatts>
          </gpxpx:PowerExtension>
        </extensions>
      </trkpt>
      <trkpt lat="41.554701" lon="1.877301">
        <ele>98.02714854657187</ele>
        <time>2026-07-12T06:03:31.803Z</time>
        <extensions>
          <gpxtpx:TrackPointExtension>
            <gpxtpx:hr>150</gpxtpx:hr>
            <gpxtpx:cad>84</gpxtpx:cad>
          </gpxtpx:TrackPointExtension>
          <gpxpx:PowerExtension>
            <gpxpx:PowerInWatts>349</gpxpx:PowerInWatts>
          </gpxpx:PowerExtension>
        </extensions>
      </trkpt>
      <trkpt lat="41.554672" lon="1.877291">
        <ele>98.03798087134363</ele>
        <time>2026-07-12T06:03:32.608Z</time>
        <extensions>
          <gpxtpx:TrackPointExtension>
            <gpxtpx:hr>150</gpxtpx:hr>
            <gpxtpx:cad>84</gpxtpx:cad>
          </gpxtpx:TrackPointExtension>
          <gpxpx:PowerExtension>
            <gpxpx:PowerInWatts>350</gpxpx:PowerInWatts>
          </gpxpx:PowerExtension>
        </extensions>
      </trkpt>
      <trkpt lat="41.55464" lon="1.877282">
        <ele>98.04084229838024</ele>
        <time>2026-07-12T06:03:33.414Z</time>
        <extensions>
          <gpxtpx:TrackPointExtension>
            <gpxtpx:hr>151</gpxtpx:hr>
            <gpxtpx:cad>84</gpxtpx:cad>
          </gpxtpx:TrackPointExtension>
          <gpxpx:PowerExtension>
            <gpxpx:PowerInWatts>350</gpxpx:PowerInWatts>
          </gpxpx:PowerExtension>
        </extensions>
      </trkpt>
      <trkpt lat="41.554611" lon="1.877269">
        <ele>98.03702659261995</ele>
        <time>2026-07-12T06:03:34.220Z</time>
        <extensions>
          <gpxtpx:TrackPointExtension>
            <gpxtpx:hr>150</gpxtpx:hr>
            <gpxtpx:cad>84</gpxtpx:cad>
          </gpxtpx:TrackPointExtension>
          <gpxpx:PowerExtension>
            <gpxpx:PowerInWatts>351</gpxpx:PowerInWatts>
          </gpxpx:PowerExtension>
        </extensions>
      </trkpt>
      <trkpt lat="41.554586" lon="1.877263">
        <ele>98.06243264039684</ele>
        <time>2026-07-12T06:03:35.026Z</time>
        <extensions>
          <gpxtpx:TrackPointExtension>
            <gpxtpx:hr>150</gpxtpx:hr>
            <gpxtpx:cad>84</gpxtpx:cad>
          </gpxtpx:TrackPointExtension>
          <gpxpx:PowerExtension>
            <gpxpx:PowerInWatts>353</gpxpx:PowerInWatts>
          </gpxpx:PowerExtension>
        </extensions>
      </trkpt>
      <trkpt lat="41.554555" lon="1.877242">
        <ele>98.03468826070811</ele>
        <time>2026-07-12T06:03:35.831Z</time>
        <extensions>
          <gpxtpx:TrackPointExtension>
            <gpxtpx:hr>150</gpxtpx:hr>
            <gpxtpx:cad>84</gpxtpx:cad>
          </gpxtpx:TrackPointExtension>
          <gpxpx:PowerExtension>
            <gpxpx:PowerInWatts>353</gpxpx:PowerInWatts>
          </gpxpx:PowerExtension>
        </extensions>
      </trkpt>
      <trkpt lat="41.55453" lon="1.877238">
        <ele>98.03426034735301</ele>
        <time>2026-07-12T06:03:36.636Z</time>
        <extensions>
          <gpxtpx:TrackPointExtension>
            <gpxtpx:hr>150</gpxtpx:hr>
            <gpxtpx:cad>85</gpxtpx:cad>
          </gpxtpx:TrackPointExtension>
          <gpxpx:PowerExtension>
            <gpxpx:PowerInWatts>351</gpxpx:PowerInWatts>
          </gpxpx:PowerExtension>
        </extensions>
      </trkpt>
      <trkpt lat="41.554496" lon="1.87723">
        <ele>98.0254259935291</ele>
        <time>2026-07-12T06:03:37.442Z</time>
        <extensions>
          <gpxtpx:TrackPointExtension>
            <gpxtpx:hr>150</gpxtpx:hr>
            <gpxtpx:cad>85</gpxtpx:cad>
          </gpxtpx:TrackPointExtension>
          <gpxpx:PowerExtension>
            <gpxpx:PowerInWatts>351</gpxpx:PowerInWatts>
          </gpxpx:PowerExtension>
        </extensions>
      </trkpt>
      <trkpt lat="41.554468" lon="1.877222">
        <ele>98.0122075229406</ele>
        <time>2026-07-12T06:03:38.247Z</time>
        <extensions>
          <gpxtpx:TrackPointExtension>
            <gpxtpx:hr>150</gpxtpx:hr>
            <gpxtpx:cad>85</gpxtpx:cad>
          </gpxtpx:TrackPointExtension>
          <gpxpx:PowerExtension>
            <gpxpx:PowerInWatts>349</gpxpx:PowerInWatts>
          </gpxpx:PowerExtension>
        </extensions>
      </trkpt>
      <trkpt lat="41.554439" lon="1.877214">
        <ele>97.98443332877136</ele>
        <time>2026-07-12T06:03:39.053Z</time>
        <extensions>
          <gpxtpx:TrackPointExtension>
            <gpxtpx:hr>149</gpxtpx:hr>
            <gpxtpx:cad>85</gpxtpx:cad>
          </gpxtpx:TrackPointExtension>
          <gpxpx:PowerExtension>
            <gpxpx:PowerInWatts>349</gpxpx:PowerInWatts>
          </gpxpx:PowerExtension>
        </extensions>
      </trkpt>
      <trkpt lat="41.554406" lon="1.877205">
        <ele>97.93705611237283</ele>
        <time>2026-07-12T06:03:39.858Z</time>
        <extensions>
          <gpxtpx:TrackPointExtension>
            <gpxtpx:hr>149</gpxtpx:hr>
            <gpxtpx:cad>85</gpxtpx:cad>
          </gpxtpx:TrackPointExtension>
          <gpxpx:PowerExtension>
            <gpxpx:PowerInWatts>348</gpxpx:PowerInWatts>
          </gpxpx:PowerExtension>
        </extensions>
      </trkpt>
      <trkpt lat="41.554378" lon="1.877201">
        <ele>97.90669502113937</ele>
        <time>2026-07-12T06:03:40.664Z</time>
        <extensions>
          <gpxtpx:TrackPointExtension>
            <gpxtpx:hr>149</gpxtpx:hr>
            <gpxtpx:cad>85</gpxtpx:cad>
          </gpxtpx:TrackPointExtension>
          <gpxpx:PowerExtension>
            <gpxpx:PowerInWatts>347</gpxpx:PowerInWatts>
          </gpxpx:PowerExtension>
        </extensions>
      </trkpt>
      <trkpt lat="41.554344" lon="1.877184">
        <ele>97.83295667472268</ele>
        <time>2026-07-12T06:03:41.469Z</time>
        <extensions>
          <gpxtpx:TrackPointExtension>
            <gpxtpx:hr>148</gpxtpx:hr>
            <gpxtpx:cad>85</gpxtpx:cad>
          </gpxtpx:TrackPointExtension>
          <gpxpx:PowerExtension>
            <gpxpx:PowerInWatts>347</gpxpx:PowerInWatts>
          </gpxpx:PowerExtension>
        </extensions>
      </trkpt>
      <trkpt lat="41.554319" lon="1.877177">
        <ele>97.79055887679249</ele>
        <time>2026-07-12T06:03:42.274Z</time>
        <extensions>
          <gpxtpx:TrackPointExtension>
            <gpxtpx:hr>148</gpxtpx:hr>
            <gpxtpx:cad>85</gpxtpx:cad>
          </gpxtpx:TrackPointExtension>
          <gpxpx:PowerExtension>
            <gpxpx:PowerInWatts>347</gpxpx:PowerInWatts>
          </gpxpx:PowerExtension>
        </extensions>
      </trkpt>
      <trkpt lat="41.554283" lon="1.877164">
        <ele>97.71187696964903</ele>
        <time>2026-07-12T06:03:43.080Z</time>
        <extensions>
          <gpxtpx:TrackPointExtension>
            <gpxtpx:hr>148</gpxtpx:hr>
            <gpxtpx:cad>85</gpxtpx:cad>
          </gpxtpx:TrackPointExtension>
          <gpxpx:PowerExtension>
            <gpxpx:PowerInWatts>346</gpxpx:PowerInWatts>
          </gpxpx:PowerExtension>
        </extensions>
      </trkpt>
      <trkpt lat="41.554256" lon="1.877149">
        <ele>97.65218477001493</ele>
        <time>2026-07-12T06:03:43.886Z</time>
        <extensions>
          <gpxtpx:TrackPointExtension>
            <gpxtpx:hr>149</gpxtpx:hr>
            <gpxtpx:cad>85</gpxtpx:cad>
          </gpxtpx:TrackPointExtension>
          <gpxpx:PowerExtension>
            <gpxpx:PowerInWatts>347</gpxpx:PowerInWatts>
          </gpxpx:PowerExtension>
        </extensions>
      </trkpt>
      <trkpt lat="41.554227" lon="1.87713">
        <ele>97.59779769975408</ele>
        <time>2026-07-12T06:03:44.692Z</time>
        <extensions>
          <gpxtpx:TrackPointExtension>
            <gpxtpx:hr>149</gpxtpx:hr>
            <gpxtpx:cad>86</gpxtpx:cad>
          </gpxtpx:TrackPointExtension>
          <gpxpx:PowerExtension>
            <gpxpx:PowerInWatts>346</gpxpx:PowerInWatts>
          </gpxpx:PowerExtension>
        </extensions>
      </trkpt>
      <trkpt lat="41.554205" lon="1.877104">
        <ele>97.560782195777</ele>
        <time>2026-07-12T06:03:45.497Z</time>
        <extensions>
          <gpxtpx:TrackPointExtension>
            <gpxtpx:hr>149</gpxtpx:hr>
            <gpxtpx:cad>86</gpxtpx:cad>
          </gpxtpx:TrackPointExtension>
          <gpxpx:PowerExtension>
            <gpxpx:PowerInWatts>345</gpxpx:PowerInWatts>
          </gpxpx:PowerExtension>
        </extensions>
      </trkpt>
      <trkpt lat="41.554187" lon="1.877074">
        <ele>97.51913758731092</ele>
        <time>2026-07-12T06:03:46.302Z</time>
        <extensions>
          <gpxtpx:TrackPointExtension>
            <gpxtpx:hr>149</gpxtpx:hr>
            <gpxtpx:cad>87</gpxtpx:cad>
          </gpxtpx:TrackPointExtension>
          <gpxpx:PowerExtension>
            <gpxpx:PowerInWatts>344</gpxpx:PowerInWatts>
          </gpxpx:PowerExtension>
        </extensions>
      </trkpt>
      <trkpt lat="41.554169" lon="1.877032">
        <ele>97.43705998937196</ele>
        <time>2026-07-12T06:03:47.108Z</time>
        <extensions>
          <gpxtpx:TrackPointExtension>
            <gpxtpx:hr>149</gpxtpx:hr>
            <gpxtpx:cad>87</gpxtpx:cad>
          </gpxtpx:TrackPointExtension>
          <gpxpx:PowerExtension>
            <gpxpx:PowerInWatts>344</gpxpx:PowerInWatts>
          </gpxpx:PowerExtension>
        </extensions>
      </trkpt>
      <trkpt lat="41.554154" lon="1.877003">
        <ele>97.35593452347982</ele>
        <time>2026-07-12T06:03:47.913Z</time>
        <extensions>
          <gpxtpx:TrackPointExtension>
            <gpxtpx:hr>149</gpxtpx:hr>
            <gpxtpx:cad>87</gpxtpx:cad>
          </gpxtpx:TrackPointExtension>
          <gpxpx:PowerExtension>
            <gpxpx:PowerInWatts>343</gpxpx:PowerInWatts>
          </gpxpx:PowerExtension>
        </extensions>
      </trkpt>
      <trkpt lat="41.554133" lon="1.876967">
        <ele>97.22342767194077</ele>
        <time>2026-07-12T06:03:48.719Z</time>
        <extensions>
          <gpxtpx:TrackPointExtension>
            <gpxtpx:hr>149</gpxtpx:hr>
            <gpxtpx:cad>86</gpxtpx:cad>
          </gpxtpx:TrackPointExtension>
          <gpxpx:PowerExtension>
            <gpxpx:PowerInWatts>343</gpxpx:PowerInWatts>
          </gpxpx:PowerExtension>
        </extensions>
      </trkpt>
      <trkpt lat="41.554113" lon="1.876932">
        <ele>96.96151830564938</ele>
        <time>2026-07-12T06:03:49.524Z</time>
        <extensions>
          <gpxtpx:TrackPointExtension>
            <gpxtpx:hr>149</gpxtpx:hr>
            <gpxtpx:cad>86</gpxtpx:cad>
          </gpxtpx:TrackPointExtension>
          <gpxpx:PowerExtension>
            <gpxpx:PowerInWatts>341</gpxpx:PowerInWatts>
          </gpxpx:PowerExtension>
        </extensions>
      </trkpt>
      <trkpt lat="41.554092" lon="1.87691">
        <ele>96.68755212526825</ele>
        <time>2026-07-12T06:03:50.329Z</time>
        <extensions>
          <gpxtpx:TrackPointExtension>
            <gpxtpx:hr>149</gpxtpx:hr>
            <gpxtpx:cad>86</gpxtpx:cad>
          </gpxtpx:TrackPointExtension>
          <gpxpx:PowerExtension>
            <gpxpx:PowerInWatts>340</gpxpx:PowerInWatts>
          </gpxpx:PowerExtension>
        </extensions>
      </trkpt>
      <trkpt lat="41.554061" lon="1.876886">
        <ele>96.43286431839753</ele>
        <time>2026-07-12T06:03:51.135Z</time>
        <extensions>
          <gpxtpx:TrackPointExtension>
            <gpxtpx:hr>149</gpxtpx:hr>
            <gpxtpx:cad>85</gpxtpx:cad>
          </gpxtpx:TrackPointExtension>
          <gpxpx:PowerExtension>
            <gpxpx:PowerInWatts>339</gpxpx:PowerInWatts>
          </gpxpx:PowerExtension>
        </extensions>
      </trkpt>
      <trkpt lat="41.554037" lon="1.876872">
        <ele>96.2960404710409</ele>
        <time>2026-07-12T06:03:51.940Z</time>
        <extensions>
          <gpxtpx:TrackPointExtension>
            <gpxtpx:hr>149</gpxtpx:hr>
            <gpxtpx:cad>84</gpxtpx:cad>
          </gpxtpx:TrackPointExtension>
          <gpxpx:PowerExtension>
            <gpxpx:PowerInWatts>338</gpxpx:PowerInWatts>
          </gpxpx:PowerExtension>
        </extensions>
      </trkpt>
      <trkpt lat="41.554009" lon="1.876861">
        <ele>96.1800121511044</ele>
        <time>2026-07-12T06:03:52.746Z</time>
        <extensions>
          <gpxtpx:TrackPointExtension>
            <gpxtpx:hr>149</gpxtpx:hr>
            <gpxtpx:cad>83</gpxtpx:cad>
          </gpxtpx:TrackPointExtension>
          <gpxpx:PowerExtension>
            <gpxpx:PowerInWatts>337</gpxpx:PowerInWatts>
          </gpxpx:PowerExtension>
        </extensions>
      </trkpt>
      <trkpt lat="41.55398" lon="1.876845">
        <ele>96.0243263740123</ele>
        <time>2026-07-12T06:03:53.552Z</time>
        <extensions>
          <gpxtpx:TrackPointExtension>
            <gpxtpx:hr>149</gpxtpx:hr>
            <gpxtpx:cad>83</gpxtpx:cad>
          </gpxtpx:TrackPointExtension>
          <gpxpx:PowerExtension>
            <gpxpx:PowerInWatts>333</gpxpx:PowerInWatts>
          </gpxpx:PowerExtension>
        </extensions>
      </trkpt>
      <trkpt lat="41.553953" lon="1.876837">
        <ele>95.93483468054613</ele>
        <time>2026-07-12T06:03:54.358Z</time>
        <extensions>
          <gpxtpx:TrackPointExtension>
            <gpxtpx:hr>149</gpxtpx:hr>
            <gpxtpx:cad>84</gpxtpx:cad>
          </gpxtpx:TrackPointExtension>
          <gpxpx:PowerExtension>
            <gpxpx:PowerInWatts>324</gpxpx:PowerInWatts>
          </gpxpx:PowerExtension>
        </extensions>
      </trkpt>
      <trkpt lat="41.553923" lon="1.876817">
        <ele>95.788311819046</ele>
        <time>2026-07-12T06:03:55.163Z</time>
        <extensions>
          <gpxtpx:TrackPointExtension>
            <gpxtpx:hr>149</gpxtpx:hr>
            <gpxtpx:cad>84</gpxtpx:cad>
          </gpxtpx:TrackPointExtension>
          <gpxpx:PowerExtension>
            <gpxpx:PowerInWatts>312</gpxpx:PowerInWatts>
          </gpxpx:PowerExtension>
        </extensions>
      </trkpt>
      <trkpt lat="41.553899" lon="1.876809">
        <ele>95.75903314130846</ele>
        <time>2026-07-12T06:03:55.968Z</time>
        <extensions>
          <gpxtpx:TrackPointExtension>
            <gpxtpx:hr>149</gpxtpx:hr>
            <gpxtpx:cad>84</gpxtpx:cad>
          </gpxtpx:TrackPointExtension>
          <gpxpx:PowerExtension>
            <gpxpx:PowerInWatts>300</gpxpx:PowerInWatts>
          </gpxpx:PowerExtension>
        </extensions>
      </trkpt>
      <trkpt lat="41.553864" lon="1.876792">
        <ele>95.67118015179501</ele>
        <time>2026-07-12T06:03:56.774Z</time>
        <extensions>
          <gpxtpx:TrackPointExtension>
            <gpxtpx:hr>149</gpxtpx:hr>
            <gpxtpx:cad>84</gpxtpx:cad>
          </gpxtpx:TrackPointExtension>
          <gpxpx:PowerExtension>
            <gpxpx:PowerInWatts>288</gpxpx:PowerInWatts>
          </gpxpx:PowerExtension>
        </extensions>
      </trkpt>
      <trkpt lat="41.553835" lon="1.87678">
        <ele>95.61270321973994</ele>
        <time>2026-07-12T06:03:57.579Z</time>
        <extensions>
          <gpxtpx:TrackPointExtension>
            <gpxtpx:hr>149</gpxtpx:hr>
            <gpxtpx:cad>85</gpxtpx:cad>
          </gpxtpx:TrackPointExtension>
          <gpxpx:PowerExtension>
            <gpxpx:PowerInWatts>274</gpxpx:PowerInWatts>
          </gpxpx:PowerExtension>
        </extensions>
      </trkpt>
      <trkpt lat="41.553801" lon="1.876761">
        <ele>95.07930680858824</ele>
        <time>2026-07-12T06:03:58.385Z</time>
        <extensions>
          <gpxtpx:TrackPointExtension>
            <gpxtpx:hr>149</gpxtpx:hr>
            <gpxtpx:cad>85</gpxtpx:cad>
          </gpxtpx:TrackPointExtension>
          <gpxpx:PowerExtension>
            <gpxpx:PowerInWatts>264</gpxpx:PowerInWatts>
          </gpxpx:PowerExtension>
        </extensions>
      </trkpt>
      <trkpt lat="41.553777" lon="1.876751">
        <ele>94.65144673766137</ele>
        <time>2026-07-12T06:03:59.190Z</time>
        <extensions>
          <gpxtpx:TrackPointExtension>
            <gpxtpx:hr>148</gpxtpx:hr>
            <gpxtpx:cad>86</gpxtpx:cad>
          </gpxtpx:TrackPointExtension>
          <gpxpx:PowerExtension>
            <gpxpx:PowerInWatts>250</gpxpx:PowerInWatts>
          </gpxpx:PowerExtension>
        </extensions>
      </trkpt>
      <trkpt lat="41.553742" lon="1.876735">
        <ele>93.91708701500824</ele>
        <time>2026-07-12T06:03:59.995Z</time>
        <extensions>
          <gpxtpx:TrackPointExtension>
            <gpxtpx:hr>148</gpxtpx:hr>
            <gpxtpx:cad>86</gpxtpx:cad>
          </gpxtpx:TrackPointExtension>
          <gpxpx:PowerExtension>
            <gpxpx:PowerInWatts>241</gpxpx:PowerInWatts>
          </gpxpx:PowerExtension>
        </extensions>
      </trkpt>
      <trkpt lat="41.553719" lon="1.876728">
        <ele>93.55786270084474</ele>
        <time>2026-07-12T06:04:00.801Z</time>
        <extensions>
          <gpxtpx:TrackPointExtension>
            <gpxtpx:hr>148</gpxtpx:hr>
            <gpxtpx:cad>88</gpxtpx:cad>
          </gpxtpx:TrackPointExtension>
          <gpxpx:PowerExtension>
            <gpxpx:PowerInWatts>227</gpxpx:PowerInWatts>
          </gpxpx:PowerExtension>
        </extensions>
      </trkpt>
      <trkpt lat="41.553685" lon="1.87672">
        <ele>93.10344963212913</ele>
        <time>2026-07-12T06:04:01.606Z</time>
        <extensions>
          <gpxtpx:TrackPointExtension>
            <gpxtpx:hr>148</gpxtpx:hr>
            <gpxtpx:cad>88</gpxtpx:cad>
          </gpxtpx:TrackPointExtension>
          <gpxpx:PowerExtension>
            <gpxpx:PowerInWatts>226</gpxpx:PowerInWatts>
          </gpxpx:PowerExtension>
        </extensions>
      </trkpt>
      <trkpt lat="41.553657" lon="1.87671">
        <ele>91.87865641041302</ele>
        <time>2026-07-12T06:04:02.412Z</time>
        <extensions>
          <gpxtpx:TrackPointExtension>
            <gpxtpx:hr>148</gpxtpx:hr>
            <gpxtpx:cad>88</gpxtpx:cad>
          </gpxtpx:TrackPointExtension>
          <gpxpx:PowerExtension>
            <gpxpx:PowerInWatts>224</gpxpx:PowerInWatts>
          </gpxpx:PowerExtension>
        </extensions>
      </trkpt>
      <trkpt lat="41.553627" lon="1.8767">
        <ele>90.58335554253529</ele>
        <time>2026-07-12T06:04:03.218Z</time>
        <extensions>
          <gpxtpx:TrackPointExtension>
            <gpxtpx:hr>148</gpxtpx:hr>
            <gpxtpx:cad>88</gpxtpx:cad>
          </gpxtpx:TrackPointExtension>
          <gpxpx:PowerExtension>
            <gpxpx:PowerInWatts>223</gpxpx:PowerInWatts>
          </gpxpx:PowerExtension>
        </extensions>
      </trkpt>
      <trkpt lat="41.553597" lon="1.876695">
        <ele>89.5394997936803</ele>
        <time>2026-07-12T06:04:04.023Z</time>
        <extensions>
          <gpxtpx:TrackPointExtension>
            <gpxtpx:hr>147</gpxtpx:hr>
            <gpxtpx:cad>90</gpxtpx:cad>
          </gpxtpx:TrackPointExtension>
          <gpxpx:PowerExtension>
            <gpxpx:PowerInWatts>218</gpxpx:PowerInWatts>
          </gpxpx:PowerExtension>
        </extensions>
      </trkpt>
      <trkpt lat="41.553564" lon="1.876686">
        <ele>88.30024117368113</ele>
        <time>2026-07-12T06:04:04.829Z</time>
        <extensions>
          <gpxtpx:TrackPointExtension>
            <gpxtpx:hr>147</gpxtpx:hr>
            <gpxtpx:cad>90</gpxtpx:cad>
          </gpxtpx:TrackPointExtension>
          <gpxpx:PowerExtension>
            <gpxpx:PowerInWatts>219</gpxpx:PowerInWatts>
          </gpxpx:PowerExtension>
        </extensions>
      </trkpt>
      <trkpt lat="41.553539" lon="1.876682">
        <ele>87.63779905502066</ele>
        <time>2026-07-12T06:04:05.634Z</time>
        <extensions>
          <gpxtpx:TrackPointExtension>
            <gpxtpx:hr>147</gpxtpx:hr>
            <gpxtpx:cad>84</gpxtpx:cad>
          </gpxtpx:TrackPointExtension>
          <gpxpx:PowerExtension>
            <gpxpx:PowerInWatts>223</gpxpx:PowerInWatts>
          </gpxpx:PowerExtension>
        </extensions>
      </trkpt>
      <trkpt lat="41.553512" lon="1.876672">
        <ele>86.88997891850752</ele>
        <time>2026-07-12T06:04:06.440Z</time>
        <extensions>
          <gpxtpx:TrackPointExtension>
            <gpxtpx:hr>147</gpxtpx:hr>
            <gpxtpx:cad>84</gpxtpx:cad>
          </gpxtpx:TrackPointExtension>
          <gpxpx:PowerExtension>
            <gpxpx:PowerInWatts>219</gpxpx:PowerInWatts>
          </gpxpx:PowerExtension>
        </extensions>
      </trkpt>
      <trkpt lat="41.553481" lon="1.876655">
        <ele>85.98500158494515</ele>
        <time>2026-07-12T06:04:07.245Z</time>
        <extensions>
          <gpxtpx:TrackPointExtension>
            <gpxtpx:hr>147</gpxtpx:hr>
            <gpxtpx:cad>93</gpxtpx:cad>
          </gpxtpx:TrackPointExtension>
          <gpxpx:PowerExtension>
            <gpxpx:PowerInWatts>201</gpxpx:PowerInWatts>
          </gpxpx:PowerExtension>
        </extensions>
      </trkpt>
      <trkpt lat="41.553459" lon="1.876637">
        <ele>85.30015277813074</ele>
        <time>2026-07-12T06:04:08.050Z</time>
        <extensions>
          <gpxtpx:TrackPointExtension>
            <gpxtpx:hr>146</gpxtpx:hr>
            <gpxtpx:cad>93</gpxtpx:cad>
          </gpxtpx:TrackPointExtension>
          <gpxpx:PowerExtension>
            <gpxpx:PowerInWatts>191</gpxpx:PowerInWatts>
          </gpxpx:PowerExtension>
        </extensions>
      </trkpt>
      <trkpt lat="41.553423" lon="1.876605">
        <ele>84.3099595784829</ele>
        <time>2026-07-12T06:04:08.856Z</time>
        <extensions>
          <gpxtpx:TrackPointExtension>
            <gpxtpx:hr>146</gpxtpx:hr>
            <gpxtpx:cad>93</gpxtpx:cad>
          </gpxtpx:TrackPointExtension>
          <gpxpx:PowerExtension>
            <gpxpx:PowerInWatts>185</gpxpx:PowerInWatts>
          </gpxpx:PowerExtension>
        </extensions>
      </trkpt>
      <trkpt lat="41.553396" lon="1.876576">
        <ele>82.96368801776589</ele>
        <time>2026-07-12T06:04:09.661Z</time>
        <extensions>
          <gpxtpx:TrackPointExtension>
            <gpxtpx:hr>146</gpxtpx:hr>
            <gpxtpx:cad>93</gpxtpx:cad>
          </gpxtpx:TrackPointExtension>
          <gpxpx:PowerExtension>
            <gpxpx:PowerInWatts>183</gpxpx:PowerInWatts>
          </gpxpx:PowerExtension>
        </extensions>
      </trkpt>
      <trkpt lat="41.553366" lon="1.876536">
        <ele>81.6328865172583</ele>
        <time>2026-07-12T06:04:10.467Z</time>
        <extensions>
          <gpxtpx:TrackPointExtension>
            <gpxtpx:hr>146</gpxtpx:hr>
            <gpxtpx:cad>95</gpxtpx:cad>
          </gpxtpx:TrackPointExtension>
          <gpxpx:PowerExtension>
            <gpxpx:PowerInWatts>193</gpxpx:PowerInWatts>
          </gpxpx:PowerExtension>
        </extensions>
      </trkpt>
      <trkpt lat="41.553339" lon="1.876494">
        <ele>80.71583559621683</ele>
        <time>2026-07-12T06:04:11.272Z</time>
        <extensions>
          <gpxtpx:TrackPointExtension>
            <gpxtpx:hr>146</gpxtpx:hr>
            <gpxtpx:cad>95</gpxtpx:cad>
          </gpxtpx:TrackPointExtension>
          <gpxpx:PowerExtension>
            <gpxpx:PowerInWatts>207</gpxpx:PowerInWatts>
          </gpxpx:PowerExtension>
        </extensions>
      </trkpt>
      <trkpt lat="41.553312" lon="1.876462">
        <ele>80.24275884952813</ele>
        <time>2026-07-12T06:04:12.078Z</time>
        <extensions>
          <gpxtpx:TrackPointExtension>
            <gpxtpx:hr>146</gpxtpx:hr>
            <gpxtpx:cad>95</gpxtpx:cad>
          </gpxtpx:TrackPointExtension>
          <gpxpx:PowerExtension>
            <gpxpx:PowerInWatts>214</gpxpx:PowerInWatts>
          </gpxpx:PowerExtension>
        </extensions>
      </trkpt>
      <trkpt lat="41.553284" lon="1.876428">
        <ele>79.78179801213895</ele>
        <time>2026-07-12T06:04:12.884Z</time>
        <extensions>
          <gpxtpx:TrackPointExtension>
            <gpxtpx:hr>147</gpxtpx:hr>
            <gpxtpx:cad>95</gpxtpx:cad>
          </gpxtpx:TrackPointExtension>
          <gpxpx:PowerExtension>
            <gpxpx:PowerInWatts>217</gpxpx:PowerInWatts>
          </gpxpx:PowerExtension>
        </extensions>
      </trkpt>
      <trkpt lat="41.553261" lon="1.876404">
        <ele>79.17925249354768</ele>
        <time>2026-07-12T06:04:13.689Z</time>
        <extensions>
          <gpxtpx:TrackPointExtension>
            <gpxtpx:hr>147</gpxtpx:hr>
            <gpxtpx:cad>95</gpxtpx:cad>
          </gpxtpx:TrackPointExtension>
          <gpxpx:PowerExtension>
            <gpxpx:PowerInWatts>214</gpxpx:PowerInWatts>
          </gpxpx:PowerExtension>
        </extensions>
      </trkpt>
      <trkpt lat="41.553232" lon="1.876376">
        <ele>78.56131018474346</ele>
        <time>2026-07-12T06:04:14.495Z</time>
        <extensions>
          <gpxtpx:TrackPointExtension>
            <gpxtpx:hr>147</gpxtpx:hr>
            <gpxtpx:cad>88</gpxtpx:cad>
          </gpxtpx:TrackPointExtension>
          <gpxpx:PowerExtension>
            <gpxpx:PowerInWatts>218</gpxpx:PowerInWatts>
          </gpxpx:PowerExtension>
        </extensions>
      </trkpt>
      <trkpt lat="41.553209" lon="1.876349">
        <ele>78.15449664867674</ele>
        <time>2026-07-12T06:04:15.300Z</time>
        <extensions>
          <gpxtpx:TrackPointExtension>
            <gpxtpx:hr>148</gpxtpx:hr>
            <gpxtpx:cad>84</gpxtpx:cad>
          </gpxtpx:TrackPointExtension>
          <gpxpx:PowerExtension>
            <gpxpx:PowerInWatts>196</gpxpx:PowerInWatts>
          </gpxpx:PowerExtension>
        </extensions>
      </trkpt>
      <trkpt lat="41.553185" lon="1.876316">
        <ele>77.8369827089654</ele>
        <time>2026-07-12T06:04:16.106Z</time>
        <extensions>
          <gpxtpx:TrackPointExtension>
            <gpxtpx:hr>148</gpxtpx:hr>
            <gpxtpx:cad>84</gpxtpx:cad>
          </gpxtpx:TrackPointExtension>
          <gpxpx:PowerExtension>
            <gpxpx:PowerInWatts>192</gpxpx:PowerInWatts>
          </gpxpx:PowerExtension>
        </extensions>
      </trkpt>
      <trkpt lat="41.553162" lon="1.876285">
        <ele>77.68286635308068</ele>
        <time>2026-07-12T06:04:16.911Z</time>
        <extensions>
          <gpxtpx:TrackPointExtension>
            <gpxtpx:hr>148</gpxtpx:hr>
            <gpxtpx:cad>83</gpxtpx:cad>
          </gpxtpx:TrackPointExtension>
          <gpxpx:PowerExtension>
            <gpxpx:PowerInWatts>201</gpxpx:PowerInWatts>
          </gpxpx:PowerExtension>
        </extensions>
      </trkpt>
      <trkpt lat="41.55314" lon="1.876261">
        <ele>77.63213699534923</ele>
        <time>2026-07-12T06:04:17.716Z</time>
        <extensions>
          <gpxtpx:TrackPointExtension>
            <gpxtpx:hr>148</gpxtpx:hr>
            <gpxtpx:cad>83</gpxtpx:cad>
          </gpxtpx:TrackPointExtension>
          <gpxpx:PowerExtension>
            <gpxpx:PowerInWatts>200</gpxpx:PowerInWatts>
          </gpxpx:PowerExtension>
        </extensions>
      </trkpt>
      <trkpt lat="41.553116" lon="1.876227">
        <ele>77.57963142374251</ele>
        <time>2026-07-12T06:04:18.522Z</time>
        <extensions>
          <gpxtpx:TrackPointExtension>
            <gpxtpx:hr>148</gpxtpx:hr>
            <gpxtpx:cad>84</gpxtpx:cad>
          </gpxtpx:TrackPointExtension>
          <gpxpx:PowerExtension>
            <gpxpx:PowerInWatts>202</gpxpx:PowerInWatts>
          </gpxpx:PowerExtension>
        </extensions>
      </trkpt>
      <trkpt lat="41.553092" lon="1.876204">
        <ele>77.52313345280183</ele>
        <time>2026-07-12T06:04:19.327Z</time>
        <extensions>
          <gpxtpx:TrackPointExtension>
            <gpxtpx:hr>148</gpxtpx:hr>
            <gpxtpx:cad>84</gpxtpx:cad>
          </gpxtpx:TrackPointExtension>
          <gpxpx:PowerExtension>
            <gpxpx:PowerInWatts>203</gpxpx:PowerInWatts>
          </gpxpx:PowerExtension>
        </extensions>
      </trkpt>
      <trkpt lat="41.553068" lon="1.876173">
        <ele>77.47350269631646</ele>
        <time>2026-07-12T06:04:20.133Z</time>
        <extensions>
          <gpxtpx:TrackPointExtension>
            <gpxtpx:hr>147</gpxtpx:hr>
            <gpxtpx:cad>84</gpxtpx:cad>
          </gpxtpx:TrackPointExtension>
          <gpxpx:PowerExtension>
            <gpxpx:PowerInWatts>206</gpxpx:PowerInWatts>
          </gpxpx:PowerExtension>
        </extensions>
      </trkpt>
      <trkpt lat="41.55305" lon="1.876141">
        <ele>77.44367345476917</ele>
        <time>2026-07-12T06:04:20.938Z</time>
        <extensions>
          <gpxtpx:TrackPointExtension>
            <gpxtpx:hr>148</gpxtpx:hr>
            <gpxtpx:cad>84</gpxtpx:cad>
          </gpxtpx:TrackPointExtension>
          <gpxpx:PowerExtension>
            <gpxpx:PowerInWatts>209</gpxpx:PowerInWatts>
          </gpxpx:PowerExtension>
        </extensions>
      </trkpt>
      <trkpt lat="41.553033" lon="1.876111">
        <ele>77.42957825539902</ele>
        <time>2026-07-12T06:04:21.744Z</time>
        <extensions>
          <gpxtpx:TrackPointExtension>
            <gpxtpx:hr>148</gpxtpx:hr>
            <gpxtpx:cad>84</gpxtpx:cad>
          </gpxtpx:TrackPointExtension>
          <gpxpx:PowerExtension>
            <gpxpx:PowerInWatts>211</gpxpx:PowerInWatts>
          </gpxpx:PowerExtension>
        </extensions>
      </trkpt>
      <trkpt lat="41.553016" lon="1.87607">
        <ele>77.4290484389459</ele>
        <time>2026-07-12T06:04:22.550Z</time>
        <extensions>
          <gpxtpx:TrackPointExtension>
            <gpxtpx:hr>147</gpxtpx:hr>
            <gpxtpx:cad>84</gpxtpx:cad>
          </gpxtpx:TrackPointExtension>
          <gpxpx:PowerExtension>
            <gpxpx:PowerInWatts>215</gpxpx:PowerInWatts>
          </gpxpx:PowerExtension>
        </extensions>
      </trkpt>
      <trkpt lat="41.553005" lon="1.876042">
        <ele>77.4258772725977</ele>
        <time>2026-07-12T06:04:23.355Z</time>
        <extensions>
          <gpxtpx:TrackPointExtension>
            <gpxtpx:hr>147</gpxtpx:hr>
            <gpxtpx:cad>84</gpxtpx:cad>
          </gpxtpx:TrackPointExtension>
          <gpxpx:PowerExtension>
            <gpxpx:PowerInWatts>220</gpxpx:PowerInWatts>
          </gpxpx:PowerExtension>
        </extensions>
      </trkpt>
      <trkpt lat="41.553001" lon="1.875993">
        <ele>77.43862412839557</ele>
        <time>2026-07-12T06:04:24.161Z</time>
        <extensions>
          <gpxtpx:TrackPointExtension>
            <gpxtpx:hr>147</gpxtpx:hr>
            <gpxtpx:cad>84</gpxtpx:cad>
          </gpxtpx:TrackPointExtension>
          <gpxpx:PowerExtension>
            <gpxpx:PowerInWatts>225</gpxpx:PowerInWatts>
          </gpxpx:PowerExtension>
        </extensions>
      </trkpt>
      <trkpt lat="41.552995" lon="1.875954">
        <ele>77.44844758106511</ele>
        <time>2026-07-12T06:04:24.966Z</time>
        <extensions>
          <gpxtpx:TrackPointExtension>
            <gpxtpx:hr>148</gpxtpx:hr>
            <gpxtpx:cad>85</gpxtpx:cad>
          </gpxtpx:TrackPointExtension>
          <gpxpx:PowerExtension>
            <gpxpx:PowerInWatts>229</gpxpx:PowerInWatts>
          </gpxpx:PowerExtension>
        </extensions>
      </trkpt>
      <trkpt lat="41.552994" lon="1.87591">
        <ele>77.4602121432464</ele>
        <time>2026-07-12T06:04:25.771Z</time>
        <extensions>
          <gpxtpx:TrackPointExtension>
            <gpxtpx:hr>147</gpxtpx:hr>
            <gpxtpx:cad>85</gpxtpx:cad>
          </gpxtpx:TrackPointExtension>
          <gpxpx:PowerExtension>
            <gpxpx:PowerInWatts>235</gpxpx:PowerInWatts>
          </gpxpx:PowerExtension>
        </extensions>
      </trkpt>
      <trkpt lat="41.552995" lon="1.875875">
        <ele>77.44798987491863</ele>
        <time>2026-07-12T06:04:26.577Z</time>
        <extensions>
          <gpxtpx:TrackPointExtension>
            <gpxtpx:hr>147</gpxtpx:hr>
            <gpxtpx:cad>85</gpxtpx:cad>
          </gpxtpx:TrackPointExtension>
          <gpxpx:PowerExtension>
            <gpxpx:PowerInWatts>243</gpxpx:PowerInWatts>
          </gpxpx:PowerExtension>
        </extensions>
      </trkpt>
      <trkpt lat="41.552986" lon="1.875845">
        <ele>77.43463658288218</ele>
        <time>2026-07-12T06:04:27.382Z</time>
        <extensions>
          <gpxtpx:TrackPointExtension>
            <gpxtpx:hr>147</gpxtpx:hr>
            <gpxtpx:cad>85</gpxtpx:cad>
          </gpxtpx:TrackPointExtension>
          <gpxpx:PowerExtension>
            <gpxpx:PowerInWatts>247</gpxpx:PowerInWatts>
          </gpxpx:PowerExtension>
        </extensions>
      </trkpt>
      <trkpt lat="41.552977" lon="1.875808">
        <ele>77.41982331089545</ele>
        <time>2026-07-12T06:04:28.188Z</time>
        <extensions>
          <gpxtpx:TrackPointExtension>
            <gpxtpx:hr>147</gpxtpx:hr>
            <gpxtpx:cad>85</gpxtpx:cad>
          </gpxtpx:TrackPointExtension>
          <gpxpx:PowerExtension>
            <gpxpx:PowerInWatts>248</gpxpx:PowerInWatts>
          </gpxpx:PowerExtension>
        </extensions>
      </trkpt>
      <trkpt lat="41.552963" lon="1.875781">
        <ele>77.40833970203191</ele>
        <time>2026-07-12T06:04:28.993Z</time>
        <extensions>
          <gpxtpx:TrackPointExtension>
            <gpxtpx:hr>147</gpxtpx:hr>
            <gpxtpx:cad>85</gpxtpx:cad>
          </gpxtpx:TrackPointExtension>
          <gpxpx:PowerExtension>
            <gpxpx:PowerInWatts>246</gpxpx:PowerInWatts>
          </gpxpx:PowerExtension>
        </extensions>
      </trkpt>
      <trkpt lat="41.552941" lon="1.875741">
        <ele>77.39247335211897</ele>
        <time>2026-07-12T06:04:29.799Z</time>
        <extensions>
          <gpxtpx:TrackPointExtension>
            <gpxtpx:hr>147</gpxtpx:hr>
            <gpxtpx:cad>86</gpxtpx:cad>
          </gpxtpx:TrackPointExtension>
          <gpxpx:PowerExtension>
            <gpxpx:PowerInWatts>250</gpxpx:PowerInWatts>
          </gpxpx:PowerExtension>
        </extensions>
      </trkpt>
      <trkpt lat="41.552922" lon="1.875711">
        <ele>77.37140556824218</ele>
        <time>2026-07-12T06:04:30.604Z</time>
        <extensions>
          <gpxtpx:TrackPointExtension>
            <gpxtpx:hr>147</gpxtpx:hr>
            <gpxtpx:cad>86</gpxtpx:cad>
          </gpxtpx:TrackPointExtension>
          <gpxpx:PowerExtension>
            <gpxpx:PowerInWatts>254</gpxpx:PowerInWatts>
          </gpxpx:PowerExtension>
        </extensions>
      </trkpt>
      <trkpt lat="41.5529" lon="1.875682">
        <ele>77.34606858554204</ele>
        <time>2026-07-12T06:04:31.410Z</time>
        <extensions>
          <gpxtpx:TrackPointExtension>
            <gpxtpx:hr>148</gpxtpx:hr>
            <gpxtpx:cad>86</gpxtpx:cad>
          </gpxtpx:TrackPointExtension>
          <gpxpx:PowerExtension>
            <gpxpx:PowerInWatts>261</gpxpx:PowerInWatts>
          </gpxpx:PowerExtension>
        </extensions>
      </trkpt>
      <trkpt lat="41.552876" lon="1.875653">
        <ele>77.3169272756657</ele>
        <time>2026-07-12T06:04:32.216Z</time>
        <extensions>
          <gpxtpx:TrackPointExtension>
            <gpxtpx:hr>148</gpxtpx:hr>
            <gpxtpx:cad>87</gpxtpx:cad>
          </gpxtpx:TrackPointExtension>
          <gpxpx:PowerExtension>
            <gpxpx:PowerInWatts>267</gpxpx:PowerInWatts>
          </gpxpx:PowerExtension>
        </extensions>
      </trkpt>
      <trkpt lat="41.552853" lon="1.875628">
        <ele>77.29057659740376</ele>
        <time>2026-07-12T06:04:33.021Z</time>
        <extensions>
          <gpxtpx:TrackPointExtension>
            <gpxtpx:hr>148</gpxtpx:hr>
            <gpxtpx:cad>87</gpxtpx:cad>
          </gpxtpx:TrackPointExtension>
          <gpxpx:PowerExtension>
            <gpxpx:PowerInWatts>272</gpxpx:PowerInWatts>
          </gpxpx:PowerExtension>
        </extensions>
      </trkpt>
      <trkpt lat="41.552825" lon="1.875595">
        <ele>77.25654869639146</ele>
        <time>2026-07-12T06:04:33.827Z</time>
        <extensions>
          <gpxtpx:TrackPointExtension>
            <gpxtpx:hr>148</gpxtpx:hr>
            <gpxtpx:cad>87</gpxtpx:cad>
          </gpxtpx:TrackPointExtension>
          <gpxpx:PowerExtension>
            <gpxpx:PowerInWatts>279</gpxpx:PowerInWatts>
          </gpxpx:PowerExtension>
        </extensions>
      </trkpt>
      <trkpt lat="41.5528" lon="1.875573">
        <ele>77.2307937162294</ele>
        <time>2026-07-12T06:04:34.632Z</time>
        <extensions>
          <gpxtpx:TrackPointExtension>
            <gpxtpx:hr>148</gpxtpx:hr>
            <gpxtpx:cad>86</gpxtpx:cad>
          </gpxtpx:TrackPointExtension>
          <gpxpx:PowerExtension>
            <gpxpx:PowerInWatts>286</gpxpx:PowerInWatts>
          </gpxpx:PowerExtension>
        </extensions>
      </trkpt>
      <trkpt lat="41.552775" lon="1.87554">
        <ele>77.17878707989709</ele>
        <time>2026-07-12T06:04:35.437Z</time>
        <extensions>
          <gpxtpx:TrackPointExtension>
            <gpxtpx:hr>148</gpxtpx:hr>
            <gpxtpx:cad>86</gpxtpx:cad>
          </gpxtpx:TrackPointExtension>
          <gpxpx:PowerExtension>
            <gpxpx:PowerInWatts>293</gpxpx:PowerInWatts>
          </gpxpx:PowerExtension>
        </extensions>
      </trkpt>
      <trkpt lat="41.552747" lon="1.87552">
        <ele>77.1703504018725</ele>
        <time>2026-07-12T06:04:36.243Z</time>
        <extensions>
          <gpxtpx:TrackPointExtension>
            <gpxtpx:hr>148</gpxtpx:hr>
            <gpxtpx:cad>86</gpxtpx:cad>
          </gpxtpx:TrackPointExtension>
          <gpxpx:PowerExtension>
            <gpxpx:PowerInWatts>298</gpxpx:PowerInWatts>
          </gpxpx:PowerExtension>
        </extensions>
      </trkpt>
      <trkpt lat="41.552715" lon="1.875516">
        <ele>77.19154706897137</ele>
        <time>2026-07-12T06:04:37.048Z</time>
        <extensions>
          <gpxtpx:TrackPointExtension>
            <gpxtpx:hr>148</gpxtpx:hr>
            <gpxtpx:cad>86</gpxtpx:cad>
          </gpxtpx:TrackPointExtension>
          <gpxpx:PowerExtension>
            <gpxpx:PowerInWatts>304</gpxpx:PowerInWatts>
          </gpxpx:PowerExtension>
        </extensions>
      </trkpt>
      <trkpt lat="41.55268" lon="1.875521">
        <ele>77.24161741439829</ele>
        <time>2026-07-12T06:04:37.854Z</time>
        <extensions>
          <gpxtpx:TrackPointExtension>
            <gpxtpx:hr>148</gpxtpx:hr>
            <gpxtpx:cad>86</gpxtpx:cad>
          </gpxtpx:TrackPointExtension>
          <gpxpx:PowerExtension>
            <gpxpx:PowerInWatts>310</gpxpx:PowerInWatts>
          </gpxpx:PowerExtension>
        </extensions>
      </trkpt>
      <trkpt lat="41.552651" lon="1.875533">
        <ele>77.2986388752812</ele>
        <time>2026-07-12T06:04:38.659Z</time>
        <extensions>
          <gpxtpx:TrackPointExtension>
            <gpxtpx:hr>148</gpxtpx:hr>
            <gpxtpx:cad>86</gpxtpx:cad>
          </gpxtpx:TrackPointExtension>
          <gpxpx:PowerExtension>
            <gpxpx:PowerInWatts>314</gpxpx:PowerInWatts>
          </gpxpx:PowerExtension>
        </extensions>
      </trkpt>
      <trkpt lat="41.552618" lon="1.875544">
        <ele>77.21711921504435</ele>
        <time>2026-07-12T06:04:39.464Z</time>
        <extensions>
          <gpxtpx:TrackPointExtension>
            <gpxtpx:hr>148</gpxtpx:hr>
            <gpxtpx:cad>86</gpxtpx:cad>
          </gpxtpx:TrackPointExtension>
          <gpxpx:PowerExtension>
            <gpxpx:PowerInWatts>318</gpxpx:PowerInWatts>
          </gpxpx:PowerExtension>
        </extensions>
      </trkpt>
      <trkpt lat="41.552592" lon="1.875552">
        <ele>77.14912603644588</ele>
        <time>2026-07-12T06:04:40.270Z</time>
        <extensions>
          <gpxtpx:TrackPointExtension>
            <gpxtpx:hr>148</gpxtpx:hr>
            <gpxtpx:cad>86</gpxtpx:cad>
          </gpxtpx:TrackPointExtension>
          <gpxpx:PowerExtension>
            <gpxpx:PowerInWatts>322</gpxpx:PowerInWatts>
          </gpxpx:PowerExtension>
        </extensions>
      </trkpt>
      <trkpt lat="41.552562" lon="1.875561">
        <ele>77.06848413230664</ele>
        <time>2026-07-12T06:04:41.076Z</time>
        <extensions>
          <gpxtpx:TrackPointExtension>
            <gpxtpx:hr>147</gpxtpx:hr>
            <gpxtpx:cad>86</gpxtpx:cad>
          </gpxtpx:TrackPointExtension>
          <gpxpx:PowerExtension>
            <gpxpx:PowerInWatts>326</gpxpx:PowerInWatts>
          </gpxpx:PowerExtension>
        </extensions>
      </trkpt>
      <trkpt lat="41.552539" lon="1.875574">
        <ele>77.02244867458977</ele>
        <time>2026-07-12T06:04:41.882Z</time>
        <extensions>
          <gpxtpx:TrackPointExtension>
            <gpxtpx:hr>148</gpxtpx:hr>
            <gpxtpx:cad>86</gpxtpx:cad>
          </gpxtpx:TrackPointExtension>
          <gpxpx:PowerExtension>
            <gpxpx:PowerInWatts>329</gpxpx:PowerInWatts>
          </gpxpx:PowerExtension>
        </extensions>
      </trkpt>
      <trkpt lat="41.552505" lon="1.875581">
        <ele>76.95460716654135</ele>
        <time>2026-07-12T06:04:42.687Z</time>
        <extensions>
          <gpxtpx:TrackPointExtension>
            <gpxtpx:hr>147</gpxtpx:hr>
            <gpxtpx:cad>86</gpxtpx:cad>
          </gpxtpx:TrackPointExtension>
          <gpxpx:PowerExtension>
            <gpxpx:PowerInWatts>331</gpxpx:PowerInWatts>
          </gpxpx:PowerExtension>
        </extensions>
      </trkpt>
      <trkpt lat="41.55248" lon="1.875592">
        <ele>76.93793914004526</ele>
        <time>2026-07-12T06:04:43.492Z</time>
        <extensions>
          <gpxtpx:TrackPointExtension>
            <gpxtpx:hr>147</gpxtpx:hr>
            <gpxtpx:cad>86</gpxtpx:cad>
          </gpxtpx:TrackPointExtension>
          <gpxpx:PowerExtension>
            <gpxpx:PowerInWatts>334</gpxpx:PowerInWatts>
          </gpxpx:PowerExtension>
        </extensions>
      </trkpt>
      <trkpt lat="41.552451" lon="1.875603">
        <ele>76.92020506828908</ele>
        <time>2026-07-12T06:04:44.298Z</time>
        <extensions>
          <gpxtpx:TrackPointExtension>
            <gpxtpx:hr>147</gpxtpx:hr>
            <gpxtpx:cad>86</gpxtpx:cad>
          </gpxtpx:TrackPointExtension>
          <gpxpx:PowerExtension>
            <gpxpx:PowerInWatts>337</gpxpx:PowerInWatts>
          </gpxpx:PowerExtension>
        </extensions>
      </trkpt>
      <trkpt lat="41.552418" lon="1.875602">
        <ele>76.87804033163891</ele>
        <time>2026-07-12T06:04:45.103Z</time>
        <extensions>
          <gpxtpx:TrackPointExtension>
            <gpxtpx:hr>147</gpxtpx:hr>
            <gpxtpx:cad>86</gpxtpx:cad>
          </gpxtpx:TrackPointExtension>
          <gpxpx:PowerExtension>
            <gpxpx:PowerInWatts>338</gpxpx:PowerInWatts>
          </gpxpx:PowerExtension>
        </extensions>
      </trkpt>
      <trkpt lat="41.552391" lon="1.875596">
        <ele>76.85325146725475</ele>
        <time>2026-07-12T06:04:45.909Z</time>
        <extensions>
          <gpxtpx:TrackPointExtension>
            <gpxtpx:hr>148</gpxtpx:hr>
            <gpxtpx:cad>86</gpxtpx:cad>
          </gpxtpx:TrackPointExtension>
          <gpxpx:PowerExtension>
            <gpxpx:PowerInWatts>341</gpxpx:PowerInWatts>
          </gpxpx:PowerExtension>
        </extensions>
      </trkpt>
      <trkpt lat="41.552356" lon="1.875588">
        <ele>76.90491087540062</ele>
        <time>2026-07-12T06:04:46.714Z</time>
        <extensions>
          <gpxtpx:TrackPointExtension>
            <gpxtpx:hr>147</gpxtpx:hr>
            <gpxtpx:cad>86</gpxtpx:cad>
          </gpxtpx:TrackPointExtension>
          <gpxpx:PowerExtension>
            <gpxpx:PowerInWatts>342</gpxpx:PowerInWatts>
          </gpxpx:PowerExtension>
        </extensions>
      </trkpt>
      <trkpt lat="41.552329" lon="1.875586">
        <ele>76.95504408636408</ele>
        <time>2026-07-12T06:04:47.520Z</time>
        <extensions>
          <gpxtpx:TrackPointExtension>
            <gpxtpx:hr>147</gpxtpx:hr>
            <gpxtpx:cad>86</gpxtpx:cad>
          </gpxtpx:TrackPointExtension>
          <gpxpx:PowerExtension>
            <gpxpx:PowerInWatts>344</gpxpx:PowerInWatts>
          </gpxpx:PowerExtension>
        </extensions>
      </trkpt>
      <trkpt lat="41.552296" lon="1.875582">
        <ele>77.01700996439605</ele>
        <time>2026-07-12T06:04:48.325Z</time>
        <extensions>
          <gpxtpx:TrackPointExtension>
            <gpxtpx:hr>147</gpxtpx:hr>
            <gpxtpx:cad>84</gpxtpx:cad>
          </gpxtpx:TrackPointExtension>
          <gpxpx:PowerExtension>
            <gpxpx:PowerInWatts>348</gpxpx:PowerInWatts>
          </gpxpx:PowerExtension>
        </extensions>
      </trkpt>
      <trkpt lat="41.552266" lon="1.875576">
        <ele>77.0727685228927</ele>
        <time>2026-07-12T06:04:49.130Z</time>
        <extensions>
          <gpxtpx:TrackPointExtension>
            <gpxtpx:hr>148</gpxtpx:hr>
            <gpxtpx:cad>84</gpxtpx:cad>
          </gpxtpx:TrackPointExtension>
          <gpxpx:PowerExtension>
            <gpxpx:PowerInWatts>349</gpxpx:PowerInWatts>
          </gpxpx:PowerExtension>
        </extensions>
      </trkpt>
      <trkpt lat="41.552239" lon="1.875553">
        <ele>77.05337024504146</ele>
        <time>2026-07-12T06:04:49.936Z</time>
        <extensions>
          <gpxtpx:TrackPointExtension>
            <gpxtpx:hr>147</gpxtpx:hr>
            <gpxtpx:cad>84</gpxtpx:cad>
          </gpxtpx:TrackPointExtension>
          <gpxpx:PowerExtension>
            <gpxpx:PowerInWatts>350</gpxpx:PowerInWatts>
          </gpxpx:PowerExtension>
        </extensions>
      </trkpt>
      <trkpt lat="41.552219" lon="1.875528">
        <ele>77.02392599717902</ele>
        <time>2026-07-12T06:04:50.742Z</time>
        <extensions>
          <gpxtpx:TrackPointExtension>
            <gpxtpx:hr>147</gpxtpx:hr>
            <gpxtpx:cad>84</gpxtpx:cad>
          </gpxtpx:TrackPointExtension>
          <gpxpx:PowerExtension>
            <gpxpx:PowerInWatts>351</gpxpx:PowerInWatts>
          </gpxpx:PowerExtension>
        </extensions>
      </trkpt>
      <trkpt lat="41.552197" lon="1.875505">
        <ele>77.0200992038607</ele>
        <time>2026-07-12T06:04:51.548Z</time>
        <extensions>
          <gpxtpx:TrackPointExtension>
            <gpxtpx:hr>148</gpxtpx:hr>
            <gpxtpx:cad>85</gpxtpx:cad>
          </gpxtpx:TrackPointExtension>
          <gpxpx:PowerExtension>
            <gpxpx:PowerInWatts>350</gpxpx:PowerInWatts>
          </gpxpx:PowerExtension>
        </extensions>
      </trkpt>
      <trkpt lat="41.552169" lon="1.875476">
        <ele>77.0395468174053</ele>
        <time>2026-07-12T06:04:52.353Z</time>
        <extensions>
          <gpxtpx:TrackPointExtension>
            <gpxtpx:hr>147</gpxtpx:hr>
            <gpxtpx:cad>86</gpxtpx:cad>
          </gpxtpx:TrackPointExtension>
          <gpxpx:PowerExtension>
            <gpxpx:PowerInWatts>349</gpxpx:PowerInWatts>
          </gpxpx:PowerExtension>
        </extensions>
      </trkpt>
      <trkpt lat="41.552144" lon="1.875459">
        <ele>77.09084070637405</ele>
        <time>2026-07-12T06:04:53.158Z</time>
        <extensions>
          <gpxtpx:TrackPointExtension>
            <gpxtpx:hr>147</gpxtpx:hr>
            <gpxtpx:cad>86</gpxtpx:cad>
          </gpxtpx:TrackPointExtension>
          <gpxpx:PowerExtension>
            <gpxpx:PowerInWatts>348</gpxpx:PowerInWatts>
          </gpxpx:PowerExtension>
        </extensions>
      </trkpt>
      <trkpt lat="41.552113" lon="1.87543">
        <ele>77.16058420684728</ele>
        <time>2026-07-12T06:04:53.964Z</time>
        <extensions>
          <gpxtpx:TrackPointExtension>
            <gpxtpx:hr>146</gpxtpx:hr>
            <gpxtpx:cad>86</gpxtpx:cad>
          </gpxtpx:TrackPointExtension>
          <gpxpx:PowerExtension>
            <gpxpx:PowerInWatts>347</gpxpx:PowerInWatts>
          </gpxpx:PowerExtension>
        </extensions>
      </trkpt>
      <trkpt lat="41.552087" lon="1.875409">
        <ele>77.22823515145936</ele>
        <time>2026-07-12T06:04:54.769Z</time>
        <extensions>
          <gpxtpx:TrackPointExtension>
            <gpxtpx:hr>146</gpxtpx:hr>
            <gpxtpx:cad>86</gpxtpx:cad>
          </gpxtpx:TrackPointExtension>
          <gpxpx:PowerExtension>
            <gpxpx:PowerInWatts>346</gpxpx:PowerInWatts>
          </gpxpx:PowerExtension>
        </extensions>
      </trkpt>
      <trkpt lat="41.55206" lon="1.875395">
        <ele>77.26405289473703</ele>
        <time>2026-07-12T06:04:55.575Z</time>
        <extensions>
          <gpxtpx:TrackPointExtension>
            <gpxtpx:hr>146</gpxtpx:hr>
            <gpxtpx:cad>86</gpxtpx:cad>
          </gpxtpx:TrackPointExtension>
          <gpxpx:PowerExtension>
            <gpxpx:PowerInWatts>346</gpxpx:PowerInWatts>
          </gpxpx:PowerExtension>
        </extensions>
      </trkpt>
      <trkpt lat="41.552026" lon="1.875374">
        <ele>77.17880734567115</ele>
        <time>2026-07-12T06:04:56.380Z</time>
        <extensions>
          <gpxtpx:TrackPointExtension>
            <gpxtpx:hr>146</gpxtpx:hr>
            <gpxtpx:cad>86</gpxtpx:cad>
          </gpxtpx:TrackPointExtension>
          <gpxpx:PowerExtension>
            <gpxpx:PowerInWatts>345</gpxpx:PowerInWatts>
          </gpxpx:PowerExtension>
        </extensions>
      </trkpt>
      <trkpt lat="41.551996" lon="1.87536">
        <ele>77.12200967568953</ele>
        <time>2026-07-12T06:04:57.185Z</time>
        <extensions>
          <gpxtpx:TrackPointExtension>
            <gpxtpx:hr>145</gpxtpx:hr>
            <gpxtpx:cad>84</gpxtpx:cad>
          </gpxtpx:TrackPointExtension>
          <gpxpx:PowerExtension>
            <gpxpx:PowerInWatts>347</gpxpx:PowerInWatts>
          </gpxpx:PowerExtension>
        </extensions>
      </trkpt>
      <trkpt lat="41.551969" lon="1.875345">
        <ele>77.05543367205011</ele>
        <time>2026-07-12T06:04:57.991Z</time>
        <extensions>
          <gpxtpx:TrackPointExtension>
            <gpxtpx:hr>145</gpxtpx:hr>
            <gpxtpx:cad>84</gpxtpx:cad>
          </gpxtpx:TrackPointExtension>
          <gpxpx:PowerExtension>
            <gpxpx:PowerInWatts>348</gpxpx:PowerInWatts>
          </gpxpx:PowerExtension>
        </extensions>
      </trkpt>
      <trkpt lat="41.551941" lon="1.875328">
        <ele>77.00066171127489</ele>
        <time>2026-07-12T06:04:58.796Z</time>
        <extensions>
          <gpxtpx:TrackPointExtension>
            <gpxtpx:hr>145</gpxtpx:hr>
            <gpxtpx:cad>84</gpxtpx:cad>
          </gpxtpx:TrackPointExtension>
          <gpxpx:PowerExtension>
            <gpxpx:PowerInWatts>346</gpxpx:PowerInWatts>
          </gpxpx:PowerExtension>
        </extensions>
      </trkpt>
      <trkpt lat="41.551914" lon="1.875314">
        <ele>76.9912922075649</ele>
        <time>2026-07-12T06:04:59.602Z</time>
        <extensions>
          <gpxtpx:TrackPointExtension>
            <gpxtpx:hr>145</gpxtpx:hr>
            <gpxtpx:cad>84</gpxtpx:cad>
          </gpxtpx:TrackPointExtension>
          <gpxpx:PowerExtension>
            <gpxpx:PowerInWatts>345</gpxpx:PowerInWatts>
          </gpxpx:PowerExtension>
        </extensions>
      </trkpt>
      <trkpt lat="41.551884" lon="1.875295">
        <ele>76.98635956174127</ele>
        <time>2026-07-12T06:05:00.408Z</time>
        <extensions>
          <gpxtpx:TrackPointExtension>
            <gpxtpx:hr>145</gpxtpx:hr>
            <gpxtpx:cad>84</gpxtpx:cad>
          </gpxtpx:TrackPointExtension>
          <gpxpx:PowerExtension>
            <gpxpx:PowerInWatts>344</gpxpx:PowerInWatts>
          </gpxpx:PowerExtension>
        </extensions>
      </trkpt>
      <trkpt lat="41.551858" lon="1.875284">
        <ele>77.00813227757288</ele>
        <time>2026-07-12T06:05:01.214Z</time>
        <extensions>
          <gpxtpx:TrackPointExtension>
            <gpxtpx:hr>145</gpxtpx:hr>
            <gpxtpx:cad>83</gpxtpx:cad>
          </gpxtpx:TrackPointExtension>
          <gpxpx:PowerExtension>
            <gpxpx:PowerInWatts>343</gpxpx:PowerInWatts>
          </gpxpx:PowerExtension>
        </extensions>
      </trkpt>
      <trkpt lat="41.551826" lon="1.875266">
        <ele>77.02420219326315</ele>
        <time>2026-07-12T06:05:02.019Z</time>
        <extensions>
          <gpxtpx:TrackPointExtension>
            <gpxtpx:hr>145</gpxtpx:hr>
            <gpxtpx:cad>83</gpxtpx:cad>
          </gpxtpx:TrackPointExtension>
          <gpxpx:PowerExtension>
            <gpxpx:PowerInWatts>341</gpxpx:PowerInWatts>
          </gpxpx:PowerExtension>
        </extensions>
      </trkpt>
      <trkpt lat="41.551797" lon="1.875251">
        <ele>77.06043974701305</ele>
        <time>2026-07-12T06:05:02.824Z</time>
        <extensions>
          <gpxtpx:TrackPointExtension>
            <gpxtpx:hr>144</gpxtpx:hr>
            <gpxtpx:cad>84</gpxtpx:cad>
          </gpxtpx:TrackPointExtension>
          <gpxpx:PowerExtension>
            <gpxpx:PowerInWatts>338</gpxpx:PowerInWatts>
          </gpxpx:PowerExtension>
        </extensions>
      </trkpt>
      <trkpt lat="41.551773" lon="1.875237">
        <ele>77.09383009810377</ele>
        <time>2026-07-12T06:05:03.630Z</time>
        <extensions>
          <gpxtpx:TrackPointExtension>
            <gpxtpx:hr>144</gpxtpx:hr>
            <gpxtpx:cad>84</gpxtpx:cad>
          </gpxtpx:TrackPointExtension>
          <gpxpx:PowerExtension>
            <gpxpx:PowerInWatts>336</gpxpx:PowerInWatts>
          </gpxpx:PowerExtension>
        </extensions>
      </trkpt>
      <trkpt lat="41.55174" lon="1.875221">
        <ele>77.06960817278906</ele>
        <time>2026-07-12T06:05:04.435Z</time>
        <extensions>
          <gpxtpx:TrackPointExtension>
            <gpxtpx:hr>144</gpxtpx:hr>
            <gpxtpx:cad>84</gpxtpx:cad>
          </gpxtpx:TrackPointExtension>
          <gpxpx:PowerExtension>
            <gpxpx:PowerInWatts>334</gpxpx:PowerInWatts>
          </gpxpx:PowerExtension>
        </extensions>
      </trkpt>
      <trkpt lat="41.551711" lon="1.875204">
        <ele>76.92736847241623</ele>
        <time>2026-07-12T06:05:05.241Z</time>
        <extensions>
          <gpxtpx:TrackPointExtension>
            <gpxtpx:hr>144</gpxtpx:hr>
            <gpxtpx:cad>84</gpxtpx:cad>
          </gpxtpx:TrackPointExtension>
          <gpxpx:PowerExtension>
            <gpxpx:PowerInWatts>333</gpxpx:PowerInWatts>
          </gpxpx:PowerExtension>
        </extensions>
      </trkpt>
      <trkpt lat="41.551684" lon="1.875188">
        <ele>76.80999605589108</ele>
        <time>2026-07-12T06:05:06.046Z</time>
        <extensions>
          <gpxtpx:TrackPointExtension>
            <gpxtpx:hr>144</gpxtpx:hr>
            <gpxtpx:cad>84</gpxtpx:cad>
          </gpxtpx:TrackPointExtension>
          <gpxpx:PowerExtension>
            <gpxpx:PowerInWatts>331</gpxpx:PowerInWatts>
          </gpxpx:PowerExtension>
        </extensions>
      </trkpt>
      <trkpt lat="41.551657" lon="1.875171">
        <ele>76.694892910867</ele>
        <time>2026-07-12T06:05:06.851Z</time>
        <extensions>
          <gpxtpx:TrackPointExtension>
            <gpxtpx:hr>144</gpxtpx:hr>
            <gpxtpx:cad>84</gpxtpx:cad>
          </gpxtpx:TrackPointExtension>
          <gpxpx:PowerExtension>
            <gpxpx:PowerInWatts>331</gpxpx:PowerInWatts>
          </gpxpx:PowerExtension>
        </extensions>
      </trkpt>
      <trkpt lat="41.551626" lon="1.875158">
        <ele>76.67759805307848</ele>
        <time>2026-07-12T06:05:07.657Z</time>
        <extensions>
          <gpxtpx:TrackPointExtension>
            <gpxtpx:hr>144</gpxtpx:hr>
            <gpxtpx:cad>84</gpxtpx:cad>
          </gpxtpx:TrackPointExtension>
          <gpxpx:PowerExtension>
            <gpxpx:PowerInWatts>329</gpxpx:PowerInWatts>
          </gpxpx:PowerExtension>
        </extensions>
      </trkpt>
      <trkpt lat="41.551594" lon="1.87514">
        <ele>76.58588415463203</ele>
        <time>2026-07-12T06:05:08.462Z</time>
        <extensions>
          <gpxtpx:TrackPointExtension>
            <gpxtpx:hr>144</gpxtpx:hr>
            <gpxtpx:cad>84</gpxtpx:cad>
          </gpxtpx:TrackPointExtension>
          <gpxpx:PowerExtension>
            <gpxpx:PowerInWatts>327</gpxpx:PowerInWatts>
          </gpxpx:PowerExtension>
        </extensions>
      </trkpt>
      <trkpt lat="41.551564" lon="1.87513">
        <ele>76.62999317299904</ele>
        <time>2026-07-12T06:05:09.268Z</time>
        <extensions>
          <gpxtpx:TrackPointExtension>
            <gpxtpx:hr>144</gpxtpx:hr>
            <gpxtpx:cad>84</gpxtpx:cad>
          </gpxtpx:TrackPointExtension>
          <gpxpx:PowerExtension>
            <gpxpx:PowerInWatts>325</gpxpx:PowerInWatts>
          </gpxpx:PowerExtension>
        </extensions>
      </trkpt>
      <trkpt lat="41.551534" lon="1.875118">
        <ele>76.68494197658784</ele>
        <time>2026-07-12T06:05:10.074Z</time>
        <extensions>
          <gpxtpx:TrackPointExtension>
            <gpxtpx:hr>145</gpxtpx:hr>
            <gpxtpx:cad>84</gpxtpx:cad>
          </gpxtpx:TrackPointExtension>
          <gpxpx:PowerExtension>
            <gpxpx:PowerInWatts>322</gpxpx:PowerInWatts>
          </gpxpx:PowerExtension>
        </extensions>
      </trkpt>
      <trkpt lat="41.551506" lon="1.87511">
        <ele>76.79561861003086</ele>
        <time>2026-07-12T06:05:10.879Z</time>
        <extensions>
          <gpxtpx:TrackPointExtension>
            <gpxtpx:hr>145</gpxtpx:hr>
            <gpxtpx:cad>84</gpxtpx:cad>
          </gpxtpx:TrackPointExtension>
          <gpxpx:PowerExtension>
            <gpxpx:PowerInWatts>319</gpxpx:PowerInWatts>
          </gpxpx:PowerExtension>
        </extensions>
      </trkpt>
      <trkpt lat="41.551474" lon="1.875103">
        <ele>76.88067472892675</ele>
        <time>2026-07-12T06:05:11.685Z</time>
        <extensions>
          <gpxtpx:TrackPointExtension>
            <gpxtpx:hr>145</gpxtpx:hr>
            <gpxtpx:cad>84</gpxtpx:cad>
          </gpxtpx:TrackPointExtension>
          <gpxpx:PowerExtension>
            <gpxpx:PowerInWatts>316</gpxpx:PowerInWatts>
          </gpxpx:PowerExtension>
        </extensions>
      </trkpt>
      <trkpt lat="41.551445" lon="1.875096">
        <ele>76.94147727170868</ele>
        <time>2026-07-12T06:05:12.490Z</time>
        <extensions>
          <gpxtpx:TrackPointExtension>
            <gpxtpx:hr>146</gpxtpx:hr>
            <gpxtpx:cad>84</gpxtpx:cad>
          </gpxtpx:TrackPointExtension>
          <gpxpx:PowerExtension>
            <gpxpx:PowerInWatts>315</gpxpx:PowerInWatts>
          </gpxpx:PowerExtension>
        </extensions>
      </trkpt>
      <trkpt lat="41.551416" lon="1.87509">
        <ele>77.01801051237959</ele>
        <time>2026-07-12T06:05:13.296Z</time>
        <extensions>
          <gpxtpx:TrackPointExtension>
            <gpxtpx:hr>146</gpxtpx:hr>
            <gpxtpx:cad>83</gpxtpx:cad>
          </gpxtpx:TrackPointExtension>
          <gpxpx:PowerExtension>
            <gpxpx:PowerInWatts>316</gpxpx:PowerInWatts>
          </gpxpx:PowerExtension>
        </extensions>
      </trkpt>
      <trkpt lat="41.551386" lon="1.875082">
        <ele>77.09663162121771</ele>
        <time>2026-07-12T06:05:14.101Z</time>
        <extensions>
          <gpxtpx:TrackPointExtension>
            <gpxtpx:hr>146</gpxtpx:hr>
            <gpxtpx:cad>83</gpxtpx:cad>
          </gpxtpx:TrackPointExtension>
          <gpxpx:PowerExtension>
            <gpxpx:PowerInWatts>317</gpxpx:PowerInWatts>
          </gpxpx:PowerExtension>
        </extensions>
      </trkpt>
      <trkpt lat="41.551356" lon="1.875081">
        <ele>77.18499776948696</ele>
        <time>2026-07-12T06:05:14.906Z</time>
        <extensions>
          <gpxtpx:TrackPointExtension>
            <gpxtpx:hr>146</gpxtpx:hr>
            <gpxtpx:cad>83</gpxtpx:cad>
          </gpxtpx:TrackPointExtension>
          <gpxpx:PowerExtension>
            <gpxpx:PowerInWatts>318</gpxpx:PowerInWatts>
          </gpxpx:PowerExtension>
        </extensions>
      </trkpt>
      <trkpt lat="41.551329" lon="1.87508">
        <ele>77.23144747037868</ele>
        <time>2026-07-12T06:05:15.712Z</time>
        <extensions>
          <gpxtpx:TrackPointExtension>
            <gpxtpx:hr>146</gpxtpx:hr>
            <gpxtpx:cad>83</gpxtpx:cad>
          </gpxtpx:TrackPointExtension>
          <gpxpx:PowerExtension>
            <gpxpx:PowerInWatts>318</gpxpx:PowerInWatts>
          </gpxpx:PowerExtension>
        </extensions>
      </trkpt>
      <trkpt lat="41.551302" lon="1.875076">
        <ele>77.26601341053455</ele>
        <time>2026-07-12T06:05:16.517Z</time>
        <extensions>
          <gpxtpx:TrackPointExtension>
            <gpxtpx:hr>147</gpxtpx:hr>
            <gpxtpx:cad>83</gpxtpx:cad>
          </gpxtpx:TrackPointExtension>
          <gpxpx:PowerExtension>
            <gpxpx:PowerInWatts>320</gpxpx:PowerInWatts>
          </gpxpx:PowerExtension>
        </extensions>
      </trkpt>
      <trkpt lat="41.551278" lon="1.875073">
        <ele>77.3007681012167</ele>
        <time>2026-07-12T06:05:17.323Z</time>
        <extensions>
          <gpxtpx:TrackPointExtension>
            <gpxtpx:hr>146</gpxtpx:hr>
            <gpxtpx:cad>85</gpxtpx:cad>
          </gpxtpx:TrackPointExtension>
          <gpxpx:PowerExtension>
            <gpxpx:PowerInWatts>320</gpxpx:PowerInWatts>
          </gpxpx:PowerExtension>
        </extensions>
      </trkpt>
      <trkpt lat="41.551246" lon="1.875074">
        <ele>77.36726320328798</ele>
        <time>2026-07-12T06:05:18.128Z</time>
        <extensions>
          <gpxtpx:TrackPointExtension>
            <gpxtpx:hr>146</gpxtpx:hr>
            <gpxtpx:cad>86</gpxtpx:cad>
          </gpxtpx:TrackPointExtension>
          <gpxpx:PowerExtension>
            <gpxpx:PowerInWatts>321</gpxpx:PowerInWatts>
          </gpxpx:PowerExtension>
        </extensions>
      </trkpt>
      <trkpt lat="41.551222" lon="1.875075">
        <ele>77.43893615467206</ele>
        <time>2026-07-12T06:05:18.935Z</time>
        <extensions>
          <gpxtpx:TrackPointExtension>
            <gpxtpx:hr>147</gpxtpx:hr>
            <gpxtpx:cad>86</gpxtpx:cad>
          </gpxtpx:TrackPointExtension>
          <gpxpx:PowerExtension>
            <gpxpx:PowerInWatts>324</gpxpx:PowerInWatts>
          </gpxpx:PowerExtension>
        </extensions>
      </trkpt>
      <trkpt lat="41.551187" lon="1.875081">
        <ele>77.56032521876409</ele>
        <time>2026-07-12T06:05:19.740Z</time>
        <extensions>
          <gpxtpx:TrackPointExtension>
            <gpxtpx:hr>147</gpxtpx:hr>
            <gpxtpx:cad>85</gpxtpx:cad>
          </gpxtpx:TrackPointExtension>
          <gpxpx:PowerExtension>
            <gpxpx:PowerInWatts>328</gpxpx:PowerInWatts>
          </gpxpx:PowerExtension>
        </extensions>
      </trkpt>
      <trkpt lat="41.551164" lon="1.875084">
        <ele>77.63401718790456</ele>
        <time>2026-07-12T06:05:20.545Z</time>
        <extensions>
          <gpxtpx:TrackPointExtension>
            <gpxtpx:hr>147</gpxtpx:hr>
            <gpxtpx:cad>84</gpxtpx:cad>
          </gpxtpx:TrackPointExtension>
          <gpxpx:PowerExtension>
            <gpxpx:PowerInWatts>334</gpxpx:PowerInWatts>
          </gpxpx:PowerExtension>
        </extensions>
      </trkpt>
      <trkpt lat="41.551139" lon="1.875085">
        <ele>77.70748489562233</ele>
        <time>2026-07-12T06:05:21.351Z</time>
        <extensions>
          <gpxtpx:TrackPointExtension>
            <gpxtpx:hr>147</gpxtpx:hr>
            <gpxtpx:cad>84</gpxtpx:cad>
          </gpxtpx:TrackPointExtension>
          <gpxpx:PowerExtension>
            <gpxpx:PowerInWatts>336</gpxpx:PowerInWatts>
          </gpxpx:PowerExtension>
        </extensions>
      </trkpt>
      <trkpt lat="41.551115" lon="1.875086">
        <ele>77.77723191283062</ele>
        <time>2026-07-12T06:05:22.156Z</time>
        <extensions>
          <gpxtpx:TrackPointExtension>
            <gpxtpx:hr>146</gpxtpx:hr>
            <gpxtpx:cad>85</gpxtpx:cad>
          </gpxtpx:TrackPointExtension>
          <gpxpx:PowerExtension>
            <gpxpx:PowerInWatts>338</gpxpx:PowerInWatts>
          </gpxpx:PowerExtension>
        </extensions>
      </trkpt>
      <trkpt lat="41.551093" lon="1.875087">
        <ele>77.76781054691446</ele>
        <time>2026-07-12T06:05:22.962Z</time>
        <extensions>
          <gpxtpx:TrackPointExtension>
            <gpxtpx:hr>147</gpxtpx:hr>
            <gpxtpx:cad>86</gpxtpx:cad>
          </gpxtpx:TrackPointExtension>
          <gpxpx:PowerExtension>
            <gpxpx:PowerInWatts>338</gpxpx:PowerInWatts>
          </gpxpx:PowerExtension>
        </extensions>
      </trkpt>
      <trkpt lat="41.551062" lon="1.875083">
        <ele>77.742005828369</ele>
        <time>2026-07-12T06:05:23.767Z</time>
        <extensions>
          <gpxtpx:TrackPointExtension>
            <gpxtpx:hr>147</gpxtpx:hr>
            <gpxtpx:cad>86</gpxtpx:cad>
          </gpxtpx:TrackPointExtension>
          <gpxpx:PowerExtension>
            <gpxpx:PowerInWatts>339</gpxpx:PowerInWatts>
          </gpxpx:PowerExtension>
        </extensions>
      </trkpt>
      <trkpt lat="41.551042" lon="1.875082">
        <ele>77.72761110122639</ele>
        <time>2026-07-12T06:05:24.572Z</time>
        <extensions>
          <gpxtpx:TrackPointExtension>
            <gpxtpx:hr>147</gpxtpx:hr>
            <gpxtpx:cad>85</gpxtpx:cad>
          </gpxtpx:TrackPointExtension>
          <gpxpx:PowerExtension>
            <gpxpx:PowerInWatts>341</gpxpx:PowerInWatts>
          </gpxpx:PowerExtension>
        </extensions>
      </trkpt>
      <trkpt lat="41.551016" lon="1.875076">
        <ele>77.71052517736322</ele>
        <time>2026-07-12T06:05:25.378Z</time>
        <extensions>
          <gpxtpx:TrackPointExtension>
            <gpxtpx:hr>147</gpxtpx:hr>
            <gpxtpx:cad>85</gpxtpx:cad>
          </gpxtpx:TrackPointExtension>
          <gpxpx:PowerExtension>
            <gpxpx:PowerInWatts>347</gpxpx:PowerInWatts>
          </gpxpx:PowerExtension>
        </extensions>
      </trkpt>
      <trkpt lat="41.550997" lon="1.875079">
        <ele>77.69767529432217</ele>
        <time>2026-07-12T06:05:26.183Z</time>
        <extensions>
          <gpxtpx:TrackPointExtension>
            <gpxtpx:hr>147</gpxtpx:hr>
            <gpxtpx:cad>86</gpxtpx:cad>
          </gpxtpx:TrackPointExtension>
          <gpxpx:PowerExtension>
            <gpxpx:PowerInWatts>351</gpxpx:PowerInWatts>
          </gpxpx:PowerExtension>
        </extensions>
      </trkpt>
      <trkpt lat="41.55097" lon="1.875084">
        <ele>77.65170496195962</ele>
        <time>2026-07-12T06:05:26.989Z</time>
        <extensions>
          <gpxtpx:TrackPointExtension>
            <gpxtpx:hr>147</gpxtpx:hr>
            <gpxtpx:cad>86</gpxtpx:cad>
          </gpxtpx:TrackPointExtension>
          <gpxpx:PowerExtension>
            <gpxpx:PowerInWatts>329</gpxpx:PowerInWatts>
          </gpxpx:PowerExtension>
        </extensions>
      </trkpt>
      <trkpt lat="41.550942" lon="1.87509">
        <ele>77.5831971221474</ele>
        <time>2026-07-12T06:05:27.794Z</time>
        <extensions>
          <gpxtpx:TrackPointExtension>
            <gpxtpx:hr>147</gpxtpx:hr>
            <gpxtpx:cad>86</gpxtpx:cad>
          </gpxtpx:TrackPointExtension>
          <gpxpx:PowerExtension>
            <gpxpx:PowerInWatts>349</gpxpx:PowerInWatts>
          </gpxpx:PowerExtension>
        </extensions>
      </trkpt>
      <trkpt lat="41.550917" lon="1.875091">
        <ele>77.524649214986</ele>
        <time>2026-07-12T06:05:28.600Z</time>
        <extensions>
          <gpxtpx:TrackPointExtension>
            <gpxtpx:hr>147</gpxtpx:hr>
            <gpxtpx:cad>87</gpxtpx:cad>
          </gpxtpx:TrackPointExtension>
          <gpxpx:PowerExtension>
            <gpxpx:PowerInWatts>371</gpxpx:PowerInWatts>
          </gpxpx:PowerExtension>
        </extensions>
      </trkpt>
      <trkpt lat="41.550882" lon="1.875087">
        <ele>77.44366296561041</ele>
        <time>2026-07-12T06:05:29.406Z</time>
        <extensions>
          <gpxtpx:TrackPointExtension>
            <gpxtpx:hr>148</gpxtpx:hr>
            <gpxtpx:cad>87</gpxtpx:cad>
          </gpxtpx:TrackPointExtension>
          <gpxpx:PowerExtension>
            <gpxpx:PowerInWatts>387</gpxpx:PowerInWatts>
          </gpxpx:PowerExtension>
        </extensions>
      </trkpt>
      <trkpt lat="41.550857" lon="1.875089">
        <ele>77.3850602349699</ele>
        <time>2026-07-12T06:05:30.211Z</time>
        <extensions>
          <gpxtpx:TrackPointExtension>
            <gpxtpx:hr>148</gpxtpx:hr>
            <gpxtpx:cad>87</gpxtpx:cad>
          </gpxtpx:TrackPointExtension>
          <gpxpx:PowerExtension>
            <gpxpx:PowerInWatts>418</gpxpx:PowerInWatts>
          </gpxpx:PowerExtension>
        </extensions>
      </trkpt>
      <trkpt lat="41.550824" lon="1.875095">
        <ele>77.38471664098864</ele>
        <time>2026-07-12T06:05:31.017Z</time>
        <extensions>
          <gpxtpx:TrackPointExtension>
            <gpxtpx:hr>149</gpxtpx:hr>
            <gpxtpx:cad>86</gpxtpx:cad>
          </gpxtpx:TrackPointExtension>
          <gpxpx:PowerExtension>
            <gpxpx:PowerInWatts>426</gpxpx:PowerInWatts>
          </gpxpx:PowerExtension>
        </extensions>
      </trkpt>
      <trkpt lat="41.550789" lon="1.875095">
        <ele>77.38584673914819</ele>
        <time>2026-07-12T06:05:31.822Z</time>
        <extensions>
          <gpxtpx:TrackPointExtension>
            <gpxtpx:hr>150</gpxtpx:hr>
            <gpxtpx:cad>85</gpxtpx:cad>
          </gpxtpx:TrackPointExtension>
          <gpxpx:PowerExtension>
            <gpxpx:PowerInWatts>447</gpxpx:PowerInWatts>
          </gpxpx:PowerExtension>
        </extensions>
      </trkpt>
      <trkpt lat="41.550761" lon="1.875099">
        <ele>77.38839564230162</ele>
        <time>2026-07-12T06:05:32.627Z</time>
        <extensions>
          <gpxtpx:TrackPointExtension>
            <gpxtpx:hr>151</gpxtpx:hr>
            <gpxtpx:cad>84</gpxtpx:cad>
          </gpxtpx:TrackPointExtension>
          <gpxpx:PowerExtension>
            <gpxpx:PowerInWatts>446</gpxpx:PowerInWatts>
          </gpxpx:PowerExtension>
        </extensions>
      </trkpt>
      <trkpt lat="41.550724" lon="1.875098">
        <ele>77.39188947700862</ele>
        <time>2026-07-12T06:05:33.433Z</time>
        <extensions>
          <gpxtpx:TrackPointExtension>
            <gpxtpx:hr>151</gpxtpx:hr>
            <gpxtpx:cad>83</gpxtpx:cad>
          </gpxtpx:TrackPointExtension>
          <gpxpx:PowerExtension>
            <gpxpx:PowerInWatts>448</gpxpx:PowerInWatts>
          </gpxpx:PowerExtension>
        </extensions>
      </trkpt>
      <trkpt lat="41.550701" lon="1.875105">
        <ele>77.40851734514808</ele>
        <time>2026-07-12T06:05:34.238Z</time>
        <extensions>
          <gpxtpx:TrackPointExtension>
            <gpxtpx:hr>152</gpxtpx:hr>
            <gpxtpx:cad>83</gpxtpx:cad>
          </gpxtpx:TrackPointExtension>
          <gpxpx:PowerExtension>
            <gpxpx:PowerInWatts>458</gpxpx:PowerInWatts>
          </gpxpx:PowerExtension>
        </extensions>
      </trkpt>
      <trkpt lat="41.550666" lon="1.875109">
        <ele>77.42843461853461</ele>
        <time>2026-07-12T06:05:35.044Z</time>
        <extensions>
          <gpxtpx:TrackPointExtension>
            <gpxtpx:hr>153</gpxtpx:hr>
            <gpxtpx:cad>84</gpxtpx:cad>
          </gpxtpx:TrackPointExtension>
          <gpxpx:PowerExtension>
            <gpxpx:PowerInWatts>433</gpxpx:PowerInWatts>
          </gpxpx:PowerExtension>
        </extensions>
      </trkpt>
      <trkpt lat="41.550639" lon="1.875113">
        <ele>77.44198113400124</ele>
        <time>2026-07-12T06:05:35.849Z</time>
        <extensions>
          <gpxtpx:TrackPointExtension>
            <gpxtpx:hr>153</gpxtpx:hr>
            <gpxtpx:cad>84</gpxtpx:cad>
          </gpxtpx:TrackPointExtension>
          <gpxpx:PowerExtension>
            <gpxpx:PowerInWatts>427</gpxpx:PowerInWatts>
          </gpxpx:PowerExtension>
        </extensions>
      </trkpt>
      <trkpt lat="41.550612" lon="1.875119">
        <ele>77.45281286594465</ele>
        <time>2026-07-12T06:05:36.655Z</time>
        <extensions>
          <gpxtpx:TrackPointExtension>
            <gpxtpx:hr>153</gpxtpx:hr>
            <gpxtpx:cad>85</gpxtpx:cad>
          </gpxtpx:TrackPointExtension>
          <gpxpx:PowerExtension>
            <gpxpx:PowerInWatts>418</gpxpx:PowerInWatts>
          </gpxpx:PowerExtension>
        </extensions>
      </trkpt>
      <trkpt lat="41.550581" lon="1.875125">
        <ele>77.47958751355466</ele>
        <time>2026-07-12T06:05:37.460Z</time>
        <extensions>
          <gpxtpx:TrackPointExtension>
            <gpxtpx:hr>154</gpxtpx:hr>
            <gpxtpx:cad>85</gpxtpx:cad>
          </gpxtpx:TrackPointExtension>
          <gpxpx:PowerExtension>
            <gpxpx:PowerInWatts>413</gpxpx:PowerInWatts>
          </gpxpx:PowerExtension>
        </extensions>
      </trkpt>
      <trkpt lat="41.550558" lon="1.875135">
        <ele>77.50454836558279</ele>
        <time>2026-07-12T06:05:38.266Z</time>
        <extensions>
          <gpxtpx:TrackPointExtension>
            <gpxtpx:hr>154</gpxtpx:hr>
            <gpxtpx:cad>84</gpxtpx:cad>
          </gpxtpx:TrackPointExtension>
          <gpxpx:PowerExtension>
            <gpxpx:PowerInWatts>409</gpxpx:PowerInWatts>
          </gpxpx:PowerExtension>
        </extensions>
      </trkpt>
      <trkpt lat="41.550521" lon="1.875141">
        <ele>77.55018071553394</ele>
        <time>2026-07-12T06:05:39.072Z</time>
        <extensions>
          <gpxtpx:TrackPointExtension>
            <gpxtpx:hr>154</gpxtpx:hr>
            <gpxtpx:cad>84</gpxtpx:cad>
          </gpxtpx:TrackPointExtension>
          <gpxpx:PowerExtension>
            <gpxpx:PowerInWatts>403</gpxpx:PowerInWatts>
          </gpxpx:PowerExtension>
        </extensions>
      </trkpt>
      <trkpt lat="41.550496" lon="1.875153">
        <ele>77.5764837447885</ele>
        <time>2026-07-12T06:05:39.877Z</time>
        <extensions>
          <gpxtpx:TrackPointExtension>
            <gpxtpx:hr>154</gpxtpx:hr>
            <gpxtpx:cad>84</gpxtpx:cad>
          </gpxtpx:TrackPointExtension>
          <gpxpx:PowerExtension>
            <gpxpx:PowerInWatts>399</gpxpx:PowerInWatts>
          </gpxpx:PowerExtension>
        </extensions>
      </trkpt>
      <trkpt lat="41.550463" lon="1.875166">
        <ele>77.61111990743873</ele>
        <time>2026-07-12T06:05:40.683Z</time>
        <extensions>
          <gpxtpx:TrackPointExtension>
            <gpxtpx:hr>155</gpxtpx:hr>
            <gpxtpx:cad>85</gpxtpx:cad>
          </gpxtpx:TrackPointExtension>
          <gpxpx:PowerExtension>
            <gpxpx:PowerInWatts>395</gpxpx:PowerInWatts>
          </gpxpx:PowerExtension>
        </extensions>
      </trkpt>
      <trkpt lat="41.550435" lon="1.875179">
        <ele>77.6410961094451</ele>
        <time>2026-07-12T06:05:41.488Z</time>
        <extensions>
          <gpxtpx:TrackPointExtension>
            <gpxtpx:hr>155</gpxtpx:hr>
            <gpxtpx:cad>86</gpxtpx:cad>
          </gpxtpx:TrackPointExtension>
          <gpxpx:PowerExtension>
            <gpxpx:PowerInWatts>389</gpxpx:PowerInWatts>
          </gpxpx:PowerExtension>
        </extensions>
      </trkpt>
      <trkpt lat="41.550407" lon="1.875194">
        <ele>77.68069861153182</ele>
        <time>2026-07-12T06:05:42.293Z</time>
        <extensions>
          <gpxtpx:TrackPointExtension>
            <gpxtpx:hr>155</gpxtpx:hr>
            <gpxtpx:cad>86</gpxtpx:cad>
          </gpxtpx:TrackPointExtension>
          <gpxpx:PowerExtension>
            <gpxpx:PowerInWatts>385</gpxpx:PowerInWatts>
          </gpxpx:PowerExtension>
        </extensions>
      </trkpt>
      <trkpt lat="41.550375" lon="1.875204">
        <ele>77.73433857394502</ele>
        <time>2026-07-12T06:05:43.099Z</time>
        <extensions>
          <gpxtpx:TrackPointExtension>
            <gpxtpx:hr>155</gpxtpx:hr>
            <gpxtpx:cad>86</gpxtpx:cad>
          </gpxtpx:TrackPointExtension>
          <gpxpx:PowerExtension>
            <gpxpx:PowerInWatts>381</gpxpx:PowerInWatts>
          </gpxpx:PowerExtension>
        </extensions>
      </trkpt>
      <trkpt lat="41.550354" lon="1.875217">
        <ele>77.7797200086683</ele>
        <time>2026-07-12T06:05:43.904Z</time>
        <extensions>
          <gpxtpx:TrackPointExtension>
            <gpxtpx:hr>155</gpxtpx:hr>
            <gpxtpx:cad>86</gpxtpx:cad>
          </gpxtpx:TrackPointExtension>
          <gpxpx:PowerExtension>
            <gpxpx:PowerInWatts>375</gpxpx:PowerInWatts>
          </gpxpx:PowerExtension>
        </extensions>
      </trkpt>
      <trkpt lat="41.55032" lon="1.875225">
        <ele>77.79854149770549</ele>
        <time>2026-07-12T06:05:44.710Z</time>
        <extensions>
          <gpxtpx:TrackPointExtension>
            <gpxtpx:hr>155</gpxtpx:hr>
            <gpxtpx:cad>85</gpxtpx:cad>
          </gpxtpx:TrackPointExtension>
          <gpxpx:PowerExtension>
            <gpxpx:PowerInWatts>371</gpxpx:PowerInWatts>
          </gpxpx:PowerExtension>
        </extensions>
      </trkpt>
      <trkpt lat="41.550299" lon="1.875235">
        <ele>77.78259942495033</ele>
        <time>2026-07-12T06:05:45.515Z</time>
        <extensions>
          <gpxtpx:TrackPointExtension>
            <gpxtpx:hr>155</gpxtpx:hr>
            <gpxtpx:cad>85</gpxtpx:cad>
          </gpxtpx:TrackPointExtension>
          <gpxpx:PowerExtension>
            <gpxpx:PowerInWatts>364</gpxpx:PowerInWatts>
          </gpxpx:PowerExtension>
        </extensions>
      </trkpt>
      <trkpt lat="41.550264" lon="1.875246">
        <ele>77.75104147179546</ele>
        <time>2026-07-12T06:05:46.320Z</time>
        <extensions>
          <gpxtpx:TrackPointExtension>
            <gpxtpx:hr>154</gpxtpx:hr>
            <gpxtpx:cad>85</gpxtpx:cad>
          </gpxtpx:TrackPointExtension>
          <gpxpx:PowerExtension>
            <gpxpx:PowerInWatts>359</gpxpx:PowerInWatts>
          </gpxpx:PowerExtension>
        </extensions>
      </trkpt>
      <trkpt lat="41.550234" lon="1.875251">
        <ele>77.73430912317077</ele>
        <time>2026-07-12T06:05:47.126Z</time>
        <extensions>
          <gpxtpx:TrackPointExtension>
            <gpxtpx:hr>155</gpxtpx:hr>
            <gpxtpx:cad>85</gpxtpx:cad>
          </gpxtpx:TrackPointExtension>
          <gpxpx:PowerExtension>
            <gpxpx:PowerInWatts>358</gpxpx:PowerInWatts>
          </gpxpx:PowerExtension>
        </extensions>
      </trkpt>
      <trkpt lat="41.550207" lon="1.875259">
        <ele>77.72990261502689</ele>
        <time>2026-07-12T06:05:47.932Z</time>
        <extensions>
          <gpxtpx:TrackPointExtension>
            <gpxtpx:hr>155</gpxtpx:hr>
            <gpxtpx:cad>85</gpxtpx:cad>
          </gpxtpx:TrackPointExtension>
          <gpxpx:PowerExtension>
            <gpxpx:PowerInWatts>359</gpxpx:PowerInWatts>
          </gpxpx:PowerExtension>
        </extensions>
      </trkpt>
      <trkpt lat="41.550171" lon="1.875265">
        <ele>77.78366030938196</ele>
        <time>2026-07-12T06:05:48.738Z</time>
        <extensions>
          <gpxtpx:TrackPointExtension>
            <gpxtpx:hr>155</gpxtpx:hr>
            <gpxtpx:cad>85</gpxtpx:cad>
          </gpxtpx:TrackPointExtension>
          <gpxpx:PowerExtension>
            <gpxpx:PowerInWatts>356</gpxpx:PowerInWatts>
          </gpxpx:PowerExtension>
        </extensions>
      </trkpt>
      <trkpt lat="41.550147" lon="1.875271">
        <ele>77.81818416000044</ele>
        <time>2026-07-12T06:05:49.543Z</time>
        <extensions>
          <gpxtpx:TrackPointExtension>
            <gpxtpx:hr>154</gpxtpx:hr>
            <gpxtpx:cad>85</gpxtpx:cad>
          </gpxtpx:TrackPointExtension>
          <gpxpx:PowerExtension>
            <gpxpx:PowerInWatts>355</gpxpx:PowerInWatts>
          </gpxpx:PowerExtension>
        </extensions>
      </trkpt>
      <trkpt lat="41.550115" lon="1.875279">
        <ele>77.86580303318672</ele>
        <time>2026-07-12T06:05:50.348Z</time>
        <extensions>
          <gpxtpx:TrackPointExtension>
            <gpxtpx:hr>155</gpxtpx:hr>
            <gpxtpx:cad>84</gpxtpx:cad>
          </gpxtpx:TrackPointExtension>
          <gpxpx:PowerExtension>
            <gpxpx:PowerInWatts>353</gpxpx:PowerInWatts>
          </gpxpx:PowerExtension>
        </extensions>
      </trkpt>
      <trkpt lat="41.550078" lon="1.875276">
        <ele>77.93193135649739</ele>
        <time>2026-07-12T06:05:51.154Z</time>
        <extensions>
          <gpxtpx:TrackPointExtension>
            <gpxtpx:hr>154</gpxtpx:hr>
            <gpxtpx:cad>84</gpxtpx:cad>
          </gpxtpx:TrackPointExtension>
          <gpxpx:PowerExtension>
            <gpxpx:PowerInWatts>345</gpxpx:PowerInWatts>
          </gpxpx:PowerExtension>
        </extensions>
      </trkpt>
      <trkpt lat="41.550047" lon="1.875276">
        <ele>77.98013669295572</ele>
        <time>2026-07-12T06:05:51.959Z</time>
        <extensions>
          <gpxtpx:TrackPointExtension>
            <gpxtpx:hr>154</gpxtpx:hr>
            <gpxtpx:cad>85</gpxtpx:cad>
          </gpxtpx:TrackPointExtension>
          <gpxpx:PowerExtension>
            <gpxpx:PowerInWatts>336</gpxpx:PowerInWatts>
          </gpxpx:PowerExtension>
        </extensions>
      </trkpt>
      <trkpt lat="41.550015" lon="1.875273">
        <ele>78.03725222672139</ele>
        <time>2026-07-12T06:05:52.765Z</time>
        <extensions>
          <gpxtpx:TrackPointExtension>
            <gpxtpx:hr>154</gpxtpx:hr>
            <gpxtpx:cad>85</gpxtpx:cad>
          </gpxtpx:TrackPointExtension>
          <gpxpx:PowerExtension>
            <gpxpx:PowerInWatts>333</gpxpx:PowerInWatts>
          </gpxpx:PowerExtension>
        </extensions>
      </trkpt>
      <trkpt lat="41.549992" lon="1.875278">
        <ele>78.05972396046052</ele>
        <time>2026-07-12T06:05:53.570Z</time>
        <extensions>
          <gpxtpx:TrackPointExtension>
            <gpxtpx:hr>154</gpxtpx:hr>
            <gpxtpx:cad>84</gpxtpx:cad>
          </gpxtpx:TrackPointExtension>
          <gpxpx:PowerExtension>
            <gpxpx:PowerInWatts>336</gpxpx:PowerInWatts>
          </gpxpx:PowerExtension>
        </extensions>
      </trkpt>
      <trkpt lat="41.54997" lon="1.875283">
        <ele>78.07562414974961</ele>
        <time>2026-07-12T06:05:54.376Z</time>
        <extensions>
          <gpxtpx:TrackPointExtension>
            <gpxtpx:hr>154</gpxtpx:hr>
            <gpxtpx:cad>84</gpxtpx:cad>
          </gpxtpx:TrackPointExtension>
          <gpxpx:PowerExtension>
            <gpxpx:PowerInWatts>336</gpxpx:PowerInWatts>
          </gpxpx:PowerExtension>
        </extensions>
      </trkpt>
      <trkpt lat="41.549952" lon="1.875288">
        <ele>78.06949185166148</ele>
        <time>2026-07-12T06:05:55.181Z</time>
        <extensions>
          <gpxtpx:TrackPointExtension>
            <gpxtpx:hr>154</gpxtpx:hr>
            <gpxtpx:cad>84</gpxtpx:cad>
          </gpxtpx:TrackPointExtension>
          <gpxpx:PowerExtension>
            <gpxpx:PowerInWatts>335</gpxpx:PowerInWatts>
          </gpxpx:PowerExtension>
        </extensions>
      </trkpt>
      <trkpt lat="41.549918" lon="1.87529">
        <ele>78.02611128779328</ele>
        <time>2026-07-12T06:05:55.986Z</time>
        <extensions>
          <gpxtpx:TrackPointExtension>
            <gpxtpx:hr>154</gpxtpx:hr>
            <gpxtpx:cad>86</gpxtpx:cad>
          </gpxtpx:TrackPointExtension>
          <gpxpx:PowerExtension>
            <gpxpx:PowerInWatts>333</gpxpx:PowerInWatts>
          </gpxpx:PowerExtension>
        </extensions>
      </trkpt>
      <trkpt lat="41.54989" lon="1.875295">
        <ele>77.97930308327766</ele>
        <time>2026-07-12T06:05:56.792Z</time>
        <extensions>
          <gpxtpx:TrackPointExtension>
            <gpxtpx:hr>154</gpxtpx:hr>
            <gpxtpx:cad>87</gpxtpx:cad>
          </gpxtpx:TrackPointExtension>
          <gpxpx:PowerExtension>
            <gpxpx:PowerInWatts>328</gpxpx:PowerInWatts>
          </gpxpx:PowerExtension>
        </extensions>
      </trkpt>
      <trkpt lat="41.54986" lon="1.875298">
        <ele>77.93837882990212</ele>
        <time>2026-07-12T06:05:57.598Z</time>
        <extensions>
          <gpxtpx:TrackPointExtension>
            <gpxtpx:hr>154</gpxtpx:hr>
            <gpxtpx:cad>87</gpxtpx:cad>
          </gpxtpx:TrackPointExtension>
          <gpxpx:PowerExtension>
            <gpxpx:PowerInWatts>328</gpxpx:PowerInWatts>
          </gpxpx:PowerExtension>
        </extensions>
      </trkpt>
      <trkpt lat="41.549827" lon="1.875301">
        <ele>77.89539980903702</ele>
        <time>2026-07-12T06:05:58.404Z</time>
        <extensions>
          <gpxtpx:TrackPointExtension>
            <gpxtpx:hr>154</gpxtpx:hr>
            <gpxtpx:cad>87</gpxtpx:cad>
          </gpxtpx:TrackPointExtension>
          <gpxpx:PowerExtension>
            <gpxpx:PowerInWatts>329</gpxpx:PowerInWatts>
          </gpxpx:PowerExtension>
        </extensions>
      </trkpt>
      <trkpt lat="41.549803" lon="1.875303">
        <ele>77.86730314738803</ele>
        <time>2026-07-12T06:05:59.209Z</time>
        <extensions>
          <gpxtpx:TrackPointExtension>
            <gpxtpx:hr>153</gpxtpx:hr>
            <gpxtpx:cad>87</gpxtpx:cad>
          </gpxtpx:TrackPointExtension>
          <gpxpx:PowerExtension>
            <gpxpx:PowerInWatts>329</gpxpx:PowerInWatts>
          </gpxpx:PowerExtension>
        </extensions>
      </trkpt>
      <trkpt lat="41.54977" lon="1.875298">
        <ele>77.85097042020757</ele>
        <time>2026-07-12T06:06:00.014Z</time>
        <extensions>
          <gpxtpx:TrackPointExtension>
            <gpxtpx:hr>154</gpxtpx:hr>
            <gpxtpx:cad>87</gpxtpx:cad>
          </gpxtpx:TrackPointExtension>
          <gpxpx:PowerExtension>
            <gpxpx:PowerInWatts>329</gpxpx:PowerInWatts>
          </gpxpx:PowerExtension>
        </extensions>
      </trkpt>
      <trkpt lat="41.549746" lon="1.8753">
        <ele>77.82318623591215</ele>
        <time>2026-07-12T06:06:00.820Z</time>
        <extensions>
          <gpxtpx:TrackPointExtension>
            <gpxtpx:hr>153</gpxtpx:hr>
            <gpxtpx:cad>85</gpxtpx:cad>
          </gpxtpx:TrackPointExtension>
          <gpxpx:PowerExtension>
            <gpxpx:PowerInWatts>331</gpxpx:PowerInWatts>
          </gpxpx:PowerExtension>
        </extensions>
      </trkpt>
      <trkpt lat="41.549716" lon="1.875298">
        <ele>77.79992392810588</ele>
        <time>2026-07-12T06:06:01.625Z</time>
        <extensions>
          <gpxtpx:TrackPointExtension>
            <gpxtpx:hr>153</gpxtpx:hr>
            <gpxtpx:cad>85</gpxtpx:cad>
          </gpxtpx:TrackPointExtension>
          <gpxpx:PowerExtension>
            <gpxpx:PowerInWatts>331</gpxpx:PowerInWatts>
          </gpxpx:PowerExtension>
        </extensions>
      </trkpt>
      <trkpt lat="41.549687" lon="1.875295">
        <ele>77.76576432678824</ele>
        <time>2026-07-12T06:06:02.431Z</time>
        <extensions>
          <gpxtpx:TrackPointExtension>
            <gpxtpx:hr>153</gpxtpx:hr>
            <gpxtpx:cad>85</gpxtpx:cad>
          </gpxtpx:TrackPointExtension>
          <gpxpx:PowerExtension>
            <gpxpx:PowerInWatts>328</gpxpx:PowerInWatts>
          </gpxpx:PowerExtension>
        </extensions>
      </trkpt>
      <trkpt lat="41.549662" lon="1.875293">
        <ele>77.72100152932039</ele>
        <time>2026-07-12T06:06:03.236Z</time>
        <extensions>
          <gpxtpx:TrackPointExtension>
            <gpxtpx:hr>153</gpxtpx:hr>
            <gpxtpx:cad>85</gpxtpx:cad>
          </gpxtpx:TrackPointExtension>
          <gpxpx:PowerExtension>
            <gpxpx:PowerInWatts>327</gpxpx:PowerInWatts>
          </gpxpx:PowerExtension>
        </extensions>
      </trkpt>
      <trkpt lat="41.549628" lon="1.875286">
        <ele>77.6688232697318</ele>
        <time>2026-07-12T06:06:04.041Z</time>
        <extensions>
          <gpxtpx:TrackPointExtension>
            <gpxtpx:hr>154</gpxtpx:hr>
            <gpxtpx:cad>84</gpxtpx:cad>
          </gpxtpx:TrackPointExtension>
          <gpxpx:PowerExtension>
            <gpxpx:PowerInWatts>328</gpxpx:PowerInWatts>
          </gpxpx:PowerExtension>
        </extensions>
      </trkpt>
      <trkpt lat="41.549602" lon="1.875287">
        <ele>77.61538146653795</ele>
        <time>2026-07-12T06:06:04.847Z</time>
        <extensions>
          <gpxtpx:TrackPointExtension>
            <gpxtpx:hr>153</gpxtpx:hr>
            <gpxtpx:cad>84</gpxtpx:cad>
          </gpxtpx:TrackPointExtension>
          <gpxpx:PowerExtension>
            <gpxpx:PowerInWatts>327</gpxpx:PowerInWatts>
          </gpxpx:PowerExtension>
        </extensions>
      </trkpt>
      <trkpt lat="41.549568" lon="1.87528">
        <ele>77.56563164787175</ele>
        <time>2026-07-12T06:06:05.652Z</time>
        <extensions>
          <gpxtpx:TrackPointExtension>
            <gpxtpx:hr>153</gpxtpx:hr>
            <gpxtpx:cad>85</gpxtpx:cad>
          </gpxtpx:TrackPointExtension>
          <gpxpx:PowerExtension>
            <gpxpx:PowerInWatts>326</gpxpx:PowerInWatts>
          </gpxpx:PowerExtension>
        </extensions>
      </trkpt>
      <trkpt lat="41.549539" lon="1.875277">
        <ele>77.54102191457412</ele>
        <time>2026-07-12T06:06:06.459Z</time>
        <extensions>
          <gpxtpx:TrackPointExtension>
            <gpxtpx:hr>153</gpxtpx:hr>
            <gpxtpx:cad>85</gpxtpx:cad>
          </gpxtpx:TrackPointExtension>
          <gpxpx:PowerExtension>
            <gpxpx:PowerInWatts>325</gpxpx:PowerInWatts>
          </gpxpx:PowerExtension>
        </extensions>
      </trkpt>
      <trkpt lat="41.549511" lon="1.87527">
        <ele>77.52540456800222</ele>
        <time>2026-07-12T06:06:07.264Z</time>
        <extensions>
          <gpxtpx:TrackPointExtension>
            <gpxtpx:hr>153</gpxtpx:hr>
            <gpxtpx:cad>85</gpxtpx:cad>
          </gpxtpx:TrackPointExtension>
          <gpxpx:PowerExtension>
            <gpxpx:PowerInWatts>327</gpxpx:PowerInWatts>
          </gpxpx:PowerExtension>
        </extensions>
      </trkpt>
      <trkpt lat="41.549478" lon="1.875264">
        <ele>77.50244101982611</ele>
        <time>2026-07-12T06:06:08.070Z</time>
        <extensions>
          <gpxtpx:TrackPointExtension>
            <gpxtpx:hr>153</gpxtpx:hr>
            <gpxtpx:cad>84</gpxtpx:cad>
          </gpxtpx:TrackPointExtension>
          <gpxpx:PowerExtension>
            <gpxpx:PowerInWatts>328</gpxpx:PowerInWatts>
          </gpxpx:PowerExtension>
        </extensions>
      </trkpt>
      <trkpt lat="41.549453" lon="1.875262">
        <ele>77.47995397053542</ele>
        <time>2026-07-12T06:06:08.875Z</time>
        <extensions>
          <gpxtpx:TrackPointExtension>
            <gpxtpx:hr>152</gpxtpx:hr>
            <gpxtpx:cad>84</gpxtpx:cad>
          </gpxtpx:TrackPointExtension>
          <gpxpx:PowerExtension>
            <gpxpx:PowerInWatts>329</gpxpx:PowerInWatts>
          </gpxpx:PowerExtension>
        </extensions>
      </trkpt>
      <trkpt lat="41.549419" lon="1.875255">
        <ele>77.46760665207398</ele>
        <time>2026-07-12T06:06:09.680Z</time>
        <extensions>
          <gpxtpx:TrackPointExtension>
            <gpxtpx:hr>152</gpxtpx:hr>
            <gpxtpx:cad>84</gpxtpx:cad>
          </gpxtpx:TrackPointExtension>
          <gpxpx:PowerExtension>
            <gpxpx:PowerInWatts>328</gpxpx:PowerInWatts>
          </gpxpx:PowerExtension>
        </extensions>
      </trkpt>
      <trkpt lat="41.549397" lon="1.875248">
        <ele>77.46500490294709</ele>
        <time>2026-07-12T06:06:10.486Z</time>
        <extensions>
          <gpxtpx:TrackPointExtension>
            <gpxtpx:hr>152</gpxtpx:hr>
            <gpxtpx:cad>84</gpxtpx:cad>
          </gpxtpx:TrackPointExtension>
          <gpxpx:PowerExtension>
            <gpxpx:PowerInWatts>327</gpxpx:PowerInWatts>
          </gpxpx:PowerExtension>
        </extensions>
      </trkpt>
      <trkpt lat="41.54937" lon="1.87525">
        <ele>77.4431045023003</ele>
        <time>2026-07-12T06:06:11.291Z</time>
        <extensions>
          <gpxtpx:TrackPointExtension>
            <gpxtpx:hr>152</gpxtpx:hr>
            <gpxtpx:cad>84</gpxtpx:cad>
          </gpxtpx:TrackPointExtension>
          <gpxpx:PowerExtension>
            <gpxpx:PowerInWatts>327</gpxpx:PowerInWatts>
          </gpxpx:PowerExtension>
        </extensions>
      </trkpt>
      <trkpt lat="41.549341" lon="1.875245">
        <ele>77.42984158072497</ele>
        <time>2026-07-12T06:06:12.097Z</time>
        <extensions>
          <gpxtpx:TrackPointExtension>
            <gpxtpx:hr>153</gpxtpx:hr>
            <gpxtpx:cad>84</gpxtpx:cad>
          </gpxtpx:TrackPointExtension>
          <gpxpx:PowerExtension>
            <gpxpx:PowerInWatts>326</gpxpx:PowerInWatts>
          </gpxpx:PowerExtension>
        </extensions>
      </trkpt>
      <trkpt lat="41.549316" lon="1.87524">
        <ele>77.41772972516563</ele>
        <time>2026-07-12T06:06:12.902Z</time>
        <extensions>
          <gpxtpx:TrackPointExtension>
            <gpxtpx:hr>152</gpxtpx:hr>
            <gpxtpx:cad>84</gpxtpx:cad>
          </gpxtpx:TrackPointExtension>
          <gpxpx:PowerExtension>
            <gpxpx:PowerInWatts>325</gpxpx:PowerInWatts>
          </gpxpx:PowerExtension>
        </extensions>
      </trkpt>
      <trkpt lat="41.549281" lon="1.875239">
        <ele>77.38704917789592</ele>
        <time>2026-07-12T06:06:13.707Z</time>
        <extensions>
          <gpxtpx:TrackPointExtension>
            <gpxtpx:hr>152</gpxtpx:hr>
            <gpxtpx:cad>85</gpxtpx:cad>
          </gpxtpx:TrackPointExtension>
          <gpxpx:PowerExtension>
            <gpxpx:PowerInWatts>323</gpxpx:PowerInWatts>
          </gpxpx:PowerExtension>
        </extensions>
      </trkpt>
      <trkpt lat="41.549257" lon="1.875238">
        <ele>77.36607929468347</ele>
        <time>2026-07-12T06:06:14.513Z</time>
        <extensions>
          <gpxtpx:TrackPointExtension>
            <gpxtpx:hr>152</gpxtpx:hr>
            <gpxtpx:cad>85</gpxtpx:cad>
          </gpxtpx:TrackPointExtension>
          <gpxpx:PowerExtension>
            <gpxpx:PowerInWatts>323</gpxpx:PowerInWatts>
          </gpxpx:PowerExtension>
        </extensions>
      </trkpt>
      <trkpt lat="41.549226" lon="1.875232">
        <ele>77.3431585214762</ele>
        <time>2026-07-12T06:06:15.318Z</time>
        <extensions>
          <gpxtpx:TrackPointExtension>
            <gpxtpx:hr>152</gpxtpx:hr>
            <gpxtpx:cad>85</gpxtpx:cad>
          </gpxtpx:TrackPointExtension>
          <gpxpx:PowerExtension>
            <gpxpx:PowerInWatts>322</gpxpx:PowerInWatts>
          </gpxpx:PowerExtension>
        </extensions>
      </trkpt>
      <trkpt lat="41.549195" lon="1.875227">
        <ele>77.31280562801523</ele>
        <time>2026-07-12T06:06:16.125Z</time>
        <extensions>
          <gpxtpx:TrackPointExtension>
            <gpxtpx:hr>152</gpxtpx:hr>
            <gpxtpx:cad>85</gpxtpx:cad>
          </gpxtpx:TrackPointExtension>
          <gpxpx:PowerExtension>
            <gpxpx:PowerInWatts>322</gpxpx:PowerInWatts>
          </gpxpx:PowerExtension>
        </extensions>
      </trkpt>
      <trkpt lat="41.549166" lon="1.875224">
        <ele>77.27998816562064</ele>
        <time>2026-07-12T06:06:16.930Z</time>
        <extensions>
          <gpxtpx:TrackPointExtension>
            <gpxtpx:hr>152</gpxtpx:hr>
            <gpxtpx:cad>85</gpxtpx:cad>
          </gpxtpx:TrackPointExtension>
          <gpxpx:PowerExtension>
            <gpxpx:PowerInWatts>322</gpxpx:PowerInWatts>
          </gpxpx:PowerExtension>
        </extensions>
      </trkpt>
      <trkpt lat="41.549135" lon="1.875221">
        <ele>77.24739656392227</ele>
        <time>2026-07-12T06:06:17.735Z</time>
        <extensions>
          <gpxtpx:TrackPointExtension>
            <gpxtpx:hr>152</gpxtpx:hr>
            <gpxtpx:cad>84</gpxtpx:cad>
          </gpxtpx:TrackPointExtension>
          <gpxpx:PowerExtension>
            <gpxpx:PowerInWatts>323</gpxpx:PowerInWatts>
          </gpxpx:PowerExtension>
        </extensions>
      </trkpt>
      <trkpt lat="41.549109" lon="1.875221">
        <ele>77.22463957002088</ele>
        <time>2026-07-12T06:06:18.541Z</time>
        <extensions>
          <gpxtpx:TrackPointExtension>
            <gpxtpx:hr>152</gpxtpx:hr>
            <gpxtpx:cad>85</gpxtpx:cad>
          </gpxtpx:TrackPointExtension>
          <gpxpx:PowerExtension>
            <gpxpx:PowerInWatts>323</gpxpx:PowerInWatts>
          </gpxpx:PowerExtension>
        </extensions>
      </trkpt>
      <trkpt lat="41.549076" lon="1.875219">
        <ele>77.19434869130225</ele>
        <time>2026-07-12T06:06:19.346Z</time>
        <extensions>
          <gpxtpx:TrackPointExtension>
            <gpxtpx:hr>151</gpxtpx:hr>
            <gpxtpx:cad>85</gpxtpx:cad>
          </gpxtpx:TrackPointExtension>
          <gpxpx:PowerExtension>
            <gpxpx:PowerInWatts>323</gpxpx:PowerInWatts>
          </gpxpx:PowerExtension>
        </extensions>
      </trkpt>
      <trkpt lat="41.549047" lon="1.875211">
        <ele>77.18618128299049</ele>
        <time>2026-07-12T06:06:20.152Z</time>
        <extensions>
          <gpxtpx:TrackPointExtension>
            <gpxtpx:hr>151</gpxtpx:hr>
            <gpxtpx:cad>85</gpxtpx:cad>
          </gpxtpx:TrackPointExtension>
          <gpxpx:PowerExtension>
            <gpxpx:PowerInWatts>323</gpxpx:PowerInWatts>
          </gpxpx:PowerExtension>
        </extensions>
      </trkpt>
      <trkpt lat="41.549019" lon="1.875211">
        <ele>77.21503928795765</ele>
        <time>2026-07-12T06:06:20.957Z</time>
        <extensions>
          <gpxtpx:TrackPointExtension>
            <gpxtpx:hr>151</gpxtpx:hr>
            <gpxtpx:cad>84</gpxtpx:cad>
          </gpxtpx:TrackPointExtension>
          <gpxpx:PowerExtension>
            <gpxpx:PowerInWatts>324</gpxpx:PowerInWatts>
          </gpxpx:PowerExtension>
        </extensions>
      </trkpt>
      <trkpt lat="41.548987" lon="1.875204">
        <ele>77.24880076312058</ele>
        <time>2026-07-12T06:06:21.762Z</time>
        <extensions>
          <gpxtpx:TrackPointExtension>
            <gpxtpx:hr>151</gpxtpx:hr>
            <gpxtpx:cad>84</gpxtpx:cad>
          </gpxtpx:TrackPointExtension>
          <gpxpx:PowerExtension>
            <gpxpx:PowerInWatts>324</gpxpx:PowerInWatts>
          </gpxpx:PowerExtension>
        </extensions>
      </trkpt>
      <trkpt lat="41.548962" lon="1.875205">
        <ele>77.2757040095826</ele>
        <time>2026-07-12T06:06:22.568Z</time>
        <extensions>
          <gpxtpx:TrackPointExtension>
            <gpxtpx:hr>151</gpxtpx:hr>
            <gpxtpx:cad>85</gpxtpx:cad>
          </gpxtpx:TrackPointExtension>
          <gpxpx:PowerExtension>
            <gpxpx:PowerInWatts>322</gpxpx:PowerInWatts>
          </gpxpx:PowerExtension>
        </extensions>
      </trkpt>
      <trkpt lat="41.54893" lon="1.875201">
        <ele>77.31262728564245</ele>
        <time>2026-07-12T06:06:23.373Z</time>
        <extensions>
          <gpxtpx:TrackPointExtension>
            <gpxtpx:hr>151</gpxtpx:hr>
            <gpxtpx:cad>85</gpxtpx:cad>
          </gpxtpx:TrackPointExtension>
          <gpxpx:PowerExtension>
            <gpxpx:PowerInWatts>322</gpxpx:PowerInWatts>
          </gpxpx:PowerExtension>
        </extensions>
      </trkpt>
      <trkpt lat="41.548903" lon="1.875198">
        <ele>77.30493625697751</ele>
        <time>2026-07-12T06:06:24.179Z</time>
        <extensions>
          <gpxtpx:TrackPointExtension>
            <gpxtpx:hr>151</gpxtpx:hr>
            <gpxtpx:cad>85</gpxtpx:cad>
          </gpxtpx:TrackPointExtension>
          <gpxpx:PowerExtension>
            <gpxpx:PowerInWatts>322</gpxpx:PowerInWatts>
          </gpxpx:PowerExtension>
        </extensions>
      </trkpt>
      <trkpt lat="41.548867" lon="1.875194">
        <ele>77.28972315752598</ele>
        <time>2026-07-12T06:06:24.984Z</time>
        <extensions>
          <gpxtpx:TrackPointExtension>
            <gpxtpx:hr>151</gpxtpx:hr>
            <gpxtpx:cad>86</gpxtpx:cad>
          </gpxtpx:TrackPointExtension>
          <gpxpx:PowerExtension>
            <gpxpx:PowerInWatts>321</gpxpx:PowerInWatts>
          </gpxpx:PowerExtension>
        </extensions>
      </trkpt>
      <trkpt lat="41.548834" lon="1.875189">
        <ele>77.27104578906228</ele>
        <time>2026-07-12T06:06:25.791Z</time>
        <extensions>
          <gpxtpx:TrackPointExtension>
            <gpxtpx:hr>151</gpxtpx:hr>
            <gpxtpx:cad>86</gpxtpx:cad>
          </gpxtpx:TrackPointExtension>
          <gpxpx:PowerExtension>
            <gpxpx:PowerInWatts>321</gpxpx:PowerInWatts>
          </gpxpx:PowerExtension>
        </extensions>
      </trkpt>
      <trkpt lat="41.548805" lon="1.87519">
        <ele>77.25722494089824</ele>
        <time>2026-07-12T06:06:26.596Z</time>
        <extensions>
          <gpxtpx:TrackPointExtension>
            <gpxtpx:hr>151</gpxtpx:hr>
            <gpxtpx:cad>86</gpxtpx:cad>
          </gpxtpx:TrackPointExtension>
          <gpxpx:PowerExtension>
            <gpxpx:PowerInWatts>323</gpxpx:PowerInWatts>
          </gpxpx:PowerExtension>
        </extensions>
      </trkpt>
      <trkpt lat="41.548772" lon="1.875181">
        <ele>77.13181855469999</ele>
        <time>2026-07-12T06:06:27.401Z</time>
        <extensions>
          <gpxtpx:TrackPointExtension>
            <gpxtpx:hr>150</gpxtpx:hr>
            <gpxtpx:cad>85</gpxtpx:cad>
          </gpxtpx:TrackPointExtension>
          <gpxpx:PowerExtension>
            <gpxpx:PowerInWatts>326</gpxpx:PowerInWatts>
          </gpxpx:PowerExtension>
        </extensions>
      </trkpt>
      <trkpt lat="41.548745" lon="1.875187">
        <ele>77.02960526665136</ele>
        <time>2026-07-12T06:06:28.207Z</time>
        <extensions>
          <gpxtpx:TrackPointExtension>
            <gpxtpx:hr>150</gpxtpx:hr>
            <gpxtpx:cad>86</gpxtpx:cad>
          </gpxtpx:TrackPointExtension>
          <gpxpx:PowerExtension>
            <gpxpx:PowerInWatts>326</gpxpx:PowerInWatts>
          </gpxpx:PowerExtension>
        </extensions>
      </trkpt>
      <trkpt lat="41.548711" lon="1.875186">
        <ele>76.89478970796193</ele>
        <time>2026-07-12T06:06:29.012Z</time>
        <extensions>
          <gpxtpx:TrackPointExtension>
            <gpxtpx:hr>150</gpxtpx:hr>
            <gpxtpx:cad>86</gpxtpx:cad>
          </gpxtpx:TrackPointExtension>
          <gpxpx:PowerExtension>
            <gpxpx:PowerInWatts>329</gpxpx:PowerInWatts>
          </gpxpx:PowerExtension>
        </extensions>
      </trkpt>
      <trkpt lat="41.548686" lon="1.875189">
        <ele>76.79440918248496</ele>
        <time>2026-07-12T06:06:29.818Z</time>
        <extensions>
          <gpxtpx:TrackPointExtension>
            <gpxtpx:hr>150</gpxtpx:hr>
            <gpxtpx:cad>86</gpxtpx:cad>
          </gpxtpx:TrackPointExtension>
          <gpxpx:PowerExtension>
            <gpxpx:PowerInWatts>328</gpxpx:PowerInWatts>
          </gpxpx:PowerExtension>
        </extensions>
      </trkpt>
      <trkpt lat="41.548651" lon="1.87519">
        <ele>76.67335769855714</ele>
        <time>2026-07-12T06:06:30.623Z</time>
        <extensions>
          <gpxtpx:TrackPointExtension>
            <gpxtpx:hr>150</gpxtpx:hr>
            <gpxtpx:cad>85</gpxtpx:cad>
          </gpxtpx:TrackPointExtension>
          <gpxpx:PowerExtension>
            <gpxpx:PowerInWatts>328</gpxpx:PowerInWatts>
          </gpxpx:PowerExtension>
        </extensions>
      </trkpt>
      <trkpt lat="41.548621" lon="1.875184">
        <ele>76.59706447830942</ele>
        <time>2026-07-12T06:06:31.428Z</time>
        <extensions>
          <gpxtpx:TrackPointExtension>
            <gpxtpx:hr>151</gpxtpx:hr>
            <gpxtpx:cad>84</gpxtpx:cad>
          </gpxtpx:TrackPointExtension>
          <gpxpx:PowerExtension>
            <gpxpx:PowerInWatts>330</gpxpx:PowerInWatts>
          </gpxpx:PowerExtension>
        </extensions>
      </trkpt>
      <trkpt lat="41.548592" lon="1.875184">
        <ele>76.51436584163459</ele>
        <time>2026-07-12T06:06:32.234Z</time>
        <extensions>
          <gpxtpx:TrackPointExtension>
            <gpxtpx:hr>150</gpxtpx:hr>
            <gpxtpx:cad>84</gpxtpx:cad>
          </gpxtpx:TrackPointExtension>
          <gpxpx:PowerExtension>
            <gpxpx:PowerInWatts>328</gpxpx:PowerInWatts>
          </gpxpx:PowerExtension>
        </extensions>
      </trkpt>
      <trkpt lat="41.548562" lon="1.875179">
        <ele>76.45347647694382</ele>
        <time>2026-07-12T06:06:33.039Z</time>
        <extensions>
          <gpxtpx:TrackPointExtension>
            <gpxtpx:hr>150</gpxtpx:hr>
            <gpxtpx:cad>84</gpxtpx:cad>
          </gpxtpx:TrackPointExtension>
          <gpxpx:PowerExtension>
            <gpxpx:PowerInWatts>330</gpxpx:PowerInWatts>
          </gpxpx:PowerExtension>
        </extensions>
      </trkpt>
      <trkpt lat="41.548538" lon="1.875183">
        <ele>76.39509537549156</ele>
        <time>2026-07-12T06:06:33.845Z</time>
        <extensions>
          <gpxtpx:TrackPointExtension>
            <gpxtpx:hr>151</gpxtpx:hr>
            <gpxtpx:cad>84</gpxtpx:cad>
          </gpxtpx:TrackPointExtension>
          <gpxpx:PowerExtension>
            <gpxpx:PowerInWatts>330</gpxpx:PowerInWatts>
          </gpxpx:PowerExtension>
        </extensions>
      </trkpt>
      <trkpt lat="41.548506" lon="1.87518">
        <ele>76.47829922900283</ele>
        <time>2026-07-12T06:06:34.650Z</time>
        <extensions>
          <gpxtpx:TrackPointExtension>
            <gpxtpx:hr>150</gpxtpx:hr>
            <gpxtpx:cad>84</gpxtpx:cad>
          </gpxtpx:TrackPointExtension>
          <gpxpx:PowerExtension>
            <gpxpx:PowerInWatts>331</gpxpx:PowerInWatts>
          </gpxpx:PowerExtension>
        </extensions>
      </trkpt>
      <trkpt lat="41.548477" lon="1.875179">
        <ele>76.54420428035742</ele>
        <time>2026-07-12T06:06:35.456Z</time>
        <extensions>
          <gpxtpx:TrackPointExtension>
            <gpxtpx:hr>150</gpxtpx:hr>
            <gpxtpx:cad>86</gpxtpx:cad>
          </gpxtpx:TrackPointExtension>
          <gpxpx:PowerExtension>
            <gpxpx:PowerInWatts>328</gpxpx:PowerInWatts>
          </gpxpx:PowerExtension>
        </extensions>
      </trkpt>
      <trkpt lat="41.548445" lon="1.875178">
        <ele>76.61652759808848</ele>
        <time>2026-07-12T06:06:36.262Z</time>
        <extensions>
          <gpxtpx:TrackPointExtension>
            <gpxtpx:hr>151</gpxtpx:hr>
            <gpxtpx:cad>86</gpxtpx:cad>
          </gpxtpx:TrackPointExtension>
          <gpxpx:PowerExtension>
            <gpxpx:PowerInWatts>328</gpxpx:PowerInWatts>
          </gpxpx:PowerExtension>
        </extensions>
      </trkpt>
      <trkpt lat="41.548417" lon="1.875179">
        <ele>76.66868044714872</ele>
        <time>2026-07-12T06:06:37.067Z</time>
        <extensions>
          <gpxtpx:TrackPointExtension>
            <gpxtpx:hr>150</gpxtpx:hr>
            <gpxtpx:cad>86</gpxtpx:cad>
          </gpxtpx:TrackPointExtension>
          <gpxpx:PowerExtension>
            <gpxpx:PowerInWatts>330</gpxpx:PowerInWatts>
          </gpxpx:PowerExtension>
        </extensions>
      </trkpt>
      <trkpt lat="41.548391" lon="1.875178">
        <ele>76.65476793326083</ele>
        <time>2026-07-12T06:06:37.873Z</time>
        <extensions>
          <gpxtpx:TrackPointExtension>
            <gpxtpx:hr>150</gpxtpx:hr>
            <gpxtpx:cad>86</gpxtpx:cad>
          </gpxtpx:TrackPointExtension>
          <gpxpx:PowerExtension>
            <gpxpx:PowerInWatts>330</gpxpx:PowerInWatts>
          </gpxpx:PowerExtension>
        </extensions>
      </trkpt>
      <trkpt lat="41.548359" lon="1.875169">
        <ele>76.6823372995284</ele>
        <time>2026-07-12T06:06:38.678Z</time>
        <extensions>
          <gpxtpx:TrackPointExtension>
            <gpxtpx:hr>150</gpxtpx:hr>
            <gpxtpx:cad>86</gpxtpx:cad>
          </gpxtpx:TrackPointExtension>
          <gpxpx:PowerExtension>
            <gpxpx:PowerInWatts>332</gpxpx:PowerInWatts>
          </gpxpx:PowerExtension>
        </extensions>
      </trkpt>
      <trkpt lat="41.548335" lon="1.875172">
        <ele>76.64134026174467</ele>
        <time>2026-07-12T06:06:39.483Z</time>
        <extensions>
          <gpxtpx:TrackPointExtension>
            <gpxtpx:hr>151</gpxtpx:hr>
            <gpxtpx:cad>85</gpxtpx:cad>
          </gpxtpx:TrackPointExtension>
          <gpxpx:PowerExtension>
            <gpxpx:PowerInWatts>334</gpxpx:PowerInWatts>
          </gpxpx:PowerExtension>
        </extensions>
      </trkpt>
      <trkpt lat="41.548303" lon="1.87517">
        <ele>76.62605220333919</ele>
        <time>2026-07-12T06:06:40.289Z</time>
        <extensions>
          <gpxtpx:TrackPointExtension>
            <gpxtpx:hr>150</gpxtpx:hr>
            <gpxtpx:cad>85</gpxtpx:cad>
          </gpxtpx:TrackPointExtension>
          <gpxpx:PowerExtension>
            <gpxpx:PowerInWatts>334</gpxpx:PowerInWatts>
          </gpxpx:PowerExtension>
        </extensions>
      </trkpt>
      <trkpt lat="41.548274" lon="1.875167">
        <ele>76.6229249852397</ele>
        <time>2026-07-12T06:06:41.094Z</time>
        <extensions>
          <gpxtpx:TrackPointExtension>
            <gpxtpx:hr>150</gpxtpx:hr>
            <gpxtpx:cad>85</gpxtpx:cad>
          </gpxtpx:TrackPointExtension>
          <gpxpx:PowerExtension>
            <gpxpx:PowerInWatts>333</gpxpx:PowerInWatts>
          </gpxpx:PowerExtension>
        </extensions>
      </trkpt>
      <trkpt lat="41.548241" lon="1.87517">
        <ele>76.57466674766289</ele>
        <time>2026-07-12T06:06:41.900Z</time>
        <extensions>
          <gpxtpx:TrackPointExtension>
            <gpxtpx:hr>150</gpxtpx:hr>
            <gpxtpx:cad>85</gpxtpx:cad>
          </gpxtpx:TrackPointExtension>
          <gpxpx:PowerExtension>
            <gpxpx:PowerInWatts>333</gpxpx:PowerInWatts>
          </gpxpx:PowerExtension>
        </extensions>
      </trkpt>
      <trkpt lat="41.548212" lon="1.875166">
        <ele>76.58512372987178</ele>
        <time>2026-07-12T06:06:42.705Z</time>
        <extensions>
          <gpxtpx:TrackPointExtension>
            <gpxtpx:hr>150</gpxtpx:hr>
            <gpxtpx:cad>85</gpxtpx:cad>
          </gpxtpx:TrackPointExtension>
          <gpxpx:PowerExtension>
            <gpxpx:PowerInWatts>333</gpxpx:PowerInWatts>
          </gpxpx:PowerExtension>
        </extensions>
      </trkpt>
      <trkpt lat="41.548187" lon="1.875166">
        <ele>76.56697611378746</ele>
        <time>2026-07-12T06:06:43.511Z</time>
        <extensions>
          <gpxtpx:TrackPointExtension>
            <gpxtpx:hr>151</gpxtpx:hr>
            <gpxtpx:cad>85</gpxtpx:cad>
          </gpxtpx:TrackPointExtension>
          <gpxpx:PowerExtension>
            <gpxpx:PowerInWatts>334</gpxpx:PowerInWatts>
          </gpxpx:PowerExtension>
        </extensions>
      </trkpt>
      <trkpt lat="41.548152" lon="1.875161">
        <ele>76.58403183180876</ele>
        <time>2026-07-12T06:06:44.316Z</time>
        <extensions>
          <gpxtpx:TrackPointExtension>
            <gpxtpx:hr>150</gpxtpx:hr>
            <gpxtpx:cad>85</gpxtpx:cad>
          </gpxtpx:TrackPointExtension>
          <gpxpx:PowerExtension>
            <gpxpx:PowerInWatts>334</gpxpx:PowerInWatts>
          </gpxpx:PowerExtension>
        </extensions>
      </trkpt>
      <trkpt lat="41.548125" lon="1.875158">
        <ele>76.5701320787919</ele>
        <time>2026-07-12T06:06:45.122Z</time>
        <extensions>
          <gpxtpx:TrackPointExtension>
            <gpxtpx:hr>150</gpxtpx:hr>
            <gpxtpx:cad>85</gpxtpx:cad>
          </gpxtpx:TrackPointExtension>
          <gpxpx:PowerExtension>
            <gpxpx:PowerInWatts>334</gpxpx:PowerInWatts>
          </gpxpx:PowerExtension>
        </extensions>
      </trkpt>
      <trkpt lat="41.54809" lon="1.875157">
        <ele>76.52412130306428</ele>
        <time>2026-07-12T06:06:45.928Z</time>
        <extensions>
          <gpxtpx:TrackPointExtension>
            <gpxtpx:hr>151</gpxtpx:hr>
            <gpxtpx:cad>85</gpxtpx:cad>
          </gpxtpx:TrackPointExtension>
          <gpxpx:PowerExtension>
            <gpxpx:PowerInWatts>333</gpxpx:PowerInWatts>
          </gpxpx:PowerExtension>
        </extensions>
      </trkpt>
      <trkpt lat="41.54806" lon="1.875156">
        <ele>76.48543079757101</ele>
        <time>2026-07-12T06:06:46.733Z</time>
        <extensions>
          <gpxtpx:TrackPointExtension>
            <gpxtpx:hr>151</gpxtpx:hr>
            <gpxtpx:cad>85</gpxtpx:cad>
          </gpxtpx:TrackPointExtension>
          <gpxpx:PowerExtension>
            <gpxpx:PowerInWatts>332</gpxpx:PowerInWatts>
          </gpxpx:PowerExtension>
        </extensions>
      </trkpt>
      <trkpt lat="41.548029" lon="1.875158">
        <ele>76.42095117183383</ele>
        <time>2026-07-12T06:06:47.539Z</time>
        <extensions>
          <gpxtpx:TrackPointExtension>
            <gpxtpx:hr>151</gpxtpx:hr>
            <gpxtpx:cad>85</gpxtpx:cad>
          </gpxtpx:TrackPointExtension>
          <gpxpx:PowerExtension>
            <gpxpx:PowerInWatts>331</gpxpx:PowerInWatts>
          </gpxpx:PowerExtension>
        </extensions>
      </trkpt>
      <trkpt lat="41.547994" lon="1.875155">
        <ele>76.44424592677971</ele>
        <time>2026-07-12T06:06:48.344Z</time>
        <extensions>
          <gpxtpx:TrackPointExtension>
            <gpxtpx:hr>151</gpxtpx:hr>
            <gpxtpx:cad>85</gpxtpx:cad>
          </gpxtpx:TrackPointExtension>
          <gpxpx:PowerExtension>
            <gpxpx:PowerInWatts>332</gpxpx:PowerInWatts>
          </gpxpx:PowerExtension>
        </extensions>
      </trkpt>
      <trkpt lat="41.547963" lon="1.875155">
        <ele>76.44250401828535</ele>
        <time>2026-07-12T06:06:49.149Z</time>
        <extensions>
          <gpxtpx:TrackPointExtension>
            <gpxtpx:hr>152</gpxtpx:hr>
            <gpxtpx:cad>86</gpxtpx:cad>
          </gpxtpx:TrackPointExtension>
          <gpxpx:PowerExtension>
            <gpxpx:PowerInWatts>330</gpxpx:PowerInWatts>
          </gpxpx:PowerExtension>
        </extensions>
      </trkpt>
      <trkpt lat="41.547928" lon="1.875151">
        <ele>76.47457704406379</ele>
        <time>2026-07-12T06:06:49.955Z</time>
        <extensions>
          <gpxtpx:TrackPointExtension>
            <gpxtpx:hr>152</gpxtpx:hr>
            <gpxtpx:cad>86</gpxtpx:cad>
          </gpxtpx:TrackPointExtension>
          <gpxpx:PowerExtension>
            <gpxpx:PowerInWatts>331</gpxpx:PowerInWatts>
          </gpxpx:PowerExtension>
        </extensions>
      </trkpt>
      <trkpt lat="41.547898" lon="1.875151">
        <ele>76.46936400878346</ele>
        <time>2026-07-12T06:06:50.760Z</time>
        <extensions>
          <gpxtpx:TrackPointExtension>
            <gpxtpx:hr>152</gpxtpx:hr>
            <gpxtpx:cad>86</gpxtpx:cad>
          </gpxtpx:TrackPointExtension>
          <gpxpx:PowerExtension>
            <gpxpx:PowerInWatts>333</gpxpx:PowerInWatts>
          </gpxpx:PowerExtension>
        </extensions>
      </trkpt>
      <trkpt lat="41.547862" lon="1.875141">
        <ele>76.51269937597691</ele>
        <time>2026-07-12T06:06:51.566Z</time>
        <extensions>
          <gpxtpx:TrackPointExtension>
            <gpxtpx:hr>152</gpxtpx:hr>
            <gpxtpx:cad>86</gpxtpx:cad>
          </gpxtpx:TrackPointExtension>
          <gpxpx:PowerExtension>
            <gpxpx:PowerInWatts>336</gpxpx:PowerInWatts>
          </gpxpx:PowerExtension>
        </extensions>
      </trkpt>
      <trkpt lat="41.547836" lon="1.875136">
        <ele>76.52241246657982</ele>
        <time>2026-07-12T06:06:52.371Z</time>
        <extensions>
          <gpxtpx:TrackPointExtension>
            <gpxtpx:hr>151</gpxtpx:hr>
            <gpxtpx:cad>85</gpxtpx:cad>
          </gpxtpx:TrackPointExtension>
          <gpxpx:PowerExtension>
            <gpxpx:PowerInWatts>338</gpxpx:PowerInWatts>
          </gpxpx:PowerExtension>
        </extensions>
      </trkpt>
      <trkpt lat="41.547806" lon="1.875138">
        <ele>76.47096255256008</ele>
        <time>2026-07-12T06:06:53.176Z</time>
        <extensions>
          <gpxtpx:TrackPointExtension>
            <gpxtpx:hr>152</gpxtpx:hr>
            <gpxtpx:cad>85</gpxtpx:cad>
          </gpxtpx:TrackPointExtension>
          <gpxpx:PowerExtension>
            <gpxpx:PowerInWatts>339</gpxpx:PowerInWatts>
          </gpxpx:PowerExtension>
        </extensions>
      </trkpt>
      <trkpt lat="41.547775" lon="1.875135">
        <ele>76.45656166096265</ele>
        <time>2026-07-12T06:06:53.983Z</time>
        <extensions>
          <gpxtpx:TrackPointExtension>
            <gpxtpx:hr>152</gpxtpx:hr>
            <gpxtpx:cad>85</gpxtpx:cad>
          </gpxtpx:TrackPointExtension>
          <gpxpx:PowerExtension>
            <gpxpx:PowerInWatts>339</gpxpx:PowerInWatts>
          </gpxpx:PowerExtension>
        </extensions>
      </trkpt>
      <trkpt lat="41.547749" lon="1.875137">
        <ele>76.42721240331961</ele>
        <time>2026-07-12T06:06:54.788Z</time>
        <extensions>
          <gpxtpx:TrackPointExtension>
            <gpxtpx:hr>152</gpxtpx:hr>
            <gpxtpx:cad>85</gpxtpx:cad>
          </gpxtpx:TrackPointExtension>
          <gpxpx:PowerExtension>
            <gpxpx:PowerInWatts>338</gpxpx:PowerInWatts>
          </gpxpx:PowerExtension>
        </extensions>
      </trkpt>
      <trkpt lat="41.547719" lon="1.87513">
        <ele>76.46172758446703</ele>
        <time>2026-07-12T06:06:55.594Z</time>
        <extensions>
          <gpxtpx:TrackPointExtension>
            <gpxtpx:hr>151</gpxtpx:hr>
            <gpxtpx:cad>85</gpxtpx:cad>
          </gpxtpx:TrackPointExtension>
          <gpxpx:PowerExtension>
            <gpxpx:PowerInWatts>337</gpxpx:PowerInWatts>
          </gpxpx:PowerExtension>
        </extensions>
      </trkpt>
      <trkpt lat="41.547691" lon="1.875127">
        <ele>76.46721098508526</ele>
        <time>2026-07-12T06:06:56.399Z</time>
        <extensions>
          <gpxtpx:TrackPointExtension>
            <gpxtpx:hr>152</gpxtpx:hr>
            <gpxtpx:cad>85</gpxtpx:cad>
          </gpxtpx:TrackPointExtension>
          <gpxpx:PowerExtension>
            <gpxpx:PowerInWatts>336</gpxpx:PowerInWatts>
          </gpxpx:PowerExtension>
        </extensions>
      </trkpt>
      <trkpt lat="41.547659" lon="1.875127">
        <ele>76.44912762449744</ele>
        <time>2026-07-12T06:06:57.204Z</time>
        <extensions>
          <gpxtpx:TrackPointExtension>
            <gpxtpx:hr>152</gpxtpx:hr>
            <gpxtpx:cad>85</gpxtpx:cad>
          </gpxtpx:TrackPointExtension>
          <gpxpx:PowerExtension>
            <gpxpx:PowerInWatts>334</gpxpx:PowerInWatts>
          </gpxpx:PowerExtension>
        </extensions>
      </trkpt>
      <trkpt lat="41.547623" lon="1.875124">
        <ele>76.44763950202659</ele>
        <time>2026-07-12T06:06:58.010Z</time>
        <extensions>
          <gpxtpx:TrackPointExtension>
            <gpxtpx:hr>152</gpxtpx:hr>
            <gpxtpx:cad>84</gpxtpx:cad>
          </gpxtpx:TrackPointExtension>
          <gpxpx:PowerExtension>
            <gpxpx:PowerInWatts>335</gpxpx:PowerInWatts>
          </gpxpx:PowerExtension>
        </extensions>
      </trkpt>
      <trkpt lat="41.547593" lon="1.875123">
        <ele>76.43548882837254</ele>
        <time>2026-07-12T06:06:58.815Z</time>
        <extensions>
          <gpxtpx:TrackPointExtension>
            <gpxtpx:hr>152</gpxtpx:hr>
            <gpxtpx:cad>84</gpxtpx:cad>
          </gpxtpx:TrackPointExtension>
          <gpxpx:PowerExtension>
            <gpxpx:PowerInWatts>335</gpxpx:PowerInWatts>
          </gpxpx:PowerExtension>
        </extensions>
      </trkpt>
      <trkpt lat="41.547561" lon="1.875119">
        <ele>76.44043091057793</ele>
        <time>2026-07-12T06:06:59.621Z</time>
        <extensions>
          <gpxtpx:TrackPointExtension>
            <gpxtpx:hr>151</gpxtpx:hr>
            <gpxtpx:cad>85</gpxtpx:cad>
          </gpxtpx:TrackPointExtension>
          <gpxpx:PowerExtension>
            <gpxpx:PowerInWatts>334</gpxpx:PowerInWatts>
          </gpxpx:PowerExtension>
        </extensions>
      </trkpt>
      <trkpt lat="41.547535" lon="1.87512">
        <ele>76.41758403406729</ele>
        <time>2026-07-12T06:07:00.426Z</time>
        <extensions>
          <gpxtpx:TrackPointExtension>
            <gpxtpx:hr>152</gpxtpx:hr>
            <gpxtpx:cad>85</gpxtpx:cad>
          </gpxtpx:TrackPointExtension>
          <gpxpx:PowerExtension>
            <gpxpx:PowerInWatts>335</gpxpx:PowerInWatts>
          </gpxpx:PowerExtension>
        </extensions>
      </trkpt>
      <trkpt lat="41.5475" lon="1.875115">
        <ele>76.4100758326471</ele>
        <time>2026-07-12T06:07:01.232Z</time>
        <extensions>
          <gpxtpx:TrackPointExtension>
            <gpxtpx:hr>152</gpxtpx:hr>
            <gpxtpx:cad>85</gpxtpx:cad>
          </gpxtpx:TrackPointExtension>
          <gpxpx:PowerExtension>
            <gpxpx:PowerInWatts>334</gpxpx:PowerInWatts>
          </gpxpx:PowerExtension>
        </extensions>
      </trkpt>
      <trkpt lat="41.547468" lon="1.875108">
        <ele>76.38974350204212</ele>
        <time>2026-07-12T06:07:02.037Z</time>
        <extensions>
          <gpxtpx:TrackPointExtension>
            <gpxtpx:hr>151</gpxtpx:hr>
            <gpxtpx:cad>85</gpxtpx:cad>
          </gpxtpx:TrackPointExtension>
          <gpxpx:PowerExtension>
            <gpxpx:PowerInWatts>335</gpxpx:PowerInWatts>
          </gpxpx:PowerExtension>
        </extensions>
      </trkpt>
      <trkpt lat="41.547435" lon="1.875108">
        <ele>76.3297039421828</ele>
        <time>2026-07-12T06:07:02.842Z</time>
        <extensions>
          <gpxtpx:TrackPointExtension>
            <gpxtpx:hr>152</gpxtpx:hr>
            <gpxtpx:cad>85</gpxtpx:cad>
          </gpxtpx:TrackPointExtension>
          <gpxpx:PowerExtension>
            <gpxpx:PowerInWatts>334</gpxpx:PowerInWatts>
          </gpxpx:PowerExtension>
        </extensions>
      </trkpt>
      <trkpt lat="41.547399" lon="1.875105">
        <ele>76.2697102288354</ele>
        <time>2026-07-12T06:07:03.649Z</time>
        <extensions>
          <gpxtpx:TrackPointExtension>
            <gpxtpx:hr>152</gpxtpx:hr>
            <gpxtpx:cad>85</gpxtpx:cad>
          </gpxtpx:TrackPointExtension>
          <gpxpx:PowerExtension>
            <gpxpx:PowerInWatts>334</gpxpx:PowerInWatts>
          </gpxpx:PowerExtension>
        </extensions>
      </trkpt>
      <trkpt lat="41.547375" lon="1.875108">
        <ele>76.19820117037537</ele>
        <time>2026-07-12T06:07:04.454Z</time>
        <extensions>
          <gpxtpx:TrackPointExtension>
            <gpxtpx:hr>151</gpxtpx:hr>
            <gpxtpx:cad>84</gpxtpx:cad>
          </gpxtpx:TrackPointExtension>
          <gpxpx:PowerExtension>
            <gpxpx:PowerInWatts>336</gpxpx:PowerInWatts>
          </gpxpx:PowerExtension>
        </extensions>
      </trkpt>
      <trkpt lat="41.547343" lon="1.875116">
        <ele>76.07345781508187</ele>
        <time>2026-07-12T06:07:05.260Z</time>
        <extensions>
          <gpxtpx:TrackPointExtension>
            <gpxtpx:hr>152</gpxtpx:hr>
            <gpxtpx:cad>84</gpxtpx:cad>
          </gpxtpx:TrackPointExtension>
          <gpxpx:PowerExtension>
            <gpxpx:PowerInWatts>336</gpxpx:PowerInWatts>
          </gpxpx:PowerExtension>
        </extensions>
      </trkpt>
      <trkpt lat="41.547316" lon="1.875129">
        <ele>75.96239333293278</ele>
        <time>2026-07-12T06:07:06.065Z</time>
        <extensions>
          <gpxtpx:TrackPointExtension>
            <gpxtpx:hr>152</gpxtpx:hr>
            <gpxtpx:cad>84</gpxtpx:cad>
          </gpxtpx:TrackPointExtension>
          <gpxpx:PowerExtension>
            <gpxpx:PowerInWatts>336</gpxpx:PowerInWatts>
          </gpxpx:PowerExtension>
        </extensions>
      </trkpt>
      <trkpt lat="41.547288" lon="1.875149">
        <ele>75.84304529238995</ele>
        <time>2026-07-12T06:07:06.870Z</time>
        <extensions>
          <gpxtpx:TrackPointExtension>
            <gpxtpx:hr>151</gpxtpx:hr>
            <gpxtpx:cad>83</gpxtpx:cad>
          </gpxtpx:TrackPointExtension>
          <gpxpx:PowerExtension>
            <gpxpx:PowerInWatts>335</gpxpx:PowerInWatts>
          </gpxpx:PowerExtension>
        </extensions>
      </trkpt>
      <trkpt lat="41.547254" lon="1.875168">
        <ele>75.74307547714196</ele>
        <time>2026-07-12T06:07:07.676Z</time>
        <extensions>
          <gpxtpx:TrackPointExtension>
            <gpxtpx:hr>151</gpxtpx:hr>
            <gpxtpx:cad>83</gpxtpx:cad>
          </gpxtpx:TrackPointExtension>
          <gpxpx:PowerExtension>
            <gpxpx:PowerInWatts>332</gpxpx:PowerInWatts>
          </gpxpx:PowerExtension>
        </extensions>
      </trkpt>
      <trkpt lat="41.547228" lon="1.875183">
        <ele>75.83828015464532</ele>
        <time>2026-07-12T06:07:08.481Z</time>
        <extensions>
          <gpxtpx:TrackPointExtension>
            <gpxtpx:hr>151</gpxtpx:hr>
            <gpxtpx:cad>83</gpxtpx:cad>
          </gpxtpx:TrackPointExtension>
          <gpxpx:PowerExtension>
            <gpxpx:PowerInWatts>330</gpxpx:PowerInWatts>
          </gpxpx:PowerExtension>
        </extensions>
      </trkpt>
      <trkpt lat="41.547195" lon="1.875198">
        <ele>76.00919161816383</ele>
        <time>2026-07-12T06:07:09.287Z</time>
        <extensions>
          <gpxtpx:TrackPointExtension>
            <gpxtpx:hr>151</gpxtpx:hr>
            <gpxtpx:cad>83</gpxtpx:cad>
          </gpxtpx:TrackPointExtension>
          <gpxpx:PowerExtension>
            <gpxpx:PowerInWatts>330</gpxpx:PowerInWatts>
          </gpxpx:PowerExtension>
        </extensions>
      </trkpt>
      <trkpt lat="41.547167" lon="1.875206">
        <ele>76.1769380714253</ele>
        <time>2026-07-12T06:07:10.092Z</time>
        <extensions>
          <gpxtpx:TrackPointExtension>
            <gpxtpx:hr>151</gpxtpx:hr>
            <gpxtpx:cad>83</gpxtpx:cad>
          </gpxtpx:TrackPointExtension>
          <gpxpx:PowerExtension>
            <gpxpx:PowerInWatts>328</gpxpx:PowerInWatts>
          </gpxpx:PowerExtension>
        </extensions>
      </trkpt>
      <trkpt lat="41.547139" lon="1.875207">
        <ele>76.33032888910546</ele>
        <time>2026-07-12T06:07:10.897Z</time>
        <extensions>
          <gpxtpx:TrackPointExtension>
            <gpxtpx:hr>151</gpxtpx:hr>
            <gpxtpx:cad>84</gpxtpx:cad>
          </gpxtpx:TrackPointExtension>
          <gpxpx:PowerExtension>
            <gpxpx:PowerInWatts>326</gpxpx:PowerInWatts>
          </gpxpx:PowerExtension>
        </extensions>
      </trkpt>
      <trkpt lat="41.54711" lon="1.8752">
        <ele>77.10091549877754</ele>
        <time>2026-07-12T06:07:11.703Z</time>
        <extensions>
          <gpxtpx:TrackPointExtension>
            <gpxtpx:hr>151</gpxtpx:hr>
            <gpxtpx:cad>86</gpxtpx:cad>
          </gpxtpx:TrackPointExtension>
          <gpxpx:PowerExtension>
            <gpxpx:PowerInWatts>320</gpxpx:PowerInWatts>
          </gpxpx:PowerExtension>
        </extensions>
      </trkpt>
      <trkpt lat="41.547084" lon="1.87519">
        <ele>77.94966713832487</ele>
        <time>2026-07-12T06:07:12.508Z</time>
        <extensions>
          <gpxtpx:TrackPointExtension>
            <gpxtpx:hr>151</gpxtpx:hr>
            <gpxtpx:cad>87</gpxtpx:cad>
          </gpxtpx:TrackPointExtension>
          <gpxpx:PowerExtension>
            <gpxpx:PowerInWatts>314</gpxpx:PowerInWatts>
          </gpxpx:PowerExtension>
        </extensions>
      </trkpt>
      <trkpt lat="41.547059" lon="1.875172">
        <ele>78.587562975677</ele>
        <time>2026-07-12T06:07:13.315Z</time>
        <extensions>
          <gpxtpx:TrackPointExtension>
            <gpxtpx:hr>151</gpxtpx:hr>
            <gpxtpx:cad>87</gpxtpx:cad>
          </gpxtpx:TrackPointExtension>
          <gpxpx:PowerExtension>
            <gpxpx:PowerInWatts>313</gpxpx:PowerInWatts>
          </gpxpx:PowerExtension>
        </extensions>
      </trkpt>
      <trkpt lat="41.547034" lon="1.875159">
        <ele>79.20600199667021</ele>
        <time>2026-07-12T06:07:14.120Z</time>
        <extensions>
          <gpxtpx:TrackPointExtension>
            <gpxtpx:hr>150</gpxtpx:hr>
            <gpxtpx:cad>86</gpxtpx:cad>
          </gpxtpx:TrackPointExtension>
          <gpxpx:PowerExtension>
            <gpxpx:PowerInWatts>311</gpxpx:PowerInWatts>
          </gpxpx:PowerExtension>
        </extensions>
      </trkpt>
      <trkpt lat="41.547004" lon="1.875142">
        <ele>79.81788601315834</ele>
        <time>2026-07-12T06:07:14.926Z</time>
        <extensions>
          <gpxtpx:TrackPointExtension>
            <gpxtpx:hr>150</gpxtpx:hr>
            <gpxtpx:cad>86</gpxtpx:cad>
          </gpxtpx:TrackPointExtension>
          <gpxpx:PowerExtension>
            <gpxpx:PowerInWatts>311</gpxpx:PowerInWatts>
          </gpxpx:PowerExtension>
        </extensions>
      </trkpt>
      <trkpt lat="41.546979" lon="1.875137">
        <ele>80.09284883700782</ele>
        <time>2026-07-12T06:07:15.731Z</time>
        <extensions>
          <gpxtpx:TrackPointExtension>
            <gpxtpx:hr>151</gpxtpx:hr>
            <gpxtpx:cad>86</gpxtpx:cad>
          </gpxtpx:TrackPointExtension>
          <gpxpx:PowerExtension>
            <gpxpx:PowerInWatts>310</gpxpx:PowerInWatts>
          </gpxpx:PowerExtension>
        </extensions>
      </trkpt>
      <trkpt lat="41.54695" lon="1.875121">
        <ele>80.27919718474311</ele>
        <time>2026-07-12T06:07:16.536Z</time>
        <extensions>
          <gpxtpx:TrackPointExtension>
            <gpxtpx:hr>151</gpxtpx:hr>
            <gpxtpx:cad>86</gpxtpx:cad>
          </gpxtpx:TrackPointExtension>
          <gpxpx:PowerExtension>
            <gpxpx:PowerInWatts>312</gpxpx:PowerInWatts>
          </gpxpx:PowerExtension>
        </extensions>
      </trkpt>
      <trkpt lat="41.546928" lon="1.875111">
        <ele>80.5286658787039</ele>
        <time>2026-07-12T06:07:17.342Z</time>
        <extensions>
          <gpxtpx:TrackPointExtension>
            <gpxtpx:hr>150</gpxtpx:hr>
            <gpxtpx:cad>86</gpxtpx:cad>
          </gpxtpx:TrackPointExtension>
          <gpxpx:PowerExtension>
            <gpxpx:PowerInWatts>315</gpxpx:PowerInWatts>
          </gpxpx:PowerExtension>
        </extensions>
      </trkpt>
      <trkpt lat="41.546907" lon="1.875097">
        <ele>80.78747588290713</ele>
        <time>2026-07-12T06:07:18.147Z</time>
        <extensions>
          <gpxtpx:TrackPointExtension>
            <gpxtpx:hr>150</gpxtpx:hr>
            <gpxtpx:cad>86</gpxtpx:cad>
          </gpxtpx:TrackPointExtension>
          <gpxpx:PowerExtension>
            <gpxpx:PowerInWatts>321</gpxpx:PowerInWatts>
          </gpxpx:PowerExtension>
        </extensions>
      </trkpt>
      <trkpt lat="41.546888" lon="1.875084">
        <ele>81.08930262687446</ele>
        <time>2026-07-12T06:07:18.953Z</time>
        <extensions>
          <gpxtpx:TrackPointExtension>
            <gpxtpx:hr>150</gpxtpx:hr>
            <gpxtpx:cad>86</gpxtpx:cad>
          </gpxtpx:TrackPointExtension>
          <gpxpx:PowerExtension>
            <gpxpx:PowerInWatts>326</gpxpx:PowerInWatts>
          </gpxpx:PowerExtension>
        </extensions>
      </trkpt>
      <trkpt lat="41.546872" lon="1.875073">
        <ele>81.35837338341902</ele>
        <time>2026-07-12T06:07:19.758Z</time>
        <extensions>
          <gpxtpx:TrackPointExtension>
            <gpxtpx:hr>151</gpxtpx:hr>
            <gpxtpx:cad>86</gpxtpx:cad>
          </gpxtpx:TrackPointExtension>
          <gpxpx:PowerExtension>
            <gpxpx:PowerInWatts>327</gpxpx:PowerInWatts>
          </gpxpx:PowerExtension>
        </extensions>
      </trkpt>
      <trkpt lat="41.546853" lon="1.875057">
        <ele>81.34365428323567</ele>
        <time>2026-07-12T06:07:20.563Z</time>
        <extensions>
          <gpxtpx:TrackPointExtension>
            <gpxtpx:hr>150</gpxtpx:hr>
            <gpxtpx:cad>86</gpxtpx:cad>
          </gpxtpx:TrackPointExtension>
          <gpxpx:PowerExtension>
            <gpxpx:PowerInWatts>329</gpxpx:PowerInWatts>
          </gpxpx:PowerExtension>
        </extensions>
      </trkpt>
      <trkpt lat="41.546839" lon="1.875046">
        <ele>81.3092658454106</ele>
        <time>2026-07-12T06:07:21.369Z</time>
        <extensions>
          <gpxtpx:TrackPointExtension>
            <gpxtpx:hr>150</gpxtpx:hr>
            <gpxtpx:cad>86</gpxtpx:cad>
          </gpxtpx:TrackPointExtension>
          <gpxpx:PowerExtension>
            <gpxpx:PowerInWatts>333</gpxpx:PowerInWatts>
          </gpxpx:PowerExtension>
        </extensions>
      </trkpt>
      <trkpt lat="41.546829" lon="1.875024">
        <ele>81.21055198642591</ele>
        <time>2026-07-12T06:07:22.174Z</time>
        <extensions>
          <gpxtpx:TrackPointExtension>
            <gpxtpx:hr>150</gpxtpx:hr>
            <gpxtpx:cad>87</gpxtpx:cad>
          </gpxtpx:TrackPointExtension>
          <gpxpx:PowerExtension>
            <gpxpx:PowerInWatts>334</gpxpx:PowerInWatts>
          </gpxpx:PowerExtension>
        </extensions>
      </trkpt>
      <trkpt lat="41.546818" lon="1.875012">
        <ele>81.17971412477675</ele>
        <time>2026-07-12T06:07:22.981Z</time>
        <extensions>
          <gpxtpx:TrackPointExtension>
            <gpxtpx:hr>151</gpxtpx:hr>
            <gpxtpx:cad>87</gpxtpx:cad>
          </gpxtpx:TrackPointExtension>
          <gpxpx:PowerExtension>
            <gpxpx:PowerInWatts>301</gpxpx:PowerInWatts>
          </gpxpx:PowerExtension>
        </extensions>
      </trkpt>
      <trkpt lat="41.546803" lon="1.874995">
        <ele>81.14545989061148</ele>
        <time>2026-07-12T06:07:23.786Z</time>
        <extensions>
          <gpxtpx:TrackPointExtension>
            <gpxtpx:hr>150</gpxtpx:hr>
            <gpxtpx:cad>87</gpxtpx:cad>
          </gpxtpx:TrackPointExtension>
          <gpxpx:PowerExtension>
            <gpxpx:PowerInWatts>297</gpxpx:PowerInWatts>
          </gpxpx:PowerExtension>
        </extensions>
      </trkpt>
      <trkpt lat="41.54679" lon="1.874975">
        <ele>81.10222656601044</ele>
        <time>2026-07-12T06:07:24.591Z</time>
        <extensions>
          <gpxtpx:TrackPointExtension>
            <gpxtpx:hr>150</gpxtpx:hr>
            <gpxtpx:cad>87</gpxtpx:cad>
          </gpxtpx:TrackPointExtension>
          <gpxpx:PowerExtension>
            <gpxpx:PowerInWatts>320</gpxpx:PowerInWatts>
          </gpxpx:PowerExtension>
        </extensions>
      </trkpt>
      <trkpt lat="41.546774" lon="1.874956">
        <ele>81.09078204669709</ele>
        <time>2026-07-12T06:07:25.397Z</time>
        <extensions>
          <gpxtpx:TrackPointExtension>
            <gpxtpx:hr>149</gpxtpx:hr>
            <gpxtpx:cad>85</gpxtpx:cad>
          </gpxtpx:TrackPointExtension>
          <gpxpx:PowerExtension>
            <gpxpx:PowerInWatts>345</gpxpx:PowerInWatts>
          </gpxpx:PowerExtension>
        </extensions>
      </trkpt>
      <trkpt lat="41.546759" lon="1.874926">
        <ele>81.04807278213823</ele>
        <time>2026-07-12T06:07:26.202Z</time>
        <extensions>
          <gpxtpx:TrackPointExtension>
            <gpxtpx:hr>149</gpxtpx:hr>
            <gpxtpx:cad>85</gpxtpx:cad>
          </gpxtpx:TrackPointExtension>
          <gpxpx:PowerExtension>
            <gpxpx:PowerInWatts>374</gpxpx:PowerInWatts>
          </gpxpx:PowerExtension>
        </extensions>
      </trkpt>
      <trkpt lat="41.54674" lon="1.874899">
        <ele>81.09364452503763</ele>
        <time>2026-07-12T06:07:27.008Z</time>
        <extensions>
          <gpxtpx:TrackPointExtension>
            <gpxtpx:hr>150</gpxtpx:hr>
            <gpxtpx:cad>85</gpxtpx:cad>
          </gpxtpx:TrackPointExtension>
          <gpxpx:PowerExtension>
            <gpxpx:PowerInWatts>405</gpxpx:PowerInWatts>
          </gpxpx:PowerExtension>
        </extensions>
      </trkpt>
      <trkpt lat="41.546721" lon="1.874864">
        <ele>81.17596796178069</ele>
        <time>2026-07-12T06:07:27.813Z</time>
        <extensions>
          <gpxtpx:TrackPointExtension>
            <gpxtpx:hr>150</gpxtpx:hr>
            <gpxtpx:cad>85</gpxtpx:cad>
          </gpxtpx:TrackPointExtension>
          <gpxpx:PowerExtension>
            <gpxpx:PowerInWatts>433</gpxpx:PowerInWatts>
          </gpxpx:PowerExtension>
        </extensions>
      </trkpt>
      <trkpt lat="41.546705" lon="1.874834">
        <ele>81.20826152652226</ele>
        <time>2026-07-12T06:07:28.618Z</time>
        <extensions>
          <gpxtpx:TrackPointExtension>
            <gpxtpx:hr>151</gpxtpx:hr>
            <gpxtpx:cad>85</gpxtpx:cad>
          </gpxtpx:TrackPointExtension>
          <gpxpx:PowerExtension>
            <gpxpx:PowerInWatts>459</gpxpx:PowerInWatts>
          </gpxpx:PowerExtension>
        </extensions>
      </trkpt>
      <trkpt lat="41.546687" lon="1.87481">
        <ele>81.27614877141649</ele>
        <time>2026-07-12T06:07:29.424Z</time>
        <extensions>
          <gpxtpx:TrackPointExtension>
            <gpxtpx:hr>152</gpxtpx:hr>
            <gpxtpx:cad>85</gpxtpx:cad>
          </gpxtpx:TrackPointExtension>
          <gpxpx:PowerExtension>
            <gpxpx:PowerInWatts>462</gpxpx:PowerInWatts>
          </gpxpx:PowerExtension>
        </extensions>
      </trkpt>
      <trkpt lat="41.546665" lon="1.874772">
        <ele>81.28377835232375</ele>
        <time>2026-07-12T06:07:30.229Z</time>
        <extensions>
          <gpxtpx:TrackPointExtension>
            <gpxtpx:hr>153</gpxtpx:hr>
            <gpxtpx:cad>85</gpxtpx:cad>
          </gpxtpx:TrackPointExtension>
          <gpxpx:PowerExtension>
            <gpxpx:PowerInWatts>456</gpxpx:PowerInWatts>
          </gpxpx:PowerExtension>
        </extensions>
      </trkpt>
      <trkpt lat="41.546651" lon="1.874742">
        <ele>81.23479367969453</ele>
        <time>2026-07-12T06:07:31.035Z</time>
        <extensions>
          <gpxtpx:TrackPointExtension>
            <gpxtpx:hr>154</gpxtpx:hr>
            <gpxtpx:cad>84</gpxtpx:cad>
          </gpxtpx:TrackPointExtension>
          <gpxpx:PowerExtension>
            <gpxpx:PowerInWatts>447</gpxpx:PowerInWatts>
          </gpxpx:PowerExtension>
        </extensions>
      </trkpt>
      <trkpt lat="41.546632" lon="1.874705">
        <ele>81.16521117174509</ele>
        <time>2026-07-12T06:07:31.840Z</time>
        <extensions>
          <gpxtpx:TrackPointExtension>
            <gpxtpx:hr>155</gpxtpx:hr>
            <gpxtpx:cad>83</gpxtpx:cad>
          </gpxtpx:TrackPointExtension>
          <gpxpx:PowerExtension>
            <gpxpx:PowerInWatts>453</gpxpx:PowerInWatts>
          </gpxpx:PowerExtension>
        </extensions>
      </trkpt>
      <trkpt lat="41.546614" lon="1.874669">
        <ele>81.17454535376471</ele>
        <time>2026-07-12T06:07:32.647Z</time>
        <extensions>
          <gpxtpx:TrackPointExtension>
            <gpxtpx:hr>155</gpxtpx:hr>
            <gpxtpx:cad>82</gpxtpx:cad>
          </gpxtpx:TrackPointExtension>
          <gpxpx:PowerExtension>
            <gpxpx:PowerInWatts>446</gpxpx:PowerInWatts>
          </gpxpx:PowerExtension>
        </extensions>
      </trkpt>
      <trkpt lat="41.546598" lon="1.874638">
        <ele>81.25585782895267</ele>
        <time>2026-07-12T06:07:33.452Z</time>
        <extensions>
          <gpxtpx:TrackPointExtension>
            <gpxtpx:hr>156</gpxtpx:hr>
            <gpxtpx:cad>82</gpxtpx:cad>
          </gpxtpx:TrackPointExtension>
          <gpxpx:PowerExtension>
            <gpxpx:PowerInWatts>444</gpxpx:PowerInWatts>
          </gpxpx:PowerExtension>
        </extensions>
      </trkpt>
      <trkpt lat="41.546578" lon="1.874598">
        <ele>81.27916595250338</ele>
        <time>2026-07-12T06:07:34.257Z</time>
        <extensions>
          <gpxtpx:TrackPointExtension>
            <gpxtpx:hr>156</gpxtpx:hr>
            <gpxtpx:cad>83</gpxtpx:cad>
          </gpxtpx:TrackPointExtension>
          <gpxpx:PowerExtension>
            <gpxpx:PowerInWatts>436</gpxpx:PowerInWatts>
          </gpxpx:PowerExtension>
        </extensions>
      </trkpt>
      <trkpt lat="41.546562" lon="1.874566">
        <ele>81.24047602932045</ele>
        <time>2026-07-12T06:07:35.063Z</time>
        <extensions>
          <gpxtpx:TrackPointExtension>
            <gpxtpx:hr>157</gpxtpx:hr>
            <gpxtpx:cad>84</gpxtpx:cad>
          </gpxtpx:TrackPointExtension>
          <gpxpx:PowerExtension>
            <gpxpx:PowerInWatts>420</gpxpx:PowerInWatts>
          </gpxpx:PowerExtension>
        </extensions>
      </trkpt>
      <trkpt lat="41.546548" lon="1.874525">
        <ele>81.09305111173524</ele>
        <time>2026-07-12T06:07:35.868Z</time>
        <extensions>
          <gpxtpx:TrackPointExtension>
            <gpxtpx:hr>157</gpxtpx:hr>
            <gpxtpx:cad>85</gpxtpx:cad>
          </gpxtpx:TrackPointExtension>
          <gpxpx:PowerExtension>
            <gpxpx:PowerInWatts>410</gpxpx:PowerInWatts>
          </gpxpx:PowerExtension>
        </extensions>
      </trkpt>
      <trkpt lat="41.546537" lon="1.87449">
        <ele>81.01725400341255</ele>
        <time>2026-07-12T06:07:36.674Z</time>
        <extensions>
          <gpxtpx:TrackPointExtension>
            <gpxtpx:hr>157</gpxtpx:hr>
            <gpxtpx:cad>85</gpxtpx:cad>
          </gpxtpx:TrackPointExtension>
          <gpxpx:PowerExtension>
            <gpxpx:PowerInWatts>398</gpxpx:PowerInWatts>
          </gpxpx:PowerExtension>
        </extensions>
      </trkpt>
      <trkpt lat="41.546524" lon="1.874457">
        <ele>81.01737967990812</ele>
        <time>2026-07-12T06:07:37.479Z</time>
        <extensions>
          <gpxtpx:TrackPointExtension>
            <gpxtpx:hr>157</gpxtpx:hr>
            <gpxtpx:cad>85</gpxtpx:cad>
          </gpxtpx:TrackPointExtension>
          <gpxpx:PowerExtension>
            <gpxpx:PowerInWatts>384</gpxpx:PowerInWatts>
          </gpxpx:PowerExtension>
        </extensions>
      </trkpt>
      <trkpt lat="41.546514" lon="1.874412">
        <ele>80.95298465778586</ele>
        <time>2026-07-12T06:07:38.284Z</time>
        <extensions>
          <gpxtpx:TrackPointExtension>
            <gpxtpx:hr>157</gpxtpx:hr>
            <gpxtpx:cad>84</gpxtpx:cad>
          </gpxtpx:TrackPointExtension>
          <gpxpx:PowerExtension>
            <gpxpx:PowerInWatts>369</gpxpx:PowerInWatts>
          </gpxpx:PowerExtension>
        </extensions>
      </trkpt>
      <trkpt lat="41.546502" lon="1.874384">
        <ele>81.03863446501688</ele>
        <time>2026-07-12T06:07:39.090Z</time>
        <extensions>
          <gpxtpx:TrackPointExtension>
            <gpxtpx:hr>157</gpxtpx:hr>
            <gpxtpx:cad>84</gpxtpx:cad>
          </gpxtpx:TrackPointExtension>
          <gpxpx:PowerExtension>
            <gpxpx:PowerInWatts>359</gpxpx:PowerInWatts>
          </gpxpx:PowerExtension>
        </extensions>
      </trkpt>
      <trkpt lat="41.546493" lon="1.874336">
        <ele>80.92474561560095</ele>
        <time>2026-07-12T06:07:39.895Z</time>
        <extensions>
          <gpxtpx:TrackPointExtension>
            <gpxtpx:hr>157</gpxtpx:hr>
            <gpxtpx:cad>84</gpxtpx:cad>
          </gpxtpx:TrackPointExtension>
          <gpxpx:PowerExtension>
            <gpxpx:PowerInWatts>347</gpxpx:PowerInWatts>
          </gpxpx:PowerExtension>
        </extensions>
      </trkpt>
      <trkpt lat="41.546482" lon="1.874294">
        <ele>80.7927114213955</ele>
        <time>2026-07-12T06:07:40.701Z</time>
        <extensions>
          <gpxtpx:TrackPointExtension>
            <gpxtpx:hr>156</gpxtpx:hr>
            <gpxtpx:cad>84</gpxtpx:cad>
          </gpxtpx:TrackPointExtension>
          <gpxpx:PowerExtension>
            <gpxpx:PowerInWatts>337</gpxpx:PowerInWatts>
          </gpxpx:PowerExtension>
        </extensions>
      </trkpt>
      <trkpt lat="41.546471" lon="1.874257">
        <ele>80.63771056317427</ele>
        <time>2026-07-12T06:07:41.506Z</time>
        <extensions>
          <gpxtpx:TrackPointExtension>
            <gpxtpx:hr>156</gpxtpx:hr>
            <gpxtpx:cad>84</gpxtpx:cad>
          </gpxtpx:TrackPointExtension>
          <gpxpx:PowerExtension>
            <gpxpx:PowerInWatts>329</gpxpx:PowerInWatts>
          </gpxpx:PowerExtension>
        </extensions>
      </trkpt>
      <trkpt lat="41.54646" lon="1.87421">
        <ele>80.45554864213602</ele>
        <time>2026-07-12T06:07:42.312Z</time>
        <extensions>
          <gpxtpx:TrackPointExtension>
            <gpxtpx:hr>156</gpxtpx:hr>
            <gpxtpx:cad>84</gpxtpx:cad>
          </gpxtpx:TrackPointExtension>
          <gpxpx:PowerExtension>
            <gpxpx:PowerInWatts>333</gpxpx:PowerInWatts>
          </gpxpx:PowerExtension>
        </extensions>
      </trkpt>
      <trkpt lat="41.546453" lon="1.874174">
        <ele>80.2442594199018</ele>
        <time>2026-07-12T06:07:43.118Z</time>
        <extensions>
          <gpxtpx:TrackPointExtension>
            <gpxtpx:hr>156</gpxtpx:hr>
            <gpxtpx:cad>84</gpxtpx:cad>
          </gpxtpx:TrackPointExtension>
          <gpxpx:PowerExtension>
            <gpxpx:PowerInWatts>334</gpxpx:PowerInWatts>
          </gpxpx:PowerExtension>
        </extensions>
      </trkpt>
      <trkpt lat="41.546448" lon="1.874134">
        <ele>79.96938550228585</ele>
        <time>2026-07-12T06:07:43.923Z</time>
        <extensions>
          <gpxtpx:TrackPointExtension>
            <gpxtpx:hr>155</gpxtpx:hr>
            <gpxtpx:cad>84</gpxtpx:cad>
          </gpxtpx:TrackPointExtension>
          <gpxpx:PowerExtension>
            <gpxpx:PowerInWatts>332</gpxpx:PowerInWatts>
          </gpxpx:PowerExtension>
        </extensions>
      </trkpt>
      <trkpt lat="41.546445" lon="1.874096">
        <ele>79.70578983449248</ele>
        <time>2026-07-12T06:07:44.729Z</time>
        <extensions>
          <gpxtpx:TrackPointExtension>
            <gpxtpx:hr>155</gpxtpx:hr>
            <gpxtpx:cad>84</gpxtpx:cad>
          </gpxtpx:TrackPointExtension>
          <gpxpx:PowerExtension>
            <gpxpx:PowerInWatts>332</gpxpx:PowerInWatts>
          </gpxpx:PowerExtension>
        </extensions>
      </trkpt>
      <trkpt lat="41.546436" lon="1.874057">
        <ele>79.54879887086928</ele>
        <time>2026-07-12T06:07:45.534Z</time>
        <extensions>
          <gpxtpx:TrackPointExtension>
            <gpxtpx:hr>155</gpxtpx:hr>
            <gpxtpx:cad>84</gpxtpx:cad>
          </gpxtpx:TrackPointExtension>
          <gpxpx:PowerExtension>
            <gpxpx:PowerInWatts>328</gpxpx:PowerInWatts>
          </gpxpx:PowerExtension>
        </extensions>
      </trkpt>
      <trkpt lat="41.546418" lon="1.87402">
        <ele>79.55870223551509</ele>
        <time>2026-07-12T06:07:46.339Z</time>
        <extensions>
          <gpxtpx:TrackPointExtension>
            <gpxtpx:hr>155</gpxtpx:hr>
            <gpxtpx:cad>85</gpxtpx:cad>
          </gpxtpx:TrackPointExtension>
          <gpxpx:PowerExtension>
            <gpxpx:PowerInWatts>322</gpxpx:PowerInWatts>
          </gpxpx:PowerExtension>
        </extensions>
      </trkpt>
      <trkpt lat="41.546404" lon="1.873992">
        <ele>79.41651299996991</ele>
        <time>2026-07-12T06:07:47.145Z</time>
        <extensions>
          <gpxtpx:TrackPointExtension>
            <gpxtpx:hr>155</gpxtpx:hr>
            <gpxtpx:cad>85</gpxtpx:cad>
          </gpxtpx:TrackPointExtension>
          <gpxpx:PowerExtension>
            <gpxpx:PowerInWatts>319</gpxpx:PowerInWatts>
          </gpxpx:PowerExtension>
        </extensions>
      </trkpt>
      <trkpt lat="41.546387" lon="1.873958">
        <ele>79.25729592653913</ele>
        <time>2026-07-12T06:07:47.950Z</time>
        <extensions>
          <gpxtpx:TrackPointExtension>
            <gpxtpx:hr>154</gpxtpx:hr>
            <gpxtpx:cad>84</gpxtpx:cad>
          </gpxtpx:TrackPointExtension>
          <gpxpx:PowerExtension>
            <gpxpx:PowerInWatts>319</gpxpx:PowerInWatts>
          </gpxpx:PowerExtension>
        </extensions>
      </trkpt>
      <trkpt lat="41.546369" lon="1.873948">
        <ele>79.46752208559593</ele>
        <time>2026-07-12T06:07:48.756Z</time>
        <extensions>
          <gpxtpx:TrackPointExtension>
            <gpxtpx:hr>154</gpxtpx:hr>
            <gpxtpx:cad>84</gpxtpx:cad>
          </gpxtpx:TrackPointExtension>
          <gpxpx:PowerExtension>
            <gpxpx:PowerInWatts>318</gpxpx:PowerInWatts>
          </gpxpx:PowerExtension>
        </extensions>
      </trkpt>
      <trkpt lat="41.546342" lon="1.873934">
        <ele>79.61038326480681</ele>
        <time>2026-07-12T06:07:49.561Z</time>
        <extensions>
          <gpxtpx:TrackPointExtension>
            <gpxtpx:hr>154</gpxtpx:hr>
            <gpxtpx:cad>85</gpxtpx:cad>
          </gpxtpx:TrackPointExtension>
          <gpxpx:PowerExtension>
            <gpxpx:PowerInWatts>315</gpxpx:PowerInWatts>
          </gpxpx:PowerExtension>
        </extensions>
      </trkpt>
      <trkpt lat="41.546318" lon="1.873912">
        <ele>79.59274614893178</ele>
        <time>2026-07-12T06:07:50.367Z</time>
        <extensions>
          <gpxtpx:TrackPointExtension>
            <gpxtpx:hr>154</gpxtpx:hr>
            <gpxtpx:cad>85</gpxtpx:cad>
          </gpxtpx:TrackPointExtension>
          <gpxpx:PowerExtension>
            <gpxpx:PowerInWatts>312</gpxpx:PowerInWatts>
          </gpxpx:PowerExtension>
        </extensions>
      </trkpt>
      <trkpt lat="41.546298" lon="1.873891">
        <ele>79.61946382535082</ele>
        <time>2026-07-12T06:07:51.173Z</time>
        <extensions>
          <gpxtpx:TrackPointExtension>
            <gpxtpx:hr>154</gpxtpx:hr>
            <gpxtpx:cad>84</gpxtpx:cad>
          </gpxtpx:TrackPointExtension>
          <gpxpx:PowerExtension>
            <gpxpx:PowerInWatts>307</gpxpx:PowerInWatts>
          </gpxpx:PowerExtension>
        </extensions>
      </trkpt>
      <trkpt lat="41.546275" lon="1.873867">
        <ele>79.73492680255325</ele>
        <time>2026-07-12T06:07:51.978Z</time>
        <extensions>
          <gpxtpx:TrackPointExtension>
            <gpxtpx:hr>153</gpxtpx:hr>
            <gpxtpx:cad>83</gpxtpx:cad>
          </gpxtpx:TrackPointExtension>
          <gpxpx:PowerExtension>
            <gpxpx:PowerInWatts>303</gpxpx:PowerInWatts>
          </gpxpx:PowerExtension>
        </extensions>
      </trkpt>
      <trkpt lat="41.546254" lon="1.873841">
        <ele>79.61825011318007</ele>
        <time>2026-07-12T06:07:52.784Z</time>
        <extensions>
          <gpxtpx:TrackPointExtension>
            <gpxtpx:hr>153</gpxtpx:hr>
            <gpxtpx:cad>83</gpxtpx:cad>
          </gpxtpx:TrackPointExtension>
          <gpxpx:PowerExtension>
            <gpxpx:PowerInWatts>298</gpxpx:PowerInWatts>
          </gpxpx:PowerExtension>
        </extensions>
      </trkpt>
      <trkpt lat="41.546235" lon="1.873816">
        <ele>79.3365884152227</ele>
        <time>2026-07-12T06:07:53.589Z</time>
        <extensions>
          <gpxtpx:TrackPointExtension>
            <gpxtpx:hr>153</gpxtpx:hr>
            <gpxtpx:cad>83</gpxtpx:cad>
          </gpxtpx:TrackPointExtension>
          <gpxpx:PowerExtension>
            <gpxpx:PowerInWatts>292</gpxpx:PowerInWatts>
          </gpxpx:PowerExtension>
        </extensions>
      </trkpt>
      <trkpt lat="41.546215" lon="1.873781">
        <ele>78.79390772138072</ele>
        <time>2026-07-12T06:07:54.395Z</time>
        <extensions>
          <gpxtpx:TrackPointExtension>
            <gpxtpx:hr>152</gpxtpx:hr>
            <gpxtpx:cad>83</gpxtpx:cad>
          </gpxtpx:TrackPointExtension>
          <gpxpx:PowerExtension>
            <gpxpx:PowerInWatts>286</gpxpx:PowerInWatts>
          </gpxpx:PowerExtension>
        </extensions>
      </trkpt>
      <trkpt lat="41.546191" lon="1.873752">
        <ele>78.58287004645999</ele>
        <time>2026-07-12T06:07:55.200Z</time>
        <extensions>
          <gpxtpx:TrackPointExtension>
            <gpxtpx:hr>152</gpxtpx:hr>
            <gpxtpx:cad>82</gpxtpx:cad>
          </gpxtpx:TrackPointExtension>
          <gpxpx:PowerExtension>
            <gpxpx:PowerInWatts>279</gpxpx:PowerInWatts>
          </gpxpx:PowerExtension>
        </extensions>
      </trkpt>
      <trkpt lat="41.54617" lon="1.873726">
        <ele>78.5434322184353</ele>
        <time>2026-07-12T06:07:56.005Z</time>
        <extensions>
          <gpxtpx:TrackPointExtension>
            <gpxtpx:hr>152</gpxtpx:hr>
            <gpxtpx:cad>82</gpxtpx:cad>
          </gpxtpx:TrackPointExtension>
          <gpxpx:PowerExtension>
            <gpxpx:PowerInWatts>271</gpxpx:PowerInWatts>
          </gpxpx:PowerExtension>
        </extensions>
      </trkpt>
      <trkpt lat="41.546143" lon="1.873682">
        <ele>78.55120438930473</ele>
        <time>2026-07-12T06:07:56.811Z</time>
        <extensions>
          <gpxtpx:TrackPointExtension>
            <gpxtpx:hr>152</gpxtpx:hr>
            <gpxtpx:cad>82</gpxtpx:cad>
          </gpxtpx:TrackPointExtension>
          <gpxpx:PowerExtension>
            <gpxpx:PowerInWatts>262</gpxpx:PowerInWatts>
          </gpxpx:PowerExtension>
        </extensions>
      </trkpt>
      <trkpt lat="41.546121" lon="1.87365">
        <ele>78.03170348183338</ele>
        <time>2026-07-12T06:07:57.616Z</time>
        <extensions>
          <gpxtpx:TrackPointExtension>
            <gpxtpx:hr>151</gpxtpx:hr>
            <gpxtpx:cad>81</gpxtpx:cad>
          </gpxtpx:TrackPointExtension>
          <gpxpx:PowerExtension>
            <gpxpx:PowerInWatts>253</gpxpx:PowerInWatts>
          </gpxpx:PowerExtension>
        </extensions>
      </trkpt>
      <trkpt lat="41.546091" lon="1.873621">
        <ele>77.56370900735891</ele>
        <time>2026-07-12T06:07:58.422Z</time>
        <extensions>
          <gpxtpx:TrackPointExtension>
            <gpxtpx:hr>151</gpxtpx:hr>
            <gpxtpx:cad>80</gpxtpx:cad>
          </gpxtpx:TrackPointExtension>
          <gpxpx:PowerExtension>
            <gpxpx:PowerInWatts>249</gpxpx:PowerInWatts>
          </gpxpx:PowerExtension>
        </extensions>
      </trkpt>
      <trkpt lat="41.546061" lon="1.873589">
        <ele>76.86460361196994</ele>
        <time>2026-07-12T06:07:59.227Z</time>
        <extensions>
          <gpxtpx:TrackPointExtension>
            <gpxtpx:hr>151</gpxtpx:hr>
            <gpxtpx:cad>80</gpxtpx:cad>
          </gpxtpx:TrackPointExtension>
          <gpxpx:PowerExtension>
            <gpxpx:PowerInWatts>243</gpxpx:PowerInWatts>
          </gpxpx:PowerExtension>
        </extensions>
      </trkpt>
      <trkpt lat="41.546033" lon="1.873566">
        <ele>76.51967811416846</ele>
        <time>2026-07-12T06:08:00.032Z</time>
        <extensions>
          <gpxtpx:TrackPointExtension>
            <gpxtpx:hr>150</gpxtpx:hr>
            <gpxtpx:cad>80</gpxtpx:cad>
          </gpxtpx:TrackPointExtension>
          <gpxpx:PowerExtension>
            <gpxpx:PowerInWatts>237</gpxpx:PowerInWatts>
          </gpxpx:PowerExtension>
        </extensions>
      </trkpt>
      <trkpt lat="41.546006" lon="1.873542">
        <ele>76.19488156870852</ele>
        <time>2026-07-12T06:08:00.839Z</time>
        <extensions>
          <gpxtpx:TrackPointExtension>
            <gpxtpx:hr>150</gpxtpx:hr>
            <gpxtpx:cad>83</gpxtpx:cad>
          </gpxtpx:TrackPointExtension>
          <gpxpx:PowerExtension>
            <gpxpx:PowerInWatts>240</gpxpx:PowerInWatts>
          </gpxpx:PowerExtension>
        </extensions>
      </trkpt>
      <trkpt lat="41.545982" lon="1.873526">
        <ele>76.11768237204497</ele>
        <time>2026-07-12T06:08:01.644Z</time>
        <extensions>
          <gpxtpx:TrackPointExtension>
            <gpxtpx:hr>150</gpxtpx:hr>
            <gpxtpx:cad>85</gpxtpx:cad>
          </gpxtpx:TrackPointExtension>
          <gpxpx:PowerExtension>
            <gpxpx:PowerInWatts>235</gpxpx:PowerInWatts>
          </gpxpx:PowerExtension>
        </extensions>
      </trkpt>
      <trkpt lat="41.545953" lon="1.873512">
        <ele>75.99203826068886</ele>
        <time>2026-07-12T06:08:02.450Z</time>
        <extensions>
          <gpxtpx:TrackPointExtension>
            <gpxtpx:hr>149</gpxtpx:hr>
            <gpxtpx:cad>85</gpxtpx:cad>
          </gpxtpx:TrackPointExtension>
          <gpxpx:PowerExtension>
            <gpxpx:PowerInWatts>240</gpxpx:PowerInWatts>
          </gpxpx:PowerExtension>
        </extensions>
      </trkpt>
      <trkpt lat="41.545924" lon="1.873501">
        <ele>75.91971321416835</ele>
        <time>2026-07-12T06:08:03.255Z</time>
        <extensions>
          <gpxtpx:TrackPointExtension>
            <gpxtpx:hr>149</gpxtpx:hr>
            <gpxtpx:cad>85</gpxtpx:cad>
          </gpxtpx:TrackPointExtension>
          <gpxpx:PowerExtension>
            <gpxpx:PowerInWatts>236</gpxpx:PowerInWatts>
          </gpxpx:PowerExtension>
        </extensions>
      </trkpt>
      <trkpt lat="41.545901" lon="1.873486">
        <ele>75.69034292535716</ele>
        <time>2026-07-12T06:08:04.060Z</time>
        <extensions>
          <gpxtpx:TrackPointExtension>
            <gpxtpx:hr>149</gpxtpx:hr>
            <gpxtpx:cad>84</gpxtpx:cad>
          </gpxtpx:TrackPointExtension>
          <gpxpx:PowerExtension>
            <gpxpx:PowerInWatts>236</gpxpx:PowerInWatts>
          </gpxpx:PowerExtension>
        </extensions>
      </trkpt>
      <trkpt lat="41.54587" lon="1.873469">
        <ele>75.43315234952468</ele>
        <time>2026-07-12T06:08:04.866Z</time>
        <extensions>
          <gpxtpx:TrackPointExtension>
            <gpxtpx:hr>149</gpxtpx:hr>
            <gpxtpx:cad>84</gpxtpx:cad>
          </gpxtpx:TrackPointExtension>
          <gpxpx:PowerExtension>
            <gpxpx:PowerInWatts>236</gpxpx:PowerInWatts>
          </gpxpx:PowerExtension>
        </extensions>
      </trkpt>
      <trkpt lat="41.54585" lon="1.873461">
        <ele>75.33014918316235</ele>
        <time>2026-07-12T06:08:05.671Z</time>
        <extensions>
          <gpxtpx:TrackPointExtension>
            <gpxtpx:hr>149</gpxtpx:hr>
            <gpxtpx:cad>84</gpxtpx:cad>
          </gpxtpx:TrackPointExtension>
          <gpxpx:PowerExtension>
            <gpxpx:PowerInWatts>239</gpxpx:PowerInWatts>
          </gpxpx:PowerExtension>
        </extensions>
      </trkpt>
      <trkpt lat="41.545819" lon="1.873444">
        <ele>74.76643632833168</ele>
        <time>2026-07-12T06:08:06.477Z</time>
        <extensions>
          <gpxtpx:TrackPointExtension>
            <gpxtpx:hr>148</gpxtpx:hr>
            <gpxtpx:cad>85</gpxtpx:cad>
          </gpxtpx:TrackPointExtension>
          <gpxpx:PowerExtension>
            <gpxpx:PowerInWatts>241</gpxpx:PowerInWatts>
          </gpxpx:PowerExtension>
        </extensions>
      </trkpt>
      <trkpt lat="41.545796" lon="1.873438">
        <ele>74.5092444179994</ele>
        <time>2026-07-12T06:08:07.282Z</time>
        <extensions>
          <gpxtpx:TrackPointExtension>
            <gpxtpx:hr>148</gpxtpx:hr>
            <gpxtpx:cad>85</gpxtpx:cad>
          </gpxtpx:TrackPointExtension>
          <gpxpx:PowerExtension>
            <gpxpx:PowerInWatts>243</gpxpx:PowerInWatts>
          </gpxpx:PowerExtension>
        </extensions>
      </trkpt>
      <trkpt lat="41.545766" lon="1.873436">
        <ele>74.32823982608514</ele>
        <time>2026-07-12T06:08:08.088Z</time>
        <extensions>
          <gpxtpx:TrackPointExtension>
            <gpxtpx:hr>148</gpxtpx:hr>
            <gpxtpx:cad>85</gpxtpx:cad>
          </gpxtpx:TrackPointExtension>
          <gpxpx:PowerExtension>
            <gpxpx:PowerInWatts>247</gpxpx:PowerInWatts>
          </gpxpx:PowerExtension>
        </extensions>
      </trkpt>
      <trkpt lat="41.545738" lon="1.873439">
        <ele>74.27194604411191</ele>
        <time>2026-07-12T06:08:08.893Z</time>
        <extensions>
          <gpxtpx:TrackPointExtension>
            <gpxtpx:hr>147</gpxtpx:hr>
            <gpxtpx:cad>85</gpxtpx:cad>
          </gpxtpx:TrackPointExtension>
          <gpxpx:PowerExtension>
            <gpxpx:PowerInWatts>250</gpxpx:PowerInWatts>
          </gpxpx:PowerExtension>
        </extensions>
      </trkpt>
      <trkpt lat="41.545712" lon="1.873446">
        <ele>74.38202517607651</ele>
        <time>2026-07-12T06:08:09.698Z</time>
        <extensions>
          <gpxtpx:TrackPointExtension>
            <gpxtpx:hr>147</gpxtpx:hr>
            <gpxtpx:cad>85</gpxtpx:cad>
          </gpxtpx:TrackPointExtension>
          <gpxpx:PowerExtension>
            <gpxpx:PowerInWatts>256</gpxpx:PowerInWatts>
          </gpxpx:PowerExtension>
        </extensions>
      </trkpt>
      <trkpt lat="41.545677" lon="1.873451">
        <ele>74.84404316291761</ele>
        <time>2026-07-12T06:08:10.505Z</time>
        <extensions>
          <gpxtpx:TrackPointExtension>
            <gpxtpx:hr>147</gpxtpx:hr>
            <gpxtpx:cad>85</gpxtpx:cad>
          </gpxtpx:TrackPointExtension>
          <gpxpx:PowerExtension>
            <gpxpx:PowerInWatts>262</gpxpx:PowerInWatts>
          </gpxpx:PowerExtension>
        </extensions>
      </trkpt>
      <trkpt lat="41.545656" lon="1.87346">
        <ele>75.28800952511902</ele>
        <time>2026-07-12T06:08:11.310Z</time>
        <extensions>
          <gpxtpx:TrackPointExtension>
            <gpxtpx:hr>147</gpxtpx:hr>
            <gpxtpx:cad>85</gpxtpx:cad>
          </gpxtpx:TrackPointExtension>
          <gpxpx:PowerExtension>
            <gpxpx:PowerInWatts>269</gpxpx:PowerInWatts>
          </gpxpx:PowerExtension>
        </extensions>
      </trkpt>
      <trkpt lat="41.545622" lon="1.873467">
        <ele>75.85141599669785</ele>
        <time>2026-07-12T06:08:12.116Z</time>
        <extensions>
          <gpxtpx:TrackPointExtension>
            <gpxtpx:hr>147</gpxtpx:hr>
            <gpxtpx:cad>85</gpxtpx:cad>
          </gpxtpx:TrackPointExtension>
          <gpxpx:PowerExtension>
            <gpxpx:PowerInWatts>278</gpxpx:PowerInWatts>
          </gpxpx:PowerExtension>
        </extensions>
      </trkpt>
      <trkpt lat="41.545601" lon="1.873474">
        <ele>76.29635934951594</ele>
        <time>2026-07-12T06:08:12.921Z</time>
        <extensions>
          <gpxtpx:TrackPointExtension>
            <gpxtpx:hr>146</gpxtpx:hr>
            <gpxtpx:cad>85</gpxtpx:cad>
          </gpxtpx:TrackPointExtension>
          <gpxpx:PowerExtension>
            <gpxpx:PowerInWatts>285</gpxpx:PowerInWatts>
          </gpxpx:PowerExtension>
        </extensions>
      </trkpt>
      <trkpt lat="41.545568" lon="1.873479">
        <ele>76.27127905645168</ele>
        <time>2026-07-12T06:08:13.726Z</time>
        <extensions>
          <gpxtpx:TrackPointExtension>
            <gpxtpx:hr>146</gpxtpx:hr>
            <gpxtpx:cad>86</gpxtpx:cad>
          </gpxtpx:TrackPointExtension>
          <gpxpx:PowerExtension>
            <gpxpx:PowerInWatts>292</gpxpx:PowerInWatts>
          </gpxpx:PowerExtension>
        </extensions>
      </trkpt>
      <trkpt lat="41.54554" lon="1.873487">
        <ele>76.04957985370979</ele>
        <time>2026-07-12T06:08:14.532Z</time>
        <extensions>
          <gpxtpx:TrackPointExtension>
            <gpxtpx:hr>147</gpxtpx:hr>
            <gpxtpx:cad>86</gpxtpx:cad>
          </gpxtpx:TrackPointExtension>
          <gpxpx:PowerExtension>
            <gpxpx:PowerInWatts>298</gpxpx:PowerInWatts>
          </gpxpx:PowerExtension>
        </extensions>
      </trkpt>
      <trkpt lat="41.54551" lon="1.873499">
        <ele>75.83488500065272</ele>
        <time>2026-07-12T06:08:15.337Z</time>
        <extensions>
          <gpxtpx:TrackPointExtension>
            <gpxtpx:hr>147</gpxtpx:hr>
            <gpxtpx:cad>87</gpxtpx:cad>
          </gpxtpx:TrackPointExtension>
          <gpxpx:PowerExtension>
            <gpxpx:PowerInWatts>302</gpxpx:PowerInWatts>
          </gpxpx:PowerExtension>
        </extensions>
      </trkpt>
      <trkpt lat="41.545488" lon="1.873505">
        <ele>75.5729920788954</ele>
        <time>2026-07-12T06:08:16.143Z</time>
        <extensions>
          <gpxtpx:TrackPointExtension>
            <gpxtpx:hr>147</gpxtpx:hr>
            <gpxtpx:cad>87</gpxtpx:cad>
          </gpxtpx:TrackPointExtension>
          <gpxpx:PowerExtension>
            <gpxpx:PowerInWatts>308</gpxpx:PowerInWatts>
          </gpxpx:PowerExtension>
        </extensions>
      </trkpt>
      <trkpt lat="41.545453" lon="1.873506">
        <ele>75.04469274134226</ele>
        <time>2026-07-12T06:08:16.948Z</time>
        <extensions>
          <gpxtpx:TrackPointExtension>
            <gpxtpx:hr>147</gpxtpx:hr>
            <gpxtpx:cad>87</gpxtpx:cad>
          </gpxtpx:TrackPointExtension>
          <gpxpx:PowerExtension>
            <gpxpx:PowerInWatts>314</gpxpx:PowerInWatts>
          </gpxpx:PowerExtension>
        </extensions>
      </trkpt>
      <trkpt lat="41.545427" lon="1.873498">
        <ele>74.73938158594731</ele>
        <time>2026-07-12T06:08:17.753Z</time>
        <extensions>
          <gpxtpx:TrackPointExtension>
            <gpxtpx:hr>147</gpxtpx:hr>
            <gpxtpx:cad>87</gpxtpx:cad>
          </gpxtpx:TrackPointExtension>
          <gpxpx:PowerExtension>
            <gpxpx:PowerInWatts>318</gpxpx:PowerInWatts>
          </gpxpx:PowerExtension>
        </extensions>
      </trkpt>
      <trkpt lat="41.545396" lon="1.873498">
        <ele>74.53354907629588</ele>
        <time>2026-07-12T06:08:18.559Z</time>
        <extensions>
          <gpxtpx:TrackPointExtension>
            <gpxtpx:hr>147</gpxtpx:hr>
            <gpxtpx:cad>87</gpxtpx:cad>
          </gpxtpx:TrackPointExtension>
          <gpxpx:PowerExtension>
            <gpxpx:PowerInWatts>320</gpxpx:PowerInWatts>
          </gpxpx:PowerExtension>
        </extensions>
      </trkpt>
      <trkpt lat="41.545359" lon="1.873497">
        <ele>74.27502287826118</ele>
        <time>2026-07-12T06:08:19.364Z</time>
        <extensions>
          <gpxtpx:TrackPointExtension>
            <gpxtpx:hr>147</gpxtpx:hr>
            <gpxtpx:cad>87</gpxtpx:cad>
          </gpxtpx:TrackPointExtension>
          <gpxpx:PowerExtension>
            <gpxpx:PowerInWatts>322</gpxpx:PowerInWatts>
          </gpxpx:PowerExtension>
        </extensions>
      </trkpt>
      <trkpt lat="41.545334" lon="1.873501">
        <ele>74.15747456973793</ele>
        <time>2026-07-12T06:08:20.171Z</time>
        <extensions>
          <gpxtpx:TrackPointExtension>
            <gpxtpx:hr>146</gpxtpx:hr>
            <gpxtpx:cad>87</gpxtpx:cad>
          </gpxtpx:TrackPointExtension>
          <gpxpx:PowerExtension>
            <gpxpx:PowerInWatts>324</gpxpx:PowerInWatts>
          </gpxpx:PowerExtension>
        </extensions>
      </trkpt>
      <trkpt lat="41.545296" lon="1.873498">
        <ele>74.1312793743753</ele>
        <time>2026-07-12T06:08:20.976Z</time>
        <extensions>
          <gpxtpx:TrackPointExtension>
            <gpxtpx:hr>147</gpxtpx:hr>
            <gpxtpx:cad>87</gpxtpx:cad>
          </gpxtpx:TrackPointExtension>
          <gpxpx:PowerExtension>
            <gpxpx:PowerInWatts>328</gpxpx:PowerInWatts>
          </gpxpx:PowerExtension>
        </extensions>
      </trkpt>
      <trkpt lat="41.54527" lon="1.873502">
        <ele>74.19322284632939</ele>
        <time>2026-07-12T06:08:21.782Z</time>
        <extensions>
          <gpxtpx:TrackPointExtension>
            <gpxtpx:hr>147</gpxtpx:hr>
            <gpxtpx:cad>87</gpxtpx:cad>
          </gpxtpx:TrackPointExtension>
          <gpxpx:PowerExtension>
            <gpxpx:PowerInWatts>333</gpxpx:PowerInWatts>
          </gpxpx:PowerExtension>
        </extensions>
      </trkpt>
      <trkpt lat="41.545238" lon="1.873501">
        <ele>74.20089473125273</ele>
        <time>2026-07-12T06:08:22.587Z</time>
        <extensions>
          <gpxtpx:TrackPointExtension>
            <gpxtpx:hr>146</gpxtpx:hr>
            <gpxtpx:cad>85</gpxtpx:cad>
          </gpxtpx:TrackPointExtension>
          <gpxpx:PowerExtension>
            <gpxpx:PowerInWatts>342</gpxpx:PowerInWatts>
          </gpxpx:PowerExtension>
        </extensions>
      </trkpt>
      <trkpt lat="41.545207" lon="1.873503">
        <ele>74.2418916356829</ele>
        <time>2026-07-12T06:08:23.392Z</time>
        <extensions>
          <gpxtpx:TrackPointExtension>
            <gpxtpx:hr>147</gpxtpx:hr>
            <gpxtpx:cad>85</gpxtpx:cad>
          </gpxtpx:TrackPointExtension>
          <gpxpx:PowerExtension>
            <gpxpx:PowerInWatts>343</gpxpx:PowerInWatts>
          </gpxpx:PowerExtension>
        </extensions>
      </trkpt>
      <trkpt lat="41.54518" lon="1.873507">
        <ele>74.21548050047504</ele>
        <time>2026-07-12T06:08:24.198Z</time>
        <extensions>
          <gpxtpx:TrackPointExtension>
            <gpxtpx:hr>147</gpxtpx:hr>
            <gpxtpx:cad>85</gpxtpx:cad>
          </gpxtpx:TrackPointExtension>
          <gpxpx:PowerExtension>
            <gpxpx:PowerInWatts>345</gpxpx:PowerInWatts>
          </gpxpx:PowerExtension>
        </extensions>
      </trkpt>
      <trkpt lat="41.545144" lon="1.873505">
        <ele>74.08423277927986</ele>
        <time>2026-07-12T06:08:25.003Z</time>
        <extensions>
          <gpxtpx:TrackPointExtension>
            <gpxtpx:hr>147</gpxtpx:hr>
            <gpxtpx:cad>85</gpxtpx:cad>
          </gpxtpx:TrackPointExtension>
          <gpxpx:PowerExtension>
            <gpxpx:PowerInWatts>346</gpxpx:PowerInWatts>
          </gpxpx:PowerExtension>
        </extensions>
      </trkpt>
      <trkpt lat="41.545122" lon="1.873507">
        <ele>74.03564460266986</ele>
        <time>2026-07-12T06:08:25.809Z</time>
        <extensions>
          <gpxtpx:TrackPointExtension>
            <gpxtpx:hr>146</gpxtpx:hr>
            <gpxtpx:cad>85</gpxtpx:cad>
          </gpxtpx:TrackPointExtension>
          <gpxpx:PowerExtension>
            <gpxpx:PowerInWatts>347</gpxpx:PowerInWatts>
          </gpxpx:PowerExtension>
        </extensions>
      </trkpt>
      <trkpt lat="41.545084" lon="1.873503">
        <ele>73.8841389032768</ele>
        <time>2026-07-12T06:08:26.614Z</time>
        <extensions>
          <gpxtpx:TrackPointExtension>
            <gpxtpx:hr>147</gpxtpx:hr>
            <gpxtpx:cad>85</gpxtpx:cad>
          </gpxtpx:TrackPointExtension>
          <gpxpx:PowerExtension>
            <gpxpx:PowerInWatts>347</gpxpx:PowerInWatts>
          </gpxpx:PowerExtension>
        </extensions>
      </trkpt>
      <trkpt lat="41.545061" lon="1.873511">
        <ele>73.87292282819976</ele>
        <time>2026-07-12T06:08:27.419Z</time>
        <extensions>
          <gpxtpx:TrackPointExtension>
            <gpxtpx:hr>147</gpxtpx:hr>
            <gpxtpx:cad>85</gpxtpx:cad>
          </gpxtpx:TrackPointExtension>
          <gpxpx:PowerExtension>
            <gpxpx:PowerInWatts>351</gpxpx:PowerInWatts>
          </gpxpx:PowerExtension>
        </extensions>
      </trkpt>
      <trkpt lat="41.545025" lon="1.873525">
        <ele>74.1411858514576</ele>
        <time>2026-07-12T06:08:28.225Z</time>
        <extensions>
          <gpxtpx:TrackPointExtension>
            <gpxtpx:hr>146</gpxtpx:hr>
            <gpxtpx:cad>85</gpxtpx:cad>
          </gpxtpx:TrackPointExtension>
          <gpxpx:PowerExtension>
            <gpxpx:PowerInWatts>351</gpxpx:PowerInWatts>
          </gpxpx:PowerExtension>
        </extensions>
      </trkpt>
      <trkpt lat="41.545003" lon="1.873539">
        <ele>74.48061363412594</ele>
        <time>2026-07-12T06:08:29.030Z</time>
        <extensions>
          <gpxtpx:TrackPointExtension>
            <gpxtpx:hr>147</gpxtpx:hr>
            <gpxtpx:cad>85</gpxtpx:cad>
          </gpxtpx:TrackPointExtension>
          <gpxpx:PowerExtension>
            <gpxpx:PowerInWatts>354</gpxpx:PowerInWatts>
          </gpxpx:PowerExtension>
        </extensions>
      </trkpt>
      <trkpt lat="41.544977" lon="1.873559">
        <ele>74.97558439172334</ele>
        <time>2026-07-12T06:08:29.837Z</time>
        <extensions>
          <gpxtpx:TrackPointExtension>
            <gpxtpx:hr>147</gpxtpx:hr>
            <gpxtpx:cad>86</gpxtpx:cad>
          </gpxtpx:TrackPointExtension>
          <gpxpx:PowerExtension>
            <gpxpx:PowerInWatts>355</gpxpx:PowerInWatts>
          </gpxpx:PowerExtension>
        </extensions>
      </trkpt>
      <trkpt lat="41.544953" lon="1.873576">
        <ele>75.37890906625985</ele>
        <time>2026-07-12T06:08:30.642Z</time>
        <extensions>
          <gpxtpx:TrackPointExtension>
            <gpxtpx:hr>146</gpxtpx:hr>
            <gpxtpx:cad>87</gpxtpx:cad>
          </gpxtpx:TrackPointExtension>
          <gpxpx:PowerExtension>
            <gpxpx:PowerInWatts>356</gpxpx:PowerInWatts>
          </gpxpx:PowerExtension>
        </extensions>
      </trkpt>
      <trkpt lat="41.544934" lon="1.873591">
        <ele>75.6467738648049</ele>
        <time>2026-07-12T06:08:31.447Z</time>
        <extensions>
          <gpxtpx:TrackPointExtension>
            <gpxtpx:hr>147</gpxtpx:hr>
            <gpxtpx:cad>87</gpxtpx:cad>
          </gpxtpx:TrackPointExtension>
          <gpxpx:PowerExtension>
            <gpxpx:PowerInWatts>358</gpxpx:PowerInWatts>
          </gpxpx:PowerExtension>
        </extensions>
      </trkpt>
      <trkpt lat="41.544906" lon="1.873605">
        <ele>75.67724094817719</ele>
        <time>2026-07-12T06:08:32.253Z</time>
        <extensions>
          <gpxtpx:TrackPointExtension>
            <gpxtpx:hr>147</gpxtpx:hr>
            <gpxtpx:cad>87</gpxtpx:cad>
          </gpxtpx:TrackPointExtension>
          <gpxpx:PowerExtension>
            <gpxpx:PowerInWatts>358</gpxpx:PowerInWatts>
          </gpxpx:PowerExtension>
        </extensions>
      </trkpt>
      <trkpt lat="41.544885" lon="1.873617">
        <ele>75.68273222575372</ele>
        <time>2026-07-12T06:08:33.058Z</time>
        <extensions>
          <gpxtpx:TrackPointExtension>
            <gpxtpx:hr>147</gpxtpx:hr>
            <gpxtpx:cad>87</gpxtpx:cad>
          </gpxtpx:TrackPointExtension>
          <gpxpx:PowerExtension>
            <gpxpx:PowerInWatts>359</gpxpx:PowerInWatts>
          </gpxpx:PowerExtension>
        </extensions>
      </trkpt>
      <trkpt lat="41.544854" lon="1.873636">
        <ele>75.62327769325756</ele>
        <time>2026-07-12T06:08:33.864Z</time>
        <extensions>
          <gpxtpx:TrackPointExtension>
            <gpxtpx:hr>146</gpxtpx:hr>
            <gpxtpx:cad>86</gpxtpx:cad>
          </gpxtpx:TrackPointExtension>
          <gpxpx:PowerExtension>
            <gpxpx:PowerInWatts>361</gpxpx:PowerInWatts>
          </gpxpx:PowerExtension>
        </extensions>
      </trkpt>
      <trkpt lat="41.54483" lon="1.87365">
        <ele>75.4827911115452</ele>
        <time>2026-07-12T06:08:34.669Z</time>
        <extensions>
          <gpxtpx:TrackPointExtension>
            <gpxtpx:hr>147</gpxtpx:hr>
            <gpxtpx:cad>86</gpxtpx:cad>
          </gpxtpx:TrackPointExtension>
          <gpxpx:PowerExtension>
            <gpxpx:PowerInWatts>362</gpxpx:PowerInWatts>
          </gpxpx:PowerExtension>
        </extensions>
      </trkpt>
      <trkpt lat="41.544803" lon="1.87367">
        <ele>75.37394139591426</ele>
        <time>2026-07-12T06:08:35.474Z</time>
        <extensions>
          <gpxtpx:TrackPointExtension>
            <gpxtpx:hr>147</gpxtpx:hr>
            <gpxtpx:cad>86</gpxtpx:cad>
          </gpxtpx:TrackPointExtension>
          <gpxpx:PowerExtension>
            <gpxpx:PowerInWatts>363</gpxpx:PowerInWatts>
          </gpxpx:PowerExtension>
        </extensions>
      </trkpt>
      <trkpt lat="41.544775" lon="1.873693">
        <ele>75.38024472135449</ele>
        <time>2026-07-12T06:08:36.280Z</time>
        <extensions>
          <gpxtpx:TrackPointExtension>
            <gpxtpx:hr>147</gpxtpx:hr>
            <gpxtpx:cad>87</gpxtpx:cad>
          </gpxtpx:TrackPointExtension>
          <gpxpx:PowerExtension>
            <gpxpx:PowerInWatts>363</gpxpx:PowerInWatts>
          </gpxpx:PowerExtension>
        </extensions>
      </trkpt>
      <trkpt lat="41.544755" lon="1.873713">
        <ele>75.57708782702657</ele>
        <time>2026-07-12T06:08:37.085Z</time>
        <extensions>
          <gpxtpx:TrackPointExtension>
            <gpxtpx:hr>148</gpxtpx:hr>
            <gpxtpx:cad>87</gpxtpx:cad>
          </gpxtpx:TrackPointExtension>
          <gpxpx:PowerExtension>
            <gpxpx:PowerInWatts>363</gpxpx:PowerInWatts>
          </gpxpx:PowerExtension>
        </extensions>
      </trkpt>
      <trkpt lat="41.544721" lon="1.873734">
        <ele>75.52555231798546</ele>
        <time>2026-07-12T06:08:37.891Z</time>
        <extensions>
          <gpxtpx:TrackPointExtension>
            <gpxtpx:hr>148</gpxtpx:hr>
            <gpxtpx:cad>86</gpxtpx:cad>
          </gpxtpx:TrackPointExtension>
          <gpxpx:PowerExtension>
            <gpxpx:PowerInWatts>364</gpxpx:PowerInWatts>
          </gpxpx:PowerExtension>
        </extensions>
      </trkpt>
      <trkpt lat="41.544698" lon="1.873751">
        <ele>75.53279630777455</ele>
        <time>2026-07-12T06:08:38.697Z</time>
        <extensions>
          <gpxtpx:TrackPointExtension>
            <gpxtpx:hr>148</gpxtpx:hr>
            <gpxtpx:cad>85</gpxtpx:cad>
          </gpxtpx:TrackPointExtension>
          <gpxpx:PowerExtension>
            <gpxpx:PowerInWatts>365</gpxpx:PowerInWatts>
          </gpxpx:PowerExtension>
        </extensions>
      </trkpt>
      <trkpt lat="41.544672" lon="1.873767">
        <ele>75.44473366374234</ele>
        <time>2026-07-12T06:08:39.503Z</time>
        <extensions>
          <gpxtpx:TrackPointExtension>
            <gpxtpx:hr>148</gpxtpx:hr>
            <gpxtpx:cad>83</gpxtpx:cad>
          </gpxtpx:TrackPointExtension>
          <gpxpx:PowerExtension>
            <gpxpx:PowerInWatts>369</gpxpx:PowerInWatts>
          </gpxpx:PowerExtension>
        </extensions>
      </trkpt>
      <trkpt lat="41.544645" lon="1.873791">
        <ele>75.38529734334558</ele>
        <time>2026-07-12T06:08:40.308Z</time>
        <extensions>
          <gpxtpx:TrackPointExtension>
            <gpxtpx:hr>148</gpxtpx:hr>
            <gpxtpx:cad>83</gpxtpx:cad>
          </gpxtpx:TrackPointExtension>
          <gpxpx:PowerExtension>
            <gpxpx:PowerInWatts>369</gpxpx:PowerInWatts>
          </gpxpx:PowerExtension>
        </extensions>
      </trkpt>
      <trkpt lat="41.544625" lon="1.87381">
        <ele>75.24571879315735</ele>
        <time>2026-07-12T06:08:41.113Z</time>
        <extensions>
          <gpxtpx:TrackPointExtension>
            <gpxtpx:hr>148</gpxtpx:hr>
            <gpxtpx:cad>83</gpxtpx:cad>
          </gpxtpx:TrackPointExtension>
          <gpxpx:PowerExtension>
            <gpxpx:PowerInWatts>370</gpxpx:PowerInWatts>
          </gpxpx:PowerExtension>
        </extensions>
      </trkpt>
      <trkpt lat="41.544593" lon="1.873833">
        <ele>74.72542259146788</ele>
        <time>2026-07-12T06:08:41.919Z</time>
        <extensions>
          <gpxtpx:TrackPointExtension>
            <gpxtpx:hr>148</gpxtpx:hr>
            <gpxtpx:cad>84</gpxtpx:cad>
          </gpxtpx:TrackPointExtension>
          <gpxpx:PowerExtension>
            <gpxpx:PowerInWatts>368</gpxpx:PowerInWatts>
          </gpxpx:PowerExtension>
        </extensions>
      </trkpt>
      <trkpt lat="41.544572" lon="1.873857">
        <ele>74.36612891207366</ele>
        <time>2026-07-12T06:08:42.724Z</time>
        <extensions>
          <gpxtpx:TrackPointExtension>
            <gpxtpx:hr>148</gpxtpx:hr>
            <gpxtpx:cad>84</gpxtpx:cad>
          </gpxtpx:TrackPointExtension>
          <gpxpx:PowerExtension>
            <gpxpx:PowerInWatts>366</gpxpx:PowerInWatts>
          </gpxpx:PowerExtension>
        </extensions>
      </trkpt>
      <trkpt lat="41.544546" lon="1.873877">
        <ele>74.4049771890396</ele>
        <time>2026-07-12T06:08:43.530Z</time>
        <extensions>
          <gpxtpx:TrackPointExtension>
            <gpxtpx:hr>148</gpxtpx:hr>
            <gpxtpx:cad>84</gpxtpx:cad>
          </gpxtpx:TrackPointExtension>
          <gpxpx:PowerExtension>
            <gpxpx:PowerInWatts>364</gpxpx:PowerInWatts>
          </gpxpx:PowerExtension>
        </extensions>
      </trkpt>
      <trkpt lat="41.544519" lon="1.873896">
        <ele>74.61126590889425</ele>
        <time>2026-07-12T06:08:44.335Z</time>
        <extensions>
          <gpxtpx:TrackPointExtension>
            <gpxtpx:hr>148</gpxtpx:hr>
            <gpxtpx:cad>83</gpxtpx:cad>
          </gpxtpx:TrackPointExtension>
          <gpxpx:PowerExtension>
            <gpxpx:PowerInWatts>364</gpxpx:PowerInWatts>
          </gpxpx:PowerExtension>
        </extensions>
      </trkpt>
      <trkpt lat="41.544499" lon="1.873911">
        <ele>74.72727671928774</ele>
        <time>2026-07-12T06:08:45.140Z</time>
        <extensions>
          <gpxtpx:TrackPointExtension>
            <gpxtpx:hr>148</gpxtpx:hr>
            <gpxtpx:cad>83</gpxtpx:cad>
          </gpxtpx:TrackPointExtension>
          <gpxpx:PowerExtension>
            <gpxpx:PowerInWatts>362</gpxpx:PowerInWatts>
          </gpxpx:PowerExtension>
        </extensions>
      </trkpt>
      <trkpt lat="41.544469" lon="1.873925">
        <ele>74.67960538018089</ele>
        <time>2026-07-12T06:08:45.946Z</time>
        <extensions>
          <gpxtpx:TrackPointExtension>
            <gpxtpx:hr>148</gpxtpx:hr>
            <gpxtpx:cad>83</gpxtpx:cad>
          </gpxtpx:TrackPointExtension>
          <gpxpx:PowerExtension>
            <gpxpx:PowerInWatts>361</gpxpx:PowerInWatts>
          </gpxpx:PowerExtension>
        </extensions>
      </trkpt>
      <trkpt lat="41.544447" lon="1.87394">
        <ele>74.66619533465553</ele>
        <time>2026-07-12T06:08:46.751Z</time>
        <extensions>
          <gpxtpx:TrackPointExtension>
            <gpxtpx:hr>148</gpxtpx:hr>
            <gpxtpx:cad>83</gpxtpx:cad>
          </gpxtpx:TrackPointExtension>
          <gpxpx:PowerExtension>
            <gpxpx:PowerInWatts>357</gpxpx:PowerInWatts>
          </gpxpx:PowerExtension>
        </extensions>
      </trkpt>
      <trkpt lat="41.54442" lon="1.873955">
        <ele>74.6109892217865</ele>
        <time>2026-07-12T06:08:47.557Z</time>
        <extensions>
          <gpxtpx:TrackPointExtension>
            <gpxtpx:hr>148</gpxtpx:hr>
            <gpxtpx:cad>83</gpxtpx:cad>
          </gpxtpx:TrackPointExtension>
          <gpxpx:PowerExtension>
            <gpxpx:PowerInWatts>355</gpxpx:PowerInWatts>
          </gpxpx:PowerExtension>
        </extensions>
      </trkpt>
      <trkpt lat="41.544387" lon="1.873971">
        <ele>74.55069118883478</ele>
        <time>2026-07-12T06:08:48.363Z</time>
        <extensions>
          <gpxtpx:TrackPointExtension>
            <gpxtpx:hr>148</gpxtpx:hr>
            <gpxtpx:cad>84</gpxtpx:cad>
          </gpxtpx:TrackPointExtension>
          <gpxpx:PowerExtension>
            <gpxpx:PowerInWatts>351</gpxpx:PowerInWatts>
          </gpxpx:PowerExtension>
        </extensions>
      </trkpt>
      <trkpt lat="41.544362" lon="1.873984">
        <ele>74.47153625025939</ele>
        <time>2026-07-12T06:08:49.168Z</time>
        <extensions>
          <gpxtpx:TrackPointExtension>
            <gpxtpx:hr>147</gpxtpx:hr>
            <gpxtpx:cad>84</gpxtpx:cad>
          </gpxtpx:TrackPointExtension>
          <gpxpx:PowerExtension>
            <gpxpx:PowerInWatts>350</gpxpx:PowerInWatts>
          </gpxpx:PowerExtension>
        </extensions>
      </trkpt>
      <trkpt lat="41.544328" lon="1.873999">
        <ele>74.28611327610606</ele>
        <time>2026-07-12T06:08:49.974Z</time>
        <extensions>
          <gpxtpx:TrackPointExtension>
            <gpxtpx:hr>148</gpxtpx:hr>
            <gpxtpx:cad>84</gpxtpx:cad>
          </gpxtpx:TrackPointExtension>
          <gpxpx:PowerExtension>
            <gpxpx:PowerInWatts>349</gpxpx:PowerInWatts>
          </gpxpx:PowerExtension>
        </extensions>
      </trkpt>
      <trkpt lat="41.5443" lon="1.874015">
        <ele>74.12367616246482</ele>
        <time>2026-07-12T06:08:50.779Z</time>
        <extensions>
          <gpxtpx:TrackPointExtension>
            <gpxtpx:hr>148</gpxtpx:hr>
            <gpxtpx:cad>84</gpxtpx:cad>
          </gpxtpx:TrackPointExtension>
          <gpxpx:PowerExtension>
            <gpxpx:PowerInWatts>348</gpxpx:PowerInWatts>
          </gpxpx:PowerExtension>
        </extensions>
      </trkpt>
      <trkpt lat="41.544274" lon="1.874031">
        <ele>74.13707887243542</ele>
        <time>2026-07-12T06:08:51.585Z</time>
        <extensions>
          <gpxtpx:TrackPointExtension>
            <gpxtpx:hr>149</gpxtpx:hr>
            <gpxtpx:cad>83</gpxtpx:cad>
          </gpxtpx:TrackPointExtension>
          <gpxpx:PowerExtension>
            <gpxpx:PowerInWatts>352</gpxpx:PowerInWatts>
          </gpxpx:PowerExtension>
        </extensions>
      </trkpt>
      <trkpt lat="41.544245" lon="1.874053">
        <ele>74.51515682275391</ele>
        <time>2026-07-12T06:08:52.390Z</time>
        <extensions>
          <gpxtpx:TrackPointExtension>
            <gpxtpx:hr>149</gpxtpx:hr>
            <gpxtpx:cad>83</gpxtpx:cad>
          </gpxtpx:TrackPointExtension>
          <gpxpx:PowerExtension>
            <gpxpx:PowerInWatts>351</gpxpx:PowerInWatts>
          </gpxpx:PowerExtension>
        </extensions>
      </trkpt>
      <trkpt lat="41.544225" lon="1.874075">
        <ele>74.87739796322424</ele>
        <time>2026-07-12T06:08:53.195Z</time>
        <extensions>
          <gpxtpx:TrackPointExtension>
            <gpxtpx:hr>150</gpxtpx:hr>
            <gpxtpx:cad>84</gpxtpx:cad>
          </gpxtpx:TrackPointExtension>
          <gpxpx:PowerExtension>
            <gpxpx:PowerInWatts>348</gpxpx:PowerInWatts>
          </gpxpx:PowerExtension>
        </extensions>
      </trkpt>
      <trkpt lat="41.544199" lon="1.874098">
        <ele>75.12068966470115</ele>
        <time>2026-07-12T06:08:54.001Z</time>
        <extensions>
          <gpxtpx:TrackPointExtension>
            <gpxtpx:hr>150</gpxtpx:hr>
            <gpxtpx:cad>84</gpxtpx:cad>
          </gpxtpx:TrackPointExtension>
          <gpxpx:PowerExtension>
            <gpxpx:PowerInWatts>349</gpxpx:PowerInWatts>
          </gpxpx:PowerExtension>
        </extensions>
      </trkpt>
      <trkpt lat="41.544176" lon="1.87412">
        <ele>75.2876575038373</ele>
        <time>2026-07-12T06:08:54.806Z</time>
        <extensions>
          <gpxtpx:TrackPointExtension>
            <gpxtpx:hr>150</gpxtpx:hr>
            <gpxtpx:cad>84</gpxtpx:cad>
          </gpxtpx:TrackPointExtension>
          <gpxpx:PowerExtension>
            <gpxpx:PowerInWatts>348</gpxpx:PowerInWatts>
          </gpxpx:PowerExtension>
        </extensions>
      </trkpt>
      <trkpt lat="41.544153" lon="1.874136">
        <ele>75.26946862274177</ele>
        <time>2026-07-12T06:08:55.612Z</time>
        <extensions>
          <gpxtpx:TrackPointExtension>
            <gpxtpx:hr>150</gpxtpx:hr>
            <gpxtpx:cad>83</gpxtpx:cad>
          </gpxtpx:TrackPointExtension>
          <gpxpx:PowerExtension>
            <gpxpx:PowerInWatts>348</gpxpx:PowerInWatts>
          </gpxpx:PowerExtension>
        </extensions>
      </trkpt>
      <trkpt lat="41.544125" lon="1.874153">
        <ele>75.09482914678239</ele>
        <time>2026-07-12T06:08:56.417Z</time>
        <extensions>
          <gpxtpx:TrackPointExtension>
            <gpxtpx:hr>150</gpxtpx:hr>
            <gpxtpx:cad>84</gpxtpx:cad>
          </gpxtpx:TrackPointExtension>
          <gpxpx:PowerExtension>
            <gpxpx:PowerInWatts>344</gpxpx:PowerInWatts>
          </gpxpx:PowerExtension>
        </extensions>
      </trkpt>
      <trkpt lat="41.544104" lon="1.874169">
        <ele>74.92516190962847</ele>
        <time>2026-07-12T06:08:57.223Z</time>
        <extensions>
          <gpxtpx:TrackPointExtension>
            <gpxtpx:hr>150</gpxtpx:hr>
            <gpxtpx:cad>83</gpxtpx:cad>
          </gpxtpx:TrackPointExtension>
          <gpxpx:PowerExtension>
            <gpxpx:PowerInWatts>344</gpxpx:PowerInWatts>
          </gpxpx:PowerExtension>
        </extensions>
      </trkpt>
      <trkpt lat="41.544077" lon="1.874189">
        <ele>74.58429177975587</ele>
        <time>2026-07-12T06:08:58.029Z</time>
        <extensions>
          <gpxtpx:TrackPointExtension>
            <gpxtpx:hr>150</gpxtpx:hr>
            <gpxtpx:cad>83</gpxtpx:cad>
          </gpxtpx:TrackPointExtension>
          <gpxpx:PowerExtension>
            <gpxpx:PowerInWatts>343</gpxpx:PowerInWatts>
          </gpxpx:PowerExtension>
        </extensions>
      </trkpt>
      <trkpt lat="41.544053" lon="1.874208">
        <ele>74.29227226751699</ele>
        <time>2026-07-12T06:08:58.834Z</time>
        <extensions>
          <gpxtpx:TrackPointExtension>
            <gpxtpx:hr>150</gpxtpx:hr>
            <gpxtpx:cad>83</gpxtpx:cad>
          </gpxtpx:TrackPointExtension>
          <gpxpx:PowerExtension>
            <gpxpx:PowerInWatts>343</gpxpx:PowerInWatts>
          </gpxpx:PowerExtension>
        </extensions>
      </trkpt>
      <trkpt lat="41.544028" lon="1.87423">
        <ele>74.36096665918983</ele>
        <time>2026-07-12T06:08:59.640Z</time>
        <extensions>
          <gpxtpx:TrackPointExtension>
            <gpxtpx:hr>150</gpxtpx:hr>
            <gpxtpx:cad>83</gpxtpx:cad>
          </gpxtpx:TrackPointExtension>
          <gpxpx:PowerExtension>
            <gpxpx:PowerInWatts>343</gpxpx:PowerInWatts>
          </gpxpx:PowerExtension>
        </extensions>
      </trkpt>
      <trkpt lat="41.544001" lon="1.874252">
        <ele>74.35283621239358</ele>
        <time>2026-07-12T06:09:00.445Z</time>
        <extensions>
          <gpxtpx:TrackPointExtension>
            <gpxtpx:hr>150</gpxtpx:hr>
            <gpxtpx:cad>83</gpxtpx:cad>
          </gpxtpx:TrackPointExtension>
          <gpxpx:PowerExtension>
            <gpxpx:PowerInWatts>342</gpxpx:PowerInWatts>
          </gpxpx:PowerExtension>
        </extensions>
      </trkpt>
      <trkpt lat="41.543982" lon="1.874277">
        <ele>74.34416824552466</ele>
        <time>2026-07-12T06:09:01.251Z</time>
        <extensions>
          <gpxtpx:TrackPointExtension>
            <gpxtpx:hr>150</gpxtpx:hr>
            <gpxtpx:cad>84</gpxtpx:cad>
          </gpxtpx:TrackPointExtension>
          <gpxpx:PowerExtension>
            <gpxpx:PowerInWatts>341</gpxpx:PowerInWatts>
          </gpxpx:PowerExtension>
        </extensions>
      </trkpt>
      <trkpt lat="41.543956" lon="1.874304">
        <ele>74.09567928948552</ele>
        <time>2026-07-12T06:09:02.056Z</time>
        <extensions>
          <gpxtpx:TrackPointExtension>
            <gpxtpx:hr>150</gpxtpx:hr>
            <gpxtpx:cad>84</gpxtpx:cad>
          </gpxtpx:TrackPointExtension>
          <gpxpx:PowerExtension>
            <gpxpx:PowerInWatts>341</gpxpx:PowerInWatts>
          </gpxpx:PowerExtension>
        </extensions>
      </trkpt>
      <trkpt lat="41.543939" lon="1.874329">
        <ele>73.8645852069201</ele>
        <time>2026-07-12T06:09:02.861Z</time>
        <extensions>
          <gpxtpx:TrackPointExtension>
            <gpxtpx:hr>150</gpxtpx:hr>
            <gpxtpx:cad>84</gpxtpx:cad>
          </gpxtpx:TrackPointExtension>
          <gpxpx:PowerExtension>
            <gpxpx:PowerInWatts>340</gpxpx:PowerInWatts>
          </gpxpx:PowerExtension>
        </extensions>
      </trkpt>
      <trkpt lat="41.54392" lon="1.874359">
        <ele>73.48197341812762</ele>
        <time>2026-07-12T06:09:03.667Z</time>
        <extensions>
          <gpxtpx:TrackPointExtension>
            <gpxtpx:hr>149</gpxtpx:hr>
            <gpxtpx:cad>84</gpxtpx:cad>
          </gpxtpx:TrackPointExtension>
          <gpxpx:PowerExtension>
            <gpxpx:PowerInWatts>339</gpxpx:PowerInWatts>
          </gpxpx:PowerExtension>
        </extensions>
      </trkpt>
      <trkpt lat="41.543896" lon="1.874392">
        <ele>73.47125168447697</ele>
        <time>2026-07-12T06:09:04.472Z</time>
        <extensions>
          <gpxtpx:TrackPointExtension>
            <gpxtpx:hr>149</gpxtpx:hr>
            <gpxtpx:cad>84</gpxtpx:cad>
          </gpxtpx:TrackPointExtension>
          <gpxpx:PowerExtension>
            <gpxpx:PowerInWatts>338</gpxpx:PowerInWatts>
          </gpxpx:PowerExtension>
        </extensions>
      </trkpt>
      <trkpt lat="41.543884" lon="1.874422">
        <ele>73.5716918222339</ele>
        <time>2026-07-12T06:09:05.278Z</time>
        <extensions>
          <gpxtpx:TrackPointExtension>
            <gpxtpx:hr>149</gpxtpx:hr>
            <gpxtpx:cad>85</gpxtpx:cad>
          </gpxtpx:TrackPointExtension>
          <gpxpx:PowerExtension>
            <gpxpx:PowerInWatts>336</gpxpx:PowerInWatts>
          </gpxpx:PowerExtension>
        </extensions>
      </trkpt>
      <trkpt lat="41.543866" lon="1.874457">
        <ele>73.60506690214861</ele>
        <time>2026-07-12T06:09:06.083Z</time>
        <extensions>
          <gpxtpx:TrackPointExtension>
            <gpxtpx:hr>149</gpxtpx:hr>
            <gpxtpx:cad>86</gpxtpx:cad>
          </gpxtpx:TrackPointExtension>
          <gpxpx:PowerExtension>
            <gpxpx:PowerInWatts>334</gpxpx:PowerInWatts>
          </gpxpx:PowerExtension>
        </extensions>
      </trkpt>
      <trkpt lat="41.543851" lon="1.874486">
        <ele>73.58642483972658</ele>
        <time>2026-07-12T06:09:06.888Z</time>
        <extensions>
          <gpxtpx:TrackPointExtension>
            <gpxtpx:hr>149</gpxtpx:hr>
            <gpxtpx:cad>86</gpxtpx:cad>
          </gpxtpx:TrackPointExtension>
          <gpxpx:PowerExtension>
            <gpxpx:PowerInWatts>333</gpxpx:PowerInWatts>
          </gpxpx:PowerExtension>
        </extensions>
      </trkpt>
      <trkpt lat="41.54383" lon="1.874515">
        <ele>73.44905281547476</ele>
        <time>2026-07-12T06:09:07.695Z</time>
        <extensions>
          <gpxtpx:TrackPointExtension>
            <gpxtpx:hr>150</gpxtpx:hr>
            <gpxtpx:cad>85</gpxtpx:cad>
          </gpxtpx:TrackPointExtension>
          <gpxpx:PowerExtension>
            <gpxpx:PowerInWatts>334</gpxpx:PowerInWatts>
          </gpxpx:PowerExtension>
        </extensions>
      </trkpt>
      <trkpt lat="41.543811" lon="1.874543">
        <ele>73.28289687454017</ele>
        <time>2026-07-12T06:09:08.500Z</time>
        <extensions>
          <gpxtpx:TrackPointExtension>
            <gpxtpx:hr>149</gpxtpx:hr>
            <gpxtpx:cad>85</gpxtpx:cad>
          </gpxtpx:TrackPointExtension>
          <gpxpx:PowerExtension>
            <gpxpx:PowerInWatts>334</gpxpx:PowerInWatts>
          </gpxpx:PowerExtension>
        </extensions>
      </trkpt>
      <trkpt lat="41.543797" lon="1.874571">
        <ele>73.24012835774239</ele>
        <time>2026-07-12T06:09:09.306Z</time>
        <extensions>
          <gpxtpx:TrackPointExtension>
            <gpxtpx:hr>149</gpxtpx:hr>
            <gpxtpx:cad>83</gpxtpx:cad>
          </gpxtpx:TrackPointExtension>
          <gpxpx:PowerExtension>
            <gpxpx:PowerInWatts>336</gpxpx:PowerInWatts>
          </gpxpx:PowerExtension>
        </extensions>
      </trkpt>
      <trkpt lat="41.543777" lon="1.87461">
        <ele>73.11499807151958</ele>
        <time>2026-07-12T06:09:10.111Z</time>
        <extensions>
          <gpxtpx:TrackPointExtension>
            <gpxtpx:hr>149</gpxtpx:hr>
            <gpxtpx:cad>83</gpxtpx:cad>
          </gpxtpx:TrackPointExtension>
          <gpxpx:PowerExtension>
            <gpxpx:PowerInWatts>336</gpxpx:PowerInWatts>
          </gpxpx:PowerExtension>
        </extensions>
      </trkpt>
      <trkpt lat="41.543766" lon="1.874645">
        <ele>73.08339059543835</ele>
        <time>2026-07-12T06:09:10.916Z</time>
        <extensions>
          <gpxtpx:TrackPointExtension>
            <gpxtpx:hr>149</gpxtpx:hr>
            <gpxtpx:cad>84</gpxtpx:cad>
          </gpxtpx:TrackPointExtension>
          <gpxpx:PowerExtension>
            <gpxpx:PowerInWatts>334</gpxpx:PowerInWatts>
          </gpxpx:PowerExtension>
        </extensions>
      </trkpt>
      <trkpt lat="41.543749" lon="1.874683">
        <ele>72.91924145652442</ele>
        <time>2026-07-12T06:09:11.722Z</time>
        <extensions>
          <gpxtpx:TrackPointExtension>
            <gpxtpx:hr>149</gpxtpx:hr>
            <gpxtpx:cad>84</gpxtpx:cad>
          </gpxtpx:TrackPointExtension>
          <gpxpx:PowerExtension>
            <gpxpx:PowerInWatts>335</gpxpx:PowerInWatts>
          </gpxpx:PowerExtension>
        </extensions>
      </trkpt>
      <trkpt lat="41.543742" lon="1.874712">
        <ele>72.87672308426019</ele>
        <time>2026-07-12T06:09:12.527Z</time>
        <extensions>
          <gpxtpx:TrackPointExtension>
            <gpxtpx:hr>148</gpxtpx:hr>
            <gpxtpx:cad>84</gpxtpx:cad>
          </gpxtpx:TrackPointExtension>
          <gpxpx:PowerExtension>
            <gpxpx:PowerInWatts>340</gpxpx:PowerInWatts>
          </gpxpx:PowerExtension>
        </extensions>
      </trkpt>
      <trkpt lat="41.543734" lon="1.874749">
        <ele>72.6649161441061</ele>
        <time>2026-07-12T06:09:13.333Z</time>
        <extensions>
          <gpxtpx:TrackPointExtension>
            <gpxtpx:hr>149</gpxtpx:hr>
            <gpxtpx:cad>84</gpxtpx:cad>
          </gpxtpx:TrackPointExtension>
          <gpxpx:PowerExtension>
            <gpxpx:PowerInWatts>341</gpxpx:PowerInWatts>
          </gpxpx:PowerExtension>
        </extensions>
      </trkpt>
      <trkpt lat="41.543729" lon="1.874785">
        <ele>72.48883265347162</ele>
        <time>2026-07-12T06:09:14.138Z</time>
        <extensions>
          <gpxtpx:TrackPointExtension>
            <gpxtpx:hr>149</gpxtpx:hr>
            <gpxtpx:cad>84</gpxtpx:cad>
          </gpxtpx:TrackPointExtension>
          <gpxpx:PowerExtension>
            <gpxpx:PowerInWatts>340</gpxpx:PowerInWatts>
          </gpxpx:PowerExtension>
        </extensions>
      </trkpt>
      <trkpt lat="41.543729" lon="1.874815">
        <ele>72.43181089246676</ele>
        <time>2026-07-12T06:09:14.944Z</time>
        <extensions>
          <gpxtpx:TrackPointExtension>
            <gpxtpx:hr>148</gpxtpx:hr>
            <gpxtpx:cad>85</gpxtpx:cad>
          </gpxtpx:TrackPointExtension>
          <gpxpx:PowerExtension>
            <gpxpx:PowerInWatts>339</gpxpx:PowerInWatts>
          </gpxpx:PowerExtension>
        </extensions>
      </trkpt>
      <trkpt lat="41.543723" lon="1.874863">
        <ele>72.17928360308937</ele>
        <time>2026-07-12T06:09:15.749Z</time>
        <extensions>
          <gpxtpx:TrackPointExtension>
            <gpxtpx:hr>148</gpxtpx:hr>
            <gpxtpx:cad>86</gpxtpx:cad>
          </gpxtpx:TrackPointExtension>
          <gpxpx:PowerExtension>
            <gpxpx:PowerInWatts>336</gpxpx:PowerInWatts>
          </gpxpx:PowerExtension>
        </extensions>
      </trkpt>
      <trkpt lat="41.543717" lon="1.874899">
        <ele>72.0392224560607</ele>
        <time>2026-07-12T06:09:16.554Z</time>
        <extensions>
          <gpxtpx:TrackPointExtension>
            <gpxtpx:hr>148</gpxtpx:hr>
            <gpxtpx:cad>86</gpxtpx:cad>
          </gpxtpx:TrackPointExtension>
          <gpxpx:PowerExtension>
            <gpxpx:PowerInWatts>333</gpxpx:PowerInWatts>
          </gpxpx:PowerExtension>
        </extensions>
      </trkpt>
      <trkpt lat="41.543713" lon="1.874938">
        <ele>72.14046391756682</ele>
        <time>2026-07-12T06:09:17.361Z</time>
        <extensions>
          <gpxtpx:TrackPointExtension>
            <gpxtpx:hr>149</gpxtpx:hr>
            <gpxtpx:cad>86</gpxtpx:cad>
          </gpxtpx:TrackPointExtension>
          <gpxpx:PowerExtension>
            <gpxpx:PowerInWatts>331</gpxpx:PowerInWatts>
          </gpxpx:PowerExtension>
        </extensions>
      </trkpt>
      <trkpt lat="41.543705" lon="1.874978">
        <ele>72.10316060792385</ele>
        <time>2026-07-12T06:09:18.166Z</time>
        <extensions>
          <gpxtpx:TrackPointExtension>
            <gpxtpx:hr>148</gpxtpx:hr>
            <gpxtpx:cad>86</gpxtpx:cad>
          </gpxtpx:TrackPointExtension>
          <gpxpx:PowerExtension>
            <gpxpx:PowerInWatts>328</gpxpx:PowerInWatts>
          </gpxpx:PowerExtension>
        </extensions>
      </trkpt>
      <trkpt lat="41.543702" lon="1.87501">
        <ele>72.16654080391764</ele>
        <time>2026-07-12T06:09:18.972Z</time>
        <extensions>
          <gpxtpx:TrackPointExtension>
            <gpxtpx:hr>148</gpxtpx:hr>
            <gpxtpx:cad>85</gpxtpx:cad>
          </gpxtpx:TrackPointExtension>
          <gpxpx:PowerExtension>
            <gpxpx:PowerInWatts>326</gpxpx:PowerInWatts>
          </gpxpx:PowerExtension>
        </extensions>
      </trkpt>
      <trkpt lat="41.543696" lon="1.875046">
        <ele>72.13384480190155</ele>
        <time>2026-07-12T06:09:19.777Z</time>
        <extensions>
          <gpxtpx:TrackPointExtension>
            <gpxtpx:hr>149</gpxtpx:hr>
            <gpxtpx:cad>84</gpxtpx:cad>
          </gpxtpx:TrackPointExtension>
          <gpxpx:PowerExtension>
            <gpxpx:PowerInWatts>325</gpxpx:PowerInWatts>
          </gpxpx:PowerExtension>
        </extensions>
      </trkpt>
      <trkpt lat="41.543689" lon="1.875086">
        <ele>72.37745029788404</ele>
        <time>2026-07-12T06:09:20.582Z</time>
        <extensions>
          <gpxtpx:TrackPointExtension>
            <gpxtpx:hr>148</gpxtpx:hr>
            <gpxtpx:cad>83</gpxtpx:cad>
          </gpxtpx:TrackPointExtension>
          <gpxpx:PowerExtension>
            <gpxpx:PowerInWatts>325</gpxpx:PowerInWatts>
          </gpxpx:PowerExtension>
        </extensions>
      </trkpt>
      <trkpt lat="41.543683" lon="1.875117">
        <ele>72.61833778637538</ele>
        <time>2026-07-12T06:09:21.388Z</time>
        <extensions>
          <gpxtpx:TrackPointExtension>
            <gpxtpx:hr>148</gpxtpx:hr>
            <gpxtpx:cad>83</gpxtpx:cad>
          </gpxtpx:TrackPointExtension>
          <gpxpx:PowerExtension>
            <gpxpx:PowerInWatts>323</gpxpx:PowerInWatts>
          </gpxpx:PowerExtension>
        </extensions>
      </trkpt>
      <trkpt lat="41.543676" lon="1.875147">
        <ele>72.78287767204185</ele>
        <time>2026-07-12T06:09:22.193Z</time>
        <extensions>
          <gpxtpx:TrackPointExtension>
            <gpxtpx:hr>148</gpxtpx:hr>
            <gpxtpx:cad>83</gpxtpx:cad>
          </gpxtpx:TrackPointExtension>
          <gpxpx:PowerExtension>
            <gpxpx:PowerInWatts>321</gpxpx:PowerInWatts>
          </gpxpx:PowerExtension>
        </extensions>
      </trkpt>
      <trkpt lat="41.543674" lon="1.87518">
        <ele>73.18113703252601</ele>
        <time>2026-07-12T06:09:22.999Z</time>
        <extensions>
          <gpxtpx:TrackPointExtension>
            <gpxtpx:hr>148</gpxtpx:hr>
            <gpxtpx:cad>83</gpxtpx:cad>
          </gpxtpx:TrackPointExtension>
          <gpxpx:PowerExtension>
            <gpxpx:PowerInWatts>320</gpxpx:PowerInWatts>
          </gpxpx:PowerExtension>
        </extensions>
      </trkpt>
      <trkpt lat="41.543661" lon="1.875218">
        <ele>73.16990877626193</ele>
        <time>2026-07-12T06:09:23.804Z</time>
        <extensions>
          <gpxtpx:TrackPointExtension>
            <gpxtpx:hr>148</gpxtpx:hr>
            <gpxtpx:cad>84</gpxtpx:cad>
          </gpxtpx:TrackPointExtension>
          <gpxpx:PowerExtension>
            <gpxpx:PowerInWatts>318</gpxpx:PowerInWatts>
          </gpxpx:PowerExtension>
        </extensions>
      </trkpt>
      <trkpt lat="41.543653" lon="1.875244">
        <ele>73.4505781636634</ele>
        <time>2026-07-12T06:09:24.609Z</time>
        <extensions>
          <gpxtpx:TrackPointExtension>
            <gpxtpx:hr>148</gpxtpx:hr>
            <gpxtpx:cad>84</gpxtpx:cad>
          </gpxtpx:TrackPointExtension>
          <gpxpx:PowerExtension>
            <gpxpx:PowerInWatts>319</gpxpx:PowerInWatts>
          </gpxpx:PowerExtension>
        </extensions>
      </trkpt>
      <trkpt lat="41.543633" lon="1.875285">
        <ele>73.68347156875907</ele>
        <time>2026-07-12T06:09:25.415Z</time>
        <extensions>
          <gpxtpx:TrackPointExtension>
            <gpxtpx:hr>148</gpxtpx:hr>
            <gpxtpx:cad>85</gpxtpx:cad>
          </gpxtpx:TrackPointExtension>
          <gpxpx:PowerExtension>
            <gpxpx:PowerInWatts>318</gpxpx:PowerInWatts>
          </gpxpx:PowerExtension>
        </extensions>
      </trkpt>
      <trkpt lat="41.543618" lon="1.875322">
        <ele>73.80342588971205</ele>
        <time>2026-07-12T06:09:26.220Z</time>
        <extensions>
          <gpxtpx:TrackPointExtension>
            <gpxtpx:hr>148</gpxtpx:hr>
            <gpxtpx:cad>85</gpxtpx:cad>
          </gpxtpx:TrackPointExtension>
          <gpxpx:PowerExtension>
            <gpxpx:PowerInWatts>317</gpxpx:PowerInWatts>
          </gpxpx:PowerExtension>
        </extensions>
      </trkpt>
      <trkpt lat="41.543605" lon="1.875354">
        <ele>73.77892503650574</ele>
        <time>2026-07-12T06:09:27.027Z</time>
        <extensions>
          <gpxtpx:TrackPointExtension>
            <gpxtpx:hr>148</gpxtpx:hr>
            <gpxtpx:cad>86</gpxtpx:cad>
          </gpxtpx:TrackPointExtension>
          <gpxpx:PowerExtension>
            <gpxpx:PowerInWatts>316</gpxpx:PowerInWatts>
          </gpxpx:PowerExtension>
        </extensions>
      </trkpt>
      <trkpt lat="41.543587" lon="1.875393">
        <ele>73.48990810004186</ele>
        <time>2026-07-12T06:09:27.832Z</time>
        <extensions>
          <gpxtpx:TrackPointExtension>
            <gpxtpx:hr>148</gpxtpx:hr>
            <gpxtpx:cad>86</gpxtpx:cad>
          </gpxtpx:TrackPointExtension>
          <gpxpx:PowerExtension>
            <gpxpx:PowerInWatts>319</gpxpx:PowerInWatts>
          </gpxpx:PowerExtension>
        </extensions>
      </trkpt>
      <trkpt lat="41.543577" lon="1.875424">
        <ele>73.40606941319837</ele>
        <time>2026-07-12T06:09:28.638Z</time>
        <extensions>
          <gpxtpx:TrackPointExtension>
            <gpxtpx:hr>148</gpxtpx:hr>
            <gpxtpx:cad>85</gpxtpx:cad>
          </gpxtpx:TrackPointExtension>
          <gpxpx:PowerExtension>
            <gpxpx:PowerInWatts>320</gpxpx:PowerInWatts>
          </gpxpx:PowerExtension>
        </extensions>
      </trkpt>
      <trkpt lat="41.543565" lon="1.875457">
        <ele>73.24640100694087</ele>
        <time>2026-07-12T06:09:29.443Z</time>
        <extensions>
          <gpxtpx:TrackPointExtension>
            <gpxtpx:hr>148</gpxtpx:hr>
            <gpxtpx:cad>85</gpxtpx:cad>
          </gpxtpx:TrackPointExtension>
          <gpxpx:PowerExtension>
            <gpxpx:PowerInWatts>321</gpxpx:PowerInWatts>
          </gpxpx:PowerExtension>
        </extensions>
      </trkpt>
      <trkpt lat="41.543555" lon="1.875491">
        <ele>73.17582928422259</ele>
        <time>2026-07-12T06:09:30.248Z</time>
        <extensions>
          <gpxtpx:TrackPointExtension>
            <gpxtpx:hr>148</gpxtpx:hr>
            <gpxtpx:cad>84</gpxtpx:cad>
          </gpxtpx:TrackPointExtension>
          <gpxpx:PowerExtension>
            <gpxpx:PowerInWatts>323</gpxpx:PowerInWatts>
          </gpxpx:PowerExtension>
        </extensions>
      </trkpt>
      <trkpt lat="41.543545" lon="1.875526">
        <ele>73.09784934736179</ele>
        <time>2026-07-12T06:09:31.054Z</time>
        <extensions>
          <gpxtpx:TrackPointExtension>
            <gpxtpx:hr>148</gpxtpx:hr>
            <gpxtpx:cad>84</gpxtpx:cad>
          </gpxtpx:TrackPointExtension>
          <gpxpx:PowerExtension>
            <gpxpx:PowerInWatts>322</gpxpx:PowerInWatts>
          </gpxpx:PowerExtension>
        </extensions>
      </trkpt>
      <trkpt lat="41.543529" lon="1.875566">
        <ele>72.87384587603673</ele>
        <time>2026-07-12T06:09:31.859Z</time>
        <extensions>
          <gpxtpx:TrackPointExtension>
            <gpxtpx:hr>148</gpxtpx:hr>
            <gpxtpx:cad>84</gpxtpx:cad>
          </gpxtpx:TrackPointExtension>
          <gpxpx:PowerExtension>
            <gpxpx:PowerInWatts>322</gpxpx:PowerInWatts>
          </gpxpx:PowerExtension>
        </extensions>
      </trkpt>
      <trkpt lat="41.543522" lon="1.875592">
        <ele>73.09775588527474</ele>
        <time>2026-07-12T06:09:32.665Z</time>
        <extensions>
          <gpxtpx:TrackPointExtension>
            <gpxtpx:hr>148</gpxtpx:hr>
            <gpxtpx:cad>84</gpxtpx:cad>
          </gpxtpx:TrackPointExtension>
          <gpxpx:PowerExtension>
            <gpxpx:PowerInWatts>323</gpxpx:PowerInWatts>
          </gpxpx:PowerExtension>
        </extensions>
      </trkpt>
      <trkpt lat="41.543504" lon="1.875631">
        <ele>73.18592852229096</ele>
        <time>2026-07-12T06:09:33.470Z</time>
        <extensions>
          <gpxtpx:TrackPointExtension>
            <gpxtpx:hr>148</gpxtpx:hr>
            <gpxtpx:cad>84</gpxtpx:cad>
          </gpxtpx:TrackPointExtension>
          <gpxpx:PowerExtension>
            <gpxpx:PowerInWatts>324</gpxpx:PowerInWatts>
          </gpxpx:PowerExtension>
        </extensions>
      </trkpt>
      <trkpt lat="41.54349" lon="1.875661">
        <ele>73.14390336466317</ele>
        <time>2026-07-12T06:09:34.275Z</time>
        <extensions>
          <gpxtpx:TrackPointExtension>
            <gpxtpx:hr>148</gpxtpx:hr>
            <gpxtpx:cad>84</gpxtpx:cad>
          </gpxtpx:TrackPointExtension>
          <gpxpx:PowerExtension>
            <gpxpx:PowerInWatts>325</gpxpx:PowerInWatts>
          </gpxpx:PowerExtension>
        </extensions>
      </trkpt>
      <trkpt lat="41.543478" lon="1.875693">
        <ele>73.10526737530711</ele>
        <time>2026-07-12T06:09:35.081Z</time>
        <extensions>
          <gpxtpx:TrackPointExtension>
            <gpxtpx:hr>148</gpxtpx:hr>
            <gpxtpx:cad>84</gpxtpx:cad>
          </gpxtpx:TrackPointExtension>
          <gpxpx:PowerExtension>
            <gpxpx:PowerInWatts>325</gpxpx:PowerInWatts>
          </gpxpx:PowerExtension>
        </extensions>
      </trkpt>
      <trkpt lat="41.543469" lon="1.875725">
        <ele>73.1031020002165</ele>
        <time>2026-07-12T06:09:35.887Z</time>
        <extensions>
          <gpxtpx:TrackPointExtension>
            <gpxtpx:hr>148</gpxtpx:hr>
            <gpxtpx:cad>84</gpxtpx:cad>
          </gpxtpx:TrackPointExtension>
          <gpxpx:PowerExtension>
            <gpxpx:PowerInWatts>326</gpxpx:PowerInWatts>
          </gpxpx:PowerExtension>
        </extensions>
      </trkpt>
      <trkpt lat="41.543462" lon="1.875756">
        <ele>73.10873993072917</ele>
        <time>2026-07-12T06:09:36.693Z</time>
        <extensions>
          <gpxtpx:TrackPointExtension>
            <gpxtpx:hr>147</gpxtpx:hr>
            <gpxtpx:cad>84</gpxtpx:cad>
          </gpxtpx:TrackPointExtension>
          <gpxpx:PowerExtension>
            <gpxpx:PowerInWatts>327</gpxpx:PowerInWatts>
          </gpxpx:PowerExtension>
        </extensions>
      </trkpt>
      <trkpt lat="41.543454" lon="1.875789">
        <ele>73.0531999334563</ele>
        <time>2026-07-12T06:09:37.498Z</time>
        <extensions>
          <gpxtpx:TrackPointExtension>
            <gpxtpx:hr>148</gpxtpx:hr>
            <gpxtpx:cad>84</gpxtpx:cad>
          </gpxtpx:TrackPointExtension>
          <gpxpx:PowerExtension>
            <gpxpx:PowerInWatts>327</gpxpx:PowerInWatts>
          </gpxpx:PowerExtension>
        </extensions>
      </trkpt>
      <trkpt lat="41.543445" lon="1.875819">
        <ele>72.91122871312615</ele>
        <time>2026-07-12T06:09:38.303Z</time>
        <extensions>
          <gpxtpx:TrackPointExtension>
            <gpxtpx:hr>148</gpxtpx:hr>
            <gpxtpx:cad>84</gpxtpx:cad>
          </gpxtpx:TrackPointExtension>
          <gpxpx:PowerExtension>
            <gpxpx:PowerInWatts>328</gpxpx:PowerInWatts>
          </gpxpx:PowerExtension>
        </extensions>
      </trkpt>
      <trkpt lat="41.543436" lon="1.875864">
        <ele>72.87378885882397</ele>
        <time>2026-07-12T06:09:39.109Z</time>
        <extensions>
          <gpxtpx:TrackPointExtension>
            <gpxtpx:hr>147</gpxtpx:hr>
            <gpxtpx:cad>85</gpxtpx:cad>
          </gpxtpx:TrackPointExtension>
          <gpxpx:PowerExtension>
            <gpxpx:PowerInWatts>329</gpxpx:PowerInWatts>
          </gpxpx:PowerExtension>
        </extensions>
      </trkpt>
      <trkpt lat="41.543439" lon="1.875889">
        <ele>73.21674479742839</ele>
        <time>2026-07-12T06:09:39.914Z</time>
        <extensions>
          <gpxtpx:TrackPointExtension>
            <gpxtpx:hr>148</gpxtpx:hr>
            <gpxtpx:cad>85</gpxtpx:cad>
          </gpxtpx:TrackPointExtension>
          <gpxpx:PowerExtension>
            <gpxpx:PowerInWatts>329</gpxpx:PowerInWatts>
          </gpxpx:PowerExtension>
        </extensions>
      </trkpt>
      <trkpt lat="41.543444" lon="1.875925">
        <ele>73.78149572802472</ele>
        <time>2026-07-12T06:09:40.720Z</time>
        <extensions>
          <gpxtpx:TrackPointExtension>
            <gpxtpx:hr>148</gpxtpx:hr>
            <gpxtpx:cad>86</gpxtpx:cad>
          </gpxtpx:TrackPointExtension>
          <gpxpx:PowerExtension>
            <gpxpx:PowerInWatts>333</gpxpx:PowerInWatts>
          </gpxpx:PowerExtension>
        </extensions>
      </trkpt>
      <trkpt lat="41.543447" lon="1.875946">
        <ele>74.1622170864921</ele>
        <time>2026-07-12T06:09:41.525Z</time>
        <extensions>
          <gpxtpx:TrackPointExtension>
            <gpxtpx:hr>148</gpxtpx:hr>
            <gpxtpx:cad>86</gpxtpx:cad>
          </gpxtpx:TrackPointExtension>
          <gpxpx:PowerExtension>
            <gpxpx:PowerInWatts>335</gpxpx:PowerInWatts>
          </gpxpx:PowerExtension>
        </extensions>
      </trkpt>
      <trkpt lat="41.54345" lon="1.87597">
        <ele>74.57095914707821</ele>
        <time>2026-07-12T06:09:42.330Z</time>
        <extensions>
          <gpxtpx:TrackPointExtension>
            <gpxtpx:hr>148</gpxtpx:hr>
            <gpxtpx:cad>86</gpxtpx:cad>
          </gpxtpx:TrackPointExtension>
          <gpxpx:PowerExtension>
            <gpxpx:PowerInWatts>340</gpxpx:PowerInWatts>
          </gpxpx:PowerExtension>
        </extensions>
      </trkpt>
      <trkpt lat="41.543452" lon="1.875987">
        <ele>74.85098045162368</ele>
        <time>2026-07-12T06:09:43.136Z</time>
        <extensions>
          <gpxtpx:TrackPointExtension>
            <gpxtpx:hr>148</gpxtpx:hr>
            <gpxtpx:cad>86</gpxtpx:cad>
          </gpxtpx:TrackPointExtension>
          <gpxpx:PowerExtension>
            <gpxpx:PowerInWatts>346</gpxpx:PowerInWatts>
          </gpxpx:PowerExtension>
        </extensions>
      </trkpt>
      <trkpt lat="41.543454" lon="1.875998">
        <ele>75.06153945997909</ele>
        <time>2026-07-12T06:09:43.941Z</time>
        <extensions>
          <gpxtpx:TrackPointExtension>
            <gpxtpx:hr>148</gpxtpx:hr>
            <gpxtpx:cad>86</gpxtpx:cad>
          </gpxtpx:TrackPointExtension>
          <gpxpx:PowerExtension>
            <gpxpx:PowerInWatts>354</gpxpx:PowerInWatts>
          </gpxpx:PowerExtension>
        </extensions>
      </trkpt>
      <trkpt lat="41.543446" lon="1.876023">
        <ele>74.99572147576177</ele>
        <time>2026-07-12T06:09:44.747Z</time>
        <extensions>
          <gpxtpx:TrackPointExtension>
            <gpxtpx:hr>148</gpxtpx:hr>
            <gpxtpx:cad>86</gpxtpx:cad>
          </gpxtpx:TrackPointExtension>
          <gpxpx:PowerExtension>
            <gpxpx:PowerInWatts>378</gpxpx:PowerInWatts>
          </gpxpx:PowerExtension>
        </extensions>
      </trkpt>
      <trkpt lat="41.543445" lon="1.876042">
        <ele>75.17087560791009</ele>
        <time>2026-07-12T06:09:45.553Z</time>
        <extensions>
          <gpxtpx:TrackPointExtension>
            <gpxtpx:hr>149</gpxtpx:hr>
            <gpxtpx:cad>85</gpxtpx:cad>
          </gpxtpx:TrackPointExtension>
          <gpxpx:PowerExtension>
            <gpxpx:PowerInWatts>403</gpxpx:PowerInWatts>
          </gpxpx:PowerExtension>
        </extensions>
      </trkpt>
      <trkpt lat="41.543443" lon="1.876071">
        <ele>75.42229531192831</ele>
        <time>2026-07-12T06:09:46.359Z</time>
        <extensions>
          <gpxtpx:TrackPointExtension>
            <gpxtpx:hr>149</gpxtpx:hr>
            <gpxtpx:cad>85</gpxtpx:cad>
          </gpxtpx:TrackPointExtension>
          <gpxpx:PowerExtension>
            <gpxpx:PowerInWatts>395</gpxpx:PowerInWatts>
          </gpxpx:PowerExtension>
        </extensions>
      </trkpt>
      <trkpt lat="41.543448" lon="1.876097">
        <ele>75.78337613109483</ele>
        <time>2026-07-12T06:09:47.164Z</time>
        <extensions>
          <gpxtpx:TrackPointExtension>
            <gpxtpx:hr>150</gpxtpx:hr>
            <gpxtpx:cad>83</gpxtpx:cad>
          </gpxtpx:TrackPointExtension>
          <gpxpx:PowerExtension>
            <gpxpx:PowerInWatts>399</gpxpx:PowerInWatts>
          </gpxpx:PowerExtension>
        </extensions>
      </trkpt>
      <trkpt lat="41.543456" lon="1.876122">
        <ele>76.02824143949918</ele>
        <time>2026-07-12T06:09:47.969Z</time>
        <extensions>
          <gpxtpx:TrackPointExtension>
            <gpxtpx:hr>150</gpxtpx:hr>
            <gpxtpx:cad>83</gpxtpx:cad>
          </gpxtpx:TrackPointExtension>
          <gpxpx:PowerExtension>
            <gpxpx:PowerInWatts>411</gpxpx:PowerInWatts>
          </gpxpx:PowerExtension>
        </extensions>
      </trkpt>
      <trkpt lat="41.543456" lon="1.876151">
        <ele>75.9451116244844</ele>
        <time>2026-07-12T06:09:48.775Z</time>
        <extensions>
          <gpxtpx:TrackPointExtension>
            <gpxtpx:hr>151</gpxtpx:hr>
            <gpxtpx:cad>84</gpxtpx:cad>
          </gpxtpx:TrackPointExtension>
          <gpxpx:PowerExtension>
            <gpxpx:PowerInWatts>425</gpxpx:PowerInWatts>
          </gpxpx:PowerExtension>
        </extensions>
      </trkpt>
      <trkpt lat="41.543458" lon="1.87618">
        <ele>75.93564551204962</ele>
        <time>2026-07-12T06:09:49.580Z</time>
        <extensions>
          <gpxtpx:TrackPointExtension>
            <gpxtpx:hr>151</gpxtpx:hr>
            <gpxtpx:cad>84</gpxtpx:cad>
          </gpxtpx:TrackPointExtension>
          <gpxpx:PowerExtension>
            <gpxpx:PowerInWatts>422</gpxpx:PowerInWatts>
          </gpxpx:PowerExtension>
        </extensions>
      </trkpt>
      <trkpt lat="41.543459" lon="1.876206">
        <ele>75.89537762943444</ele>
        <time>2026-07-12T06:09:50.386Z</time>
        <extensions>
          <gpxtpx:TrackPointExtension>
            <gpxtpx:hr>152</gpxtpx:hr>
            <gpxtpx:cad>79</gpxtpx:cad>
          </gpxtpx:TrackPointExtension>
          <gpxpx:PowerExtension>
            <gpxpx:PowerInWatts>422</gpxpx:PowerInWatts>
          </gpxpx:PowerExtension>
        </extensions>
      </trkpt>
      <trkpt lat="41.543457" lon="1.876243">
        <ele>75.71614589379134</ele>
        <time>2026-07-12T06:09:51.191Z</time>
        <extensions>
          <gpxtpx:TrackPointExtension>
            <gpxtpx:hr>152</gpxtpx:hr>
            <gpxtpx:cad>79</gpxtpx:cad>
          </gpxtpx:TrackPointExtension>
          <gpxpx:PowerExtension>
            <gpxpx:PowerInWatts>419</gpxpx:PowerInWatts>
          </gpxpx:PowerExtension>
        </extensions>
      </trkpt>
      <trkpt lat="41.54345" lon="1.876278">
        <ele>75.38313685339423</ele>
        <time>2026-07-12T06:09:51.996Z</time>
        <extensions>
          <gpxtpx:TrackPointExtension>
            <gpxtpx:hr>153</gpxtpx:hr>
            <gpxtpx:cad>84</gpxtpx:cad>
          </gpxtpx:TrackPointExtension>
          <gpxpx:PowerExtension>
            <gpxpx:PowerInWatts>414</gpxpx:PowerInWatts>
          </gpxpx:PowerExtension>
        </extensions>
      </trkpt>
      <trkpt lat="41.543447" lon="1.876306">
        <ele>75.2061003274977</ele>
        <time>2026-07-12T06:09:52.802Z</time>
        <extensions>
          <gpxtpx:TrackPointExtension>
            <gpxtpx:hr>153</gpxtpx:hr>
            <gpxtpx:cad>84</gpxtpx:cad>
          </gpxtpx:TrackPointExtension>
          <gpxpx:PowerExtension>
            <gpxpx:PowerInWatts>423</gpxpx:PowerInWatts>
          </gpxpx:PowerExtension>
        </extensions>
      </trkpt>
      <trkpt lat="41.543437" lon="1.87634">
        <ele>74.74722088528304</ele>
        <time>2026-07-12T06:09:53.607Z</time>
        <extensions>
          <gpxtpx:TrackPointExtension>
            <gpxtpx:hr>154</gpxtpx:hr>
            <gpxtpx:cad>84</gpxtpx:cad>
          </gpxtpx:TrackPointExtension>
          <gpxpx:PowerExtension>
            <gpxpx:PowerInWatts>423</gpxpx:PowerInWatts>
          </gpxpx:PowerExtension>
        </extensions>
      </trkpt>
      <trkpt lat="41.543429" lon="1.876375">
        <ele>74.33766080834303</ele>
        <time>2026-07-12T06:09:54.413Z</time>
        <extensions>
          <gpxtpx:TrackPointExtension>
            <gpxtpx:hr>154</gpxtpx:hr>
            <gpxtpx:cad>80</gpxtpx:cad>
          </gpxtpx:TrackPointExtension>
          <gpxpx:PowerExtension>
            <gpxpx:PowerInWatts>410</gpxpx:PowerInWatts>
          </gpxpx:PowerExtension>
        </extensions>
      </trkpt>
      <trkpt lat="41.543421" lon="1.876403">
        <ele>73.93278569724743</ele>
        <time>2026-07-12T06:09:55.219Z</time>
        <extensions>
          <gpxtpx:TrackPointExtension>
            <gpxtpx:hr>154</gpxtpx:hr>
            <gpxtpx:cad>79</gpxtpx:cad>
          </gpxtpx:TrackPointExtension>
          <gpxpx:PowerExtension>
            <gpxpx:PowerInWatts>391</gpxpx:PowerInWatts>
          </gpxpx:PowerExtension>
        </extensions>
      </trkpt>
      <trkpt lat="41.543406" lon="1.876431">
        <ele>73.24089604177225</ele>
        <time>2026-07-12T06:09:56.024Z</time>
        <extensions>
          <gpxtpx:TrackPointExtension>
            <gpxtpx:hr>155</gpxtpx:hr>
            <gpxtpx:cad>79</gpxtpx:cad>
          </gpxtpx:TrackPointExtension>
          <gpxpx:PowerExtension>
            <gpxpx:PowerInWatts>363</gpxpx:PowerInWatts>
          </gpxpx:PowerExtension>
        </extensions>
      </trkpt>
      <trkpt lat="41.543387" lon="1.876467">
        <ele>73.45173785321953</ele>
        <time>2026-07-12T06:09:56.830Z</time>
        <extensions>
          <gpxtpx:TrackPointExtension>
            <gpxtpx:hr>155</gpxtpx:hr>
            <gpxtpx:cad>79</gpxtpx:cad>
          </gpxtpx:TrackPointExtension>
          <gpxpx:PowerExtension>
            <gpxpx:PowerInWatts>333</gpxpx:PowerInWatts>
          </gpxpx:PowerExtension>
        </extensions>
      </trkpt>
      <trkpt lat="41.54337" lon="1.876499">
        <ele>73.50021154085785</ele>
        <time>2026-07-12T06:09:57.635Z</time>
        <extensions>
          <gpxtpx:TrackPointExtension>
            <gpxtpx:hr>155</gpxtpx:hr>
            <gpxtpx:cad>79</gpxtpx:cad>
          </gpxtpx:TrackPointExtension>
          <gpxpx:PowerExtension>
            <gpxpx:PowerInWatts>301</gpxpx:PowerInWatts>
          </gpxpx:PowerExtension>
        </extensions>
      </trkpt>
      <trkpt lat="41.543351" lon="1.876536">
        <ele>73.3931054245349</ele>
        <time>2026-07-12T06:09:58.441Z</time>
        <extensions>
          <gpxtpx:TrackPointExtension>
            <gpxtpx:hr>154</gpxtpx:hr>
            <gpxtpx:cad>80</gpxtpx:cad>
          </gpxtpx:TrackPointExtension>
          <gpxpx:PowerExtension>
            <gpxpx:PowerInWatts>286</gpxpx:PowerInWatts>
          </gpxpx:PowerExtension>
        </extensions>
      </trkpt>
      <trkpt lat="41.543332" lon="1.876574">
        <ele>73.1032439790196</ele>
        <time>2026-07-12T06:09:59.246Z</time>
        <extensions>
          <gpxtpx:TrackPointExtension>
            <gpxtpx:hr>154</gpxtpx:hr>
            <gpxtpx:cad>82</gpxtpx:cad>
          </gpxtpx:TrackPointExtension>
          <gpxpx:PowerExtension>
            <gpxpx:PowerInWatts>285</gpxpx:PowerInWatts>
          </gpxpx:PowerExtension>
        </extensions>
      </trkpt>
      <trkpt lat="41.54332" lon="1.876608">
        <ele>72.90573553070202</ele>
        <time>2026-07-12T06:10:00.051Z</time>
        <extensions>
          <gpxtpx:TrackPointExtension>
            <gpxtpx:hr>154</gpxtpx:hr>
            <gpxtpx:cad>83</gpxtpx:cad>
          </gpxtpx:TrackPointExtension>
          <gpxpx:PowerExtension>
            <gpxpx:PowerInWatts>298</gpxpx:PowerInWatts>
          </gpxpx:PowerExtension>
        </extensions>
      </trkpt>
      <trkpt lat="41.543305" lon="1.876651">
        <ele>72.62336314862684</ele>
        <time>2026-07-12T06:10:00.857Z</time>
        <extensions>
          <gpxtpx:TrackPointExtension>
            <gpxtpx:hr>153</gpxtpx:hr>
            <gpxtpx:cad>83</gpxtpx:cad>
          </gpxtpx:TrackPointExtension>
          <gpxpx:PowerExtension>
            <gpxpx:PowerInWatts>296</gpxpx:PowerInWatts>
          </gpxpx:PowerExtension>
        </extensions>
      </trkpt>
      <trkpt lat="41.543299" lon="1.876683">
        <ele>72.59459449809657</ele>
        <time>2026-07-12T06:10:01.662Z</time>
        <extensions>
          <gpxtpx:TrackPointExtension>
            <gpxtpx:hr>153</gpxtpx:hr>
            <gpxtpx:cad>83</gpxtpx:cad>
          </gpxtpx:TrackPointExtension>
          <gpxpx:PowerExtension>
            <gpxpx:PowerInWatts>292</gpxpx:PowerInWatts>
          </gpxpx:PowerExtension>
        </extensions>
      </trkpt>
      <trkpt lat="41.543293" lon="1.87672">
        <ele>72.56866767611953</ele>
        <time>2026-07-12T06:10:02.468Z</time>
        <extensions>
          <gpxtpx:TrackPointExtension>
            <gpxtpx:hr>153</gpxtpx:hr>
            <gpxtpx:cad>82</gpxtpx:cad>
          </gpxtpx:TrackPointExtension>
          <gpxpx:PowerExtension>
            <gpxpx:PowerInWatts>285</gpxpx:PowerInWatts>
          </gpxpx:PowerExtension>
        </extensions>
      </trkpt>
      <trkpt lat="41.543286" lon="1.876758">
        <ele>72.4546683750491</ele>
        <time>2026-07-12T06:10:03.273Z</time>
        <extensions>
          <gpxtpx:TrackPointExtension>
            <gpxtpx:hr>152</gpxtpx:hr>
            <gpxtpx:cad>82</gpxtpx:cad>
          </gpxtpx:TrackPointExtension>
          <gpxpx:PowerExtension>
            <gpxpx:PowerInWatts>271</gpxpx:PowerInWatts>
          </gpxpx:PowerExtension>
        </extensions>
      </trkpt>
      <trkpt lat="41.54328" lon="1.876797">
        <ele>72.47435170099224</ele>
        <time>2026-07-12T06:10:04.079Z</time>
        <extensions>
          <gpxtpx:TrackPointExtension>
            <gpxtpx:hr>152</gpxtpx:hr>
            <gpxtpx:cad>82</gpxtpx:cad>
          </gpxtpx:TrackPointExtension>
          <gpxpx:PowerExtension>
            <gpxpx:PowerInWatts>254</gpxpx:PowerInWatts>
          </gpxpx:PowerExtension>
        </extensions>
      </trkpt>
      <trkpt lat="41.543266" lon="1.876839">
        <ele>72.57088728831275</ele>
        <time>2026-07-12T06:10:04.885Z</time>
        <extensions>
          <gpxtpx:TrackPointExtension>
            <gpxtpx:hr>152</gpxtpx:hr>
            <gpxtpx:cad>83</gpxtpx:cad>
          </gpxtpx:TrackPointExtension>
          <gpxpx:PowerExtension>
            <gpxpx:PowerInWatts>252</gpxpx:PowerInWatts>
          </gpxpx:PowerExtension>
        </extensions>
      </trkpt>
      <trkpt lat="41.543259" lon="1.876869">
        <ele>72.7404814044597</ele>
        <time>2026-07-12T06:10:05.690Z</time>
        <extensions>
          <gpxtpx:TrackPointExtension>
            <gpxtpx:hr>152</gpxtpx:hr>
            <gpxtpx:cad>85</gpxtpx:cad>
          </gpxtpx:TrackPointExtension>
          <gpxpx:PowerExtension>
            <gpxpx:PowerInWatts>252</gpxpx:PowerInWatts>
          </gpxpx:PowerExtension>
        </extensions>
      </trkpt>
      <trkpt lat="41.543244" lon="1.876905">
        <ele>72.73618595886383</ele>
        <time>2026-07-12T06:10:06.496Z</time>
        <extensions>
          <gpxtpx:TrackPointExtension>
            <gpxtpx:hr>151</gpxtpx:hr>
            <gpxtpx:cad>85</gpxtpx:cad>
          </gpxtpx:TrackPointExtension>
          <gpxpx:PowerExtension>
            <gpxpx:PowerInWatts>259</gpxpx:PowerInWatts>
          </gpxpx:PowerExtension>
        </extensions>
      </trkpt>
      <trkpt lat="41.543238" lon="1.876943">
        <ele>72.88508205837655</ele>
        <time>2026-07-12T06:10:07.301Z</time>
        <extensions>
          <gpxtpx:TrackPointExtension>
            <gpxtpx:hr>151</gpxtpx:hr>
            <gpxtpx:cad>85</gpxtpx:cad>
          </gpxtpx:TrackPointExtension>
          <gpxpx:PowerExtension>
            <gpxpx:PowerInWatts>264</gpxpx:PowerInWatts>
          </gpxpx:PowerExtension>
        </extensions>
      </trkpt>
      <trkpt lat="41.543234" lon="1.876973">
        <ele>73.08394763775455</ele>
        <time>2026-07-12T06:10:08.107Z</time>
        <extensions>
          <gpxtpx:TrackPointExtension>
            <gpxtpx:hr>151</gpxtpx:hr>
            <gpxtpx:cad>85</gpxtpx:cad>
          </gpxtpx:TrackPointExtension>
          <gpxpx:PowerExtension>
            <gpxpx:PowerInWatts>261</gpxpx:PowerInWatts>
          </gpxpx:PowerExtension>
        </extensions>
      </trkpt>
      <trkpt lat="41.543221" lon="1.877016">
        <ele>73.11893913736093</ele>
        <time>2026-07-12T06:10:08.912Z</time>
        <extensions>
          <gpxtpx:TrackPointExtension>
            <gpxtpx:hr>151</gpxtpx:hr>
            <gpxtpx:cad>84</gpxtpx:cad>
          </gpxtpx:TrackPointExtension>
          <gpxpx:PowerExtension>
            <gpxpx:PowerInWatts>260</gpxpx:PowerInWatts>
          </gpxpx:PowerExtension>
        </extensions>
      </trkpt>
      <trkpt lat="41.543216" lon="1.877045">
        <ele>73.22805175689409</ele>
        <time>2026-07-12T06:10:09.717Z</time>
        <extensions>
          <gpxtpx:TrackPointExtension>
            <gpxtpx:hr>151</gpxtpx:hr>
            <gpxtpx:cad>83</gpxtpx:cad>
          </gpxtpx:TrackPointExtension>
          <gpxpx:PowerExtension>
            <gpxpx:PowerInWatts>261</gpxpx:PowerInWatts>
          </gpxpx:PowerExtension>
        </extensions>
      </trkpt>
      <trkpt lat="41.543205" lon="1.877075">
        <ele>73.11011343779492</ele>
        <time>2026-07-12T06:10:10.523Z</time>
        <extensions>
          <gpxtpx:TrackPointExtension>
            <gpxtpx:hr>150</gpxtpx:hr>
            <gpxtpx:cad>82</gpxtpx:cad>
          </gpxtpx:TrackPointExtension>
          <gpxpx:PowerExtension>
            <gpxpx:PowerInWatts>263</gpxpx:PowerInWatts>
          </gpxpx:PowerExtension>
        </extensions>
      </trkpt>
      <trkpt lat="41.543193" lon="1.877115">
        <ele>72.98678892425576</ele>
        <time>2026-07-12T06:10:11.328Z</time>
        <extensions>
          <gpxtpx:TrackPointExtension>
            <gpxtpx:hr>150</gpxtpx:hr>
            <gpxtpx:cad>82</gpxtpx:cad>
          </gpxtpx:TrackPointExtension>
          <gpxpx:PowerExtension>
            <gpxpx:PowerInWatts>266</gpxpx:PowerInWatts>
          </gpxpx:PowerExtension>
        </extensions>
      </trkpt>
      <trkpt lat="41.543184" lon="1.877155">
        <ele>73.08412393413423</ele>
        <time>2026-07-12T06:10:12.134Z</time>
        <extensions>
          <gpxtpx:TrackPointExtension>
            <gpxtpx:hr>150</gpxtpx:hr>
            <gpxtpx:cad>83</gpxtpx:cad>
          </gpxtpx:TrackPointExtension>
          <gpxpx:PowerExtension>
            <gpxpx:PowerInWatts>266</gpxpx:PowerInWatts>
          </gpxpx:PowerExtension>
        </extensions>
      </trkpt>
      <trkpt lat="41.543171" lon="1.8772">
        <ele>73.00266706791164</ele>
        <time>2026-07-12T06:10:12.939Z</time>
        <extensions>
          <gpxtpx:TrackPointExtension>
            <gpxtpx:hr>150</gpxtpx:hr>
            <gpxtpx:cad>83</gpxtpx:cad>
          </gpxtpx:TrackPointExtension>
          <gpxpx:PowerExtension>
            <gpxpx:PowerInWatts>269</gpxpx:PowerInWatts>
          </gpxpx:PowerExtension>
        </extensions>
      </trkpt>
      <trkpt lat="41.543157" lon="1.877232">
        <ele>72.65696270894298</ele>
        <time>2026-07-12T06:10:13.744Z</time>
        <extensions>
          <gpxtpx:TrackPointExtension>
            <gpxtpx:hr>150</gpxtpx:hr>
            <gpxtpx:cad>83</gpxtpx:cad>
          </gpxtpx:TrackPointExtension>
          <gpxpx:PowerExtension>
            <gpxpx:PowerInWatts>271</gpxpx:PowerInWatts>
          </gpxpx:PowerExtension>
        </extensions>
      </trkpt>
      <trkpt lat="41.543141" lon="1.877268">
        <ele>72.37855340078096</ele>
        <time>2026-07-12T06:10:14.551Z</time>
        <extensions>
          <gpxtpx:TrackPointExtension>
            <gpxtpx:hr>150</gpxtpx:hr>
            <gpxtpx:cad>83</gpxtpx:cad>
          </gpxtpx:TrackPointExtension>
          <gpxpx:PowerExtension>
            <gpxpx:PowerInWatts>280</gpxpx:PowerInWatts>
          </gpxpx:PowerExtension>
        </extensions>
      </trkpt>
      <trkpt lat="41.543127" lon="1.877303">
        <ele>72.43511371038252</ele>
        <time>2026-07-12T06:10:15.356Z</time>
        <extensions>
          <gpxtpx:TrackPointExtension>
            <gpxtpx:hr>149</gpxtpx:hr>
            <gpxtpx:cad>83</gpxtpx:cad>
          </gpxtpx:TrackPointExtension>
          <gpxpx:PowerExtension>
            <gpxpx:PowerInWatts>287</gpxpx:PowerInWatts>
          </gpxpx:PowerExtension>
        </extensions>
      </trkpt>
      <trkpt lat="41.54312" lon="1.877335">
        <ele>72.70250591804198</ele>
        <time>2026-07-12T06:10:16.162Z</time>
        <extensions>
          <gpxtpx:TrackPointExtension>
            <gpxtpx:hr>149</gpxtpx:hr>
            <gpxtpx:cad>84</gpxtpx:cad>
          </gpxtpx:TrackPointExtension>
          <gpxpx:PowerExtension>
            <gpxpx:PowerInWatts>290</gpxpx:PowerInWatts>
          </gpxpx:PowerExtension>
        </extensions>
      </trkpt>
      <trkpt lat="41.543102" lon="1.877377">
        <ele>72.70481799430087</ele>
        <time>2026-07-12T06:10:16.967Z</time>
        <extensions>
          <gpxtpx:TrackPointExtension>
            <gpxtpx:hr>149</gpxtpx:hr>
            <gpxtpx:cad>85</gpxtpx:cad>
          </gpxtpx:TrackPointExtension>
          <gpxpx:PowerExtension>
            <gpxpx:PowerInWatts>294</gpxpx:PowerInWatts>
          </gpxpx:PowerExtension>
        </extensions>
      </trkpt>
      <trkpt lat="41.543095" lon="1.87741">
        <ele>72.84542718751607</ele>
        <time>2026-07-12T06:10:17.772Z</time>
        <extensions>
          <gpxtpx:TrackPointExtension>
            <gpxtpx:hr>149</gpxtpx:hr>
            <gpxtpx:cad>85</gpxtpx:cad>
          </gpxtpx:TrackPointExtension>
          <gpxpx:PowerExtension>
            <gpxpx:PowerInWatts>295</gpxpx:PowerInWatts>
          </gpxpx:PowerExtension>
        </extensions>
      </trkpt>
      <trkpt lat="41.543079" lon="1.877448">
        <ele>72.63854052679429</ele>
        <time>2026-07-12T06:10:18.578Z</time>
        <extensions>
          <gpxtpx:TrackPointExtension>
            <gpxtpx:hr>149</gpxtpx:hr>
            <gpxtpx:cad>85</gpxtpx:cad>
          </gpxtpx:TrackPointExtension>
          <gpxpx:PowerExtension>
            <gpxpx:PowerInWatts>299</gpxpx:PowerInWatts>
          </gpxpx:PowerExtension>
        </extensions>
      </trkpt>
      <trkpt lat="41.543062" lon="1.877487">
        <ele>72.44666702978029</ele>
        <time>2026-07-12T06:10:19.383Z</time>
        <extensions>
          <gpxtpx:TrackPointExtension>
            <gpxtpx:hr>150</gpxtpx:hr>
            <gpxtpx:cad>84</gpxtpx:cad>
          </gpxtpx:TrackPointExtension>
          <gpxpx:PowerExtension>
            <gpxpx:PowerInWatts>301</gpxpx:PowerInWatts>
          </gpxpx:PowerExtension>
        </extensions>
      </trkpt>
      <trkpt lat="41.54305" lon="1.877514">
        <ele>72.30117890452235</ele>
        <time>2026-07-12T06:10:20.189Z</time>
        <extensions>
          <gpxtpx:TrackPointExtension>
            <gpxtpx:hr>149</gpxtpx:hr>
            <gpxtpx:cad>83</gpxtpx:cad>
          </gpxtpx:TrackPointExtension>
          <gpxpx:PowerExtension>
            <gpxpx:PowerInWatts>303</gpxpx:PowerInWatts>
          </gpxpx:PowerExtension>
        </extensions>
      </trkpt>
      <trkpt lat="41.543035" lon="1.877559">
        <ele>72.19219485043884</ele>
        <time>2026-07-12T06:10:20.994Z</time>
        <extensions>
          <gpxtpx:TrackPointExtension>
            <gpxtpx:hr>149</gpxtpx:hr>
            <gpxtpx:cad>83</gpxtpx:cad>
          </gpxtpx:TrackPointExtension>
          <gpxpx:PowerExtension>
            <gpxpx:PowerInWatts>307</gpxpx:PowerInWatts>
          </gpxpx:PowerExtension>
        </extensions>
      </trkpt>
      <trkpt lat="41.543025" lon="1.8776">
        <ele>72.19300807335138</ele>
        <time>2026-07-12T06:10:21.800Z</time>
        <extensions>
          <gpxtpx:TrackPointExtension>
            <gpxtpx:hr>149</gpxtpx:hr>
            <gpxtpx:cad>84</gpxtpx:cad>
          </gpxtpx:TrackPointExtension>
          <gpxpx:PowerExtension>
            <gpxpx:PowerInWatts>306</gpxpx:PowerInWatts>
          </gpxpx:PowerExtension>
        </extensions>
      </trkpt>
      <trkpt lat="41.543014" lon="1.877637">
        <ele>72.18378442247916</ele>
        <time>2026-07-12T06:10:22.605Z</time>
        <extensions>
          <gpxtpx:TrackPointExtension>
            <gpxtpx:hr>149</gpxtpx:hr>
            <gpxtpx:cad>84</gpxtpx:cad>
          </gpxtpx:TrackPointExtension>
          <gpxpx:PowerExtension>
            <gpxpx:PowerInWatts>306</gpxpx:PowerInWatts>
          </gpxpx:PowerExtension>
        </extensions>
      </trkpt>
      <trkpt lat="41.542998" lon="1.877676">
        <ele>71.98648954485623</ele>
        <time>2026-07-12T06:10:23.411Z</time>
        <extensions>
          <gpxtpx:TrackPointExtension>
            <gpxtpx:hr>149</gpxtpx:hr>
            <gpxtpx:cad>84</gpxtpx:cad>
          </gpxtpx:TrackPointExtension>
          <gpxpx:PowerExtension>
            <gpxpx:PowerInWatts>311</gpxpx:PowerInWatts>
          </gpxpx:PowerExtension>
        </extensions>
      </trkpt>
      <trkpt lat="41.542992" lon="1.877706">
        <ele>71.95233431876086</ele>
        <time>2026-07-12T06:10:24.217Z</time>
        <extensions>
          <gpxtpx:TrackPointExtension>
            <gpxtpx:hr>149</gpxtpx:hr>
            <gpxtpx:cad>83</gpxtpx:cad>
          </gpxtpx:TrackPointExtension>
          <gpxpx:PowerExtension>
            <gpxpx:PowerInWatts>313</gpxpx:PowerInWatts>
          </gpxpx:PowerExtension>
        </extensions>
      </trkpt>
      <trkpt lat="41.542979" lon="1.877747">
        <ele>71.81136106607151</ele>
        <time>2026-07-12T06:10:25.022Z</time>
        <extensions>
          <gpxtpx:TrackPointExtension>
            <gpxtpx:hr>149</gpxtpx:hr>
            <gpxtpx:cad>82</gpxtpx:cad>
          </gpxtpx:TrackPointExtension>
          <gpxpx:PowerExtension>
            <gpxpx:PowerInWatts>314</gpxpx:PowerInWatts>
          </gpxpx:PowerExtension>
        </extensions>
      </trkpt>
      <trkpt lat="41.542971" lon="1.877782">
        <ele>71.74813099747955</ele>
        <time>2026-07-12T06:10:25.828Z</time>
        <extensions>
          <gpxtpx:TrackPointExtension>
            <gpxtpx:hr>150</gpxtpx:hr>
            <gpxtpx:cad>82</gpxtpx:cad>
          </gpxtpx:TrackPointExtension>
          <gpxpx:PowerExtension>
            <gpxpx:PowerInWatts>316</gpxpx:PowerInWatts>
          </gpxpx:PowerExtension>
        </extensions>
      </trkpt>
      <trkpt lat="41.542964" lon="1.877816">
        <ele>71.65951441515932</ele>
        <time>2026-07-12T06:10:26.633Z</time>
        <extensions>
          <gpxtpx:TrackPointExtension>
            <gpxtpx:hr>150</gpxtpx:hr>
            <gpxtpx:cad>83</gpxtpx:cad>
          </gpxtpx:TrackPointExtension>
          <gpxpx:PowerExtension>
            <gpxpx:PowerInWatts>316</gpxpx:PowerInWatts>
          </gpxpx:PowerExtension>
        </extensions>
      </trkpt>
      <trkpt lat="41.542953" lon="1.877855">
        <ele>71.43756411154567</ele>
        <time>2026-07-12T06:10:27.438Z</time>
        <extensions>
          <gpxtpx:TrackPointExtension>
            <gpxtpx:hr>150</gpxtpx:hr>
            <gpxtpx:cad>83</gpxtpx:cad>
          </gpxtpx:TrackPointExtension>
          <gpxpx:PowerExtension>
            <gpxpx:PowerInWatts>317</gpxpx:PowerInWatts>
          </gpxpx:PowerExtension>
        </extensions>
      </trkpt>
      <trkpt lat="41.542948" lon="1.877884">
        <ele>71.34544413367308</ele>
        <time>2026-07-12T06:10:28.244Z</time>
        <extensions>
          <gpxtpx:TrackPointExtension>
            <gpxtpx:hr>151</gpxtpx:hr>
            <gpxtpx:cad>83</gpxtpx:cad>
          </gpxtpx:TrackPointExtension>
          <gpxpx:PowerExtension>
            <gpxpx:PowerInWatts>319</gpxpx:PowerInWatts>
          </gpxpx:PowerExtension>
        </extensions>
      </trkpt>
      <trkpt lat="41.542934" lon="1.877929">
        <ele>71.13142121613662</ele>
        <time>2026-07-12T06:10:29.049Z</time>
        <extensions>
          <gpxtpx:TrackPointExtension>
            <gpxtpx:hr>151</gpxtpx:hr>
            <gpxtpx:cad>84</gpxtpx:cad>
          </gpxtpx:TrackPointExtension>
          <gpxpx:PowerExtension>
            <gpxpx:PowerInWatts>317</gpxpx:PowerInWatts>
          </gpxpx:PowerExtension>
        </extensions>
      </trkpt>
      <trkpt lat="41.542925" lon="1.877964">
        <ele>71.02270000716209</ele>
        <time>2026-07-12T06:10:29.855Z</time>
        <extensions>
          <gpxtpx:TrackPointExtension>
            <gpxtpx:hr>151</gpxtpx:hr>
            <gpxtpx:cad>84</gpxtpx:cad>
          </gpxtpx:TrackPointExtension>
          <gpxpx:PowerExtension>
            <gpxpx:PowerInWatts>319</gpxpx:PowerInWatts>
          </gpxpx:PowerExtension>
        </extensions>
      </trkpt>
      <trkpt lat="41.542915" lon="1.878006">
        <ele>70.8890790361101</ele>
        <time>2026-07-12T06:10:30.660Z</time>
        <extensions>
          <gpxtpx:TrackPointExtension>
            <gpxtpx:hr>151</gpxtpx:hr>
            <gpxtpx:cad>84</gpxtpx:cad>
          </gpxtpx:TrackPointExtension>
          <gpxpx:PowerExtension>
            <gpxpx:PowerInWatts>319</gpxpx:PowerInWatts>
          </gpxpx:PowerExtension>
        </extensions>
      </trkpt>
      <trkpt lat="41.5429" lon="1.878047">
        <ele>70.68615512318138</ele>
        <time>2026-07-12T06:10:31.465Z</time>
        <extensions>
          <gpxtpx:TrackPointExtension>
            <gpxtpx:hr>151</gpxtpx:hr>
            <gpxtpx:cad>83</gpxtpx:cad>
          </gpxtpx:TrackPointExtension>
          <gpxpx:PowerExtension>
            <gpxpx:PowerInWatts>321</gpxpx:PowerInWatts>
          </gpxpx:PowerExtension>
        </extensions>
      </trkpt>
      <trkpt lat="41.542895" lon="1.87808">
        <ele>70.61641471648021</ele>
        <time>2026-07-12T06:10:32.271Z</time>
        <extensions>
          <gpxtpx:TrackPointExtension>
            <gpxtpx:hr>150</gpxtpx:hr>
            <gpxtpx:cad>83</gpxtpx:cad>
          </gpxtpx:TrackPointExtension>
          <gpxpx:PowerExtension>
            <gpxpx:PowerInWatts>324</gpxpx:PowerInWatts>
          </gpxpx:PowerExtension>
        </extensions>
      </trkpt>
      <trkpt lat="41.542881" lon="1.878125">
        <ele>70.49335454930309</ele>
        <time>2026-07-12T06:10:33.077Z</time>
        <extensions>
          <gpxtpx:TrackPointExtension>
            <gpxtpx:hr>151</gpxtpx:hr>
            <gpxtpx:cad>83</gpxtpx:cad>
          </gpxtpx:TrackPointExtension>
          <gpxpx:PowerExtension>
            <gpxpx:PowerInWatts>325</gpxpx:PowerInWatts>
          </gpxpx:PowerExtension>
        </extensions>
      </trkpt>
      <trkpt lat="41.542879" lon="1.878161">
        <ele>70.51570915224305</ele>
        <time>2026-07-12T06:10:33.883Z</time>
        <extensions>
          <gpxtpx:TrackPointExtension>
            <gpxtpx:hr>151</gpxtpx:hr>
            <gpxtpx:cad>84</gpxtpx:cad>
          </gpxtpx:TrackPointExtension>
          <gpxpx:PowerExtension>
            <gpxpx:PowerInWatts>325</gpxpx:PowerInWatts>
          </gpxpx:PowerExtension>
        </extensions>
      </trkpt>
      <trkpt lat="41.542874" lon="1.878201">
        <ele>70.58906985589414</ele>
        <time>2026-07-12T06:10:34.688Z</time>
        <extensions>
          <gpxtpx:TrackPointExtension>
            <gpxtpx:hr>151</gpxtpx:hr>
            <gpxtpx:cad>84</gpxtpx:cad>
          </gpxtpx:TrackPointExtension>
          <gpxpx:PowerExtension>
            <gpxpx:PowerInWatts>327</gpxpx:PowerInWatts>
          </gpxpx:PowerExtension>
        </extensions>
      </trkpt>
      <trkpt lat="41.54287" lon="1.878247">
        <ele>70.67717616275235</ele>
        <time>2026-07-12T06:10:35.494Z</time>
        <extensions>
          <gpxtpx:TrackPointExtension>
            <gpxtpx:hr>151</gpxtpx:hr>
            <gpxtpx:cad>84</gpxtpx:cad>
          </gpxtpx:TrackPointExtension>
          <gpxpx:PowerExtension>
            <gpxpx:PowerInWatts>326</gpxpx:PowerInWatts>
          </gpxpx:PowerExtension>
        </extensions>
      </trkpt>
      <trkpt lat="41.542868" lon="1.878286">
        <ele>70.75865470437712</ele>
        <time>2026-07-12T06:10:36.299Z</time>
        <extensions>
          <gpxtpx:TrackPointExtension>
            <gpxtpx:hr>151</gpxtpx:hr>
            <gpxtpx:cad>84</gpxtpx:cad>
          </gpxtpx:TrackPointExtension>
          <gpxpx:PowerExtension>
            <gpxpx:PowerInWatts>327</gpxpx:PowerInWatts>
          </gpxpx:PowerExtension>
        </extensions>
      </trkpt>
      <trkpt lat="41.542865" lon="1.878335">
        <ele>70.82972975999658</ele>
        <time>2026-07-12T06:10:37.104Z</time>
        <extensions>
          <gpxtpx:TrackPointExtension>
            <gpxtpx:hr>151</gpxtpx:hr>
            <gpxtpx:cad>84</gpxtpx:cad>
          </gpxtpx:TrackPointExtension>
          <gpxpx:PowerExtension>
            <gpxpx:PowerInWatts>328</gpxpx:PowerInWatts>
          </gpxpx:PowerExtension>
        </extensions>
      </trkpt>
      <trkpt lat="41.542866" lon="1.878369">
        <ele>70.88141404221582</ele>
        <time>2026-07-12T06:10:37.910Z</time>
        <extensions>
          <gpxtpx:TrackPointExtension>
            <gpxtpx:hr>151</gpxtpx:hr>
            <gpxtpx:cad>83</gpxtpx:cad>
          </gpxtpx:TrackPointExtension>
          <gpxpx:PowerExtension>
            <gpxpx:PowerInWatts>330</gpxpx:PowerInWatts>
          </gpxpx:PowerExtension>
        </extensions>
      </trkpt>
      <trkpt lat="41.542864" lon="1.878407">
        <ele>70.90503022858883</ele>
        <time>2026-07-12T06:10:38.715Z</time>
        <extensions>
          <gpxtpx:TrackPointExtension>
            <gpxtpx:hr>151</gpxtpx:hr>
            <gpxtpx:cad>83</gpxtpx:cad>
          </gpxtpx:TrackPointExtension>
          <gpxpx:PowerExtension>
            <gpxpx:PowerInWatts>334</gpxpx:PowerInWatts>
          </gpxpx:PowerExtension>
        </extensions>
      </trkpt>
      <trkpt lat="41.54286" lon="1.878444">
        <ele>70.90403202805298</ele>
        <time>2026-07-12T06:10:39.521Z</time>
        <extensions>
          <gpxtpx:TrackPointExtension>
            <gpxtpx:hr>151</gpxtpx:hr>
            <gpxtpx:cad>84</gpxtpx:cad>
          </gpxtpx:TrackPointExtension>
          <gpxpx:PowerExtension>
            <gpxpx:PowerInWatts>333</gpxpx:PowerInWatts>
          </gpxpx:PowerExtension>
        </extensions>
      </trkpt>
      <trkpt lat="41.54286" lon="1.878475">
        <ele>70.94037907428623</ele>
        <time>2026-07-12T06:10:40.326Z</time>
        <extensions>
          <gpxtpx:TrackPointExtension>
            <gpxtpx:hr>151</gpxtpx:hr>
            <gpxtpx:cad>85</gpxtpx:cad>
          </gpxtpx:TrackPointExtension>
          <gpxpx:PowerExtension>
            <gpxpx:PowerInWatts>331</gpxpx:PowerInWatts>
          </gpxpx:PowerExtension>
        </extensions>
      </trkpt>
      <trkpt lat="41.542859" lon="1.878516">
        <ele>70.95552308647338</ele>
        <time>2026-07-12T06:10:41.131Z</time>
        <extensions>
          <gpxtpx:TrackPointExtension>
            <gpxtpx:hr>151</gpxtpx:hr>
            <gpxtpx:cad>85</gpxtpx:cad>
          </gpxtpx:TrackPointExtension>
          <gpxpx:PowerExtension>
            <gpxpx:PowerInWatts>333</gpxpx:PowerInWatts>
          </gpxpx:PowerExtension>
        </extensions>
      </trkpt>
      <trkpt lat="41.542857" lon="1.878545">
        <ele>70.94190855368561</ele>
        <time>2026-07-12T06:10:41.937Z</time>
        <extensions>
          <gpxtpx:TrackPointExtension>
            <gpxtpx:hr>151</gpxtpx:hr>
            <gpxtpx:cad>85</gpxtpx:cad>
          </gpxtpx:TrackPointExtension>
          <gpxpx:PowerExtension>
            <gpxpx:PowerInWatts>334</gpxpx:PowerInWatts>
          </gpxpx:PowerExtension>
        </extensions>
      </trkpt>
      <trkpt lat="41.542851" lon="1.878593">
        <ele>70.88707804963862</ele>
        <time>2026-07-12T06:10:42.743Z</time>
        <extensions>
          <gpxtpx:TrackPointExtension>
            <gpxtpx:hr>151</gpxtpx:hr>
            <gpxtpx:cad>85</gpxtpx:cad>
          </gpxtpx:TrackPointExtension>
          <gpxpx:PowerExtension>
            <gpxpx:PowerInWatts>337</gpxpx:PowerInWatts>
          </gpxpx:PowerExtension>
        </extensions>
      </trkpt>
      <trkpt lat="41.542849" lon="1.878629">
        <ele>70.87476538310142</ele>
        <time>2026-07-12T06:10:43.549Z</time>
        <extensions>
          <gpxtpx:TrackPointExtension>
            <gpxtpx:hr>151</gpxtpx:hr>
            <gpxtpx:cad>85</gpxtpx:cad>
          </gpxtpx:TrackPointExtension>
          <gpxpx:PowerExtension>
            <gpxpx:PowerInWatts>341</gpxpx:PowerInWatts>
          </gpxpx:PowerExtension>
        </extensions>
      </trkpt>
      <trkpt lat="41.542851" lon="1.878675">
        <ele>70.92201614013028</ele>
        <time>2026-07-12T06:10:44.354Z</time>
        <extensions>
          <gpxtpx:TrackPointExtension>
            <gpxtpx:hr>151</gpxtpx:hr>
            <gpxtpx:cad>85</gpxtpx:cad>
          </gpxtpx:TrackPointExtension>
          <gpxpx:PowerExtension>
            <gpxpx:PowerInWatts>342</gpxpx:PowerInWatts>
          </gpxpx:PowerExtension>
        </extensions>
      </trkpt>
      <trkpt lat="41.542848" lon="1.878717">
        <ele>70.93031092493547</ele>
        <time>2026-07-12T06:10:45.159Z</time>
        <extensions>
          <gpxtpx:TrackPointExtension>
            <gpxtpx:hr>151</gpxtpx:hr>
            <gpxtpx:cad>86</gpxtpx:cad>
          </gpxtpx:TrackPointExtension>
          <gpxpx:PowerExtension>
            <gpxpx:PowerInWatts>341</gpxpx:PowerInWatts>
          </gpxpx:PowerExtension>
        </extensions>
      </trkpt>
      <trkpt lat="41.542849" lon="1.878755">
        <ele>70.98079144050183</ele>
        <time>2026-07-12T06:10:45.965Z</time>
        <extensions>
          <gpxtpx:TrackPointExtension>
            <gpxtpx:hr>151</gpxtpx:hr>
            <gpxtpx:cad>85</gpxtpx:cad>
          </gpxtpx:TrackPointExtension>
          <gpxpx:PowerExtension>
            <gpxpx:PowerInWatts>345</gpxpx:PowerInWatts>
          </gpxpx:PowerExtension>
        </extensions>
      </trkpt>
      <trkpt lat="41.542842" lon="1.878801">
        <ele>70.95520206058708</ele>
        <time>2026-07-12T06:10:46.770Z</time>
        <extensions>
          <gpxtpx:TrackPointExtension>
            <gpxtpx:hr>151</gpxtpx:hr>
            <gpxtpx:cad>85</gpxtpx:cad>
          </gpxtpx:TrackPointExtension>
          <gpxpx:PowerExtension>
            <gpxpx:PowerInWatts>345</gpxpx:PowerInWatts>
          </gpxpx:PowerExtension>
        </extensions>
      </trkpt>
      <trkpt lat="41.542837" lon="1.878836">
        <ele>70.9442260780758</ele>
        <time>2026-07-12T06:10:47.576Z</time>
        <extensions>
          <gpxtpx:TrackPointExtension>
            <gpxtpx:hr>151</gpxtpx:hr>
            <gpxtpx:cad>84</gpxtpx:cad>
          </gpxtpx:TrackPointExtension>
          <gpxpx:PowerExtension>
            <gpxpx:PowerInWatts>349</gpxpx:PowerInWatts>
          </gpxpx:PowerExtension>
        </extensions>
      </trkpt>
      <trkpt lat="41.542832" lon="1.878885">
        <ele>70.9668056231163</ele>
        <time>2026-07-12T06:10:48.381Z</time>
        <extensions>
          <gpxtpx:TrackPointExtension>
            <gpxtpx:hr>151</gpxtpx:hr>
            <gpxtpx:cad>84</gpxtpx:cad>
          </gpxtpx:TrackPointExtension>
          <gpxpx:PowerExtension>
            <gpxpx:PowerInWatts>351</gpxpx:PowerInWatts>
          </gpxpx:PowerExtension>
        </extensions>
      </trkpt>
      <trkpt lat="41.542828" lon="1.878928">
        <ele>70.99819529537378</ele>
        <time>2026-07-12T06:10:49.186Z</time>
        <extensions>
          <gpxtpx:TrackPointExtension>
            <gpxtpx:hr>151</gpxtpx:hr>
            <gpxtpx:cad>84</gpxtpx:cad>
          </gpxtpx:TrackPointExtension>
          <gpxpx:PowerExtension>
            <gpxpx:PowerInWatts>350</gpxpx:PowerInWatts>
          </gpxpx:PowerExtension>
        </extensions>
      </trkpt>
      <trkpt lat="41.542826" lon="1.878965">
        <ele>71.04151523673467</ele>
        <time>2026-07-12T06:10:49.992Z</time>
        <extensions>
          <gpxtpx:TrackPointExtension>
            <gpxtpx:hr>151</gpxtpx:hr>
            <gpxtpx:cad>84</gpxtpx:cad>
          </gpxtpx:TrackPointExtension>
          <gpxpx:PowerExtension>
            <gpxpx:PowerInWatts>351</gpxpx:PowerInWatts>
          </gpxpx:PowerExtension>
        </extensions>
      </trkpt>
      <trkpt lat="41.542822" lon="1.879011">
        <ele>71.08017264441797</ele>
        <time>2026-07-12T06:10:50.797Z</time>
        <extensions>
          <gpxtpx:TrackPointExtension>
            <gpxtpx:hr>151</gpxtpx:hr>
            <gpxtpx:cad>85</gpxtpx:cad>
          </gpxtpx:TrackPointExtension>
          <gpxpx:PowerExtension>
            <gpxpx:PowerInWatts>350</gpxpx:PowerInWatts>
          </gpxpx:PowerExtension>
        </extensions>
      </trkpt>
      <trkpt lat="41.542818" lon="1.879044">
        <ele>71.04876713432404</ele>
        <time>2026-07-12T06:10:51.603Z</time>
        <extensions>
          <gpxtpx:TrackPointExtension>
            <gpxtpx:hr>151</gpxtpx:hr>
            <gpxtpx:cad>85</gpxtpx:cad>
          </gpxtpx:TrackPointExtension>
          <gpxpx:PowerExtension>
            <gpxpx:PowerInWatts>348</gpxpx:PowerInWatts>
          </gpxpx:PowerExtension>
        </extensions>
      </trkpt>
      <trkpt lat="41.542815" lon="1.879093">
        <ele>71.01710277835696</ele>
        <time>2026-07-12T06:10:52.409Z</time>
        <extensions>
          <gpxtpx:TrackPointExtension>
            <gpxtpx:hr>151</gpxtpx:hr>
            <gpxtpx:cad>85</gpxtpx:cad>
          </gpxtpx:TrackPointExtension>
          <gpxpx:PowerExtension>
            <gpxpx:PowerInWatts>349</gpxpx:PowerInWatts>
          </gpxpx:PowerExtension>
        </extensions>
      </trkpt>
      <trkpt lat="41.542812" lon="1.879132">
        <ele>70.98284176915254</ele>
        <time>2026-07-12T06:10:53.215Z</time>
        <extensions>
          <gpxtpx:TrackPointExtension>
            <gpxtpx:hr>152</gpxtpx:hr>
            <gpxtpx:cad>85</gpxtpx:cad>
          </gpxtpx:TrackPointExtension>
          <gpxpx:PowerExtension>
            <gpxpx:PowerInWatts>348</gpxpx:PowerInWatts>
          </gpxpx:PowerExtension>
        </extensions>
      </trkpt>
      <trkpt lat="41.542811" lon="1.879174">
        <ele>70.96241662859062</ele>
        <time>2026-07-12T06:10:54.020Z</time>
        <extensions>
          <gpxtpx:TrackPointExtension>
            <gpxtpx:hr>151</gpxtpx:hr>
            <gpxtpx:cad>85</gpxtpx:cad>
          </gpxtpx:TrackPointExtension>
          <gpxpx:PowerExtension>
            <gpxpx:PowerInWatts>348</gpxpx:PowerInWatts>
          </gpxpx:PowerExtension>
        </extensions>
      </trkpt>
      <trkpt lat="41.542807" lon="1.879213">
        <ele>70.84191014585701</ele>
        <time>2026-07-12T06:10:54.825Z</time>
        <extensions>
          <gpxtpx:TrackPointExtension>
            <gpxtpx:hr>151</gpxtpx:hr>
            <gpxtpx:cad>84</gpxtpx:cad>
          </gpxtpx:TrackPointExtension>
          <gpxpx:PowerExtension>
            <gpxpx:PowerInWatts>350</gpxpx:PowerInWatts>
          </gpxpx:PowerExtension>
        </extensions>
      </trkpt>
      <trkpt lat="41.542803" lon="1.879249">
        <ele>70.72144224226389</ele>
        <time>2026-07-12T06:10:55.631Z</time>
        <extensions>
          <gpxtpx:TrackPointExtension>
            <gpxtpx:hr>152</gpxtpx:hr>
            <gpxtpx:cad>84</gpxtpx:cad>
          </gpxtpx:TrackPointExtension>
          <gpxpx:PowerExtension>
            <gpxpx:PowerInWatts>349</gpxpx:PowerInWatts>
          </gpxpx:PowerExtension>
        </extensions>
      </trkpt>
      <trkpt lat="41.542799" lon="1.879294">
        <ele>70.57976125580936</ele>
        <time>2026-07-12T06:10:56.436Z</time>
        <extensions>
          <gpxtpx:TrackPointExtension>
            <gpxtpx:hr>151</gpxtpx:hr>
            <gpxtpx:cad>84</gpxtpx:cad>
          </gpxtpx:TrackPointExtension>
          <gpxpx:PowerExtension>
            <gpxpx:PowerInWatts>348</gpxpx:PowerInWatts>
          </gpxpx:PowerExtension>
        </extensions>
      </trkpt>
      <trkpt lat="41.542799" lon="1.87933">
        <ele>70.49735730003118</ele>
        <time>2026-07-12T06:10:57.242Z</time>
        <extensions>
          <gpxtpx:TrackPointExtension>
            <gpxtpx:hr>151</gpxtpx:hr>
            <gpxtpx:cad>85</gpxtpx:cad>
          </gpxtpx:TrackPointExtension>
          <gpxpx:PowerExtension>
            <gpxpx:PowerInWatts>346</gpxpx:PowerInWatts>
          </gpxpx:PowerExtension>
        </extensions>
      </trkpt>
      <trkpt lat="41.542797" lon="1.87938">
        <ele>70.43582376387052</ele>
        <time>2026-07-12T06:10:58.047Z</time>
        <extensions>
          <gpxtpx:TrackPointExtension>
            <gpxtpx:hr>152</gpxtpx:hr>
            <gpxtpx:cad>86</gpxtpx:cad>
          </gpxtpx:TrackPointExtension>
          <gpxpx:PowerExtension>
            <gpxpx:PowerInWatts>344</gpxpx:PowerInWatts>
          </gpxpx:PowerExtension>
        </extensions>
      </trkpt>
      <trkpt lat="41.542794" lon="1.879415">
        <ele>70.40818228733323</ele>
        <time>2026-07-12T06:10:58.852Z</time>
        <extensions>
          <gpxtpx:TrackPointExtension>
            <gpxtpx:hr>152</gpxtpx:hr>
            <gpxtpx:cad>86</gpxtpx:cad>
          </gpxtpx:TrackPointExtension>
          <gpxpx:PowerExtension>
            <gpxpx:PowerInWatts>343</gpxpx:PowerInWatts>
          </gpxpx:PowerExtension>
        </extensions>
      </trkpt>
      <trkpt lat="41.542786" lon="1.879451">
        <ele>70.333748777204</ele>
        <time>2026-07-12T06:10:59.658Z</time>
        <extensions>
          <gpxtpx:TrackPointExtension>
            <gpxtpx:hr>152</gpxtpx:hr>
            <gpxtpx:cad>86</gpxtpx:cad>
          </gpxtpx:TrackPointExtension>
          <gpxpx:PowerExtension>
            <gpxpx:PowerInWatts>345</gpxpx:PowerInWatts>
          </gpxpx:PowerExtension>
        </extensions>
      </trkpt>
      <trkpt lat="41.542775" lon="1.879491">
        <ele>70.23364163953642</ele>
        <time>2026-07-12T06:11:00.463Z</time>
        <extensions>
          <gpxtpx:TrackPointExtension>
            <gpxtpx:hr>151</gpxtpx:hr>
            <gpxtpx:cad>86</gpxtpx:cad>
          </gpxtpx:TrackPointExtension>
          <gpxpx:PowerExtension>
            <gpxpx:PowerInWatts>345</gpxpx:PowerInWatts>
          </gpxpx:PowerExtension>
        </extensions>
      </trkpt>
      <trkpt lat="41.542774" lon="1.879529">
        <ele>70.24898993665283</ele>
        <time>2026-07-12T06:11:01.269Z</time>
        <extensions>
          <gpxtpx:TrackPointExtension>
            <gpxtpx:hr>152</gpxtpx:hr>
            <gpxtpx:cad>85</gpxtpx:cad>
          </gpxtpx:TrackPointExtension>
          <gpxpx:PowerExtension>
            <gpxpx:PowerInWatts>346</gpxpx:PowerInWatts>
          </gpxpx:PowerExtension>
        </extensions>
      </trkpt>
      <trkpt lat="41.542772" lon="1.87957">
        <ele>70.33194072547938</ele>
        <time>2026-07-12T06:11:02.075Z</time>
        <extensions>
          <gpxtpx:TrackPointExtension>
            <gpxtpx:hr>152</gpxtpx:hr>
            <gpxtpx:cad>85</gpxtpx:cad>
          </gpxtpx:TrackPointExtension>
          <gpxpx:PowerExtension>
            <gpxpx:PowerInWatts>345</gpxpx:PowerInWatts>
          </gpxpx:PowerExtension>
        </extensions>
      </trkpt>
      <trkpt lat="41.542772" lon="1.879608">
        <ele>70.42600238403742</ele>
        <time>2026-07-12T06:11:02.880Z</time>
        <extensions>
          <gpxtpx:TrackPointExtension>
            <gpxtpx:hr>152</gpxtpx:hr>
            <gpxtpx:cad>85</gpxtpx:cad>
          </gpxtpx:TrackPointExtension>
          <gpxpx:PowerExtension>
            <gpxpx:PowerInWatts>344</gpxpx:PowerInWatts>
          </gpxpx:PowerExtension>
        </extensions>
      </trkpt>
      <trkpt lat="41.54277" lon="1.879645">
        <ele>70.49917521544903</ele>
        <time>2026-07-12T06:11:03.686Z</time>
        <extensions>
          <gpxtpx:TrackPointExtension>
            <gpxtpx:hr>152</gpxtpx:hr>
            <gpxtpx:cad>86</gpxtpx:cad>
          </gpxtpx:TrackPointExtension>
          <gpxpx:PowerExtension>
            <gpxpx:PowerInWatts>342</gpxpx:PowerInWatts>
          </gpxpx:PowerExtension>
        </extensions>
      </trkpt>
      <trkpt lat="41.542772" lon="1.879686">
        <ele>70.61907631487637</ele>
        <time>2026-07-12T06:11:04.491Z</time>
        <extensions>
          <gpxtpx:TrackPointExtension>
            <gpxtpx:hr>152</gpxtpx:hr>
            <gpxtpx:cad>86</gpxtpx:cad>
          </gpxtpx:TrackPointExtension>
          <gpxpx:PowerExtension>
            <gpxpx:PowerInWatts>340</gpxpx:PowerInWatts>
          </gpxpx:PowerExtension>
        </extensions>
      </trkpt>
      <trkpt lat="41.542774" lon="1.87972">
        <ele>70.65580234368127</ele>
        <time>2026-07-12T06:11:05.297Z</time>
        <extensions>
          <gpxtpx:TrackPointExtension>
            <gpxtpx:hr>152</gpxtpx:hr>
            <gpxtpx:cad>86</gpxtpx:cad>
          </gpxtpx:TrackPointExtension>
          <gpxpx:PowerExtension>
            <gpxpx:PowerInWatts>340</gpxpx:PowerInWatts>
          </gpxpx:PowerExtension>
        </extensions>
      </trkpt>
      <trkpt lat="41.542776" lon="1.879762">
        <ele>70.68004910804318</ele>
        <time>2026-07-12T06:11:06.102Z</time>
        <extensions>
          <gpxtpx:TrackPointExtension>
            <gpxtpx:hr>152</gpxtpx:hr>
            <gpxtpx:cad>87</gpxtpx:cad>
          </gpxtpx:TrackPointExtension>
          <gpxpx:PowerExtension>
            <gpxpx:PowerInWatts>338</gpxpx:PowerInWatts>
          </gpxpx:PowerExtension>
        </extensions>
      </trkpt>
      <trkpt lat="41.542779" lon="1.879792">
        <ele>70.71345366799449</ele>
        <time>2026-07-12T06:11:06.907Z</time>
        <extensions>
          <gpxtpx:TrackPointExtension>
            <gpxtpx:hr>152</gpxtpx:hr>
            <gpxtpx:cad>87</gpxtpx:cad>
          </gpxtpx:TrackPointExtension>
          <gpxpx:PowerExtension>
            <gpxpx:PowerInWatts>338</gpxpx:PowerInWatts>
          </gpxpx:PowerExtension>
        </extensions>
      </trkpt>
      <trkpt lat="41.542776" lon="1.879833">
        <ele>70.68939271622557</ele>
        <time>2026-07-12T06:11:07.713Z</time>
        <extensions>
          <gpxtpx:TrackPointExtension>
            <gpxtpx:hr>152</gpxtpx:hr>
            <gpxtpx:cad>87</gpxtpx:cad>
          </gpxtpx:TrackPointExtension>
          <gpxpx:PowerExtension>
            <gpxpx:PowerInWatts>339</gpxpx:PowerInWatts>
          </gpxpx:PowerExtension>
        </extensions>
      </trkpt>
      <trkpt lat="41.542778" lon="1.879867">
        <ele>70.7102747642901</ele>
        <time>2026-07-12T06:11:08.518Z</time>
        <extensions>
          <gpxtpx:TrackPointExtension>
            <gpxtpx:hr>152</gpxtpx:hr>
            <gpxtpx:cad>86</gpxtpx:cad>
          </gpxtpx:TrackPointExtension>
          <gpxpx:PowerExtension>
            <gpxpx:PowerInWatts>340</gpxpx:PowerInWatts>
          </gpxpx:PowerExtension>
        </extensions>
      </trkpt>
      <trkpt lat="41.542781" lon="1.879907">
        <ele>70.69855971179223</ele>
        <time>2026-07-12T06:11:09.324Z</time>
        <extensions>
          <gpxtpx:TrackPointExtension>
            <gpxtpx:hr>153</gpxtpx:hr>
            <gpxtpx:cad>85</gpxtpx:cad>
          </gpxtpx:TrackPointExtension>
          <gpxpx:PowerExtension>
            <gpxpx:PowerInWatts>341</gpxpx:PowerInWatts>
          </gpxpx:PowerExtension>
        </extensions>
      </trkpt>
      <trkpt lat="41.542781" lon="1.879944">
        <ele>70.65899510659898</ele>
        <time>2026-07-12T06:11:10.129Z</time>
        <extensions>
          <gpxtpx:TrackPointExtension>
            <gpxtpx:hr>152</gpxtpx:hr>
            <gpxtpx:cad>85</gpxtpx:cad>
          </gpxtpx:TrackPointExtension>
          <gpxpx:PowerExtension>
            <gpxpx:PowerInWatts>341</gpxpx:PowerInWatts>
          </gpxpx:PowerExtension>
        </extensions>
      </trkpt>
      <trkpt lat="41.54278" lon="1.879985">
        <ele>70.60204206622159</ele>
        <time>2026-07-12T06:11:10.935Z</time>
        <extensions>
          <gpxtpx:TrackPointExtension>
            <gpxtpx:hr>152</gpxtpx:hr>
            <gpxtpx:cad>85</gpxtpx:cad>
          </gpxtpx:TrackPointExtension>
          <gpxpx:PowerExtension>
            <gpxpx:PowerInWatts>341</gpxpx:PowerInWatts>
          </gpxpx:PowerExtension>
        </extensions>
      </trkpt>
      <trkpt lat="41.542781" lon="1.880023">
        <ele>70.57451932801706</ele>
        <time>2026-07-12T06:11:11.741Z</time>
        <extensions>
          <gpxtpx:TrackPointExtension>
            <gpxtpx:hr>152</gpxtpx:hr>
            <gpxtpx:cad>85</gpxtpx:cad>
          </gpxtpx:TrackPointExtension>
          <gpxpx:PowerExtension>
            <gpxpx:PowerInWatts>341</gpxpx:PowerInWatts>
          </gpxpx:PowerExtension>
        </extensions>
      </trkpt>
      <trkpt lat="41.542782" lon="1.880055">
        <ele>70.5813152538825</ele>
        <time>2026-07-12T06:11:12.546Z</time>
        <extensions>
          <gpxtpx:TrackPointExtension>
            <gpxtpx:hr>152</gpxtpx:hr>
            <gpxtpx:cad>85</gpxtpx:cad>
          </gpxtpx:TrackPointExtension>
          <gpxpx:PowerExtension>
            <gpxpx:PowerInWatts>340</gpxpx:PowerInWatts>
          </gpxpx:PowerExtension>
        </extensions>
      </trkpt>
      <trkpt lat="41.542786" lon="1.880093">
        <ele>70.65716137940261</ele>
        <time>2026-07-12T06:11:13.352Z</time>
        <extensions>
          <gpxtpx:TrackPointExtension>
            <gpxtpx:hr>152</gpxtpx:hr>
            <gpxtpx:cad>85</gpxtpx:cad>
          </gpxtpx:TrackPointExtension>
          <gpxpx:PowerExtension>
            <gpxpx:PowerInWatts>340</gpxpx:PowerInWatts>
          </gpxpx:PowerExtension>
        </extensions>
      </trkpt>
      <trkpt lat="41.54279" lon="1.880121">
        <ele>70.73736524336505</ele>
        <time>2026-07-12T06:11:14.157Z</time>
        <extensions>
          <gpxtpx:TrackPointExtension>
            <gpxtpx:hr>152</gpxtpx:hr>
            <gpxtpx:cad>85</gpxtpx:cad>
          </gpxtpx:TrackPointExtension>
          <gpxpx:PowerExtension>
            <gpxpx:PowerInWatts>339</gpxpx:PowerInWatts>
          </gpxpx:PowerExtension>
        </extensions>
      </trkpt>
      <trkpt lat="41.542794" lon="1.880163">
        <ele>70.83446269273274</ele>
        <time>2026-07-12T06:11:14.963Z</time>
        <extensions>
          <gpxtpx:TrackPointExtension>
            <gpxtpx:hr>153</gpxtpx:hr>
            <gpxtpx:cad>86</gpxtpx:cad>
          </gpxtpx:TrackPointExtension>
          <gpxpx:PowerExtension>
            <gpxpx:PowerInWatts>339</gpxpx:PowerInWatts>
          </gpxpx:PowerExtension>
        </extensions>
      </trkpt>
      <trkpt lat="41.542799" lon="1.880199">
        <ele>70.95723706556662</ele>
        <time>2026-07-12T06:11:15.768Z</time>
        <extensions>
          <gpxtpx:TrackPointExtension>
            <gpxtpx:hr>152</gpxtpx:hr>
            <gpxtpx:cad>86</gpxtpx:cad>
          </gpxtpx:TrackPointExtension>
          <gpxpx:PowerExtension>
            <gpxpx:PowerInWatts>339</gpxpx:PowerInWatts>
          </gpxpx:PowerExtension>
        </extensions>
      </trkpt>
      <trkpt lat="41.542803" lon="1.880236">
        <ele>71.1255227724066</ele>
        <time>2026-07-12T06:11:16.573Z</time>
        <extensions>
          <gpxtpx:TrackPointExtension>
            <gpxtpx:hr>152</gpxtpx:hr>
            <gpxtpx:cad>86</gpxtpx:cad>
          </gpxtpx:TrackPointExtension>
          <gpxpx:PowerExtension>
            <gpxpx:PowerInWatts>341</gpxpx:PowerInWatts>
          </gpxpx:PowerExtension>
        </extensions>
      </trkpt>
      <trkpt lat="41.542806" lon="1.88027">
        <ele>71.28315359650611</ele>
        <time>2026-07-12T06:11:17.379Z</time>
        <extensions>
          <gpxtpx:TrackPointExtension>
            <gpxtpx:hr>152</gpxtpx:hr>
            <gpxtpx:cad>86</gpxtpx:cad>
          </gpxtpx:TrackPointExtension>
          <gpxpx:PowerExtension>
            <gpxpx:PowerInWatts>346</gpxpx:PowerInWatts>
          </gpxpx:PowerExtension>
        </extensions>
      </trkpt>
      <trkpt lat="41.542811" lon="1.880303">
        <ele>71.48131180867736</ele>
        <time>2026-07-12T06:11:18.184Z</time>
        <extensions>
          <gpxtpx:TrackPointExtension>
            <gpxtpx:hr>152</gpxtpx:hr>
            <gpxtpx:cad>86</gpxtpx:cad>
          </gpxtpx:TrackPointExtension>
          <gpxpx:PowerExtension>
            <gpxpx:PowerInWatts>350</gpxpx:PowerInWatts>
          </gpxpx:PowerExtension>
        </extensions>
      </trkpt>
      <trkpt lat="41.542812" lon="1.88035">
        <ele>71.63901367449408</ele>
        <time>2026-07-12T06:11:18.990Z</time>
        <extensions>
          <gpxtpx:TrackPointExtension>
            <gpxtpx:hr>152</gpxtpx:hr>
            <gpxtpx:cad>86</gpxtpx:cad>
          </gpxtpx:TrackPointExtension>
          <gpxpx:PowerExtension>
            <gpxpx:PowerInWatts>355</gpxpx:PowerInWatts>
          </gpxpx:PowerExtension>
        </extensions>
      </trkpt>
      <trkpt lat="41.542816" lon="1.880393">
        <ele>71.86001103028913</ele>
        <time>2026-07-12T06:11:19.795Z</time>
        <extensions>
          <gpxtpx:TrackPointExtension>
            <gpxtpx:hr>152</gpxtpx:hr>
            <gpxtpx:cad>87</gpxtpx:cad>
          </gpxtpx:TrackPointExtension>
          <gpxpx:PowerExtension>
            <gpxpx:PowerInWatts>359</gpxpx:PowerInWatts>
          </gpxpx:PowerExtension>
        </extensions>
      </trkpt>
      <trkpt lat="41.54281" lon="1.880437">
        <ele>71.90119449981853</ele>
        <time>2026-07-12T06:11:20.601Z</time>
        <extensions>
          <gpxtpx:TrackPointExtension>
            <gpxtpx:hr>151</gpxtpx:hr>
            <gpxtpx:cad>88</gpxtpx:cad>
          </gpxtpx:TrackPointExtension>
          <gpxpx:PowerExtension>
            <gpxpx:PowerInWatts>364</gpxpx:PowerInWatts>
          </gpxpx:PowerExtension>
        </extensions>
      </trkpt>
      <trkpt lat="41.542811" lon="1.880467">
        <ele>72.03376845063981</ele>
        <time>2026-07-12T06:11:21.407Z</time>
        <extensions>
          <gpxtpx:TrackPointExtension>
            <gpxtpx:hr>152</gpxtpx:hr>
            <gpxtpx:cad>88</gpxtpx:cad>
          </gpxtpx:TrackPointExtension>
          <gpxpx:PowerExtension>
            <gpxpx:PowerInWatts>371</gpxpx:PowerInWatts>
          </gpxpx:PowerExtension>
        </extensions>
      </trkpt>
      <trkpt lat="41.542809" lon="1.880511">
        <ele>72.1652063671086</ele>
        <time>2026-07-12T06:11:22.212Z</time>
        <extensions>
          <gpxtpx:TrackPointExtension>
            <gpxtpx:hr>152</gpxtpx:hr>
            <gpxtpx:cad>88</gpxtpx:cad>
          </gpxtpx:TrackPointExtension>
          <gpxpx:PowerExtension>
            <gpxpx:PowerInWatts>375</gpxpx:PowerInWatts>
          </gpxpx:PowerExtension>
        </extensions>
      </trkpt>
      <trkpt lat="41.542803" lon="1.880546">
        <ele>72.20325081084613</ele>
        <time>2026-07-12T06:11:23.018Z</time>
        <extensions>
          <gpxtpx:TrackPointExtension>
            <gpxtpx:hr>152</gpxtpx:hr>
            <gpxtpx:cad>87</gpxtpx:cad>
          </gpxtpx:TrackPointExtension>
          <gpxpx:PowerExtension>
            <gpxpx:PowerInWatts>381</gpxpx:PowerInWatts>
          </gpxpx:PowerExtension>
        </extensions>
      </trkpt>
      <trkpt lat="41.542797" lon="1.880576">
        <ele>72.29986903010581</ele>
        <time>2026-07-12T06:11:23.823Z</time>
        <extensions>
          <gpxtpx:TrackPointExtension>
            <gpxtpx:hr>153</gpxtpx:hr>
            <gpxtpx:cad>86</gpxtpx:cad>
          </gpxtpx:TrackPointExtension>
          <gpxpx:PowerExtension>
            <gpxpx:PowerInWatts>381</gpxpx:PowerInWatts>
          </gpxpx:PowerExtension>
        </extensions>
      </trkpt>
      <trkpt lat="41.542785" lon="1.880619">
        <ele>72.42092132209171</ele>
        <time>2026-07-12T06:11:24.628Z</time>
        <extensions>
          <gpxtpx:TrackPointExtension>
            <gpxtpx:hr>153</gpxtpx:hr>
            <gpxtpx:cad>85</gpxtpx:cad>
          </gpxtpx:TrackPointExtension>
          <gpxpx:PowerExtension>
            <gpxpx:PowerInWatts>382</gpxpx:PowerInWatts>
          </gpxpx:PowerExtension>
        </extensions>
      </trkpt>
      <trkpt lat="41.54278" lon="1.880652">
        <ele>72.5869403334855</ele>
        <time>2026-07-12T06:11:25.434Z</time>
        <extensions>
          <gpxtpx:TrackPointExtension>
            <gpxtpx:hr>153</gpxtpx:hr>
            <gpxtpx:cad>84</gpxtpx:cad>
          </gpxtpx:TrackPointExtension>
          <gpxpx:PowerExtension>
            <gpxpx:PowerInWatts>383</gpxpx:PowerInWatts>
          </gpxpx:PowerExtension>
        </extensions>
      </trkpt>
      <trkpt lat="41.542773" lon="1.880693">
        <ele>72.79397510214065</ele>
        <time>2026-07-12T06:11:26.239Z</time>
        <extensions>
          <gpxtpx:TrackPointExtension>
            <gpxtpx:hr>154</gpxtpx:hr>
            <gpxtpx:cad>84</gpxtpx:cad>
          </gpxtpx:TrackPointExtension>
          <gpxpx:PowerExtension>
            <gpxpx:PowerInWatts>388</gpxpx:PowerInWatts>
          </gpxpx:PowerExtension>
        </extensions>
      </trkpt>
      <trkpt lat="41.542767" lon="1.880731">
        <ele>73.00152571663888</ele>
        <time>2026-07-12T06:11:27.045Z</time>
        <extensions>
          <gpxtpx:TrackPointExtension>
            <gpxtpx:hr>154</gpxtpx:hr>
            <gpxtpx:cad>84</gpxtpx:cad>
          </gpxtpx:TrackPointExtension>
          <gpxpx:PowerExtension>
            <gpxpx:PowerInWatts>390</gpxpx:PowerInWatts>
          </gpxpx:PowerExtension>
        </extensions>
      </trkpt>
      <trkpt lat="41.542762" lon="1.880761">
        <ele>73.15787006153528</ele>
        <time>2026-07-12T06:11:27.850Z</time>
        <extensions>
          <gpxtpx:TrackPointExtension>
            <gpxtpx:hr>154</gpxtpx:hr>
            <gpxtpx:cad>84</gpxtpx:cad>
          </gpxtpx:TrackPointExtension>
          <gpxpx:PowerExtension>
            <gpxpx:PowerInWatts>395</gpxpx:PowerInWatts>
          </gpxpx:PowerExtension>
        </extensions>
      </trkpt>
      <trkpt lat="41.542758" lon="1.880801">
        <ele>73.36577115392976</ele>
        <time>2026-07-12T06:11:28.656Z</time>
        <extensions>
          <gpxtpx:TrackPointExtension>
            <gpxtpx:hr>154</gpxtpx:hr>
            <gpxtpx:cad>84</gpxtpx:cad>
          </gpxtpx:TrackPointExtension>
          <gpxpx:PowerExtension>
            <gpxpx:PowerInWatts>398</gpxpx:PowerInWatts>
          </gpxpx:PowerExtension>
        </extensions>
      </trkpt>
      <trkpt lat="41.54276" lon="1.880829">
        <ele>73.60499190447545</ele>
        <time>2026-07-12T06:11:29.461Z</time>
        <extensions>
          <gpxtpx:TrackPointExtension>
            <gpxtpx:hr>154</gpxtpx:hr>
            <gpxtpx:cad>84</gpxtpx:cad>
          </gpxtpx:TrackPointExtension>
          <gpxpx:PowerExtension>
            <gpxpx:PowerInWatts>400</gpxpx:PowerInWatts>
          </gpxpx:PowerExtension>
        </extensions>
      </trkpt>
      <trkpt lat="41.542766" lon="1.880866">
        <ele>73.97259594435764</ele>
        <time>2026-07-12T06:11:30.267Z</time>
        <extensions>
          <gpxtpx:TrackPointExtension>
            <gpxtpx:hr>154</gpxtpx:hr>
            <gpxtpx:cad>84</gpxtpx:cad>
          </gpxtpx:TrackPointExtension>
          <gpxpx:PowerExtension>
            <gpxpx:PowerInWatts>405</gpxpx:PowerInWatts>
          </gpxpx:PowerExtension>
        </extensions>
      </trkpt>
      <trkpt lat="41.54278" lon="1.880884">
        <ele>74.26968196237468</ele>
        <time>2026-07-12T06:11:31.073Z</time>
        <extensions>
          <gpxtpx:TrackPointExtension>
            <gpxtpx:hr>155</gpxtpx:hr>
            <gpxtpx:cad>84</gpxtpx:cad>
          </gpxtpx:TrackPointExtension>
          <gpxpx:PowerExtension>
            <gpxpx:PowerInWatts>409</gpxpx:PowerInWatts>
          </gpxpx:PowerExtension>
        </extensions>
      </trkpt>
      <trkpt lat="41.542796" lon="1.880904">
        <ele>74.65923432718459</ele>
        <time>2026-07-12T06:11:31.878Z</time>
        <extensions>
          <gpxtpx:TrackPointExtension>
            <gpxtpx:hr>155</gpxtpx:hr>
            <gpxtpx:cad>84</gpxtpx:cad>
          </gpxtpx:TrackPointExtension>
          <gpxpx:PowerExtension>
            <gpxpx:PowerInWatts>414</gpxpx:PowerInWatts>
          </gpxpx:PowerExtension>
        </extensions>
      </trkpt>
      <trkpt lat="41.542811" lon="1.880912">
        <ele>74.96481004088363</ele>
        <time>2026-07-12T06:11:32.684Z</time>
        <extensions>
          <gpxtpx:TrackPointExtension>
            <gpxtpx:hr>155</gpxtpx:hr>
            <gpxtpx:cad>85</gpxtpx:cad>
          </gpxtpx:TrackPointExtension>
          <gpxpx:PowerExtension>
            <gpxpx:PowerInWatts>418</gpxpx:PowerInWatts>
          </gpxpx:PowerExtension>
        </extensions>
      </trkpt>
      <trkpt lat="41.542831" lon="1.880919">
        <ele>75.35061170226139</ele>
        <time>2026-07-12T06:11:33.489Z</time>
        <extensions>
          <gpxtpx:TrackPointExtension>
            <gpxtpx:hr>156</gpxtpx:hr>
            <gpxtpx:cad>87</gpxtpx:cad>
          </gpxtpx:TrackPointExtension>
          <gpxpx:PowerExtension>
            <gpxpx:PowerInWatts>422</gpxpx:PowerInWatts>
          </gpxpx:PowerExtension>
        </extensions>
      </trkpt>
      <trkpt lat="41.542854" lon="1.880924">
        <ele>75.77285072678706</ele>
        <time>2026-07-12T06:11:34.294Z</time>
        <extensions>
          <gpxtpx:TrackPointExtension>
            <gpxtpx:hr>156</gpxtpx:hr>
            <gpxtpx:cad>88</gpxtpx:cad>
          </gpxtpx:TrackPointExtension>
          <gpxpx:PowerExtension>
            <gpxpx:PowerInWatts>417</gpxpx:PowerInWatts>
          </gpxpx:PowerExtension>
        </extensions>
      </trkpt>
      <trkpt lat="41.542871" lon="1.880936">
        <ele>76.26587372721005</ele>
        <time>2026-07-12T06:11:35.100Z</time>
        <extensions>
          <gpxtpx:TrackPointExtension>
            <gpxtpx:hr>156</gpxtpx:hr>
            <gpxtpx:cad>88</gpxtpx:cad>
          </gpxtpx:TrackPointExtension>
          <gpxpx:PowerExtension>
            <gpxpx:PowerInWatts>402</gpxpx:PowerInWatts>
          </gpxpx:PowerExtension>
        </extensions>
      </trkpt>
      <trkpt lat="41.542882" lon="1.880972">
        <ele>77.20259917684649</ele>
        <time>2026-07-12T06:11:35.905Z</time>
        <extensions>
          <gpxtpx:TrackPointExtension>
            <gpxtpx:hr>157</gpxtpx:hr>
            <gpxtpx:cad>87</gpxtpx:cad>
          </gpxtpx:TrackPointExtension>
          <gpxpx:PowerExtension>
            <gpxpx:PowerInWatts>405</gpxpx:PowerInWatts>
          </gpxpx:PowerExtension>
        </extensions>
      </trkpt>
      <trkpt lat="41.542886" lon="1.880994">
        <ele>77.75439729342015</ele>
        <time>2026-07-12T06:11:36.711Z</time>
        <extensions>
          <gpxtpx:TrackPointExtension>
            <gpxtpx:hr>157</gpxtpx:hr>
            <gpxtpx:cad>86</gpxtpx:cad>
          </gpxtpx:TrackPointExtension>
          <gpxpx:PowerExtension>
            <gpxpx:PowerInWatts>419</gpxpx:PowerInWatts>
          </gpxpx:PowerExtension>
        </extensions>
      </trkpt>
      <trkpt lat="41.542877" lon="1.881028">
        <ele>78.25868347066893</ele>
        <time>2026-07-12T06:11:37.516Z</time>
        <extensions>
          <gpxtpx:TrackPointExtension>
            <gpxtpx:hr>157</gpxtpx:hr>
            <gpxtpx:cad>86</gpxtpx:cad>
          </gpxtpx:TrackPointExtension>
          <gpxpx:PowerExtension>
            <gpxpx:PowerInWatts>411</gpxpx:PowerInWatts>
          </gpxpx:PowerExtension>
        </extensions>
      </trkpt>
      <trkpt lat="41.54287" lon="1.881051">
        <ele>78.54019017949895</ele>
        <time>2026-07-12T06:11:38.321Z</time>
        <extensions>
          <gpxtpx:TrackPointExtension>
            <gpxtpx:hr>157</gpxtpx:hr>
            <gpxtpx:cad>86</gpxtpx:cad>
          </gpxtpx:TrackPointExtension>
          <gpxpx:PowerExtension>
            <gpxpx:PowerInWatts>435</gpxpx:PowerInWatts>
          </gpxpx:PowerExtension>
        </extensions>
      </trkpt>
      <trkpt lat="41.542863" lon="1.881072">
        <ele>78.72222723030828</ele>
        <time>2026-07-12T06:11:39.127Z</time>
        <extensions>
          <gpxtpx:TrackPointExtension>
            <gpxtpx:hr>157</gpxtpx:hr>
            <gpxtpx:cad>87</gpxtpx:cad>
          </gpxtpx:TrackPointExtension>
          <gpxpx:PowerExtension>
            <gpxpx:PowerInWatts>431</gpxpx:PowerInWatts>
          </gpxpx:PowerExtension>
        </extensions>
      </trkpt>
      <trkpt lat="41.542854" lon="1.881103">
        <ele>78.94288256370369</ele>
        <time>2026-07-12T06:11:39.933Z</time>
        <extensions>
          <gpxtpx:TrackPointExtension>
            <gpxtpx:hr>158</gpxtpx:hr>
            <gpxtpx:cad>87</gpxtpx:cad>
          </gpxtpx:TrackPointExtension>
          <gpxpx:PowerExtension>
            <gpxpx:PowerInWatts>438</gpxpx:PowerInWatts>
          </gpxpx:PowerExtension>
        </extensions>
      </trkpt>
      <trkpt lat="41.542849" lon="1.881121">
        <ele>79.0925058241543</ele>
        <time>2026-07-12T06:11:40.739Z</time>
        <extensions>
          <gpxtpx:TrackPointExtension>
            <gpxtpx:hr>158</gpxtpx:hr>
            <gpxtpx:cad>86</gpxtpx:cad>
          </gpxtpx:TrackPointExtension>
          <gpxpx:PowerExtension>
            <gpxpx:PowerInWatts>426</gpxpx:PowerInWatts>
          </gpxpx:PowerExtension>
        </extensions>
      </trkpt>
      <trkpt lat="41.542838" lon="1.88115">
        <ele>79.28692539279642</ele>
        <time>2026-07-12T06:11:41.544Z</time>
        <extensions>
          <gpxtpx:TrackPointExtension>
            <gpxtpx:hr>158</gpxtpx:hr>
            <gpxtpx:cad>85</gpxtpx:cad>
          </gpxtpx:TrackPointExtension>
          <gpxpx:PowerExtension>
            <gpxpx:PowerInWatts>416</gpxpx:PowerInWatts>
          </gpxpx:PowerExtension>
        </extensions>
      </trkpt>
      <trkpt lat="41.542832" lon="1.881169">
        <ele>79.46280938991704</ele>
        <time>2026-07-12T06:11:42.350Z</time>
        <extensions>
          <gpxtpx:TrackPointExtension>
            <gpxtpx:hr>159</gpxtpx:hr>
            <gpxtpx:cad>84</gpxtpx:cad>
          </gpxtpx:TrackPointExtension>
          <gpxpx:PowerExtension>
            <gpxpx:PowerInWatts>414</gpxpx:PowerInWatts>
          </gpxpx:PowerExtension>
        </extensions>
      </trkpt>
      <trkpt lat="41.54283" lon="1.881196">
        <ele>79.87335542725016</ele>
        <time>2026-07-12T06:11:43.155Z</time>
        <extensions>
          <gpxtpx:TrackPointExtension>
            <gpxtpx:hr>159</gpxtpx:hr>
            <gpxtpx:cad>83</gpxtpx:cad>
          </gpxtpx:TrackPointExtension>
          <gpxpx:PowerExtension>
            <gpxpx:PowerInWatts>411</gpxpx:PowerInWatts>
          </gpxpx:PowerExtension>
        </extensions>
      </trkpt>
      <trkpt lat="41.542827" lon="1.881221">
        <ele>80.23715873397003</ele>
        <time>2026-07-12T06:11:43.960Z</time>
        <extensions>
          <gpxtpx:TrackPointExtension>
            <gpxtpx:hr>159</gpxtpx:hr>
            <gpxtpx:cad>83</gpxtpx:cad>
          </gpxtpx:TrackPointExtension>
          <gpxpx:PowerExtension>
            <gpxpx:PowerInWatts>402</gpxpx:PowerInWatts>
          </gpxpx:PowerExtension>
        </extensions>
      </trkpt>
      <trkpt lat="41.542831" lon="1.881242">
        <ele>80.62487754236103</ele>
        <time>2026-07-12T06:11:44.766Z</time>
        <extensions>
          <gpxtpx:TrackPointExtension>
            <gpxtpx:hr>159</gpxtpx:hr>
            <gpxtpx:cad>83</gpxtpx:cad>
          </gpxtpx:TrackPointExtension>
          <gpxpx:PowerExtension>
            <gpxpx:PowerInWatts>402</gpxpx:PowerInWatts>
          </gpxpx:PowerExtension>
        </extensions>
      </trkpt>
      <trkpt lat="41.542836" lon="1.881273">
        <ele>80.95720697835876</ele>
        <time>2026-07-12T06:11:45.571Z</time>
        <extensions>
          <gpxtpx:TrackPointExtension>
            <gpxtpx:hr>160</gpxtpx:hr>
            <gpxtpx:cad>84</gpxtpx:cad>
          </gpxtpx:TrackPointExtension>
          <gpxpx:PowerExtension>
            <gpxpx:PowerInWatts>399</gpxpx:PowerInWatts>
          </gpxpx:PowerExtension>
        </extensions>
      </trkpt>
      <trkpt lat="41.542841" lon="1.881295">
        <ele>81.19989107597982</ele>
        <time>2026-07-12T06:11:46.377Z</time>
        <extensions>
          <gpxtpx:TrackPointExtension>
            <gpxtpx:hr>160</gpxtpx:hr>
            <gpxtpx:cad>84</gpxtpx:cad>
          </gpxtpx:TrackPointExtension>
          <gpxpx:PowerExtension>
            <gpxpx:PowerInWatts>399</gpxpx:PowerInWatts>
          </gpxpx:PowerExtension>
        </extensions>
      </trkpt>
      <trkpt lat="41.542853" lon="1.881318">
        <ele>81.52100300673497</ele>
        <time>2026-07-12T06:11:47.182Z</time>
        <extensions>
          <gpxtpx:TrackPointExtension>
            <gpxtpx:hr>160</gpxtpx:hr>
            <gpxtpx:cad>84</gpxtpx:cad>
          </gpxtpx:TrackPointExtension>
          <gpxpx:PowerExtension>
            <gpxpx:PowerInWatts>400</gpxpx:PowerInWatts>
          </gpxpx:PowerExtension>
        </extensions>
      </trkpt>
      <trkpt lat="41.542867" lon="1.88134">
        <ele>81.81790012438887</ele>
        <time>2026-07-12T06:11:47.987Z</time>
        <extensions>
          <gpxtpx:TrackPointExtension>
            <gpxtpx:hr>160</gpxtpx:hr>
            <gpxtpx:cad>84</gpxtpx:cad>
          </gpxtpx:TrackPointExtension>
          <gpxpx:PowerExtension>
            <gpxpx:PowerInWatts>400</gpxpx:PowerInWatts>
          </gpxpx:PowerExtension>
        </extensions>
      </trkpt>
      <trkpt lat="41.542881" lon="1.881356">
        <ele>82.04267747080989</ele>
        <time>2026-07-12T06:11:48.793Z</time>
        <extensions>
          <gpxtpx:TrackPointExtension>
            <gpxtpx:hr>160</gpxtpx:hr>
            <gpxtpx:cad>84</gpxtpx:cad>
          </gpxtpx:TrackPointExtension>
          <gpxpx:PowerExtension>
            <gpxpx:PowerInWatts>402</gpxpx:PowerInWatts>
          </gpxpx:PowerExtension>
        </extensions>
      </trkpt>
      <trkpt lat="41.542899" lon="1.881377">
        <ele>82.31433353718097</ele>
        <time>2026-07-12T06:11:49.599Z</time>
        <extensions>
          <gpxtpx:TrackPointExtension>
            <gpxtpx:hr>160</gpxtpx:hr>
            <gpxtpx:cad>84</gpxtpx:cad>
          </gpxtpx:TrackPointExtension>
          <gpxpx:PowerExtension>
            <gpxpx:PowerInWatts>403</gpxpx:PowerInWatts>
          </gpxpx:PowerExtension>
        </extensions>
      </trkpt>
      <trkpt lat="41.542914" lon="1.881388">
        <ele>82.50007283412296</ele>
        <time>2026-07-12T06:11:50.405Z</time>
        <extensions>
          <gpxtpx:TrackPointExtension>
            <gpxtpx:hr>160</gpxtpx:hr>
            <gpxtpx:cad>84</gpxtpx:cad>
          </gpxtpx:TrackPointExtension>
          <gpxpx:PowerExtension>
            <gpxpx:PowerInWatts>403</gpxpx:PowerInWatts>
          </gpxpx:PowerExtension>
        </extensions>
      </trkpt>
      <trkpt lat="41.542932" lon="1.881411">
        <ele>82.646320047195</ele>
        <time>2026-07-12T06:11:51.210Z</time>
        <extensions>
          <gpxtpx:TrackPointExtension>
            <gpxtpx:hr>160</gpxtpx:hr>
            <gpxtpx:cad>85</gpxtpx:cad>
          </gpxtpx:TrackPointExtension>
          <gpxpx:PowerExtension>
            <gpxpx:PowerInWatts>405</gpxpx:PowerInWatts>
          </gpxpx:PowerExtension>
        </extensions>
      </trkpt>
      <trkpt lat="41.542949" lon="1.881425">
        <ele>82.74153398922667</ele>
        <time>2026-07-12T06:11:52.015Z</time>
        <extensions>
          <gpxtpx:TrackPointExtension>
            <gpxtpx:hr>160</gpxtpx:hr>
            <gpxtpx:cad>85</gpxtpx:cad>
          </gpxtpx:TrackPointExtension>
          <gpxpx:PowerExtension>
            <gpxpx:PowerInWatts>407</gpxpx:PowerInWatts>
          </gpxpx:PowerExtension>
        </extensions>
      </trkpt>
      <trkpt lat="41.542967" lon="1.881443">
        <ele>82.84526429069145</ele>
        <time>2026-07-12T06:11:52.821Z</time>
        <extensions>
          <gpxtpx:TrackPointExtension>
            <gpxtpx:hr>161</gpxtpx:hr>
            <gpxtpx:cad>85</gpxtpx:cad>
          </gpxtpx:TrackPointExtension>
          <gpxpx:PowerExtension>
            <gpxpx:PowerInWatts>407</gpxpx:PowerInWatts>
          </gpxpx:PowerExtension>
        </extensions>
      </trkpt>
      <trkpt lat="41.542984" lon="1.881462">
        <ele>82.95079702496434</ele>
        <time>2026-07-12T06:11:53.626Z</time>
        <extensions>
          <gpxtpx:TrackPointExtension>
            <gpxtpx:hr>161</gpxtpx:hr>
            <gpxtpx:cad>85</gpxtpx:cad>
          </gpxtpx:TrackPointExtension>
          <gpxpx:PowerExtension>
            <gpxpx:PowerInWatts>407</gpxpx:PowerInWatts>
          </gpxpx:PowerExtension>
        </extensions>
      </trkpt>
      <trkpt lat="41.542998" lon="1.881474">
        <ele>83.05269750472806</ele>
        <time>2026-07-12T06:11:54.432Z</time>
        <extensions>
          <gpxtpx:TrackPointExtension>
            <gpxtpx:hr>161</gpxtpx:hr>
            <gpxtpx:cad>85</gpxtpx:cad>
          </gpxtpx:TrackPointExtension>
          <gpxpx:PowerExtension>
            <gpxpx:PowerInWatts>407</gpxpx:PowerInWatts>
          </gpxpx:PowerExtension>
        </extensions>
      </trkpt>
      <trkpt lat="41.543013" lon="1.881507">
        <ele>83.14264141562076</ele>
        <time>2026-07-12T06:11:55.237Z</time>
        <extensions>
          <gpxtpx:TrackPointExtension>
            <gpxtpx:hr>161</gpxtpx:hr>
            <gpxtpx:cad>85</gpxtpx:cad>
          </gpxtpx:TrackPointExtension>
          <gpxpx:PowerExtension>
            <gpxpx:PowerInWatts>406</gpxpx:PowerInWatts>
          </gpxpx:PowerExtension>
        </extensions>
      </trkpt>
      <trkpt lat="41.543023" lon="1.881528">
        <ele>83.22831665418418</ele>
        <time>2026-07-12T06:11:56.042Z</time>
        <extensions>
          <gpxtpx:TrackPointExtension>
            <gpxtpx:hr>161</gpxtpx:hr>
            <gpxtpx:cad>84</gpxtpx:cad>
          </gpxtpx:TrackPointExtension>
          <gpxpx:PowerExtension>
            <gpxpx:PowerInWatts>409</gpxpx:PowerInWatts>
          </gpxpx:PowerExtension>
        </extensions>
      </trkpt>
      <trkpt lat="41.543032" lon="1.881558">
        <ele>83.2844485439338</ele>
        <time>2026-07-12T06:11:56.848Z</time>
        <extensions>
          <gpxtpx:TrackPointExtension>
            <gpxtpx:hr>161</gpxtpx:hr>
            <gpxtpx:cad>84</gpxtpx:cad>
          </gpxtpx:TrackPointExtension>
          <gpxpx:PowerExtension>
            <gpxpx:PowerInWatts>416</gpxpx:PowerInWatts>
          </gpxpx:PowerExtension>
        </extensions>
      </trkpt>
      <trkpt lat="41.543039" lon="1.881595">
        <ele>83.29531973701822</ele>
        <time>2026-07-12T06:11:57.653Z</time>
        <extensions>
          <gpxtpx:TrackPointExtension>
            <gpxtpx:hr>161</gpxtpx:hr>
            <gpxtpx:cad>84</gpxtpx:cad>
          </gpxtpx:TrackPointExtension>
          <gpxpx:PowerExtension>
            <gpxpx:PowerInWatts>415</gpxpx:PowerInWatts>
          </gpxpx:PowerExtension>
        </extensions>
      </trkpt>
      <trkpt lat="41.543047" lon="1.881622">
        <ele>83.36691373171537</ele>
        <time>2026-07-12T06:11:58.459Z</time>
        <extensions>
          <gpxtpx:TrackPointExtension>
            <gpxtpx:hr>161</gpxtpx:hr>
            <gpxtpx:cad>84</gpxtpx:cad>
          </gpxtpx:TrackPointExtension>
          <gpxpx:PowerExtension>
            <gpxpx:PowerInWatts>413</gpxpx:PowerInWatts>
          </gpxpx:PowerExtension>
        </extensions>
      </trkpt>
      <trkpt lat="41.54306" lon="1.88166">
        <ele>83.48946911325125</ele>
        <time>2026-07-12T06:11:59.265Z</time>
        <extensions>
          <gpxtpx:TrackPointExtension>
            <gpxtpx:hr>161</gpxtpx:hr>
            <gpxtpx:cad>84</gpxtpx:cad>
          </gpxtpx:TrackPointExtension>
          <gpxpx:PowerExtension>
            <gpxpx:PowerInWatts>435</gpxpx:PowerInWatts>
          </gpxpx:PowerExtension>
        </extensions>
      </trkpt>
      <trkpt lat="41.543073" lon="1.881687">
        <ele>83.61789374238906</ele>
        <time>2026-07-12T06:12:00.071Z</time>
        <extensions>
          <gpxtpx:TrackPointExtension>
            <gpxtpx:hr>162</gpxtpx:hr>
            <gpxtpx:cad>84</gpxtpx:cad>
          </gpxtpx:TrackPointExtension>
          <gpxpx:PowerExtension>
            <gpxpx:PowerInWatts>441</gpxpx:PowerInWatts>
          </gpxpx:PowerExtension>
        </extensions>
      </trkpt>
      <trkpt lat="41.54309" lon="1.881711">
        <ele>83.79089304450594</ele>
        <time>2026-07-12T06:12:00.876Z</time>
        <extensions>
          <gpxtpx:TrackPointExtension>
            <gpxtpx:hr>162</gpxtpx:hr>
            <gpxtpx:cad>85</gpxtpx:cad>
          </gpxtpx:TrackPointExtension>
          <gpxpx:PowerExtension>
            <gpxpx:PowerInWatts>443</gpxpx:PowerInWatts>
          </gpxpx:PowerExtension>
        </extensions>
      </trkpt>
      <trkpt lat="41.543111" lon="1.881728">
        <ele>84.00813554786848</ele>
        <time>2026-07-12T06:12:01.681Z</time>
        <extensions>
          <gpxtpx:TrackPointExtension>
            <gpxtpx:hr>162</gpxtpx:hr>
            <gpxtpx:cad>85</gpxtpx:cad>
          </gpxtpx:TrackPointExtension>
          <gpxpx:PowerExtension>
            <gpxpx:PowerInWatts>439</gpxpx:PowerInWatts>
          </gpxpx:PowerExtension>
        </extensions>
      </trkpt>
      <trkpt lat="41.543129" lon="1.881738">
        <ele>84.19613837218483</ele>
        <time>2026-07-12T06:12:02.487Z</time>
        <extensions>
          <gpxtpx:TrackPointExtension>
            <gpxtpx:hr>162</gpxtpx:hr>
            <gpxtpx:cad>85</gpxtpx:cad>
          </gpxtpx:TrackPointExtension>
          <gpxpx:PowerExtension>
            <gpxpx:PowerInWatts>436</gpxpx:PowerInWatts>
          </gpxpx:PowerExtension>
        </extensions>
      </trkpt>
      <trkpt lat="41.543151" lon="1.881756">
        <ele>84.53431507708599</ele>
        <time>2026-07-12T06:12:03.292Z</time>
        <extensions>
          <gpxtpx:TrackPointExtension>
            <gpxtpx:hr>162</gpxtpx:hr>
            <gpxtpx:cad>85</gpxtpx:cad>
          </gpxtpx:TrackPointExtension>
          <gpxpx:PowerExtension>
            <gpxpx:PowerInWatts>428</gpxpx:PowerInWatts>
          </gpxpx:PowerExtension>
        </extensions>
      </trkpt>
      <trkpt lat="41.543166" lon="1.881765">
        <ele>84.9576278931147</ele>
        <time>2026-07-12T06:12:04.098Z</time>
        <extensions>
          <gpxtpx:TrackPointExtension>
            <gpxtpx:hr>163</gpxtpx:hr>
            <gpxtpx:cad>85</gpxtpx:cad>
          </gpxtpx:TrackPointExtension>
          <gpxpx:PowerExtension>
            <gpxpx:PowerInWatts>425</gpxpx:PowerInWatts>
          </gpxpx:PowerExtension>
        </extensions>
      </trkpt>
      <trkpt lat="41.543188" lon="1.881784">
        <ele>85.76368666002814</ele>
        <time>2026-07-12T06:12:04.903Z</time>
        <extensions>
          <gpxtpx:TrackPointExtension>
            <gpxtpx:hr>163</gpxtpx:hr>
            <gpxtpx:cad>85</gpxtpx:cad>
          </gpxtpx:TrackPointExtension>
          <gpxpx:PowerExtension>
            <gpxpx:PowerInWatts>426</gpxpx:PowerInWatts>
          </gpxpx:PowerExtension>
        </extensions>
      </trkpt>
      <trkpt lat="41.543205" lon="1.881795">
        <ele>86.32112662240836</ele>
        <time>2026-07-12T06:12:05.708Z</time>
        <extensions>
          <gpxtpx:TrackPointExtension>
            <gpxtpx:hr>163</gpxtpx:hr>
            <gpxtpx:cad>85</gpxtpx:cad>
          </gpxtpx:TrackPointExtension>
          <gpxpx:PowerExtension>
            <gpxpx:PowerInWatts>418</gpxpx:PowerInWatts>
          </gpxpx:PowerExtension>
        </extensions>
      </trkpt>
      <trkpt lat="41.543223" lon="1.881812">
        <ele>87.09145370702313</ele>
        <time>2026-07-12T06:12:06.514Z</time>
        <extensions>
          <gpxtpx:TrackPointExtension>
            <gpxtpx:hr>163</gpxtpx:hr>
            <gpxtpx:cad>85</gpxtpx:cad>
          </gpxtpx:TrackPointExtension>
          <gpxpx:PowerExtension>
            <gpxpx:PowerInWatts>417</gpxpx:PowerInWatts>
          </gpxpx:PowerExtension>
        </extensions>
      </trkpt>
      <trkpt lat="41.543242" lon="1.881826">
        <ele>87.82841841548549</ele>
        <time>2026-07-12T06:12:07.319Z</time>
        <extensions>
          <gpxtpx:TrackPointExtension>
            <gpxtpx:hr>163</gpxtpx:hr>
            <gpxtpx:cad>85</gpxtpx:cad>
          </gpxtpx:TrackPointExtension>
          <gpxpx:PowerExtension>
            <gpxpx:PowerInWatts>414</gpxpx:PowerInWatts>
          </gpxpx:PowerExtension>
        </extensions>
      </trkpt>
      <trkpt lat="41.54326" lon="1.881835">
        <ele>88.42498018329299</ele>
        <time>2026-07-12T06:12:08.126Z</time>
        <extensions>
          <gpxtpx:TrackPointExtension>
            <gpxtpx:hr>163</gpxtpx:hr>
            <gpxtpx:cad>84</gpxtpx:cad>
          </gpxtpx:TrackPointExtension>
          <gpxpx:PowerExtension>
            <gpxpx:PowerInWatts>412</gpxpx:PowerInWatts>
          </gpxpx:PowerExtension>
        </extensions>
      </trkpt>
      <trkpt lat="41.543286" lon="1.881854">
        <ele>89.21790508042682</ele>
        <time>2026-07-12T06:12:08.931Z</time>
        <extensions>
          <gpxtpx:TrackPointExtension>
            <gpxtpx:hr>163</gpxtpx:hr>
            <gpxtpx:cad>84</gpxtpx:cad>
          </gpxtpx:TrackPointExtension>
          <gpxpx:PowerExtension>
            <gpxpx:PowerInWatts>411</gpxpx:PowerInWatts>
          </gpxpx:PowerExtension>
        </extensions>
      </trkpt>
      <trkpt lat="41.543305" lon="1.881861">
        <ele>89.1810638677103</ele>
        <time>2026-07-12T06:12:09.736Z</time>
        <extensions>
          <gpxtpx:TrackPointExtension>
            <gpxtpx:hr>163</gpxtpx:hr>
            <gpxtpx:cad>84</gpxtpx:cad>
          </gpxtpx:TrackPointExtension>
          <gpxpx:PowerExtension>
            <gpxpx:PowerInWatts>411</gpxpx:PowerInWatts>
          </gpxpx:PowerExtension>
        </extensions>
      </trkpt>
      <trkpt lat="41.543327" lon="1.881875">
        <ele>89.23162404544664</ele>
        <time>2026-07-12T06:12:10.542Z</time>
        <extensions>
          <gpxtpx:TrackPointExtension>
            <gpxtpx:hr>164</gpxtpx:hr>
            <gpxtpx:cad>84</gpxtpx:cad>
          </gpxtpx:TrackPointExtension>
          <gpxpx:PowerExtension>
            <gpxpx:PowerInWatts>410</gpxpx:PowerInWatts>
          </gpxpx:PowerExtension>
        </extensions>
      </trkpt>
      <trkpt lat="41.543347" lon="1.881887">
        <ele>89.1801402101303</ele>
        <time>2026-07-12T06:12:11.347Z</time>
        <extensions>
          <gpxtpx:TrackPointExtension>
            <gpxtpx:hr>164</gpxtpx:hr>
            <gpxtpx:cad>84</gpxtpx:cad>
          </gpxtpx:TrackPointExtension>
          <gpxpx:PowerExtension>
            <gpxpx:PowerInWatts>409</gpxpx:PowerInWatts>
          </gpxpx:PowerExtension>
        </extensions>
      </trkpt>
      <trkpt lat="41.543364" lon="1.881896">
        <ele>89.0560216839292</ele>
        <time>2026-07-12T06:12:12.153Z</time>
        <extensions>
          <gpxtpx:TrackPointExtension>
            <gpxtpx:hr>164</gpxtpx:hr>
            <gpxtpx:cad>85</gpxtpx:cad>
          </gpxtpx:TrackPointExtension>
          <gpxpx:PowerExtension>
            <gpxpx:PowerInWatts>406</gpxpx:PowerInWatts>
          </gpxpx:PowerExtension>
        </extensions>
      </trkpt>
      <trkpt lat="41.543388" lon="1.881914">
        <ele>88.88095506145525</ele>
        <time>2026-07-12T06:12:12.958Z</time>
        <extensions>
          <gpxtpx:TrackPointExtension>
            <gpxtpx:hr>164</gpxtpx:hr>
            <gpxtpx:cad>85</gpxtpx:cad>
          </gpxtpx:TrackPointExtension>
          <gpxpx:PowerExtension>
            <gpxpx:PowerInWatts>404</gpxpx:PowerInWatts>
          </gpxpx:PowerExtension>
        </extensions>
      </trkpt>
      <trkpt lat="41.543408" lon="1.881924">
        <ele>88.63490918655076</ele>
        <time>2026-07-12T06:12:13.763Z</time>
        <extensions>
          <gpxtpx:TrackPointExtension>
            <gpxtpx:hr>164</gpxtpx:hr>
            <gpxtpx:cad>85</gpxtpx:cad>
          </gpxtpx:TrackPointExtension>
          <gpxpx:PowerExtension>
            <gpxpx:PowerInWatts>399</gpxpx:PowerInWatts>
          </gpxpx:PowerExtension>
        </extensions>
      </trkpt>
      <trkpt lat="41.543428" lon="1.881942">
        <ele>88.88588473036677</ele>
        <time>2026-07-12T06:12:14.569Z</time>
        <extensions>
          <gpxtpx:TrackPointExtension>
            <gpxtpx:hr>164</gpxtpx:hr>
            <gpxtpx:cad>85</gpxtpx:cad>
          </gpxtpx:TrackPointExtension>
          <gpxpx:PowerExtension>
            <gpxpx:PowerInWatts>393</gpxpx:PowerInWatts>
          </gpxpx:PowerExtension>
        </extensions>
      </trkpt>
      <trkpt lat="41.543449" lon="1.881958">
        <ele>89.03430959885172</ele>
        <time>2026-07-12T06:12:15.374Z</time>
        <extensions>
          <gpxtpx:TrackPointExtension>
            <gpxtpx:hr>165</gpxtpx:hr>
            <gpxtpx:cad>85</gpxtpx:cad>
          </gpxtpx:TrackPointExtension>
          <gpxpx:PowerExtension>
            <gpxpx:PowerInWatts>391</gpxpx:PowerInWatts>
          </gpxpx:PowerExtension>
        </extensions>
      </trkpt>
      <trkpt lat="41.543468" lon="1.881969">
        <ele>89.0666476798484</ele>
        <time>2026-07-12T06:12:16.180Z</time>
        <extensions>
          <gpxtpx:TrackPointExtension>
            <gpxtpx:hr>164</gpxtpx:hr>
            <gpxtpx:cad>84</gpxtpx:cad>
          </gpxtpx:TrackPointExtension>
          <gpxpx:PowerExtension>
            <gpxpx:PowerInWatts>391</gpxpx:PowerInWatts>
          </gpxpx:PowerExtension>
        </extensions>
      </trkpt>
      <trkpt lat="41.543488" lon="1.881988">
        <ele>89.15930822776059</ele>
        <time>2026-07-12T06:12:16.985Z</time>
        <extensions>
          <gpxtpx:TrackPointExtension>
            <gpxtpx:hr>164</gpxtpx:hr>
            <gpxtpx:cad>84</gpxtpx:cad>
          </gpxtpx:TrackPointExtension>
          <gpxpx:PowerExtension>
            <gpxpx:PowerInWatts>390</gpxpx:PowerInWatts>
          </gpxpx:PowerExtension>
        </extensions>
      </trkpt>
      <trkpt lat="41.543509" lon="1.881992">
        <ele>89.00471765767355</ele>
        <time>2026-07-12T06:12:17.792Z</time>
        <extensions>
          <gpxtpx:TrackPointExtension>
            <gpxtpx:hr>165</gpxtpx:hr>
            <gpxtpx:cad>84</gpxtpx:cad>
          </gpxtpx:TrackPointExtension>
          <gpxpx:PowerExtension>
            <gpxpx:PowerInWatts>389</gpxpx:PowerInWatts>
          </gpxpx:PowerExtension>
        </extensions>
      </trkpt>
      <trkpt lat="41.543536" lon="1.882006">
        <ele>88.90426510057819</ele>
        <time>2026-07-12T06:12:18.597Z</time>
        <extensions>
          <gpxtpx:TrackPointExtension>
            <gpxtpx:hr>164</gpxtpx:hr>
            <gpxtpx:cad>84</gpxtpx:cad>
          </gpxtpx:TrackPointExtension>
          <gpxpx:PowerExtension>
            <gpxpx:PowerInWatts>388</gpxpx:PowerInWatts>
          </gpxpx:PowerExtension>
        </extensions>
      </trkpt>
      <trkpt lat="41.543555" lon="1.882015">
        <ele>89.06173989546832</ele>
        <time>2026-07-12T06:12:19.402Z</time>
        <extensions>
          <gpxtpx:TrackPointExtension>
            <gpxtpx:hr>164</gpxtpx:hr>
            <gpxtpx:cad>84</gpxtpx:cad>
          </gpxtpx:TrackPointExtension>
          <gpxpx:PowerExtension>
            <gpxpx:PowerInWatts>386</gpxpx:PowerInWatts>
          </gpxpx:PowerExtension>
        </extensions>
      </trkpt>
      <trkpt lat="41.543577" lon="1.882028">
        <ele>89.2549043583991</ele>
        <time>2026-07-12T06:12:20.208Z</time>
        <extensions>
          <gpxtpx:TrackPointExtension>
            <gpxtpx:hr>165</gpxtpx:hr>
            <gpxtpx:cad>85</gpxtpx:cad>
          </gpxtpx:TrackPointExtension>
          <gpxpx:PowerExtension>
            <gpxpx:PowerInWatts>384</gpxpx:PowerInWatts>
          </gpxpx:PowerExtension>
        </extensions>
      </trkpt>
      <trkpt lat="41.543597" lon="1.882043">
        <ele>89.44307275583265</ele>
        <time>2026-07-12T06:12:21.013Z</time>
        <extensions>
          <gpxtpx:TrackPointExtension>
            <gpxtpx:hr>164</gpxtpx:hr>
            <gpxtpx:cad>85</gpxtpx:cad>
          </gpxtpx:TrackPointExtension>
          <gpxpx:PowerExtension>
            <gpxpx:PowerInWatts>383</gpxpx:PowerInWatts>
          </gpxpx:PowerExtension>
        </extensions>
      </trkpt>
      <trkpt lat="41.54362" lon="1.88206">
        <ele>89.63981149471964</ele>
        <time>2026-07-12T06:12:21.735Z</time>
        <extensions>
          <gpxtpx:TrackPointExtension>
            <gpxtpx:hr>164</gpxtpx:hr>
            <gpxtpx:cad>85</gpxtpx:cad>
          </gpxtpx:TrackPointExtension>
          <gpxpx:PowerExtension>
            <gpxpx:PowerInWatts>381</gpxpx:PowerInWatts>
          </gpxpx:PowerExtension>
        </extensions>
      </trkpt>
      <trkpt lat="41.54363" lon="1.882031">
        <ele>89.46795503312816</ele>
        <time>2026-07-12T06:12:22.390Z</time>
      </trkpt>
      <trkpt lat="41.543672" lon="1.882057">
        <ele>89.76136735008208</ele>
        <time>2026-07-12T06:12:23.661Z</time>
      </trkpt>
      <trkpt lat="41.543732" lon="1.882132">
        <ele>90.11571801379917</ele>
        <time>2026-07-12T06:12:25.918Z</time>
      </trkpt>
      <trkpt lat="41.543762" lon="1.882188">
        <ele>90.29840002429995</ele>
        <time>2026-07-12T06:12:27.333Z</time>
      </trkpt>
      <trkpt lat="41.543802" lon="1.882316">
        <ele>90.7029202820019</ele>
        <time>2026-07-12T06:12:30.184Z</time>
      </trkpt>
      <trkpt lat="41.543786" lon="1.882408">
        <ele>90.96058738231052</ele>
        <time>2026-07-12T06:12:32.125Z</time>
      </trkpt>
      <trkpt lat="41.54378" lon="1.882503">
        <ele>91.38224229265279</ele>
        <time>2026-07-12T06:12:34.084Z</time>
      </trkpt>
      <trkpt lat="41.543784" lon="1.882597">
        <ele>91.73585145134402</ele>
        <time>2026-07-12T06:12:36.019Z</time>
      </trkpt>
      <trkpt lat="41.543798" lon="1.88269">
        <ele>92.25694369145106</ele>
        <time>2026-07-12T06:12:37.968Z</time>
      </trkpt>
      <trkpt lat="41.543822" lon="1.882779">
        <ele>92.73247520515645</ele>
        <time>2026-07-12T06:12:39.912Z</time>
      </trkpt>
      <trkpt lat="41.543855" lon="1.882861">
        <ele>93.59145531342381</ele>
        <time>2026-07-12T06:12:41.825Z</time>
      </trkpt>
      <trkpt lat="41.543896" lon="1.882936">
        <ele>95.38453814174474</ele>
        <time>2026-07-12T06:12:43.733Z</time>
      </trkpt>
      <trkpt lat="41.543944" lon="1.883003">
        <ele>97.0718991821628</ele>
        <time>2026-07-12T06:12:45.639Z</time>
      </trkpt>
      <trkpt lat="41.543999" lon="1.88306">
        <ele>97.087548440047</ele>
        <time>2026-07-12T06:12:47.550Z</time>
      </trkpt>
      <trkpt lat="41.544059" lon="1.883106">
        <ele>95.79143233611936</ele>
        <time>2026-07-12T06:12:49.450Z</time>
      </trkpt>
      <trkpt lat="41.544124" lon="1.88314">
        <ele>94.31289534828647</ele>
        <time>2026-07-12T06:12:51.366Z</time>
      </trkpt>
      <trkpt lat="41.544191" lon="1.883162">
        <ele>93.83821256882185</ele>
        <time>2026-07-12T06:12:53.260Z</time>
      </trkpt>
      <trkpt lat="41.544299" lon="1.883171">
        <ele>94.73824097696975</ele>
        <time>2026-07-12T06:12:56.231Z</time>
      </trkpt>
      <trkpt lat="41.544405" lon="1.883148">
        <ele>94.55845713906663</ele>
        <time>2026-07-12T06:12:59.180Z</time>
      </trkpt>
      <trkpt lat="41.544522" lon="1.883183">
        <ele>95.0315223028789</ele>
        <time>2026-07-12T06:13:02.472Z</time>
      </trkpt>
      <trkpt lat="41.544605" lon="1.883238">
        <ele>94.909863026115</ele>
        <time>2026-07-12T06:13:05.017Z</time>
      </trkpt>
      <trkpt lat="41.544644" lon="1.883274">
        <ele>94.41737493190328</ele>
        <time>2026-07-12T06:13:06.319Z</time>
      </trkpt>
      <trkpt lat="41.544804" lon="1.883547">
        <ele>94.04554283122924</ele>
        <time>2026-07-12T06:13:13.444Z</time>
      </trkpt>
      <trkpt lat="41.5449" lon="1.883615">
        <ele>96.16768183384826</ele>
        <time>2026-07-12T06:13:16.428Z</time>
      </trkpt>
      <trkpt lat="41.545439" lon="1.883871">
        <ele>94.82259766874822</ele>
        <time>2026-07-12T06:13:32.137Z</time>
      </trkpt>
      <trkpt lat="41.545428" lon="1.883919">
        <ele>95.73530961527652</ele>
        <time>2026-07-12T06:13:33.168Z</time>
      </trkpt>
      <trkpt lat="41.545482" lon="1.883985">
        <ele>96.23984670021609</ele>
        <time>2026-07-12T06:13:35.177Z</time>
      </trkpt>
      <trkpt lat="41.545501" lon="1.884035">
        <ele>95.93673204424596</ele>
        <time>2026-07-12T06:13:36.329Z</time>
      </trkpt>
      <trkpt lat="41.545523" lon="1.884221">
        <ele>95.60566911128912</ele>
        <time>2026-07-12T06:13:40.199Z</time>
      </trkpt>
      <trkpt lat="41.545517" lon="1.884331">
        <ele>95.36955311836668</ele>
        <time>2026-07-12T06:13:42.465Z</time>
      </trkpt>
      <trkpt lat="41.545493" lon="1.88441">
        <ele>95.65685470421909</ele>
        <time>2026-07-12T06:13:44.218Z</time>
      </trkpt>
      <trkpt lat="41.545472" lon="1.884445">
        <ele>95.42339240717871</ele>
        <time>2026-07-12T06:13:45.139Z</time>
      </trkpt>
      <trkpt lat="41.545374" lon="1.884562">
        <ele>95.97678610300022</ele>
        <time>2026-07-12T06:13:48.747Z</time>
      </trkpt>
      <trkpt lat="41.544306" lon="1.885831">
        <ele>100.05196758478355</ele>
        <time>2026-07-12T06:14:27.992Z</time>
      </trkpt>
      <trkpt lat="41.544256" lon="1.885857">
        <ele>100.04224308993977</ele>
        <time>2026-07-12T06:14:29.465Z</time>
      </trkpt>
      <trkpt lat="41.544206" lon="1.885855">
        <ele>100.01202044847538</ele>
        <time>2026-07-12T06:14:30.838Z</time>
      </trkpt>
      <trkpt lat="41.544169" lon="1.885894">
        <ele>100.06420776333367</ele>
        <time>2026-07-12T06:14:32.131Z</time>
      </trkpt>
      <trkpt lat="41.544159" lon="1.885933">
        <ele>100.14454401873017</ele>
        <time>2026-07-12T06:14:32.977Z</time>
      </trkpt>
      <trkpt lat="41.544159" lon="1.885963">
        <ele>100.23029550465404</ele>
        <time>2026-07-12T06:14:33.594Z</time>
      </trkpt>
      <trkpt lat="41.543756" lon="1.886678">
        <ele>100.8601775059368</ele>
        <time>2026-07-12T06:14:51.989Z</time>
      </trkpt>
      <trkpt lat="41.54382" lon="1.886739">
        <ele>101.00571415766487</ele>
        <time>2026-07-12T06:14:54.146Z</time>
      </trkpt>
      <trkpt lat="41.543756" lon="1.886678">
        <ele>100.8601775059368</ele>
        <time>2026-07-12T06:14:56.304Z</time>
      </trkpt>
      <trkpt lat="41.543664" lon="1.886638">
        <ele>100.4209077181518</ele>
        <time>2026-07-12T06:14:58.961Z</time>
      </trkpt>
      <trkpt lat="41.543593" lon="1.886638">
        <ele>99.82474469813869</ele>
        <time>2026-07-12T06:15:00.910Z</time>
      </trkpt>
      <trkpt lat="41.543535" lon="1.886655">
        <ele>99.3711306410635</ele>
        <time>2026-07-12T06:15:02.540Z</time>
      </trkpt>
      <trkpt lat="41.543483" lon="1.886687">
        <ele>99.0597352305595</ele>
        <time>2026-07-12T06:15:04.112Z</time>
      </trkpt>
      <trkpt lat="41.543415" lon="1.886762">
        <ele>98.71594293017036</ele>
        <time>2026-07-12T06:15:06.532Z</time>
      </trkpt>
      <trkpt lat="41.543377" lon="1.886835">
        <ele>98.57848559524459</ele>
        <time>2026-07-12T06:15:08.359Z</time>
      </trkpt>
      <trkpt lat="41.543356" lon="1.886906">
        <ele>98.56217961608661</ele>
        <time>2026-07-12T06:15:09.928Z</time>
      </trkpt>
      <trkpt lat="41.543399" lon="1.886921">
        <ele>98.84371385121999</ele>
        <time>2026-07-12T06:15:11.148Z</time>
      </trkpt>
      <trkpt lat="41.543389" lon="1.887026">
        <ele>98.99186229594136</ele>
        <time>2026-07-12T06:15:13.322Z</time>
      </trkpt>
      <trkpt lat="41.543403" lon="1.88713">
        <ele>99.19339993866838</ele>
        <time>2026-07-12T06:15:15.493Z</time>
      </trkpt>
      <trkpt lat="41.543441" lon="1.887223">
        <ele>99.32546762201252</ele>
        <time>2026-07-12T06:15:17.671Z</time>
      </trkpt>
      <trkpt lat="41.5435" lon="1.887294">
        <ele>99.56315563190135</ele>
        <time>2026-07-12T06:15:19.851Z</time>
      </trkpt>
      <trkpt lat="41.543572" lon="1.887338">
        <ele>99.76510215796421</ele>
        <time>2026-07-12T06:15:22.024Z</time>
      </trkpt>
      <trkpt lat="41.543645" lon="1.887348">
        <ele>99.81207188255819</ele>
        <time>2026-07-12T06:15:24.038Z</time>
      </trkpt>
      <trkpt lat="41.543717" lon="1.887331">
        <ele>99.84407101863451</ele>
        <time>2026-07-12T06:15:26.046Z</time>
      </trkpt>
      <trkpt lat="41.543781" lon="1.887285">
        <ele>99.95568292137389</ele>
        <time>2026-07-12T06:15:28.041Z</time>
      </trkpt>
      <trkpt lat="41.543833" lon="1.887217">
        <ele>100.17261370055088</ele>
        <time>2026-07-12T06:15:30.039Z</time>
      </trkpt>
      <trkpt lat="41.543868" lon="1.887131">
        <ele>100.28719448208943</ele>
        <time>2026-07-12T06:15:32.050Z</time>
      </trkpt>
      <trkpt lat="41.544387" lon="1.887304">
        <ele>101.18568687569282</ele>
        <time>2026-07-12T06:15:46.737Z</time>
      </trkpt>
      <trkpt lat="41.54428" lon="1.887804">
        <ele>101.23021893001541</ele>
        <time>2026-07-12T06:15:57.424Z</time>
      </trkpt>
      <trkpt lat="41.544161" lon="1.888354">
        <ele>101.70913615553536</ele>
        <time>2026-07-12T06:16:09.189Z</time>
      </trkpt>
      <trkpt lat="41.543937" lon="1.889308">
        <ele>104.0707824272791</ele>
        <time>2026-07-12T06:16:29.737Z</time>
      </trkpt>
      <trkpt lat="41.543848" lon="1.88976">
        <ele>105.68932164435434</ele>
        <time>2026-07-12T06:16:39.341Z</time>
      </trkpt>
      <trkpt lat="41.543578" lon="1.891003">
        <ele>107.8911484950994</ele>
        <time>2026-07-12T06:17:05.940Z</time>
      </trkpt>
      <trkpt lat="41.543897" lon="1.891638">
        <ele>109.57756007743014</ele>
        <time>2026-07-12T06:17:21.657Z</time>
      </trkpt>
      <trkpt lat="41.544287" lon="1.891296">
        <ele>110.03386947804125</ele>
        <time>2026-07-12T06:17:34.466Z</time>
      </trkpt>
      <trkpt lat="41.544288" lon="1.891297">
        <ele>110.03606814091505</ele>
        <time>2026-07-12T06:17:34.500Z</time>
      </trkpt>
      <trkpt lat="41.544287" lon="1.891296">
        <ele>110.03386947804125</ele>
        <time>2026-07-12T06:17:34.534Z</time>
      </trkpt>
      <trkpt lat="41.543897" lon="1.891638">
        <ele>109.57756007743014</ele>
        <time>2026-07-12T06:17:47.343Z</time>
      </trkpt>
      <trkpt lat="41.543808" lon="1.891459">
        <ele>109.34580844963854</ele>
        <time>2026-07-12T06:17:51.759Z</time>
      </trkpt>
      <trkpt lat="41.543808" lon="1.891459">
        <ele>109.34580844963854</ele>
        <time>2026-07-12T06:17:51.759Z</time>
      </trkpt>
      <trkpt lat="41.543808" lon="1.891459">
        <ele>109.34580844963854</ele>
        <time>2026-07-12T06:17:51.759Z</time>
      </trkpt>
      <trkpt lat="41.543578" lon="1.891003">
        <ele>107.8911484950994</ele>
        <time>2026-07-12T06:18:03.059Z</time>
      </trkpt>
      <trkpt lat="41.543848" lon="1.88976">
        <ele>105.68932164435434</ele>
        <time>2026-07-12T06:18:29.658Z</time>
      </trkpt>
      <trkpt lat="41.543937" lon="1.889308">
        <ele>104.0707824272791</ele>
        <time>2026-07-12T06:18:39.262Z</time>
      </trkpt>
      <trkpt lat="41.544161" lon="1.888354">
        <ele>101.70913615553536</ele>
        <time>2026-07-12T06:18:59.810Z</time>
      </trkpt>
      <trkpt lat="41.544387" lon="1.887304">
        <ele>101.18568687569282</ele>
        <time>2026-07-12T06:19:22.262Z</time>
      </trkpt>
      <trkpt lat="41.543868" lon="1.887131">
        <ele>100.28719448208943</ele>
        <time>2026-07-12T06:19:36.950Z</time>
      </trkpt>
      <trkpt lat="41.543883" lon="1.887031">
        <ele>100.40315881934131</ele>
        <time>2026-07-12T06:19:39.046Z</time>
      </trkpt>
      <trkpt lat="41.543874" lon="1.88693">
        <ele>100.7372375639676</ele>
        <time>2026-07-12T06:19:41.136Z</time>
      </trkpt>
      <trkpt lat="41.543842" lon="1.886837">
        <ele>101.04407477913801</ele>
        <time>2026-07-12T06:19:43.239Z</time>
      </trkpt>
      <trkpt lat="41.543791" lon="1.886762">
        <ele>101.18455730128773</ele>
        <time>2026-07-12T06:19:45.321Z</time>
      </trkpt>
      <trkpt lat="41.544202" lon="1.885998">
        <ele>100.34365821716374</ele>
        <time>2026-07-12T06:20:04.657Z</time>
      </trkpt>
      <trkpt lat="41.544242" lon="1.886006">
        <ele>100.30902955373148</ele>
        <time>2026-07-12T06:20:05.767Z</time>
      </trkpt>
      <trkpt lat="41.544261" lon="1.885993">
        <ele>100.26159815959981</ele>
        <time>2026-07-12T06:20:06.352Z</time>
      </trkpt>
      <trkpt lat="41.544275" lon="1.885965">
        <ele>100.20356674222731</ele>
        <time>2026-07-12T06:20:07.044Z</time>
      </trkpt>
      <trkpt lat="41.544276" lon="1.88592">
        <ele>100.1367097156071</ele>
        <time>2026-07-12T06:20:07.969Z</time>
      </trkpt>
      <trkpt lat="41.544316" lon="1.885894">
        <ele>100.09727174736993</ele>
        <time>2026-07-12T06:20:09.191Z</time>
      </trkpt>
      <trkpt lat="41.544678" lon="1.885444">
        <ele>99.20473330698702</ele>
        <time>2026-07-12T06:20:22.768Z</time>
      </trkpt>
      <trkpt lat="41.545506" lon="1.884453">
        <ele>95.84870985381502</ele>
        <time>2026-07-12T06:20:53.290Z</time>
      </trkpt>
      <trkpt lat="41.54555" lon="1.884301">
        <ele>95.02120785132377</ele>
        <time>2026-07-12T06:20:56.638Z</time>
      </trkpt>
      <trkpt lat="41.54556" lon="1.884153">
        <ele>95.09754457957166</ele>
        <time>2026-07-12T06:20:59.691Z</time>
      </trkpt>
      <trkpt lat="41.545563" lon="1.884081">
        <ele>94.78177548598808</ele>
        <time>2026-07-12T06:21:01.173Z</time>
      </trkpt>
      <trkpt lat="41.545486" lon="1.883933">
        <ele>95.36274444756181</ele>
        <time>2026-07-12T06:21:04.877Z</time>
      </trkpt>
      <trkpt lat="41.545439" lon="1.883871">
        <ele>94.82259766874822</ele>
        <time>2026-07-12T06:21:06.690Z</time>
      </trkpt>
      <trkpt lat="41.5449" lon="1.883615">
        <ele>96.16768183384826</ele>
        <time>2026-07-12T06:21:22.397Z</time>
      </trkpt>
      <trkpt lat="41.544804" lon="1.883547">
        <ele>94.04554283122924</ele>
        <time>2026-07-12T06:21:25.379Z</time>
      </trkpt>
      <trkpt lat="41.544644" lon="1.883274">
        <ele>94.41737493190328</ele>
        <time>2026-07-12T06:21:32.505Z</time>
      </trkpt>
      <trkpt lat="41.544605" lon="1.883238">
        <ele>94.909863026115</ele>
        <time>2026-07-12T06:21:33.806Z</time>
      </trkpt>
      <trkpt lat="41.544522" lon="1.883183">
        <ele>95.0315223028789</ele>
        <time>2026-07-12T06:21:36.349Z</time>
      </trkpt>
      <trkpt lat="41.544405" lon="1.883148">
        <ele>94.55845713906663</ele>
        <time>2026-07-12T06:21:39.642Z</time>
      </trkpt>
      <trkpt lat="41.544299" lon="1.883171">
        <ele>94.73824097696975</ele>
        <time>2026-07-12T06:21:42.590Z</time>
      </trkpt>
      <trkpt lat="41.544191" lon="1.883162">
        <ele>93.83821256882185</ele>
        <time>2026-07-12T06:21:45.561Z</time>
      </trkpt>
      <trkpt lat="41.544124" lon="1.88314">
        <ele>94.31289534828647</ele>
        <time>2026-07-12T06:21:47.454Z</time>
      </trkpt>
      <trkpt lat="41.544059" lon="1.883106">
        <ele>95.79143233611936</ele>
        <time>2026-07-12T06:21:49.371Z</time>
      </trkpt>
      <trkpt lat="41.543999" lon="1.88306">
        <ele>97.087548440047</ele>
        <time>2026-07-12T06:21:51.270Z</time>
      </trkpt>
      <trkpt lat="41.543944" lon="1.883003">
        <ele>97.0718991821628</ele>
        <time>2026-07-12T06:21:53.181Z</time>
      </trkpt>
      <trkpt lat="41.543896" lon="1.882936">
        <ele>95.38453814174474</ele>
        <time>2026-07-12T06:21:55.087Z</time>
      </trkpt>
      <trkpt lat="41.543855" lon="1.882861">
        <ele>93.59145531342381</ele>
        <time>2026-07-12T06:21:56.995Z</time>
      </trkpt>
      <trkpt lat="41.543822" lon="1.882779">
        <ele>92.73247520515645</ele>
        <time>2026-07-12T06:21:58.908Z</time>
      </trkpt>
      <trkpt lat="41.543798" lon="1.88269">
        <ele>92.25694369145106</ele>
        <time>2026-07-12T06:22:00.851Z</time>
      </trkpt>
      <trkpt lat="41.543784" lon="1.882597">
        <ele>91.73585145134402</ele>
        <time>2026-07-12T06:22:02.801Z</time>
      </trkpt>
      <trkpt lat="41.54378" lon="1.882503">
        <ele>91.38224229265279</ele>
        <time>2026-07-12T06:22:04.735Z</time>
      </trkpt>
      <trkpt lat="41.543786" lon="1.882408">
        <ele>90.96058738231052</ele>
        <time>2026-07-12T06:22:06.694Z</time>
      </trkpt>
      <trkpt lat="41.543802" lon="1.882316">
        <ele>90.7029202820019</ele>
        <time>2026-07-12T06:22:08.635Z</time>
      </trkpt>
      <trkpt lat="41.543762" lon="1.882188">
        <ele>90.29840002429995</ele>
        <time>2026-07-12T06:22:11.484Z</time>
      </trkpt>
      <trkpt lat="41.543732" lon="1.882132">
        <ele>90.11571801379917</ele>
        <time>2026-07-12T06:22:12.900Z</time>
      </trkpt>
      <trkpt lat="41.543672" lon="1.882057">
        <ele>89.76136735008208</ele>
        <time>2026-07-12T06:22:15.156Z</time>
      </trkpt>
      <trkpt lat="41.543683" lon="1.882027">
        <ele>89.63585230436314</ele>
        <time>2026-07-12T06:22:15.842Z</time>
      </trkpt>
      <trkpt lat="41.543683" lon="1.882027">
        <ele>89.63585230436314</ele>
        <time>2026-07-12T06:22:15.842Z</time>
      </trkpt>
      <trkpt lat="41.543670000000006" lon="1.8820500000000002">
        <ele>89.71764254969307</ele>
        <time>2026-07-12T06:22:16.433Z</time>
      </trkpt>
      <trkpt lat="41.54289000206414" lon="1.8815566547370983">
        <ele>81.79191595698414</ele>
        <time>2026-07-12T06:22:40.129Z</time>
      </trkpt>
      <trkpt lat="41.54211000201981" lon="1.8810633213759398">
        <ele>70.87621862820681</ele>
        <time>2026-07-12T06:23:03.825Z</time>
      </trkpt>
      <trkpt lat="41.54133" lon="1.88057">
        <ele>79.64984016767883</ele>
        <time>2026-07-12T06:23:27.522Z</time>
      </trkpt>
      <trkpt lat="41.54104" lon="1.8804400000000001">
        <ele>80.50923774867526</ele>
        <time>2026-07-12T06:23:35.921Z</time>
      </trkpt>
      <trkpt lat="41.541044" lon="1.880441">
        <ele>80.49825050937837</ele>
        <time>2026-07-12T06:23:36.032Z</time>
      </trkpt>
      <trkpt lat="41.541136" lon="1.879946">
        <ele>80.55869198372264</ele>
        <time>2026-07-12T06:23:46.513Z</time>
      </trkpt>
      <trkpt lat="41.541024" lon="1.879834">
        <ele>81.28080483449149</ele>
        <time>2026-07-12T06:23:50.355Z</time>
      </trkpt>
      <trkpt lat="41.540843" lon="1.87968">
        <ele>82.00370362407223</ele>
        <time>2026-07-12T06:23:56.246Z</time>
      </trkpt>
      <trkpt lat="41.540694" lon="1.879536">
        <ele>83.99390059685047</ele>
        <time>2026-07-12T06:24:01.294Z</time>
      </trkpt>
      <trkpt lat="41.540683" lon="1.879513">
        <ele>84.57849425349524</ele>
        <time>2026-07-12T06:24:01.855Z</time>
      </trkpt>
      <trkpt lat="41.540682" lon="1.879464">
        <ele>85.6821356198175</ele>
        <time>2026-07-12T06:24:02.862Z</time>
      </trkpt>
      <trkpt lat="41.540729" lon="1.879272">
        <ele>87.37652690048742</ele>
        <time>2026-07-12T06:24:07.013Z</time>
      </trkpt>
      <trkpt lat="41.540728" lon="1.879223">
        <ele>87.83230229221387</ele>
        <time>2026-07-12T06:24:08.020Z</time>
      </trkpt>
      <trkpt lat="41.540647" lon="1.879179">
        <ele>90.6342921260911</ele>
        <time>2026-07-12T06:24:10.420Z</time>
      </trkpt>
      <trkpt lat="41.540598" lon="1.879063">
        <ele>92.76380076346481</ele>
        <time>2026-07-12T06:24:13.158Z</time>
      </trkpt>
      <trkpt lat="41.540576" lon="1.878947">
        <ele>95.55615790948393</ele>
        <time>2026-07-12T06:24:15.616Z</time>
      </trkpt>
      <trkpt lat="41.540643" lon="1.878798">
        <ele>97.0202210781099</ele>
        <time>2026-07-12T06:24:19.189Z</time>
      </trkpt>
      <trkpt lat="41.540712" lon="1.87861">
        <ele>101.50503030273806</ele>
        <time>2026-07-12T06:24:23.493Z</time>
      </trkpt>
      <trkpt lat="41.540757" lon="1.878525">
        <ele>102.28758860262836</ele>
        <time>2026-07-12T06:24:25.631Z</time>
      </trkpt>
      <trkpt lat="41.540755" lon="1.878458">
        <ele>104.59443896621724</ele>
        <time>2026-07-12T06:24:27.009Z</time>
      </trkpt>
      <trkpt lat="41.540718" lon="1.878448">
        <ele>107.67787822313471</ele>
        <time>2026-07-12T06:24:28.045Z</time>
      </trkpt>
      <trkpt lat="41.540649" lon="1.87847">
        <ele>111.0888024304522</ele>
        <time>2026-07-12T06:24:29.993Z</time>
      </trkpt>
      <trkpt lat="41.540586" lon="1.878528">
        <ele>112.00891494074773</ele>
        <time>2026-07-12T06:24:32.093Z</time>
      </trkpt>
      <trkpt lat="41.540553" lon="1.878588">
        <ele>110.69539149342498</ele>
        <time>2026-07-12T06:24:33.623Z</time>
      </trkpt>
      <trkpt lat="41.54052" lon="1.87858">
        <ele>112.29956462346891</ele>
        <time>2026-07-12T06:24:34.544Z</time>
      </trkpt>
      <trkpt lat="41.540509" lon="1.878551">
        <ele>113.96253765592658</ele>
        <time>2026-07-12T06:24:35.211Z</time>
      </trkpt>
      <trkpt lat="41.540501" lon="1.878475">
        <ele>117.39443142966806</ele>
        <time>2026-07-12T06:24:36.789Z</time>
      </trkpt>
      <trkpt lat="41.540536" lon="1.87838">
        <ele>119.40253057586246</ele>
        <time>2026-07-12T06:24:38.965Z</time>
      </trkpt>
      <trkpt lat="41.540535" lon="1.878355">
        <ele>120.30327562636249</ele>
        <time>2026-07-12T06:24:39.478Z</time>
      </trkpt>
      <trkpt lat="41.540523" lon="1.878301">
        <ele>122.30714612542965</ele>
        <time>2026-07-12T06:24:40.636Z</time>
      </trkpt>
      <trkpt lat="41.540504" lon="1.878273">
        <ele>123.46368253661197</ele>
        <time>2026-07-12T06:24:41.412Z</time>
      </trkpt>
      <trkpt lat="41.540461" lon="1.878266">
        <ele>125.17747976919027</ele>
        <time>2026-07-12T06:24:42.601Z</time>
      </trkpt>
      <trkpt lat="41.5404" lon="1.878288">
        <ele>126.65556360100172</ele>
        <time>2026-07-12T06:24:44.336Z</time>
      </trkpt>
      <trkpt lat="41.54034" lon="1.878268">
        <ele>128.4146482330607</ele>
        <time>2026-07-12T06:24:46.033Z</time>
      </trkpt>
      <trkpt lat="41.540287" lon="1.878235">
        <ele>129.5641435156999</ele>
        <time>2026-07-12T06:24:47.638Z</time>
      </trkpt>
      <trkpt lat="41.540248" lon="1.878175">
        <ele>130.62313807266838</ele>
        <time>2026-07-12T06:24:49.272Z</time>
      </trkpt>
      <trkpt lat="41.540125" lon="1.877902">
        <ele>133.30874685789627</ele>
        <time>2026-07-12T06:24:55.820Z</time>
      </trkpt>
      <trkpt lat="41.540039" lon="1.877554">
        <ele>134.9340061651025</ele>
        <time>2026-07-12T06:25:03.352Z</time>
      </trkpt>
      <trkpt lat="41.539956" lon="1.877198">
        <ele>137.02074282154433</ele>
        <time>2026-07-12T06:25:11.014Z</time>
      </trkpt>
      <trkpt lat="41.539962" lon="1.877105">
        <ele>137.4191581480189</ele>
        <time>2026-07-12T06:25:12.932Z</time>
      </trkpt>
      <trkpt lat="41.540025" lon="1.877036">
        <ele>138.47392895112364</ele>
        <time>2026-07-12T06:25:15.168Z</time>
      </trkpt>
      <trkpt lat="41.54016" lon="1.876922">
        <ele>140.63084627568904</ele>
        <time>2026-07-12T06:25:19.553Z</time>
      </trkpt>
      <trkpt lat="41.540177" lon="1.876843">
        <ele>141.4804092252424</ele>
        <time>2026-07-12T06:25:21.242Z</time>
      </trkpt>
      <trkpt lat="41.540171" lon="1.876773">
        <ele>142.13767911711443</ele>
        <time>2026-07-12T06:25:22.689Z</time>
      </trkpt>
      <trkpt lat="41.54013" lon="1.87655">
        <ele>145.9810476851019</ele>
        <time>2026-07-12T06:25:27.409Z</time>
      </trkpt>
      <trkpt lat="41.540108" lon="1.876343">
        <ele>148.1058401793753</ele>
        <time>2026-07-12T06:25:31.705Z</time>
      </trkpt>
      <trkpt lat="41.540156" lon="1.875549">
        <ele>157.5045516415741</ele>
        <time>2026-07-12T06:25:48.078Z</time>
      </trkpt>
      <trkpt lat="41.540137" lon="1.875489">
        <ele>158.18124652339412</ele>
        <time>2026-07-12T06:25:49.416Z</time>
      </trkpt>
      <trkpt lat="41.539868" lon="1.874975">
        <ele>160.4788496272922</ele>
        <time>2026-07-12T06:26:02.305Z</time>
      </trkpt>
      <trkpt lat="41.539745" lon="1.874627">
        <ele>162.40253231919348</ele>
        <time>2026-07-12T06:26:10.215Z</time>
      </trkpt>
      <trkpt lat="41.539659" lon="1.874304">
        <ele>164.15827803611785</ele>
        <time>2026-07-12T06:26:17.260Z</time>
      </trkpt>
      <trkpt lat="41.539398" lon="1.872472">
        <ele>169.72140430272265</ele>
        <time>2026-07-12T06:26:55.588Z</time>
      </trkpt>
      <trkpt lat="41.539386" lon="1.872436">
        <ele>169.8255143316694</ele>
        <time>2026-07-12T06:26:56.398Z</time>
      </trkpt>
      <trkpt lat="41.539346" lon="1.872372">
        <ele>170.0454354524446</ele>
        <time>2026-07-12T06:26:58.111Z</time>
      </trkpt>
      <trkpt lat="41.53937" lon="1.872322">
        <ele>169.96042427464056</ele>
        <time>2026-07-12T06:26:59.331Z</time>
      </trkpt>
      <trkpt lat="41.539372" lon="1.872292">
        <ele>169.98708343463963</ele>
        <time>2026-07-12T06:26:59.950Z</time>
      </trkpt>
      <trkpt lat="41.539366" lon="1.872262">
        <ele>170.0496908420311</ele>
        <time>2026-07-12T06:27:00.588Z</time>
      </trkpt>
      <trkpt lat="41.539347" lon="1.872231">
        <ele>170.14771221521158</ele>
        <time>2026-07-12T06:27:01.411Z</time>
      </trkpt>
      <trkpt lat="41.539173" lon="1.871506">
        <ele>174.1513527160794</ele>
        <time>2026-07-12T06:27:17.059Z</time>
      </trkpt>
      <trkpt lat="41.539017" lon="1.870977">
        <ele>177.9936604334238</ele>
        <time>2026-07-12T06:27:28.744Z</time>
      </trkpt>
      <trkpt lat="41.538842" lon="1.870608">
        <ele>179.95401843427808</ele>
        <time>2026-07-12T06:27:37.722Z</time>
      </trkpt>
      <trkpt lat="41.539017" lon="1.870977">
        <ele>177.9936604334238</ele>
        <time>2026-07-12T06:27:46.700Z</time>
      </trkpt>
      <trkpt lat="41.539173" lon="1.871506">
        <ele>174.1513527160794</ele>
        <time>2026-07-12T06:27:58.385Z</time>
      </trkpt>
      <trkpt lat="41.539347" lon="1.872231">
        <ele>170.14771221521158</ele>
        <time>2026-07-12T06:28:14.033Z</time>
      </trkpt>
      <trkpt lat="41.539314" lon="1.872209">
        <ele>170.26597932979277</ele>
        <time>2026-07-12T06:28:15.046Z</time>
      </trkpt>
      <trkpt lat="41.53927" lon="1.872219">
        <ele>170.40322523792562</ele>
        <time>2026-07-12T06:28:16.270Z</time>
      </trkpt>
      <trkpt lat="41.539239" lon="1.872263">
        <ele>170.4754457859499</ele>
        <time>2026-07-12T06:28:17.512Z</time>
      </trkpt>
      <trkpt lat="41.539234" lon="1.872292">
        <ele>170.46017957190452</ele>
        <time>2026-07-12T06:28:18.123Z</time>
      </trkpt>
      <trkpt lat="41.539145" lon="1.872316">
        <ele>170.81716470120048</ele>
        <time>2026-07-12T06:28:20.616Z</time>
      </trkpt>
      <trkpt lat="41.538434" lon="1.872702">
        <ele>174.436961422151</ele>
        <time>2026-07-12T06:28:41.689Z</time>
      </trkpt>
      <trkpt lat="41.538548" lon="1.873272">
        <ele>170.3724724614543</ele>
        <time>2026-07-12T06:28:53.815Z</time>
      </trkpt>
      <trkpt lat="41.538553" lon="1.873344">
        <ele>170.0821768405233</ele>
        <time>2026-07-12T06:28:55.301Z</time>
      </trkpt>
      <trkpt lat="41.538534" lon="1.873391">
        <ele>170.23380740882914</ele>
        <time>2026-07-12T06:28:56.398Z</time>
      </trkpt>
      <trkpt lat="41.538317" lon="1.873468">
        <ele>170.44682423267307</ele>
        <time>2026-07-12T06:29:02.562Z</time>
      </trkpt>
      <trkpt lat="41.538116" lon="1.873529">
        <ele>170.74689010494487</ele>
        <time>2026-07-12T06:29:08.221Z</time>
      </trkpt>
      <trkpt lat="41.538076" lon="1.873575">
        <ele>171.4408259320177</ele>
        <time>2026-07-12T06:29:09.671Z</time>
      </trkpt>
      <trkpt lat="41.53806" lon="1.873653">
        <ele>171.53745012363322</ele>
        <time>2026-07-12T06:29:11.333Z</time>
      </trkpt>
      <trkpt lat="41.538098" lon="1.874599">
        <ele>172.24480966956244</ele>
        <time>2026-07-12T06:29:30.803Z</time>
      </trkpt>
      <trkpt lat="41.538176" lon="1.874648">
        <ele>171.07858596890034</ele>
        <time>2026-07-12T06:29:33.170Z</time>
      </trkpt>
      <trkpt lat="41.538239" lon="1.874665">
        <ele>170.49578670932863</ele>
        <time>2026-07-12T06:29:34.934Z</time>
      </trkpt>
      <trkpt lat="41.53824" lon="1.8746600000000002">
        <ele>170.47461479014885</ele>
        <time>2026-07-12T06:29:35.039Z</time>
      </trkpt>
      <trkpt lat="41.53813" lon="1.8754100000000002">
        <ele>176.03547196686628</ele>
        <time>2026-07-12T06:29:50.747Z</time>
      </trkpt>
      <trkpt lat="41.53835" lon="1.87562">
        <ele>171.59029797321233</ele>
        <time>2026-07-12T06:29:58.172Z</time>
      </trkpt>
      <trkpt lat="41.538450000000005" lon="1.8761400000000001">
        <ele>172.1702653516118</ele>
        <time>2026-07-12T06:30:09.206Z</time>
      </trkpt>
      <trkpt lat="41.53846" lon="1.87613">
        <ele>171.8834225084167</ele>
        <time>2026-07-12T06:30:09.548Z</time>
      </trkpt>
      <trkpt lat="41.538430000000005" lon="1.8762600000000003">
        <ele>172.1420209995893</ele>
        <time>2026-07-12T06:30:12.343Z</time>
      </trkpt>
      <trkpt lat="41.53844" lon="1.87671">
        <ele>173.2023901556077</ele>
        <time>2026-07-12T06:30:21.597Z</time>
      </trkpt>
      <trkpt lat="41.538520000000005" lon="1.87694">
        <ele>168.69633141945138</ele>
        <time>2026-07-12T06:30:26.809Z</time>
      </trkpt>
      <trkpt lat="41.53849" lon="1.87698">
        <ele>167.83181096072488</ele>
        <time>2026-07-12T06:30:27.972Z</time>
      </trkpt>
      <trkpt lat="41.538180000000004" lon="1.87715">
        <ele>171.03110298021718</ele>
        <time>2026-07-12T06:30:37.173Z</time>
      </trkpt>
      <trkpt lat="41.53793" lon="1.8773700000000002">
        <ele>172.24513717747448</ele>
        <time>2026-07-12T06:30:45.393Z</time>
      </trkpt>
      <trkpt lat="41.537870000000005" lon="1.8774400000000002">
        <ele>171.86706640103424</ele>
        <time>2026-07-12T06:30:47.579Z</time>
      </trkpt>
      <trkpt lat="41.537800000000004" lon="1.87745">
        <ele>172.25265601781012</ele>
        <time>2026-07-12T06:30:49.512Z</time>
      </trkpt>
      <trkpt lat="41.53772" lon="1.8775000000000002">
        <ele>172.3099768864434</ele>
        <time>2026-07-12T06:30:51.937Z</time>
      </trkpt>
      <trkpt lat="41.53763" lon="1.87752">
        <ele>173.62725254981558</ele>
        <time>2026-07-12T06:30:54.441Z</time>
      </trkpt>
      <trkpt lat="41.53743" lon="1.8776700000000002">
        <ele>177.08543828788436</ele>
        <time>2026-07-12T06:31:00.738Z</time>
      </trkpt>
      <trkpt lat="41.537400000000005" lon="1.8777500000000003">
        <ele>177.865649931995</ele>
        <time>2026-07-12T06:31:02.578Z</time>
      </trkpt>
      <trkpt lat="41.537420000000004" lon="1.87823">
        <ele>179.29212647459894</ele>
        <time>2026-07-12T06:31:12.458Z</time>
      </trkpt>
      <trkpt lat="41.53761" lon="1.8786200000000002">
        <ele>176.32237677813168</ele>
        <time>2026-07-12T06:31:22.021Z</time>
      </trkpt>
      <trkpt lat="41.537600000000005" lon="1.8788000000000002">
        <ele>176.525367668152</ele>
        <time>2026-07-12T06:31:25.731Z</time>
      </trkpt>
      <trkpt lat="41.53752" lon="1.8789200000000001">
        <ele>178.73092201404722</ele>
        <time>2026-07-12T06:31:29.033Z</time>
      </trkpt>
      <trkpt lat="41.537470000000006" lon="1.87905">
        <ele>177.67950560761122</ele>
        <time>2026-07-12T06:31:32.037Z</time>
      </trkpt>
      <trkpt lat="41.537440000000004" lon="1.8790600000000002">
        <ele>178.18145096529045</ele>
        <time>2026-07-12T06:31:32.886Z</time>
      </trkpt>
      <trkpt lat="41.537400000000005" lon="1.87911">
        <ele>177.90343020063568</ele>
        <time>2026-07-12T06:31:34.390Z</time>
      </trkpt>
      <trkpt lat="41.537200000000006" lon="1.8792600000000002">
        <ele>178.91094526421952</ele>
        <time>2026-07-12T06:31:40.687Z</time>
      </trkpt>
      <trkpt lat="41.53701" lon="1.8794700000000002">
        <ele>179.03769677392563</ele>
        <time>2026-07-12T06:31:47.458Z</time>
      </trkpt>
      <trkpt lat="41.5369" lon="1.8796300000000001">
        <ele>177.71633891089073</ele>
        <time>2026-07-12T06:31:51.923Z</time>
      </trkpt>
      <trkpt lat="41.536840000000005" lon="1.8796800000000002">
        <ele>177.94137072430505</ele>
        <time>2026-07-12T06:31:53.864Z</time>
      </trkpt>
      <trkpt lat="41.53678" lon="1.8797000000000001">
        <ele>178.69682582558437</ele>
        <time>2026-07-12T06:31:55.562Z</time>
      </trkpt>
      <trkpt lat="41.536640000000006" lon="1.87993">
        <ele>177.20243554959282</ele>
        <time>2026-07-12T06:32:01.655Z</time>
      </trkpt>
      <trkpt lat="41.536570000000005" lon="1.8800000000000001">
        <ele>177.07161981627246</ele>
        <time>2026-07-12T06:32:04.055Z</time>
      </trkpt>
      <trkpt lat="41.53647" lon="1.8800400000000002">
        <ele>177.70901647951817</ele>
        <time>2026-07-12T06:32:06.921Z</time>
      </trkpt>
      <trkpt lat="41.536350000000006" lon="1.88023">
        <ele>176.33802364071755</ele>
        <time>2026-07-12T06:32:12.030Z</time>
      </trkpt>
      <trkpt lat="41.53611" lon="1.8805300000000003">
        <ele>171.86806800394922</ele>
        <time>2026-07-12T06:32:21.055Z</time>
      </trkpt>
      <trkpt lat="41.536010000000005" lon="1.8808600000000002">
        <ele>168.27924018515677</ele>
        <time>2026-07-12T06:32:28.372Z</time>
      </trkpt>
      <trkpt lat="41.53596" lon="1.88138">
        <ele>163.17853819357293</ele>
        <time>2026-07-12T06:32:39.147Z</time>
      </trkpt>
      <trkpt lat="41.535830000000004" lon="1.8817100000000002">
        <ele>160.61526849334066</ele>
        <time>2026-07-12T06:32:46.811Z</time>
      </trkpt>
      <trkpt lat="41.535700000000006" lon="1.8818100000000002">
        <ele>160.19886001180225</ele>
        <time>2026-07-12T06:32:50.930Z</time>
      </trkpt>
      <trkpt lat="41.535340000000005" lon="1.88128">
        <ele>164.04118796482703</ele>
        <time>2026-07-12T06:33:05.640Z</time>
      </trkpt>
      <trkpt lat="41.53535" lon="1.88152">
        <ele>160.73568310944577</ele>
        <time>2026-07-12T06:33:10.580Z</time>
      </trkpt>
      <trkpt lat="41.535230000000006" lon="1.8818000000000001">
        <ele>157.80991554408072</ele>
        <time>2026-07-12T06:33:17.211Z</time>
      </trkpt>
      <trkpt lat="41.534940000000006" lon="1.8823">
        <ele>150.9760779041622</ele>
        <time>2026-07-12T06:33:30.211Z</time>
      </trkpt>
      <trkpt lat="41.534620001957705" lon="1.8829750033727675">
        <ele>144.97759728895923</ele>
        <time>2026-07-12T06:33:46.633Z</time>
      </trkpt>
      <trkpt lat="41.5343" lon="1.88365">
        <ele>141.2144781179892</ele>
        <time>2026-07-12T06:34:03.054Z</time>
      </trkpt>
      <trkpt lat="41.534000000000006" lon="1.8846900000000002">
        <ele>128.3940570631983</ele>
        <time>2026-07-12T06:34:25.962Z</time>
      </trkpt>
      <trkpt lat="41.53381" lon="1.88576">
        <ele>111.71934056903758</ele>
        <time>2026-07-12T06:34:48.565Z</time>
      </trkpt>
      <trkpt lat="41.53372" lon="1.8865100000000001">
        <ele>106.83945548771943</ele>
        <time>2026-07-12T06:35:04.177Z</time>
      </trkpt>
      <trkpt lat="41.533730000000006" lon="1.8873600000000001">
        <ele>112.40839048982859</ele>
        <time>2026-07-12T06:35:21.651Z</time>
      </trkpt>
      <trkpt lat="41.533820000000006" lon="1.8879700000000001">
        <ele>116.4294676065658</ele>
        <time>2026-07-12T06:35:34.430Z</time>
      </trkpt>
      <trkpt lat="41.53380000000001" lon="1.8885800000000001">
        <ele>121.02018349047285</ele>
        <time>2026-07-12T06:35:46.979Z</time>
      </trkpt>
      <trkpt lat="41.53365" lon="1.8890500000000001">
        <ele>120.8045882404063</ele>
        <time>2026-07-12T06:35:57.480Z</time>
      </trkpt>
      <trkpt lat="41.533370000000005" lon="1.8893300000000002">
        <ele>124.05792614081763</ele>
        <time>2026-07-12T06:36:07.083Z</time>
      </trkpt>
      <trkpt lat="41.53292000062735" lon="1.8897300028410526">
        <ele>127.75696596642695</ele>
        <time>2026-07-12T06:36:21.925Z</time>
      </trkpt>
      <trkpt lat="41.53247" lon="1.89013">
        <ele>126.94857384359834</ele>
        <time>2026-07-12T06:36:36.766Z</time>
      </trkpt>
      <trkpt lat="41.53168" lon="1.89026">
        <ele>128.84086879800188</ele>
        <time>2026-07-12T06:36:58.622Z</time>
      </trkpt>
      <trkpt lat="41.53152" lon="1.8907500000000002">
        <ele>126.4102928350735</ele>
        <time>2026-07-12T06:37:09.609Z</time>
      </trkpt>
      <trkpt lat="41.53125000558101" lon="1.8918850047320401">
        <ele>122.24076771790426</ele>
        <time>2026-07-12T06:37:34.088Z</time>
      </trkpt>
      <trkpt lat="41.53098000000001" lon="1.8930200000000001">
        <ele>119.12901065567493</ele>
        <time>2026-07-12T06:37:58.567Z</time>
      </trkpt>
      <trkpt lat="41.53070500262097" lon="1.8938000033561126">
        <ele>116.45724518176019</ele>
        <time>2026-07-12T06:38:16.288Z</time>
      </trkpt>
      <trkpt lat="41.53043" lon="1.8945800000000002">
        <ele>114.24803659621625</ele>
        <time>2026-07-12T06:38:34.010Z</time>
      </trkpt>
      <trkpt lat="41.53022500134499" lon="1.8951150014206541">
        <ele>113.06256534863283</ele>
        <time>2026-07-12T06:38:46.364Z</time>
      </trkpt>
      <trkpt lat="41.53002" lon="1.89565">
        <ele>111.5483772787741</ele>
        <time>2026-07-12T06:38:58.718Z</time>
      </trkpt>
      <trkpt lat="41.52987" lon="1.8964600000000003">
        <ele>109.47126997883556</ele>
        <time>2026-07-12T06:39:15.869Z</time>
      </trkpt>
      <trkpt lat="41.529790000000006" lon="1.8970500000000001">
        <ele>110.03153635864363</ele>
        <time>2026-07-12T06:39:28.195Z</time>
      </trkpt>
      <trkpt lat="41.529610000000005" lon="1.89792">
        <ele>106.16446940522931</ele>
        <time>2026-07-12T06:39:46.748Z</time>
      </trkpt>
      <trkpt lat="41.52958000472756" lon="1.8989650005672811">
        <ele>102.04153202107423</ele>
        <time>2026-07-12T06:40:08.244Z</time>
      </trkpt>
      <trkpt lat="41.52955" lon="1.9000100000000002">
        <ele>95.83790843444439</ele>
        <time>2026-07-12T06:40:29.740Z</time>
      </trkpt>
      <trkpt lat="41.52949" lon="1.9007800000000001">
        <ele>94.96008434635743</ele>
        <time>2026-07-12T06:40:45.654Z</time>
      </trkpt>
      <trkpt lat="41.52937" lon="1.90131">
        <ele>90.06689422203655</ele>
        <time>2026-07-12T06:40:57.035Z</time>
      </trkpt>
      <trkpt lat="41.52938" lon="1.9020100000000002">
        <ele>89.13060624764799</ele>
        <time>2026-07-12T06:41:11.426Z</time>
      </trkpt>
      <trkpt lat="41.529180000000004" lon="1.9027500000000002">
        <ele>83.41739662599682</ele>
        <time>2026-07-12T06:41:27.599Z</time>
      </trkpt>
      <trkpt lat="41.529180000000004" lon="1.9032300000000002">
        <ele>83.97814910900901</ele>
        <time>2026-07-12T06:41:37.465Z</time>
      </trkpt>
      <trkpt lat="41.529320000000006" lon="1.9039800000000002">
        <ele>81.50429034874288</ele>
        <time>2026-07-12T06:41:53.353Z</time>
      </trkpt>
      <trkpt lat="41.5294" lon="1.9041400000000002">
        <ele>81.69520841686875</ele>
        <time>2026-07-12T06:41:57.308Z</time>
      </trkpt>
      <trkpt lat="41.52962500321522" lon="1.9049999970539302">
        <ele>79.58684376232077</ele>
        <time>2026-07-12T06:42:16.034Z</time>
      </trkpt>
      <trkpt lat="41.52985" lon="1.90586">
        <ele>76.2373040140796</ele>
        <time>2026-07-12T06:42:34.761Z</time>
      </trkpt>
      <trkpt lat="41.530030000000004" lon="1.9066400000000001">
        <ele>70.54449120062715</ele>
        <time>2026-07-12T06:42:51.539Z</time>
      </trkpt>
      <trkpt lat="41.53007" lon="1.9069500000000001">
        <ele>70.04637393602098</ele>
        <time>2026-07-12T06:42:58.003Z</time>
      </trkpt>
      <trkpt lat="41.530300000000004" lon="1.9079300000000001">
        <ele>67.90260713934805</ele>
        <time>2026-07-12T06:43:19.114Z</time>
      </trkpt>
      <trkpt lat="41.530300000000004" lon="1.90816">
        <ele>67.19976325914165</ele>
        <time>2026-07-12T06:43:23.842Z</time>
      </trkpt>
      <trkpt lat="41.53014" lon="1.9082700000000001">
        <ele>65.83390545087985</ele>
        <time>2026-07-12T06:43:28.783Z</time>
      </trkpt>
      <trkpt lat="41.53005" lon="1.9082800000000002">
        <ele>65.69505099454156</ele>
        <time>2026-07-12T06:43:31.262Z</time>
      </trkpt>
      <trkpt lat="41.529700000000005" lon="1.90843">
        <ele>65.73522751002072</ele>
        <time>2026-07-12T06:43:41.355Z</time>
      </trkpt>
      <trkpt lat="41.529590000000006" lon="1.9085900000000002">
        <ele>66.78127644796453</ele>
        <time>2026-07-12T06:43:45.820Z</time>
      </trkpt>
      <trkpt lat="41.52957000000001" lon="1.90908">
        <ele>66.50040131288212</ele>
        <time>2026-07-12T06:43:55.907Z</time>
      </trkpt>
      <trkpt lat="41.529375002892245" lon="1.909895002392823">
        <ele>66.31127237261968</ele>
        <time>2026-07-12T06:44:13.494Z</time>
      </trkpt>
      <trkpt lat="41.529180000000004" lon="1.9107100000000001">
        <ele>65.39073561211103</ele>
        <time>2026-07-12T06:44:31.081Z</time>
      </trkpt>
      <trkpt lat="41.52911" lon="1.9107800000000001">
        <ele>65.10385614743866</ele>
        <time>2026-07-12T06:44:33.482Z</time>
      </trkpt>
      <trkpt lat="41.528650000000006" lon="1.9105800000000002">
        <ele>66.59770772041392</ele>
        <time>2026-07-12T06:44:46.764Z</time>
      </trkpt>
      <trkpt lat="41.528035000135674" lon="1.910464998921489">
        <ele>66.01479689668312</ele>
        <time>2026-07-12T06:45:03.816Z</time>
      </trkpt>
      <trkpt lat="41.527420000000006" lon="1.9103500000000002">
        <ele>65.86442737000894</ele>
        <time>2026-07-12T06:45:20.867Z</time>
      </trkpt>
      <trkpt lat="41.52673" lon="1.91016">
        <ele>65.33389147526773</ele>
        <time>2026-07-12T06:45:40.211Z</time>
      </trkpt>
      <trkpt lat="41.5264" lon="1.9099800000000002">
        <ele>65.43135641511347</ele>
        <time>2026-07-12T06:45:49.999Z</time>
      </trkpt>
      <trkpt lat="41.52555" lon="1.9098800000000002">
        <ele>66.71957289966878</ele>
        <time>2026-07-12T06:46:13.428Z</time>
      </trkpt>
      <trkpt lat="41.52506" lon="1.9097000000000002">
        <ele>71.09669473112086</ele>
        <time>2026-07-12T06:46:27.382Z</time>
      </trkpt>
      <trkpt lat="41.52453500006739" lon="1.9096599996800567">
        <ele>75.63727487005673</ele>
        <time>2026-07-12T06:46:41.820Z</time>
      </trkpt>
      <trkpt lat="41.524010000000004" lon="1.90962">
        <ele>79.54779354464775</ele>
        <time>2026-07-12T06:46:56.259Z</time>
      </trkpt>
      <trkpt lat="41.523740000000004" lon="1.9095700000000002">
        <ele>80.73023310155126</ele>
        <time>2026-07-12T06:47:03.743Z</time>
      </trkpt>
      <trkpt lat="41.52365" lon="1.9086800000000002">
        <ele>83.32825491706569</ele>
        <time>2026-07-12T06:47:22.205Z</time>
      </trkpt>
      <trkpt lat="41.52311" lon="1.9078700000000002">
        <ele>84.92101303327982</ele>
        <time>2026-07-12T06:47:44.501Z</time>
      </trkpt>
      <trkpt lat="41.52293" lon="1.9072700000000002">
        <ele>85.19883863174034</ele>
        <time>2026-07-12T06:47:57.789Z</time>
      </trkpt>
      <trkpt lat="41.5229" lon="1.90701">
        <ele>85.46898644162958</ele>
        <time>2026-07-12T06:48:03.197Z</time>
      </trkpt>
      <trkpt lat="41.52210399999558" lon="1.9070059998031654">
        <ele>84.87838674060127</ele>
        <time>2026-07-12T06:48:25.053Z</time>
      </trkpt>
      <trkpt lat="41.52130799999102" lon="1.9070019997047414">
        <ele>84.50178633017977</ele>
        <time>2026-07-12T06:48:46.910Z</time>
      </trkpt>
      <trkpt lat="41.52051199998631" lon="1.9069979997047228">
        <ele>84.48705443231466</ele>
        <time>2026-07-12T06:49:08.765Z</time>
      </trkpt>
      <trkpt lat="41.519715999981486" lon="1.9069939998031051">
        <ele>84.91197677523698</ele>
        <time>2026-07-12T06:49:30.622Z</time>
      </trkpt>
      <trkpt lat="41.51892" lon="1.9069900000000002">
        <ele>89.48715206290622</ele>
        <time>2026-07-12T06:49:52.479Z</time>
      </trkpt>
      <trkpt lat="41.518280000000004" lon="1.90711">
        <ele>89.30575950797298</ele>
        <time>2026-07-12T06:50:10.223Z</time>
      </trkpt>
      <trkpt lat="41.51823" lon="1.9070300000000002">
        <ele>90.7353654673877</ele>
        <time>2026-07-12T06:50:12.365Z</time>
      </trkpt>
      <trkpt lat="41.51821" lon="1.90667">
        <ele>89.06402178040511</ele>
        <time>2026-07-12T06:50:19.786Z</time>
      </trkpt>
      <trkpt lat="41.51816" lon="1.9065500000000002">
        <ele>90.23494435248148</ele>
        <time>2026-07-12T06:50:22.609Z</time>
      </trkpt>
      <trkpt lat="41.51812" lon="1.9064800000000002">
        <ele>91.35666080497549</ele>
        <time>2026-07-12T06:50:24.419Z</time>
      </trkpt>
      <trkpt lat="41.517970000000005" lon="1.90643">
        <ele>90.4920319656209</ele>
        <time>2026-07-12T06:50:28.664Z</time>
      </trkpt>
      <trkpt lat="41.51778" lon="1.9064500000000002">
        <ele>90.20995877487348</ele>
        <time>2026-07-12T06:50:33.897Z</time>
      </trkpt>
      <trkpt lat="41.517113334104366" lon="1.9067466727743818">
        <ele>86.27131740518593</ele>
        <time>2026-07-12T06:50:53.191Z</time>
      </trkpt>
      <trkpt lat="41.51644666744636" lon="1.9070433394371082">
        <ele>86.27065529420581</ele>
        <time>2026-07-12T06:51:12.486Z</time>
      </trkpt>
      <trkpt lat="41.51578000000001" lon="1.9073400000000003">
        <ele>85.43594667338408</ele>
        <time>2026-07-12T06:51:31.781Z</time>
      </trkpt>
      <trkpt lat="41.51568" lon="1.9073700000000002">
        <ele>85.29821710089425</ele>
        <time>2026-07-12T06:51:34.595Z</time>
      </trkpt>
      <trkpt lat="41.51556" lon="1.9073700000000002">
        <ele>85.25151338957403</ele>
        <time>2026-07-12T06:51:37.889Z</time>
      </trkpt>
      <trkpt lat="41.51547" lon="1.9073300000000002">
        <ele>85.26414075090248</ele>
        <time>2026-07-12T06:51:40.494Z</time>
      </trkpt>
      <trkpt lat="41.515330000000006" lon="1.90721">
        <ele>85.40497743367703</ele>
        <time>2026-07-12T06:51:45.060Z</time>
      </trkpt>
      <trkpt lat="41.515150000000006" lon="1.9069600000000002">
        <ele>84.68542187242568</ele>
        <time>2026-07-12T06:51:52.191Z</time>
      </trkpt>
      <trkpt lat="41.51511" lon="1.9068200000000002">
        <ele>83.6425492402073</ele>
        <time>2026-07-12T06:51:55.271Z</time>
      </trkpt>
      <trkpt lat="41.515130000000006" lon="1.9067300000000003">
        <ele>83.40677883627681</ele>
        <time>2026-07-12T06:51:57.201Z</time>
      </trkpt>
      <trkpt lat="41.5152" lon="1.9067100000000001">
        <ele>85.12304239989578</ele>
        <time>2026-07-12T06:51:59.167Z</time>
      </trkpt>
      <trkpt lat="41.515420000000006" lon="1.9065200000000002">
        <ele>88.8658847497416</ele>
        <time>2026-07-12T06:52:06.361Z</time>
      </trkpt>
      <trkpt lat="41.515550000000005" lon="1.9062800000000002">
        <ele>92.15488138069828</ele>
        <time>2026-07-12T06:52:12.450Z</time>
      </trkpt>
      <trkpt lat="41.51567" lon="1.9061700000000001">
        <ele>94.85868175616395</ele>
        <time>2026-07-12T06:52:16.446Z</time>
      </trkpt>
      <trkpt lat="41.515660000000004" lon="1.9061500000000002">
        <ele>94.46453827381337</ele>
        <time>2026-07-12T06:52:16.939Z</time>
      </trkpt>
      <trkpt lat="41.51588" lon="1.9059100000000002">
        <ele>95.15346313494744</ele>
        <time>2026-07-12T06:52:24.739Z</time>
      </trkpt>
      <trkpt lat="41.51597" lon="1.9057600000000001">
        <ele>95.08539926561352</ele>
        <time>2026-07-12T06:52:28.691Z</time>
      </trkpt>
      <trkpt lat="41.51605" lon="1.90538">
        <ele>96.6029712023747</ele>
        <time>2026-07-12T06:52:36.806Z</time>
      </trkpt>
      <trkpt lat="41.516020000000005" lon="1.9048900000000002">
        <ele>98.02147585512985</ele>
        <time>2026-07-12T06:52:46.914Z</time>
      </trkpt>
      <trkpt lat="41.515690000000006" lon="1.9038700000000002">
        <ele>101.03106822791763</ele>
        <time>2026-07-12T06:53:09.758Z</time>
      </trkpt>
      <trkpt lat="41.515530000000005" lon="1.90321">
        <ele>102.86842543092558</ele>
        <time>2026-07-12T06:53:24.021Z</time>
      </trkpt>
      <trkpt lat="41.515510000000006" lon="1.90294">
        <ele>103.77250877557273</ele>
        <time>2026-07-12T06:53:29.600Z</time>
      </trkpt>
      <trkpt lat="41.515980000127726" lon="1.9028850003859714">
        <ele>105.59630398100677</ele>
        <time>2026-07-12T06:53:42.554Z</time>
      </trkpt>
      <trkpt lat="41.516450000000006" lon="1.9028300000000002">
        <ele>104.13269878595426</ele>
        <time>2026-07-12T06:53:55.509Z</time>
      </trkpt>
      <trkpt lat="41.51653" lon="1.90274">
        <ele>103.58025133030392</ele>
        <time>2026-07-12T06:53:58.380Z</time>
      </trkpt>
      <trkpt lat="41.51664" lon="1.9025">
        <ele>102.62125987036994</ele>
        <time>2026-07-12T06:54:04.166Z</time>
      </trkpt>
      <trkpt lat="41.51664" lon="1.90192">
        <ele>101.29550629929197</ele>
        <time>2026-07-12T06:54:16.090Z</time>
      </trkpt>
      <trkpt lat="41.51626" lon="1.90223">
        <ele>104.2680786167878</ele>
        <time>2026-07-12T06:54:28.316Z</time>
      </trkpt>
      <trkpt lat="41.51623" lon="1.9021000000000001">
        <ele>104.56551468847007</ele>
        <time>2026-07-12T06:54:31.113Z</time>
      </trkpt>
      <trkpt lat="41.516110000000005" lon="1.9018800000000002">
        <ele>106.88861340189811</ele>
        <time>2026-07-12T06:54:36.709Z</time>
      </trkpt>
      <trkpt lat="41.516070000000006" lon="1.90175">
        <ele>107.56951838508957</ele>
        <time>2026-07-12T06:54:39.598Z</time>
      </trkpt>
      <trkpt lat="41.51596000538662" lon="1.900634998126112">
        <ele>110.85486733262766</ele>
        <time>2026-07-12T06:55:02.720Z</time>
      </trkpt>
      <trkpt lat="41.51585" lon="1.89952">
        <ele>113.28569240032479</ele>
        <time>2026-07-12T06:55:25.842Z</time>
      </trkpt>
      <trkpt lat="41.51576" lon="1.8988600000000002">
        <ele>114.41768193776554</ele>
        <time>2026-07-12T06:55:39.634Z</time>
      </trkpt>
      <trkpt lat="41.51527500036318" lon="1.899120001910463">
        <ele>115.87456651460984</ele>
        <time>2026-07-12T06:55:53.984Z</time>
      </trkpt>
      <trkpt lat="41.514790000000005" lon="1.89938">
        <ele>116.05376438349475</ele>
        <time>2026-07-12T06:56:08.334Z</time>
      </trkpt>
      <trkpt lat="41.51478" lon="1.8993400000000003">
        <ele>116.25446918269776</ele>
        <time>2026-07-12T06:56:09.201Z</time>
      </trkpt>
      <trkpt lat="41.51473" lon="1.8993700000000002">
        <ele>115.85206765325378</ele>
        <time>2026-07-12T06:56:10.705Z</time>
      </trkpt>
      <trkpt lat="41.51447" lon="1.8982700000000001">
        <ele>116.75154468816916</ele>
        <time>2026-07-12T06:56:34.422Z</time>
      </trkpt>
      <trkpt lat="41.514190000000006" lon="1.8971700000000002">
        <ele>115.33067139372629</ele>
        <time>2026-07-12T06:56:58.309Z</time>
      </trkpt>
      <trkpt lat="41.514120000000005" lon="1.8970300000000002">
        <ele>114.72048458996703</ele>
        <time>2026-07-12T06:57:01.770Z</time>
      </trkpt>
      <trkpt lat="41.514030000000005" lon="1.8969600000000002">
        <ele>114.04519362369032</ele>
        <time>2026-07-12T06:57:04.629Z</time>
      </trkpt>
      <trkpt lat="41.513510000153815" lon="1.8970000003100342">
        <ele>101.4011077491881</ele>
        <time>2026-07-12T06:57:18.931Z</time>
      </trkpt>
      <trkpt lat="41.51299" lon="1.89704">
        <ele>115.648530334311</ele>
        <time>2026-07-12T06:57:33.233Z</time>
      </trkpt>
      <trkpt lat="41.51272" lon="1.8971000000000002">
        <ele>118.85437192671944</ele>
        <time>2026-07-12T06:57:40.747Z</time>
      </trkpt>
      <trkpt lat="41.51201779011781" lon="1.8976967184414522">
        <ele>118.64867778369201</ele>
        <time>2026-07-12T06:58:03.601Z</time>
      </trkpt>
      <trkpt lat="41.51131557715138" lon="1.8982934239370128">
        <ele>116.10500135386164</ele>
        <time>2026-07-12T06:58:26.454Z</time>
      </trkpt>
      <trkpt lat="41.51061336110084" lon="1.8988901164872245">
        <ele>114.97709564823666</ele>
        <time>2026-07-12T06:58:49.308Z</time>
      </trkpt>
      <trkpt lat="41.50991114196633" lon="1.8994867960926318">
        <ele>113.54273595645566</ele>
        <time>2026-07-12T06:59:12.161Z</time>
      </trkpt>
      <trkpt lat="41.509208919748005" lon="1.9000834627537777">
        <ele>112.19619903320404</ele>
        <time>2026-07-12T06:59:35.015Z</time>
      </trkpt>
      <trkpt lat="41.50850669444598" lon="1.9006801164712066">
        <ele>110.52638225144781</ele>
        <time>2026-07-12T06:59:57.868Z</time>
      </trkpt>
      <trkpt lat="41.50780446606044" lon="1.9012767572454612">
        <ele>108.79629080184347</ele>
        <time>2026-07-12T07:00:20.722Z</time>
      </trkpt>
      <trkpt lat="41.50710223459148" lon="1.901873385077086">
        <ele>108.35715303918943</ele>
        <time>2026-07-12T07:00:43.576Z</time>
      </trkpt>
      <trkpt lat="41.506400000000006" lon="1.90247">
        <ele>106.86525963273323</ele>
        <time>2026-07-12T07:01:06.429Z</time>
      </trkpt>
      <trkpt lat="41.506330000000005" lon="1.90236">
        <ele>107.07772649533413</ele>
        <time>2026-07-12T07:01:09.397Z</time>
      </trkpt>
      <trkpt lat="41.50616" lon="1.9024900000000002">
        <ele>106.67348544245408</ele>
        <time>2026-07-12T07:01:14.776Z</time>
      </trkpt>
      <trkpt lat="41.50611000000001" lon="1.9025">
        <ele>106.56767752972208</ele>
        <time>2026-07-12T07:01:16.164Z</time>
      </trkpt>
      <trkpt lat="41.505990000000004" lon="1.90243">
        <ele>106.58500049199645</ele>
        <time>2026-07-12T07:01:19.758Z</time>
      </trkpt>
      <trkpt lat="41.50591" lon="1.9022100000000002">
        <ele>106.98899168829803</ele>
        <time>2026-07-12T07:01:24.787Z</time>
      </trkpt>
      <trkpt lat="41.50583" lon="1.9020700000000001">
        <ele>107.1598497637198</ele>
        <time>2026-07-12T07:01:28.408Z</time>
      </trkpt>
      <trkpt lat="41.5058" lon="1.9019400000000002">
        <ele>107.2542501822143</ele>
        <time>2026-07-12T07:01:31.205Z</time>
      </trkpt>
      <trkpt lat="41.505810000000004" lon="1.90186">
        <ele>107.40218167571864</ele>
        <time>2026-07-12T07:01:32.873Z</time>
      </trkpt>
      <trkpt lat="41.50574" lon="1.9018400000000002">
        <ele>107.27444381923212</ele>
        <time>2026-07-12T07:01:34.837Z</time>
      </trkpt>
      <trkpt lat="41.50558" lon="1.9020700000000001">
        <ele>107.04954099884507</ele>
        <time>2026-07-12T07:01:41.292Z</time>
      </trkpt>
      <trkpt lat="41.50554" lon="1.90209">
        <ele>106.99709511981665</ele>
        <time>2026-07-12T07:01:42.465Z</time>
      </trkpt>
      <trkpt lat="41.50531" lon="1.9020800000000002">
        <ele>106.9599760351285</ele>
        <time>2026-07-12T07:01:48.784Z</time>
      </trkpt>
      <trkpt lat="41.50462" lon="1.90223">
        <ele>106.8826549860205</ele>
        <time>2026-07-12T07:02:07.979Z</time>
      </trkpt>
      <trkpt lat="41.504580000000004" lon="1.9023200000000002">
        <ele>106.89537544810902</ele>
        <time>2026-07-12T07:02:10.130Z</time>
      </trkpt>
      <trkpt lat="41.50461000000001" lon="1.9024">
        <ele>106.94817933174753</ele>
        <time>2026-07-12T07:02:11.969Z</time>
      </trkpt>
      <trkpt lat="41.50469500259638" lon="1.903174998938321">
        <ele>107.13523781668843</ele>
        <time>2026-07-12T07:02:28.076Z</time>
      </trkpt>
      <trkpt lat="41.504780000000004" lon="1.9039500000000003">
        <ele>106.32764418369499</ele>
        <time>2026-07-12T07:02:44.183Z</time>
      </trkpt>
      <trkpt lat="41.50464" lon="1.9040800000000002">
        <ele>104.48671081707349</ele>
        <time>2026-07-12T07:02:48.864Z</time>
      </trkpt>
      <trkpt lat="41.504490000000004" lon="1.90413">
        <ele>103.68912953190033</ele>
        <time>2026-07-12T07:02:53.109Z</time>
      </trkpt>
      <trkpt lat="41.504380000000005" lon="1.9041400000000002">
        <ele>103.65581116967954</ele>
        <time>2026-07-12T07:02:56.136Z</time>
      </trkpt>
      <trkpt lat="41.504090000000005" lon="1.9042500000000002">
        <ele>102.44459972079262</ele>
        <time>2026-07-12T07:03:04.413Z</time>
      </trkpt>
      <trkpt lat="41.503890000000006" lon="1.90436">
        <ele>101.58483714088877</ele>
        <time>2026-07-12T07:03:10.352Z</time>
      </trkpt>
      <trkpt lat="41.50376000000001" lon="1.9043900000000002">
        <ele>101.12378253078342</ele>
        <time>2026-07-12T07:03:13.974Z</time>
      </trkpt>
      <trkpt lat="41.50336" lon="1.9043900000000002">
        <ele>100.72794000893829</ele>
        <time>2026-07-12T07:03:24.958Z</time>
      </trkpt>
      <trkpt lat="41.50294" lon="1.9045">
        <ele>98.67896737217953</ele>
        <time>2026-07-12T07:03:36.710Z</time>
      </trkpt>
      <trkpt lat="41.50285" lon="1.9045800000000002">
        <ele>97.9181137382939</ele>
        <time>2026-07-12T07:03:39.678Z</time>
      </trkpt>
      <trkpt lat="41.502790000000005" lon="1.90487">
        <ele>97.72631206604271</ele>
        <time>2026-07-12T07:03:45.864Z</time>
      </trkpt>
      <trkpt lat="41.501960000000004" lon="1.9047900000000002">
        <ele>97.37465688402402</ele>
        <time>2026-07-12T07:04:08.714Z</time>
      </trkpt>
      <trkpt lat="41.50162" lon="1.9048">
        <ele>97.6838463588215</ele>
        <time>2026-07-12T07:04:18.051Z</time>
      </trkpt>
      <trkpt lat="41.50079000052855" lon="1.9049760090245125">
        <ele>97.25835638750216</ele>
        <time>2026-07-12T07:04:41.127Z</time>
      </trkpt>
      <trkpt lat="41.499960000788775" lon="1.9051520135373776">
        <ele>97.16533934336731</ele>
        <time>2026-07-12T07:05:04.202Z</time>
      </trkpt>
      <trkpt lat="41.4991300007807" lon="1.9053280135388415">
        <ele>97.04648221286423</ele>
        <time>2026-07-12T07:05:27.279Z</time>
      </trkpt>
      <trkpt lat="41.49830000050433" lon="1.9055040090291506">
        <ele>96.65117101376512</ele>
        <time>2026-07-12T07:05:50.354Z</time>
      </trkpt>
      <trkpt lat="41.49747" lon="1.9056800000000003">
        <ele>96.46242304098173</ele>
        <time>2026-07-12T07:06:13.430Z</time>
      </trkpt>
      <trkpt lat="41.49721" lon="1.9057800000000003">
        <ele>96.38215022977711</ele>
        <time>2026-07-12T07:06:20.859Z</time>
      </trkpt>
      <trkpt lat="41.496840000000006" lon="1.9059800000000002">
        <ele>96.33230649131896</ele>
        <time>2026-07-12T07:06:31.819Z</time>
      </trkpt>
      <trkpt lat="41.49671" lon="1.9061500000000002">
        <ele>96.26014091952992</ele>
        <time>2026-07-12T07:06:36.816Z</time>
      </trkpt>
      <trkpt lat="41.49667" lon="1.9063200000000002">
        <ele>96.14001869404788</ele>
        <time>2026-07-12T07:06:40.480Z</time>
      </trkpt>
      <trkpt lat="41.496680000000005" lon="1.9066200000000002">
        <ele>96.00167562465585</ele>
        <time>2026-07-12T07:06:46.656Z</time>
      </trkpt>
      <trkpt lat="41.49667" lon="1.9067600000000002">
        <ele>95.87054684568693</ele>
        <time>2026-07-12T07:06:49.547Z</time>
      </trkpt>
      <trkpt lat="41.49663" lon="1.9068800000000001">
        <ele>95.79152428935895</ele>
        <time>2026-07-12T07:06:52.249Z</time>
      </trkpt>
      <trkpt lat="41.49656" lon="1.90701">
        <ele>95.75259178625312</ele>
        <time>2026-07-12T07:06:55.541Z</time>
      </trkpt>
      <trkpt lat="41.49647" lon="1.90711">
        <ele>95.84209543328674</ele>
        <time>2026-07-12T07:06:58.756Z</time>
      </trkpt>
      <trkpt lat="41.49635000000001" lon="1.9071700000000003">
        <ele>96.01091955682226</ele>
        <time>2026-07-12T07:07:02.273Z</time>
      </trkpt>
      <trkpt lat="41.49622" lon="1.9071700000000003">
        <ele>96.09331673740469</ele>
        <time>2026-07-12T07:07:05.843Z</time>
      </trkpt>
      <trkpt lat="41.49609" lon="1.9071200000000001">
        <ele>96.1311741447556</ele>
        <time>2026-07-12T07:07:09.557Z</time>
      </trkpt>
      <trkpt lat="41.495990000000006" lon="1.90701">
        <ele>96.17266604068581</ele>
        <time>2026-07-12T07:07:13.114Z</time>
      </trkpt>
      <trkpt lat="41.49591" lon="1.9068600000000002">
        <ele>96.14167522915129</ele>
        <time>2026-07-12T07:07:16.901Z</time>
      </trkpt>
      <trkpt lat="41.49582" lon="1.9066">
        <ele>96.2438113868558</ele>
        <time>2026-07-12T07:07:22.791Z</time>
      </trkpt>
      <trkpt lat="41.49573" lon="1.9064600000000003">
        <ele>96.14959158645064</ele>
        <time>2026-07-12T07:07:26.585Z</time>
      </trkpt>
      <trkpt lat="41.495580000000004" lon="1.9063900000000003">
        <ele>96.08353693120574</ele>
        <time>2026-07-12T07:07:30.948Z</time>
      </trkpt>
      <trkpt lat="41.49541000000001" lon="1.9063900000000003">
        <ele>96.01404645435773</ele>
        <time>2026-07-12T07:07:35.616Z</time>
      </trkpt>
      <trkpt lat="41.49456000046786" lon="1.9065800074800892">
        <ele>95.7839244075614</ele>
        <time>2026-07-12T07:07:59.279Z</time>
      </trkpt>
      <trkpt lat="41.493710000623004" lon="1.906770009973441">
        <ele>95.61743264671844</ele>
        <time>2026-07-12T07:08:22.943Z</time>
      </trkpt>
      <trkpt lat="41.4928600004655" lon="1.906960007480334">
        <ele>95.10569870284013</ele>
        <time>2026-07-12T07:08:46.606Z</time>
      </trkpt>
      <trkpt lat="41.49201" lon="1.9071500000000001">
        <ele>94.6133021580562</ele>
        <time>2026-07-12T07:09:10.270Z</time>
      </trkpt>
      <trkpt lat="41.491910000000004" lon="1.9072000000000002">
        <ele>94.50984882375704</ele>
        <time>2026-07-12T07:09:13.203Z</time>
      </trkpt>
      <trkpt lat="41.49185000000001" lon="1.9072600000000002">
        <ele>94.4636446574995</ele>
        <time>2026-07-12T07:09:15.261Z</time>
      </trkpt>
      <trkpt lat="41.491760000000006" lon="1.90741">
        <ele>94.37662632662402</ele>
        <time>2026-07-12T07:09:19.213Z</time>
      </trkpt>
      <trkpt lat="41.491710000000005" lon="1.90748">
        <ele>94.29919558563427</ele>
        <time>2026-07-12T07:09:21.202Z</time>
      </trkpt>
      <trkpt lat="41.49165" lon="1.90752">
        <ele>94.28290802202359</ele>
        <time>2026-07-12T07:09:23.044Z</time>
      </trkpt>
      <trkpt lat="41.491580000000006" lon="1.9075300000000002">
        <ele>94.27134476070039</ele>
        <time>2026-07-12T07:09:24.976Z</time>
      </trkpt>
      <trkpt lat="41.491510000000005" lon="1.9075100000000003">
        <ele>94.25716033728091</ele>
        <time>2026-07-12T07:09:26.942Z</time>
      </trkpt>
      <trkpt lat="41.49145" lon="1.9074600000000002">
        <ele>94.26135311586748</ele>
        <time>2026-07-12T07:09:28.883Z</time>
      </trkpt>
      <trkpt lat="41.49137" lon="1.9073600000000002">
        <ele>94.25659477716749</ele>
        <time>2026-07-12T07:09:31.891Z</time>
      </trkpt>
      <trkpt lat="41.49132" lon="1.90735">
        <ele>94.23516016950488</ele>
        <time>2026-07-12T07:09:33.279Z</time>
      </trkpt>
      <trkpt lat="41.49083500009896" lon="1.9073900002918764">
        <ele>94.06310184406965</ele>
        <time>2026-07-12T07:09:46.621Z</time>
      </trkpt>
      <trkpt lat="41.49035000000001" lon="1.9074300000000002">
        <ele>93.16527092162107</ele>
        <time>2026-07-12T07:09:59.964Z</time>
      </trkpt>
      <trkpt lat="41.48971" lon="1.90755">
        <ele>93.27260229931449</ele>
        <time>2026-07-12T07:10:17.709Z</time>
      </trkpt>
      <trkpt lat="41.489520000000006" lon="1.9077300000000001">
        <ele>91.42084776236669</ele>
        <time>2026-07-12T07:10:24.106Z</time>
      </trkpt>
      <trkpt lat="41.489450000000005" lon="1.9077800000000003">
        <ele>90.98149835124525</ele>
        <time>2026-07-12T07:10:26.286Z</time>
      </trkpt>
      <trkpt lat="41.48886500004476" lon="1.9079050011336047">
        <ele>90.4713446665088</ele>
        <time>2026-07-12T07:10:42.552Z</time>
      </trkpt>
      <trkpt lat="41.48828" lon="1.9080300000000001">
        <ele>90.16082208391335</ele>
        <time>2026-07-12T07:10:58.820Z</time>
      </trkpt>
      <trkpt lat="41.48800000000001" lon="1.9079000000000002">
        <ele>90.93474446926675</ele>
        <time>2026-07-12T07:11:06.959Z</time>
      </trkpt>
      <trkpt lat="41.4879" lon="1.9077300000000001">
        <ele>91.33194174125641</ele>
        <time>2026-07-12T07:11:11.405Z</time>
      </trkpt>
      <trkpt lat="41.487840000000006" lon="1.9077000000000002">
        <ele>91.30741047218187</ele>
        <time>2026-07-12T07:11:13.164Z</time>
      </trkpt>
      <trkpt lat="41.48765" lon="1.90782">
        <ele>91.24295281204628</ele>
        <time>2026-07-12T07:11:18.936Z</time>
      </trkpt>
      <trkpt lat="41.487550000000006" lon="1.90785">
        <ele>91.5785956976358</ele>
        <time>2026-07-12T07:11:21.749Z</time>
      </trkpt>
      <trkpt lat="41.4874" lon="1.9080300000000001">
        <ele>89.00773919149044</ele>
        <time>2026-07-12T07:11:27.287Z</time>
      </trkpt>
      <trkpt lat="41.48727" lon="1.9080400000000002">
        <ele>86.93011716316371</ele>
        <time>2026-07-12T07:11:30.862Z</time>
      </trkpt>
      <trkpt lat="41.4872" lon="1.9080000000000001">
        <ele>87.14933379020829</ele>
        <time>2026-07-12T07:11:32.952Z</time>
      </trkpt>
      <trkpt lat="41.48707" lon="1.90772">
        <ele>91.76874349673747</ele>
        <time>2026-07-12T07:11:39.728Z</time>
      </trkpt>
      <trkpt lat="41.48704" lon="1.9078800000000002">
        <ele>89.36435464056746</ele>
        <time>2026-07-12T07:11:43.120Z</time>
      </trkpt>
      <trkpt lat="41.48668000000001" lon="1.90891">
        <ele>91.26211745060893</ele>
        <time>2026-07-12T07:12:06.498Z</time>
      </trkpt>
      <trkpt lat="41.486630000000005" lon="1.9089000000000003">
        <ele>91.20873356362782</ele>
        <time>2026-07-12T07:12:07.886Z</time>
      </trkpt>
      <trkpt lat="41.48655" lon="1.9089300000000002">
        <ele>91.13883815151951</ele>
        <time>2026-07-12T07:12:10.167Z</time>
      </trkpt>
      <trkpt lat="41.48648" lon="1.9087500000000002">
        <ele>91.6499949460381</ele>
        <time>2026-07-12T07:12:14.339Z</time>
      </trkpt>
      <trkpt lat="41.4864" lon="1.9086200000000002">
        <ele>91.79089054334743</ele>
        <time>2026-07-12T07:12:17.799Z</time>
      </trkpt>
      <trkpt lat="41.48633" lon="1.90857">
        <ele>91.62262537416638</ele>
        <time>2026-07-12T07:12:19.979Z</time>
      </trkpt>
      <trkpt lat="41.485795000346414" lon="1.9083099978792646">
        <ele>90.18271864974503</ele>
        <time>2026-07-12T07:12:35.612Z</time>
      </trkpt>
      <trkpt lat="41.485260000000004" lon="1.9080500000000002">
        <ele>86.44144681472095</ele>
        <time>2026-07-12T07:12:51.245Z</time>
      </trkpt>
      <trkpt lat="41.48505" lon="1.9080100000000002">
        <ele>84.72143593543639</ele>
        <time>2026-07-12T07:12:57.070Z</time>
      </trkpt>
      <trkpt lat="41.484820000000006" lon="1.9080800000000002">
        <ele>82.50891342081</ele>
        <time>2026-07-12T07:13:03.546Z</time>
      </trkpt>
      <trkpt lat="41.48471000000001" lon="1.9081500000000002">
        <ele>81.04017672595648</ele>
        <time>2026-07-12T07:13:06.892Z</time>
      </trkpt>
      <trkpt lat="41.48453000000001" lon="1.9083400000000001">
        <ele>78.79359053062858</ele>
        <time>2026-07-12T07:13:13.193Z</time>
      </trkpt>
      <trkpt lat="41.48443" lon="1.90847">
        <ele>79.04362608441315</ele>
        <time>2026-07-12T07:13:17.025Z</time>
      </trkpt>
      <trkpt lat="41.484390000000005" lon="1.90857">
        <ele>80.55896313185805</ele>
        <time>2026-07-12T07:13:19.357Z</time>
      </trkpt>
      <trkpt lat="41.48431" lon="1.9089500000000001">
        <ele>83.32772366640987</ele>
        <time>2026-07-12T07:13:27.476Z</time>
      </trkpt>
      <trkpt lat="41.484320000000004" lon="1.9092700000000002">
        <ele>82.99360350993426</ele>
        <time>2026-07-12T07:13:34.064Z</time>
      </trkpt>
      <trkpt lat="41.4842" lon="1.9092700000000002">
        <ele>83.05314190896254</ele>
        <time>2026-07-12T07:13:37.359Z</time>
      </trkpt>
      <trkpt lat="41.484180002775894" lon="1.9100700000721835">
        <ele>78.58592510390567</ele>
        <time>2026-07-12T07:13:53.824Z</time>
      </trkpt>
      <trkpt lat="41.48416" lon="1.91087">
        <ele>80.6964166558421</ele>
        <time>2026-07-12T07:14:10.289Z</time>
      </trkpt>
      <trkpt lat="41.48346" lon="1.9108300000000003">
        <ele>81.20655687979598</ele>
        <time>2026-07-12T07:14:29.527Z</time>
      </trkpt>
      <trkpt lat="41.48326" lon="1.9109800000000001">
        <ele>83.62572033869682</ele>
        <time>2026-07-12T07:14:35.826Z</time>
      </trkpt>
      <trkpt lat="41.48326" lon="1.91128">
        <ele>83.1283062955167</ele>
        <time>2026-07-12T07:14:41.996Z</time>
      </trkpt>
      <trkpt lat="41.48276499990992" lon="1.9113800007908337">
        <ele>85.67933167232798</ele>
        <time>2026-07-12T07:14:55.743Z</time>
      </trkpt>
      <trkpt lat="41.48227000000001" lon="1.91148">
        <ele>86.62156331985679</ele>
        <time>2026-07-12T07:15:09.490Z</time>
      </trkpt>
      <trkpt lat="41.482220000000005" lon="1.9113900000000001">
        <ele>87.11666991984741</ele>
        <time>2026-07-12T07:15:11.795Z</time>
      </trkpt>
      <trkpt lat="41.48205" lon="1.9114300000000002">
        <ele>87.04471849239063</ele>
        <time>2026-07-12T07:15:16.534Z</time>
      </trkpt>
      <trkpt lat="41.48205" lon="1.9114700000000002">
        <ele>86.9285346159483</ele>
        <time>2026-07-12T07:15:17.356Z</time>
      </trkpt>
      <trkpt lat="41.481440000000006" lon="1.9115900000000001">
        <ele>87.27221418410804</ele>
        <time>2026-07-12T07:15:34.286Z</time>
      </trkpt>
      <trkpt lat="41.481440000000006" lon="1.9116600000000001">
        <ele>87.31416228014294</ele>
        <time>2026-07-12T07:15:35.725Z</time>
      </trkpt>
      <trkpt lat="41.480700000000006" lon="1.91182">
        <ele>88.7386450565032</ele>
        <time>2026-07-12T07:15:56.309Z</time>
      </trkpt>
      <trkpt lat="41.48064" lon="1.9117800000000003">
        <ele>88.83755627289929</ele>
        <time>2026-07-12T07:15:58.151Z</time>
      </trkpt>
      <trkpt lat="41.48059000000001" lon="1.9117800000000003">
        <ele>88.85736048042672</ele>
        <time>2026-07-12T07:15:59.523Z</time>
      </trkpt>
      <trkpt lat="41.480540000000005" lon="1.9118600000000001">
        <ele>88.84069092289036</ele>
        <time>2026-07-12T07:16:01.666Z</time>
      </trkpt>
      <trkpt lat="41.47969666691356" lon="1.9120333378471956">
        <ele>88.95344322855084</ele>
        <time>2026-07-12T07:16:25.095Z</time>
      </trkpt>
      <trkpt lat="41.47885333356688" lon="1.9122066711831858">
        <ele>88.96192481782485</ele>
        <time>2026-07-12T07:16:48.524Z</time>
      </trkpt>
      <trkpt lat="41.478010000000005" lon="1.9123800000000002">
        <ele>87.30331152746768</ele>
        <time>2026-07-12T07:17:11.954Z</time>
      </trkpt>
      <trkpt lat="41.478030000000004" lon="1.9124400000000001">
        <ele>87.23491093612793</ele>
        <time>2026-07-12T07:17:13.304Z</time>
      </trkpt>
      <trkpt lat="41.47802" lon="1.9125">
        <ele>87.11532946863032</ele>
        <time>2026-07-12T07:17:14.568Z</time>
      </trkpt>
      <trkpt lat="41.477970000000006" lon="1.91257">
        <ele>86.99447398456581</ele>
        <time>2026-07-12T07:17:16.558Z</time>
      </trkpt>
      <trkpt lat="41.478070003287286" lon="1.9134449984034367">
        <ele>85.88447257584623</ele>
        <time>2026-07-12T07:17:34.766Z</time>
      </trkpt>
      <trkpt lat="41.478170000000006" lon="1.9143200000000002">
        <ele>84.78519143476207</ele>
        <time>2026-07-12T07:17:52.975Z</time>
      </trkpt>
      <trkpt lat="41.478120000000004" lon="1.9143200000000002">
        <ele>84.83370431405486</ele>
        <time>2026-07-12T07:17:54.347Z</time>
      </trkpt>
      <trkpt lat="41.47807" lon="1.9143800000000002">
        <ele>84.87410962544907</ele>
        <time>2026-07-12T07:17:56.193Z</time>
      </trkpt>
      <trkpt lat="41.478060000000006" lon="1.9144500000000002">
        <ele>84.92311589705533</ele>
        <time>2026-07-12T07:17:57.658Z</time>
      </trkpt>
      <trkpt lat="41.47743500017286" lon="1.9145600010395525">
        <ele>87.07901570007492</ele>
        <time>2026-07-12T07:18:14.968Z</time>
      </trkpt>
      <trkpt lat="41.47681" lon="1.91467">
        <ele>88.70486572879544</ele>
        <time>2026-07-12T07:18:32.277Z</time>
      </trkpt>
      <trkpt lat="41.476180000015376" lon="1.9147050003396378">
        <ele>87.45810355097083</ele>
        <time>2026-07-12T07:18:49.590Z</time>
      </trkpt>
      <trkpt lat="41.475550000000005" lon="1.91474">
        <ele>86.6425707570577</ele>
        <time>2026-07-12T07:19:06.903Z</time>
      </trkpt>
      <trkpt lat="41.475480000000005" lon="1.9146500000000002">
        <ele>86.66539220373744</ele>
        <time>2026-07-12T07:19:09.572Z</time>
      </trkpt>
      <trkpt lat="41.47542000000001" lon="1.9146600000000003">
        <ele>86.51247734696562</ele>
        <time>2026-07-12T07:19:11.232Z</time>
      </trkpt>
      <trkpt lat="41.475370000000005" lon="1.9147200000000002">
        <ele>86.28246929859192</ele>
        <time>2026-07-12T07:19:13.079Z</time>
      </trkpt>
      <trkpt lat="41.47536" lon="1.9148">
        <ele>86.3704852650404</ele>
        <time>2026-07-12T07:19:14.746Z</time>
      </trkpt>
      <trkpt lat="41.475370000000005" lon="1.9148500000000002">
        <ele>86.4127576079087</ele>
        <time>2026-07-12T07:19:15.811Z</time>
      </trkpt>
      <trkpt lat="41.47457000000149" lon="1.914945001176958">
        <ele>85.51583461746695</ele>
        <time>2026-07-12T07:19:37.864Z</time>
      </trkpt>
      <trkpt lat="41.47377" lon="1.91504">
        <ele>84.84618150050522</ele>
        <time>2026-07-12T07:19:59.916Z</time>
      </trkpt>
      <trkpt lat="41.47372" lon="1.9151000000000002">
        <ele>84.7245718834437</ele>
        <time>2026-07-12T07:20:01.762Z</time>
      </trkpt>
      <trkpt lat="41.47364" lon="1.9151000000000002">
        <ele>84.69544805623151</ele>
        <time>2026-07-12T07:20:03.960Z</time>
      </trkpt>
      <trkpt lat="41.47359" lon="1.91504">
        <ele>84.67006834302198</ele>
        <time>2026-07-12T07:20:05.805Z</time>
      </trkpt>
      <trkpt lat="41.47317" lon="1.9154300000000002">
        <ele>83.78239564016356</ele>
        <time>2026-07-12T07:20:19.854Z</time>
      </trkpt>
      <trkpt lat="41.47278" lon="1.9158700000000002">
        <ele>81.32102211164631</ele>
        <time>2026-07-12T07:20:33.876Z</time>
      </trkpt>
      <trkpt lat="41.4726" lon="1.91616">
        <ele>83.04180537694813</ele>
        <time>2026-07-12T07:20:41.623Z</time>
      </trkpt>
      <trkpt lat="41.472500000000004" lon="1.9164700000000001">
        <ele>82.54188659929648</ele>
        <time>2026-07-12T07:20:48.567Z</time>
      </trkpt>
      <trkpt lat="41.47247" lon="1.9167100000000001">
        <ele>82.48050606905102</ele>
        <time>2026-07-12T07:20:53.572Z</time>
      </trkpt>
      <trkpt lat="41.472480000000004" lon="1.9168800000000001">
        <ele>82.33401524226409</ele>
        <time>2026-07-12T07:20:57.080Z</time>
      </trkpt>
      <trkpt lat="41.47238334252272" lon="1.917910003057244">
        <ele>81.50418305571091</ele>
        <time>2026-07-12T07:21:18.436Z</time>
      </trkpt>
      <trkpt lat="41.472286675857404" lon="1.9189400030427235">
        <ele>80.61729711081286</ele>
        <time>2026-07-12T07:21:39.792Z</time>
      </trkpt>
      <trkpt lat="41.472190000000005" lon="1.9199700000000002">
        <ele>79.80855263023473</ele>
        <time>2026-07-12T07:22:01.148Z</time>
      </trkpt>
      <trkpt lat="41.47172500044772" lon="1.9198949995303012">
        <ele>78.81759793634976</ele>
        <time>2026-07-12T07:22:14.008Z</time>
      </trkpt>
      <trkpt lat="41.47126" lon="1.91982">
        <ele>75.62496992011957</ele>
        <time>2026-07-12T07:22:26.869Z</time>
      </trkpt>
      <trkpt lat="41.47126" lon="1.9198700000000002">
        <ele>75.11063835831347</ele>
        <time>2026-07-12T07:22:27.898Z</time>
      </trkpt>
      <trkpt lat="41.47119" lon="1.9198600000000001">
        <ele>71.50147206544658</ele>
        <time>2026-07-12T07:22:29.830Z</time>
      </trkpt>
      <trkpt lat="41.471160000000005" lon="1.9198800000000003">
        <ele>69.74689871401783</ele>
        <time>2026-07-12T07:22:30.751Z</time>
      </trkpt>
      <trkpt lat="41.471120000000006" lon="1.9197600000000001">
        <ele>70.25708376899749</ele>
        <time>2026-07-12T07:22:33.452Z</time>
      </trkpt>
      <trkpt lat="41.4711" lon="1.9197600000000001">
        <ele>69.64790841259429</ele>
        <time>2026-07-12T07:22:34.001Z</time>
      </trkpt>
      <trkpt lat="41.4711" lon="1.9198000000000002">
        <ele>69.31139063663811</ele>
        <time>2026-07-12T07:22:34.824Z</time>
      </trkpt>
      <trkpt lat="41.47104" lon="1.91975">
        <ele>67.82628107652019</ele>
        <time>2026-07-12T07:22:36.766Z</time>
      </trkpt>
      <trkpt lat="41.47099" lon="1.9197300000000002">
        <ele>65.25006766672935</ele>
        <time>2026-07-12T07:22:38.199Z</time>
      </trkpt>
      <trkpt lat="41.47099" lon="1.91968">
        <ele>65.01315815267587</ele>
        <time>2026-07-12T07:22:39.227Z</time>
      </trkpt>
      <trkpt lat="41.4709" lon="1.91968">
        <ele>60.028511524885275</ele>
        <time>2026-07-12T07:22:41.697Z</time>
      </trkpt>
      <trkpt lat="41.47086" lon="1.9197400000000002">
        <ele>58.48317715833228</ele>
        <time>2026-07-12T07:22:43.350Z</time>
      </trkpt>
      <trkpt lat="41.47084" lon="1.9194700000000002">
        <ele>56.08601725578612</ele>
        <time>2026-07-12T07:22:48.931Z</time>
      </trkpt>
      <trkpt lat="41.47079" lon="1.91934">
        <ele>55.2878586576744</ele>
        <time>2026-07-12T07:22:51.938Z</time>
      </trkpt>
      <trkpt lat="41.47061" lon="1.92002">
        <ele>53.074039934469184</ele>
        <time>2026-07-12T07:23:06.775Z</time>
      </trkpt>
      <trkpt lat="41.47054000000001" lon="1.9211300000000002">
        <ele>53.343297615615406</ele>
        <time>2026-07-12T07:23:29.692Z</time>
      </trkpt>
      <trkpt lat="41.47073" lon="1.9222100000000002">
        <ele>53.09229364846286</ele>
        <time>2026-07-12T07:23:52.518Z</time>
      </trkpt>
      <trkpt lat="41.470870000000005" lon="1.9228500000000002">
        <ele>52.59723050372009</ele>
        <time>2026-07-12T07:24:06.234Z</time>
      </trkpt>
      <trkpt lat="41.47106" lon="1.9232700000000003">
        <ele>52.48035157965883</ele>
        <time>2026-07-12T07:24:16.328Z</time>
      </trkpt>
      <trkpt lat="41.471270000000004" lon="1.9234900000000001">
        <ele>52.345481664073475</ele>
        <time>2026-07-12T07:24:23.658Z</time>
      </trkpt>
      <trkpt lat="41.47171" lon="1.9240100000000002">
        <ele>52.464443666839</ele>
        <time>2026-07-12T07:24:39.795Z</time>
      </trkpt>
      <trkpt lat="41.47209500043469" lon="1.924344997965788">
        <ele>52.255168397785305</ele>
        <time>2026-07-12T07:24:52.414Z</time>
      </trkpt>
      <trkpt lat="41.472480000000004" lon="1.9246800000000002">
        <ele>51.98840807293049</ele>
        <time>2026-07-12T07:25:05.034Z</time>
      </trkpt>
      <trkpt lat="41.472880000287" lon="1.924984998029627">
        <ele>52.04987156294762</ele>
        <time>2026-07-12T07:25:17.683Z</time>
      </trkpt>
      <trkpt lat="41.47328" lon="1.9252900000000002">
        <ele>51.835258214527684</ele>
        <time>2026-07-12T07:25:30.332Z</time>
      </trkpt>
      <trkpt lat="41.4736950002472" lon="1.9255199985375306">
        <ele>51.71405006504116</ele>
        <time>2026-07-12T07:25:42.670Z</time>
      </trkpt>
      <trkpt lat="41.47411" lon="1.92575">
        <ele>52.00676351396065</ele>
        <time>2026-07-12T07:25:55.008Z</time>
      </trkpt>
      <trkpt lat="41.47431" lon="1.9257900000000001">
        <ele>53.17512740503691</ele>
        <time>2026-07-12T07:26:00.561Z</time>
      </trkpt>
      <trkpt lat="41.474540000000005" lon="1.9260000000000002">
        <ele>54.36501302648911</ele>
        <time>2026-07-12T07:26:08.213Z</time>
      </trkpt>
      <trkpt lat="41.47449" lon="1.9261500000000003">
        <ele>53.161679215885215</ele>
        <time>2026-07-12T07:26:11.590Z</time>
      </trkpt>
      <trkpt lat="41.474450000000004" lon="1.92639">
        <ele>51.599682849408936</ele>
        <time>2026-07-12T07:26:16.647Z</time>
      </trkpt>
      <trkpt lat="41.47449" lon="1.92656">
        <ele>50.25110133277849</ele>
        <time>2026-07-12T07:26:20.313Z</time>
      </trkpt>
      <trkpt lat="41.474610000000006" lon="1.9267">
        <ele>49.39194762903651</ele>
        <time>2026-07-12T07:26:24.689Z</time>
      </trkpt>
      <trkpt lat="41.474900000000005" lon="1.9268500000000002">
        <ele>49.84811773202645</ele>
        <time>2026-07-12T07:26:33.229Z</time>
      </trkpt>
      <trkpt lat="41.47493" lon="1.9269200000000002">
        <ele>49.30844390652229</ele>
        <time>2026-07-12T07:26:34.888Z</time>
      </trkpt>
      <trkpt lat="41.47489" lon="1.92758">
        <ele>51.70557769783211</ele>
        <time>2026-07-12T07:26:48.511Z</time>
      </trkpt>
      <trkpt lat="41.47542000000001" lon="1.92778">
        <ele>51.97482690276355</ele>
        <time>2026-07-12T07:27:03.634Z</time>
      </trkpt>
      <trkpt lat="41.475770000000004" lon="1.9280700000000002">
        <ele>51.83710496340463</ele>
        <time>2026-07-12T07:27:14.946Z</time>
      </trkpt>
      <trkpt lat="41.47585" lon="1.92812">
        <ele>51.7860443390694</ele>
        <time>2026-07-12T07:27:17.371Z</time>
      </trkpt>
      <trkpt lat="41.47621" lon="1.9281000000000001">
        <ele>50.820014415913185</ele>
        <time>2026-07-12T07:27:27.263Z</time>
      </trkpt>
      <trkpt lat="41.47645000000001" lon="1.9281100000000002">
        <ele>50.52837420548966</ele>
        <time>2026-07-12T07:27:33.856Z</time>
      </trkpt>
      <trkpt lat="41.476560000000006" lon="1.9281400000000002">
        <ele>50.477914646916624</ele>
        <time>2026-07-12T07:27:36.939Z</time>
      </trkpt>
      <trkpt lat="41.476870000000005" lon="1.9282700000000002">
        <ele>50.37073413921839</ele>
        <time>2026-07-12T07:27:45.861Z</time>
      </trkpt>
      <trkpt lat="41.47699" lon="1.9284100000000002">
        <ele>50.33023296560401</ele>
        <time>2026-07-12T07:27:50.237Z</time>
      </trkpt>
      <trkpt lat="41.47722" lon="1.9287600000000003">
        <ele>50.41711045644574</ele>
        <time>2026-07-12T07:27:59.814Z</time>
      </trkpt>
      <trkpt lat="41.477610000000006" lon="1.9292300000000002">
        <ele>50.37166753353647</ele>
        <time>2026-07-12T07:28:14.242Z</time>
      </trkpt>
      <trkpt lat="41.47769" lon="1.9293500000000001">
        <ele>50.337180468675385</ele>
        <time>2026-07-12T07:28:17.546Z</time>
      </trkpt>
      <trkpt lat="41.47795" lon="1.9298800000000003">
        <ele>50.38776464414528</ele>
        <time>2026-07-12T07:28:30.578Z</time>
      </trkpt>
      <trkpt lat="41.478" lon="1.9300100000000002">
        <ele>50.29584290078249</ele>
        <time>2026-07-12T07:28:33.584Z</time>
      </trkpt>
      <trkpt lat="41.47811" lon="1.93046">
        <ele>50.56174843344993</ele>
        <time>2026-07-12T07:28:43.322Z</time>
      </trkpt>
      <trkpt lat="41.47833000000001" lon="1.93111">
        <ele>50.71048144270708</ele>
        <time>2026-07-12T07:28:57.994Z</time>
      </trkpt>
      <trkpt lat="41.4784" lon="1.9315000000000002">
        <ele>50.302514440108354</ele>
        <time>2026-07-12T07:29:06.245Z</time>
      </trkpt>
      <trkpt lat="41.478480000000005" lon="1.9321700000000002">
        <ele>51.02320425931042</ele>
        <time>2026-07-12T07:29:20.201Z</time>
      </trkpt>
      <trkpt lat="41.478482" lon="1.93217">
        <ele>51.02953654684308</ele>
        <time>2026-07-12T07:29:20.256Z</time>
      </trkpt>
      <trkpt lat="41.478491" lon="1.932484">
        <ele>51.55236957887645</ele>
        <time>2026-07-12T07:29:26.720Z</time>
      </trkpt>
      <trkpt lat="41.478475" lon="1.932606">
        <ele>51.84952376399348</ele>
        <time>2026-07-12T07:29:29.268Z</time>
      </trkpt>
      <trkpt lat="41.478368" lon="1.932981">
        <ele>52.72636041004182</ele>
        <time>2026-07-12T07:29:37.523Z</time>
      </trkpt>
      <trkpt lat="41.478315" lon="1.933108">
        <ele>53.062148118915275</ele>
        <time>2026-07-12T07:29:40.513Z</time>
      </trkpt>
      <trkpt lat="41.478235" lon="1.933226">
        <ele>53.18909917125177</ele>
        <time>2026-07-12T07:29:43.786Z</time>
      </trkpt>
      <trkpt lat="41.478067" lon="1.933441">
        <ele>52.908799566769176</ele>
        <time>2026-07-12T07:29:50.177Z</time>
      </trkpt>
      <trkpt lat="41.477865" lon="1.933641">
        <ele>53.255625582727035</ele>
        <time>2026-07-12T07:29:57.083Z</time>
      </trkpt>
      <trkpt lat="41.47748" lon="1.933968">
        <ele>53.537888871695266</ele>
        <time>2026-07-12T07:30:09.612Z</time>
      </trkpt>
      <trkpt lat="41.476843" lon="1.934457">
        <ele>53.74853476670612</ele>
        <time>2026-07-12T07:30:29.790Z</time>
      </trkpt>
      <trkpt lat="41.476718" lon="1.934566">
        <ele>53.200386713902205</ele>
        <time>2026-07-12T07:30:33.889Z</time>
      </trkpt>
      <trkpt lat="41.476546" lon="1.934744">
        <ele>54.097031817740614</ele>
        <time>2026-07-12T07:30:39.864Z</time>
      </trkpt>
      <trkpt lat="41.476344" lon="1.93498">
        <ele>54.59531239591257</ele>
        <time>2026-07-12T07:30:47.236Z</time>
      </trkpt>
      <trkpt lat="41.476125" lon="1.935273">
        <ele>55.189258943765594</ele>
        <time>2026-07-12T07:30:55.750Z</time>
      </trkpt>
      <trkpt lat="41.476018" lon="1.935429">
        <ele>55.186241175445055</ele>
        <time>2026-07-12T07:31:00.100Z</time>
      </trkpt>
      <trkpt lat="41.475819" lon="1.935761">
        <ele>54.97343476935217</ele>
        <time>2026-07-12T07:31:08.847Z</time>
      </trkpt>
      <trkpt lat="41.475779" lon="1.935814">
        <ele>55.28180186643631</ele>
        <time>2026-07-12T07:31:10.395Z</time>
      </trkpt>
      <trkpt lat="41.475729" lon="1.935844">
        <ele>55.29671199703273</ele>
        <time>2026-07-12T07:31:11.899Z</time>
      </trkpt>
      <trkpt lat="41.475601" lon="1.935898">
        <ele>55.58589319866762</ele>
        <time>2026-07-12T07:31:15.585Z</time>
      </trkpt>
      <trkpt lat="41.475555" lon="1.93593">
        <ele>55.68090912284076</ele>
        <time>2026-07-12T07:31:17.009Z</time>
      </trkpt>
      <trkpt lat="41.475571" lon="1.936106">
        <ele>55.7851200704894</ele>
        <time>2026-07-12T07:31:20.657Z</time>
      </trkpt>
      <trkpt lat="41.475569" lon="1.936204">
        <ele>55.776944342247766</ele>
        <time>2026-07-12T07:31:22.672Z</time>
      </trkpt>
      <trkpt lat="41.475541" lon="1.936308">
        <ele>55.964965501984864</ele>
        <time>2026-07-12T07:31:24.946Z</time>
      </trkpt>
      <trkpt lat="41.475512" lon="1.936357">
        <ele>56.03251868508684</ele>
        <time>2026-07-12T07:31:26.230Z</time>
      </trkpt>
      <trkpt lat="41.475488" lon="1.93637">
        <ele>56.03722947478324</ele>
        <time>2026-07-12T07:31:26.940Z</time>
      </trkpt>
      <trkpt lat="41.475453" lon="1.936469">
        <ele>55.913863853923566</ele>
        <time>2026-07-12T07:31:29.192Z</time>
      </trkpt>
      <trkpt lat="41.475393" lon="1.936596">
        <ele>56.246381048840064</ele>
        <time>2026-07-12T07:31:32.279Z</time>
      </trkpt>
      <trkpt lat="41.475361" lon="1.936619">
        <ele>56.21592763644156</ele>
        <time>2026-07-12T07:31:33.276Z</time>
      </trkpt>
      <trkpt lat="41.474944" lon="1.936745">
        <ele>56.01813111784692</ele>
        <time>2026-07-12T07:31:45.016Z</time>
      </trkpt>
      <trkpt lat="41.474908" lon="1.936803">
        <ele>55.1247211318926</ele>
        <time>2026-07-12T07:31:46.565Z</time>
      </trkpt>
      <trkpt lat="41.474909" lon="1.936744">
        <ele>55.90969904028975</ele>
        <time>2026-09-09T13:25:09.854Z</time>
      </trkpt>
      <trkpt lat="41.47487" lon="1.93676">
        <ele>55.72679108779371</ele>
        <time>2026-09-09T13:25:25.964Z</time>
      </trkpt>
      <trkpt lat="41.47479" lon="1.93679">
        <ele>55.95792589458573</ele>
        <time>2026-09-09T13:25:42.074Z</time>
      </trkpt>
      <trkpt lat="41.47474" lon="1.93684">
        <ele>56.09064543946157</ele>
        <time>2026-09-09T13:25:58.184Z</time>
      </trkpt>
      <trkpt lat="41.4747" lon="1.93686">
        <ele>56.65382529778935</ele>
        <time>2026-09-09T13:26:14.294Z</time>
      </trkpt>
      <trkpt lat="41.4744" lon="1.93698">
        <ele>60.148625068710494</ele>
        <time>2026-09-09T13:26:30.404Z</time>
      </trkpt>
      <trkpt lat="41.47432" lon="1.93702">
        <ele>59.99058715691935</ele>
        <time>2026-09-09T13:26:46.513Z</time>
      </trkpt>
      <trkpt lat="41.474321" lon="1.937017">
        <ele>60.00052628106381</ele>
        <time>2026-09-09T13:27:02.624Z</time>
      </trkpt>
      <trkpt lat="41.47439" lon="1.93726">
        <ele>59.55471464834806</ele>
        <time>2026-09-09T13:27:18.734Z</time>
      </trkpt>
      <trkpt lat="41.474386" lon="1.937263">
        <ele>59.56011715154408</ele>
        <time>2026-09-09T13:27:34.847Z</time>
      </trkpt>
      <trkpt lat="41.47433" lon="1.93733">
        <ele>59.48581287051705</ele>
        <time>2026-09-09T13:27:50.956Z</time>
      </trkpt>
      <trkpt lat="41.47419" lon="1.93742">
        <ele>58.95689155282216</ele>
        <time>2026-09-09T13:28:07.066Z</time>
      </trkpt>
      <trkpt lat="41.4741" lon="1.93747">
        <ele>58.822267091345346</ele>
        <time>2026-09-09T13:28:23.176Z</time>
      </trkpt>
      <trkpt lat="41.47399" lon="1.93755">
        <ele>58.78338168618905</ele>
        <time>2026-09-09T13:28:39.286Z</time>
      </trkpt>
      <trkpt lat="41.47395" lon="1.93757">
        <ele>58.50260584779331</ele>
        <time>2026-09-09T13:28:55.396Z</time>
      </trkpt>
      <trkpt lat="41.47393" lon="1.93758">
        <ele>58.42353578764149</ele>
        <time>2026-09-09T13:29:11.506Z</time>
      </trkpt>
      <trkpt lat="41.47387" lon="1.93763">
        <ele>58.21120524558167</ele>
        <time>2026-09-09T13:29:27.615Z</time>
      </trkpt>
      <trkpt lat="41.47383" lon="1.93765">
        <ele>58.637789620045965</ele>
        <time>2026-09-09T13:29:43.725Z</time>
      </trkpt>
      <trkpt lat="41.47377" lon="1.9377">
        <ele>59.129157615763226</ele>
        <time>2026-09-09T13:29:59.836Z</time>
      </trkpt>
      <trkpt lat="41.47374" lon="1.93772">
        <ele>59.3400227564842</ele>
        <time>2026-09-09T13:30:15.946Z</time>
      </trkpt>
      <trkpt lat="41.47369" lon="1.93781">
        <ele>58.2137869704043</ele>
        <time>2026-09-09T13:30:32.055Z</time>
      </trkpt>
      <trkpt lat="41.47364" lon="1.93786">
        <ele>58.075448462716956</ele>
        <time>2026-09-09T13:30:48.165Z</time>
      </trkpt>
      <trkpt lat="41.4736" lon="1.9379">
        <ele>57.78878411156695</ele>
        <time>2026-09-09T13:31:04.275Z</time>
      </trkpt>
      <trkpt lat="41.47345" lon="1.93805">
        <ele>57.25802028837615</ele>
        <time>2026-09-09T13:31:20.385Z</time>
      </trkpt>
      <trkpt lat="41.47335" lon="1.93814">
        <ele>56.68694183836092</ele>
        <time>2026-09-09T13:31:36.495Z</time>
      </trkpt>
      <trkpt lat="41.47332" lon="1.93818">
        <ele>56.336285471492346</ele>
        <time>2026-09-09T13:31:52.605Z</time>
      </trkpt>
      <trkpt lat="41.4732" lon="1.93831">
        <ele>55.911012898719434</ele>
        <time>2026-09-09T13:32:08.714Z</time>
      </trkpt>
      <trkpt lat="41.47316" lon="1.93835">
        <ele>56.14958073519915</ele>
        <time>2026-09-09T13:32:24.824Z</time>
      </trkpt>
      <trkpt lat="41.47307" lon="1.93847">
        <ele>55.025238814164105</ele>
        <time>2026-09-09T13:32:40.935Z</time>
      </trkpt>
      <trkpt lat="41.47305" lon="1.93851">
        <ele>54.55924219041443</ele>
        <time>2026-09-09T13:32:57.044Z</time>
      </trkpt>
      <trkpt lat="41.47299" lon="1.93859">
        <ele>55.48057017474</ele>
        <time>2026-09-09T13:33:13.154Z</time>
      </trkpt>
      <trkpt lat="41.47295" lon="1.93864">
        <ele>56.351552259357916</ele>
        <time>2026-09-09T13:33:29.264Z</time>
      </trkpt>
      <trkpt lat="41.47288" lon="1.93874">
        <ele>55.837536993806104</ele>
        <time>2026-09-09T13:33:45.374Z</time>
      </trkpt>
      <trkpt lat="41.47285" lon="1.93877">
        <ele>55.42631386473656</ele>
        <time>2026-09-09T13:34:01.483Z</time>
      </trkpt>
      <trkpt lat="41.47282" lon="1.93881">
        <ele>54.75295642441142</ele>
        <time>2026-09-09T13:34:17.594Z</time>
      </trkpt>
      <trkpt lat="41.47275" lon="1.93891">
        <ele>56.37517122235744</ele>
        <time>2026-09-09T13:34:33.704Z</time>
      </trkpt>
      <trkpt lat="41.47274" lon="1.93892">
        <ele>56.93785584319066</ele>
        <time>2026-09-09T13:34:49.813Z</time>
      </trkpt>
      <trkpt lat="41.47268" lon="1.93899">
        <ele>58.18589418776502</ele>
        <time>2026-09-09T13:35:05.923Z</time>
      </trkpt>
      <trkpt lat="41.47265" lon="1.93902">
        <ele>58.170721030899536</ele>
        <time>2026-09-09T13:35:22.033Z</time>
      </trkpt>
      <trkpt lat="41.47257" lon="1.93907">
        <ele>59.71197317162573</ele>
        <time>2026-09-09T13:35:38.143Z</time>
      </trkpt>
      <trkpt lat="41.47252" lon="1.93909">
        <ele>60.49057679862515</ele>
        <time>2026-09-09T13:35:54.253Z</time>
      </trkpt>
      <trkpt lat="41.47251" lon="1.9391">
        <ele>60.085739140339996</ele>
        <time>2026-09-09T13:36:10.363Z</time>
      </trkpt>
      <trkpt lat="41.47246" lon="1.93911">
        <ele>60.63365413822899</ele>
        <time>2026-09-09T13:36:26.472Z</time>
      </trkpt>
      <trkpt lat="41.47241" lon="1.93911">
        <ele>61.11689131007009</ele>
        <time>2026-09-09T13:36:42.582Z</time>
      </trkpt>
      <trkpt lat="41.47237" lon="1.93911">
        <ele>61.25936015833481</ele>
        <time>2026-09-09T13:36:58.693Z</time>
      </trkpt>
      <trkpt lat="41.47235" lon="1.9391">
        <ele>61.83863468517342</ele>
        <time>2026-09-09T13:37:14.803Z</time>
      </trkpt>
      <trkpt lat="41.47233" lon="1.9391">
        <ele>61.89111569083999</ele>
        <time>2026-09-09T13:37:30.912Z</time>
      </trkpt>
      <trkpt lat="41.4723" lon="1.93909">
        <ele>62.29130342081166</ele>
        <time>2026-09-09T13:37:47.022Z</time>
      </trkpt>
      <trkpt lat="41.47224" lon="1.93905">
        <ele>62.78525477000897</ele>
        <time>2026-09-09T13:38:03.132Z</time>
      </trkpt>
      <trkpt lat="41.47223" lon="1.93905">
        <ele>62.76761381668783</ele>
        <time>2026-09-09T13:38:19.242Z</time>
      </trkpt>
      <trkpt lat="41.4722" lon="1.93903">
        <ele>63.256338566421434</ele>
        <time>2026-09-09T13:38:35.352Z</time>
      </trkpt>
      <trkpt lat="41.47218" lon="1.93901">
        <ele>63.86128245052172</ele>
        <time>2026-09-09T13:38:51.462Z</time>
      </trkpt>
      <trkpt lat="41.47217" lon="1.939">
        <ele>64.17118765234153</ele>
        <time>2026-09-09T13:39:07.571Z</time>
      </trkpt>
      <trkpt lat="41.47214" lon="1.93899">
        <ele>64.52962213151301</ele>
        <time>2026-09-09T13:39:23.681Z</time>
      </trkpt>
      <trkpt lat="41.47212" lon="1.93898">
        <ele>64.88098838232683</ele>
        <time>2026-09-09T13:39:39.792Z</time>
      </trkpt>
      <trkpt lat="41.472119" lon="1.938984">
        <ele>64.75987255147038</ele>
        <time>2026-09-09T13:39:55.901Z</time>
      </trkpt>
      <trkpt lat="41.47202" lon="1.93903">
        <ele>63.79424814325206</ele>
        <time>2026-09-09T13:40:12.011Z</time>
      </trkpt>
      <trkpt lat="41.47201" lon="1.93903">
        <ele>63.895947005435644</ele>
        <time>2026-09-09T13:40:28.121Z</time>
      </trkpt>
      <trkpt lat="41.472" lon="1.93903">
        <ele>63.997645851782124</ele>
        <time>2026-09-09T13:40:44.231Z</time>
      </trkpt>
      <trkpt lat="41.47199" lon="1.93902">
        <ele>64.3889964365045</ele>
        <time>2026-09-09T13:41:00.340Z</time>
      </trkpt>
      <trkpt lat="41.47198" lon="1.93902">
        <ele>64.48540541672756</ele>
        <time>2026-09-09T13:41:16.451Z</time>
      </trkpt>
      <trkpt lat="41.47197" lon="1.93902">
        <ele>64.58181438193726</ele>
        <time>2026-09-09T13:41:32.561Z</time>
      </trkpt>
      <trkpt lat="41.47196" lon="1.93902">
        <ele>64.67822333213363</ele>
        <time>2026-09-09T13:41:48.670Z</time>
      </trkpt>
      <trkpt lat="41.47195" lon="1.93901">
        <ele>65.04312468804176</ele>
        <time>2026-09-09T13:42:04.780Z</time>
      </trkpt>
      <trkpt lat="41.47194" lon="1.93901">
        <ele>65.13424377712505</ele>
        <time>2026-09-09T13:42:20.890Z</time>
      </trkpt>
      <trkpt lat="41.47191" lon="1.93899">
        <ele>66.04200841283011</ele>
        <time>2026-09-09T13:42:37.000Z</time>
      </trkpt>
      <trkpt lat="41.47188" lon="1.93899">
        <ele>66.49059260288493</ele>
        <time>2026-09-09T13:42:53.110Z</time>
      </trkpt>
      <trkpt lat="41.47182" lon="1.93903">
        <ele>67.09446055620985</ele>
        <time>2026-09-09T13:43:09.220Z</time>
      </trkpt>
      <trkpt lat="41.47175" lon="1.93906">
        <ele>67.67325418671162</ele>
        <time>2026-09-09T13:43:25.329Z</time>
      </trkpt>
      <trkpt lat="41.47163" lon="1.93914">
        <ele>67.85511795154113</ele>
        <time>2026-09-09T13:43:41.439Z</time>
      </trkpt>
      <trkpt lat="41.47161" lon="1.93915">
        <ele>67.90897007838936</ele>
        <time>2026-09-09T13:43:57.550Z</time>
      </trkpt>
      <trkpt lat="41.47157" lon="1.93921">
        <ele>67.98535826701385</ele>
        <time>2026-09-09T13:44:13.660Z</time>
      </trkpt>
      <trkpt lat="41.47144" lon="1.93933">
        <ele>67.70857179295393</ele>
        <time>2026-09-09T13:44:29.769Z</time>
      </trkpt>
      <trkpt lat="41.47139" lon="1.93939">
        <ele>67.93795065440348</ele>
        <time>2026-09-09T13:44:45.879Z</time>
      </trkpt>
      <trkpt lat="41.47134" lon="1.93944">
        <ele>67.81505960511905</ele>
        <time>2026-09-09T13:45:01.989Z</time>
      </trkpt>
      <trkpt lat="41.47124" lon="1.93953">
        <ele>67.89617118888081</ele>
        <time>2026-09-09T13:45:18.099Z</time>
      </trkpt>
      <trkpt lat="41.47121" lon="1.93957">
        <ele>68.01064340073631</ele>
        <time>2026-09-09T13:45:34.209Z</time>
      </trkpt>
      <trkpt lat="41.47116" lon="1.93963">
        <ele>68.0370344507525</ele>
        <time>2026-09-09T13:45:50.319Z</time>
      </trkpt>
      <trkpt lat="41.4711" lon="1.93969">
        <ele>67.86868819502517</ele>
        <time>2026-09-09T13:46:06.428Z</time>
      </trkpt>
      <trkpt lat="41.47105" lon="1.93973">
        <ele>68.26677431438569</ele>
        <time>2026-09-09T13:46:22.538Z</time>
      </trkpt>
      <trkpt lat="41.47085" lon="1.93993">
        <ele>68.61696646178994</ele>
        <time>2026-09-09T13:46:38.649Z</time>
      </trkpt>
      <trkpt lat="41.4707" lon="1.94009">
        <ele>68.57175015314678</ele>
        <time>2026-09-09T13:46:54.758Z</time>
      </trkpt>
      <trkpt lat="41.47054" lon="1.94025">
        <ele>69.03351502537714</ele>
        <time>2026-09-09T13:47:10.868Z</time>
      </trkpt>
      <trkpt lat="41.47053" lon="1.94027">
        <ele>69.0172443536697</ele>
        <time>2026-09-09T13:47:26.978Z</time>
      </trkpt>
      <trkpt lat="41.47051" lon="1.94028">
        <ele>69.41944938082266</ele>
        <time>2026-09-09T13:47:43.088Z</time>
      </trkpt>
      <trkpt lat="41.47033" lon="1.94046">
        <ele>70.3154285375366</ele>
        <time>2026-09-09T13:47:59.197Z</time>
      </trkpt>
      <trkpt lat="41.47025" lon="1.94054">
        <ele>70.93092237523128</ele>
        <time>2026-09-09T13:48:15.308Z</time>
      </trkpt>
      <trkpt lat="41.47023" lon="1.94057">
        <ele>70.94869806443566</ele>
        <time>2026-09-09T13:48:31.418Z</time>
      </trkpt>
      <trkpt lat="41.47011" lon="1.94069">
        <ele>71.7579096997212</ele>
        <time>2026-09-09T13:48:47.527Z</time>
      </trkpt>
      <trkpt lat="41.47009" lon="1.94072">
        <ele>71.78062159356028</ele>
        <time>2026-09-09T13:49:03.637Z</time>
      </trkpt>
      <trkpt lat="41.47007" lon="1.94073">
        <ele>72.01813089187762</ele>
        <time>2026-09-09T13:49:19.747Z</time>
      </trkpt>
      <trkpt lat="41.46997" lon="1.94084">
        <ele>72.88477296758867</ele>
        <time>2026-09-09T13:49:35.857Z</time>
      </trkpt>
      <trkpt lat="41.46983" lon="1.94098">
        <ele>73.61504838352796</ele>
        <time>2026-09-09T13:49:51.967Z</time>
      </trkpt>
      <trkpt lat="41.46968" lon="1.94112">
        <ele>74.36264550949234</ele>
        <time>2026-09-09T13:50:08.077Z</time>
      </trkpt>
      <trkpt lat="41.46966" lon="1.94115">
        <ele>74.32088174414328</ele>
        <time>2026-09-09T13:50:24.186Z</time>
      </trkpt>
      <trkpt lat="41.46954" lon="1.94127">
        <ele>72.98331754121621</ele>
        <time>2026-09-09T13:50:40.296Z</time>
      </trkpt>
      <trkpt lat="41.46952" lon="1.94129">
        <ele>73.00136637126812</ele>
        <time>2026-09-09T13:50:56.407Z</time>
      </trkpt>
      <trkpt lat="41.46939" lon="1.94141">
        <ele>71.91802417370482</ele>
        <time>2026-09-09T13:51:12.517Z</time>
      </trkpt>
      <trkpt lat="41.46925" lon="1.94156">
        <ele>73.19415059404955</ele>
        <time>2026-09-09T13:51:28.626Z</time>
      </trkpt>
      <trkpt lat="41.46923" lon="1.94158">
        <ele>73.64701363044428</ele>
        <time>2026-09-09T13:51:44.736Z</time>
      </trkpt>
      <trkpt lat="41.46896" lon="1.94185">
        <ele>76.1341103684436</ele>
        <time>2026-09-09T13:52:00.846Z</time>
      </trkpt>
      <trkpt lat="41.46824" lon="1.94258">
        <ele>78.78428956859769</ele>
        <time>2026-09-09T13:52:16.956Z</time>
      </trkpt>
      <trkpt lat="41.4681" lon="1.94271">
        <ele>80.17102790926161</ele>
        <time>2026-09-09T13:52:33.066Z</time>
      </trkpt>
      <trkpt lat="41.4681" lon="1.94272">
        <ele>79.65090879113</ele>
        <time>2026-09-09T13:52:49.176Z</time>
      </trkpt>
      <trkpt lat="41.46774" lon="1.94308">
        <ele>77.92701996393609</ele>
        <time>2026-09-09T13:53:05.285Z</time>
      </trkpt>
      <trkpt lat="41.4674" lon="1.94346">
        <ele>84.52534125383158</ele>
        <time>2026-09-09T13:53:21.395Z</time>
      </trkpt>
      <trkpt lat="41.46727" lon="1.94363">
        <ele>83.78907397338654</ele>
        <time>2026-09-09T13:53:37.506Z</time>
      </trkpt>
      <trkpt lat="41.46722" lon="1.9437">
        <ele>83.76285465599352</ele>
        <time>2026-09-09T13:53:53.616Z</time>
      </trkpt>
      <trkpt lat="41.46715" lon="1.94379">
        <ele>84.16606906662022</ele>
        <time>2026-09-09T13:54:09.725Z</time>
      </trkpt>
      <trkpt lat="41.46709" lon="1.94387">
        <ele>84.3987821964885</ele>
        <time>2026-09-09T13:54:25.835Z</time>
      </trkpt>
      <trkpt lat="41.46703" lon="1.94397">
        <ele>84.9298906915994</ele>
        <time>2026-09-09T13:54:41.945Z</time>
      </trkpt>
      <trkpt lat="41.46697" lon="1.94405">
        <ele>85.31922653421721</ele>
        <time>2026-09-09T13:54:58.054Z</time>
      </trkpt>
      <trkpt lat="41.46689" lon="1.9442">
        <ele>85.73551753362626</ele>
        <time>2026-09-09T13:55:14.165Z</time>
      </trkpt>
      <trkpt lat="41.46684" lon="1.94432">
        <ele>85.00910902776876</ele>
        <time>2026-09-09T13:55:30.275Z</time>
      </trkpt>
      <trkpt lat="41.46679" lon="1.94445">
        <ele>85.15080020577834</ele>
        <time>2026-09-09T13:55:46.384Z</time>
      </trkpt>
      <trkpt lat="41.46675" lon="1.94453">
        <ele>85.66627610596373</ele>
        <time>2026-09-09T13:56:02.494Z</time>
      </trkpt>
      <trkpt lat="41.46669" lon="1.94469">
        <ele>85.73253002982861</ele>
        <time>2026-09-09T13:56:18.604Z</time>
      </trkpt>
      <trkpt lat="41.46667" lon="1.94475">
        <ele>85.92184684255824</ele>
        <time>2026-09-09T13:56:34.714Z</time>
      </trkpt>
      <trkpt lat="41.46665" lon="1.9448">
        <ele>86.62030900108931</ele>
        <time>2026-09-09T13:56:50.824Z</time>
      </trkpt>
      <trkpt lat="41.46661" lon="1.94495">
        <ele>86.73279374271368</ele>
        <time>2026-09-09T13:57:06.934Z</time>
      </trkpt>
      <trkpt lat="41.46659" lon="1.945">
        <ele>86.6410065317784</ele>
        <time>2026-09-09T13:57:23.044Z</time>
      </trkpt>
      <trkpt lat="41.46656" lon="1.94512">
        <ele>85.93289886262826</ele>
        <time>2026-09-09T13:57:39.153Z</time>
      </trkpt>
      <trkpt lat="41.466555" lon="1.945115">
        <ele>86.12422120798368</ele>
        <time>2026-09-09T13:57:55.264Z</time>
      </trkpt>
      <trkpt lat="41.46656" lon="1.94518">
        <ele>85.21440098512646</ele>
        <time>2026-09-09T13:58:11.374Z</time>
      </trkpt>
      <trkpt lat="41.46655" lon="1.94522">
        <ele>85.13537936600007</ele>
        <time>2026-09-09T13:58:27.483Z</time>
      </trkpt>
      <trkpt lat="41.46654" lon="1.94526">
        <ele>85.16080105303084</ele>
        <time>2026-09-09T13:58:43.593Z</time>
      </trkpt>
      <trkpt lat="41.46653" lon="1.9453">
        <ele>85.02339494894036</ele>
        <time>2026-09-09T13:58:59.703Z</time>
      </trkpt>
      <trkpt lat="41.46647" lon="1.94551">
        <ele>84.2423215465722</ele>
        <time>2026-09-09T13:59:15.813Z</time>
      </trkpt>
      <trkpt lat="41.46647" lon="1.94553">
        <ele>84.04080056766105</ele>
        <time>2026-09-09T13:59:31.923Z</time>
      </trkpt>
      <trkpt lat="41.46646" lon="1.94557">
        <ele>84.09001518579339</ele>
        <time>2026-09-09T13:59:48.033Z</time>
      </trkpt>
      <trkpt lat="41.46645" lon="1.94567">
        <ele>83.982487777803</ele>
        <time>2026-09-09T14:00:04.142Z</time>
      </trkpt>
      <trkpt lat="41.46645" lon="1.94576">
        <ele>83.65516016536245</ele>
        <time>2026-09-09T14:00:20.252Z</time>
      </trkpt>
      <trkpt lat="41.46645" lon="1.94579">
        <ele>83.56386484295494</ele>
        <time>2026-09-09T14:00:36.363Z</time>
      </trkpt>
      <trkpt lat="41.46646" lon="1.9459">
        <ele>82.86404920605075</ele>
        <time>2026-09-09T14:00:52.473Z</time>
      </trkpt>
      <trkpt lat="41.46649" lon="1.94599">
        <ele>81.34446152411911</ele>
        <time>2026-09-09T14:01:08.582Z</time>
      </trkpt>
      <trkpt lat="41.46652" lon="1.94607">
        <ele>80.3474540713581</ele>
        <time>2026-09-09T14:01:24.692Z</time>
      </trkpt>
      <trkpt lat="41.46655" lon="1.94618">
        <ele>79.56130546651983</ele>
        <time>2026-09-09T14:01:40.802Z</time>
      </trkpt>
      <trkpt lat="41.46657" lon="1.94621">
        <ele>78.92757966081699</ele>
        <time>2026-09-09T14:01:56.911Z</time>
      </trkpt>
      <trkpt lat="41.46662" lon="1.9463">
        <ele>78.00601967677095</ele>
        <time>2026-09-09T14:02:13.022Z</time>
      </trkpt>
      <trkpt lat="41.46668" lon="1.9464">
        <ele>75.75380081143598</ele>
        <time>2026-09-09T14:02:29.132Z</time>
      </trkpt>
      <trkpt lat="41.46672" lon="1.94647">
        <ele>74.87782054897204</ele>
        <time>2026-09-09T14:02:45.241Z</time>
      </trkpt>
      <trkpt lat="41.4668" lon="1.94658">
        <ele>72.96864651309617</ele>
        <time>2026-09-09T14:03:01.351Z</time>
      </trkpt>
      <trkpt lat="41.46692" lon="1.94676">
        <ele>70.86191075098628</ele>
        <time>2026-09-09T14:03:17.461Z</time>
      </trkpt>
      <trkpt lat="41.46695" lon="1.94679">
        <ele>70.2602596107499</ele>
        <time>2026-09-09T14:03:33.571Z</time>
      </trkpt>
      <trkpt lat="41.46705" lon="1.94692">
        <ele>68.41138489648351</ele>
        <time>2026-09-09T14:03:49.681Z</time>
      </trkpt>
      <trkpt lat="41.46714" lon="1.94701">
        <ele>68.22327458135328</ele>
        <time>2026-09-09T14:04:05.791Z</time>
      </trkpt>
      <trkpt lat="41.46719" lon="1.94707">
        <ele>68.01633204730969</ele>
        <time>2026-09-09T14:04:21.901Z</time>
      </trkpt>
      <trkpt lat="41.46739" lon="1.9473">
        <ele>67.89186605734214</ele>
        <time>2026-09-09T14:04:38.010Z</time>
      </trkpt>
      <trkpt lat="41.46746" lon="1.94738">
        <ele>67.7020729148884</ele>
        <time>2026-09-09T14:04:54.121Z</time>
      </trkpt>
      <trkpt lat="41.4676" lon="1.94754">
        <ele>66.77709117363665</ele>
        <time>2026-09-09T14:05:10.231Z</time>
      </trkpt>
      <trkpt lat="41.46767" lon="1.94762">
        <ele>66.84134448158167</ele>
        <time>2026-09-09T14:05:26.340Z</time>
      </trkpt>
      <trkpt lat="41.4677" lon="1.94765">
        <ele>67.31794101250455</ele>
        <time>2026-09-09T14:05:42.450Z</time>
      </trkpt>
      <trkpt lat="41.46773" lon="1.94766">
        <ele>67.31445706117178</ele>
        <time>2026-09-09T14:05:58.560Z</time>
      </trkpt>
      <trkpt lat="41.46775" lon="1.94766">
        <ele>67.10740898580397</ele>
        <time>2026-09-09T14:06:14.670Z</time>
      </trkpt>
      <trkpt lat="41.46778" lon="1.94766">
        <ele>66.79683675307447</ele>
        <time>2026-09-09T14:06:30.780Z</time>
      </trkpt>
      <trkpt lat="41.46783" lon="1.94765">
        <ele>65.75224408479284</ele>
        <time>2026-09-09T14:06:46.890Z</time>
      </trkpt>
      <trkpt lat="41.4679" lon="1.94763">
        <ele>64.36356414492117</ele>
        <time>2026-09-09T14:07:02.999Z</time>
      </trkpt>
      <trkpt lat="41.46793" lon="1.94762">
        <ele>63.94427576637529</ele>
        <time>2026-09-09T14:07:19.109Z</time>
      </trkpt>
      <trkpt lat="41.46797" lon="1.94762">
        <ele>63.38721646826683</ele>
        <time>2026-09-09T14:07:35.220Z</time>
      </trkpt>
      <trkpt lat="41.46803" lon="1.94764">
        <ele>62.370659447538216</ele>
        <time>2026-09-09T14:07:51.330Z</time>
      </trkpt>
      <trkpt lat="41.4681" lon="1.94768">
        <ele>60.583956453123406</ele>
        <time>2026-09-09T14:08:07.439Z</time>
      </trkpt>
      <trkpt lat="41.46819" lon="1.94773">
        <ele>58.22574506440751</ele>
        <time>2026-09-09T14:08:23.549Z</time>
      </trkpt>
      <trkpt lat="41.46826" lon="1.94777">
        <ele>57.75396589235538</ele>
        <time>2026-09-09T14:08:39.659Z</time>
      </trkpt>
      <trkpt lat="41.46836" lon="1.94782">
        <ele>57.13291857329517</ele>
        <time>2026-09-09T14:08:55.768Z</time>
      </trkpt>
      <trkpt lat="41.46842" lon="1.94788">
        <ele>56.763525026537685</ele>
        <time>2026-09-09T14:09:11.879Z</time>
      </trkpt>
      <trkpt lat="41.46846" lon="1.94793">
        <ele>56.38390910674397</ele>
        <time>2026-09-09T14:09:27.989Z</time>
      </trkpt>
      <trkpt lat="41.46849" lon="1.948">
        <ele>55.50593909396916</ele>
        <time>2026-09-09T14:09:44.098Z</time>
      </trkpt>
      <trkpt lat="41.46851" lon="1.94806">
        <ele>54.68879437238799</ele>
        <time>2026-09-09T14:10:00.208Z</time>
      </trkpt>
      <trkpt lat="41.46853" lon="1.94807">
        <ele>53.96853992291669</ele>
        <time>2026-09-09T14:10:16.318Z</time>
      </trkpt>
      <trkpt lat="41.4686" lon="1.94818">
        <ele>52.18068470439079</ele>
        <time>2026-09-09T14:10:32.428Z</time>
      </trkpt>
      <trkpt lat="41.46865" lon="1.94824">
        <ele>50.82070891063046</ele>
        <time>2026-09-09T14:10:48.538Z</time>
      </trkpt>
      <trkpt lat="41.46875" lon="1.94834">
        <ele>48.0495294861249</ele>
        <time>2026-09-09T14:11:04.648Z</time>
      </trkpt>
      <trkpt lat="41.46879" lon="1.9484">
        <ele>47.67175198551467</ele>
        <time>2026-09-09T14:11:20.758Z</time>
      </trkpt>
      <trkpt lat="41.46884" lon="1.94848">
        <ele>46.80303707266465</ele>
        <time>2026-09-09T14:11:36.867Z</time>
      </trkpt>
      <trkpt lat="41.4689" lon="1.94857">
        <ele>47.46519145298765</ele>
        <time>2026-09-09T14:11:52.978Z</time>
      </trkpt>
      <trkpt lat="41.46891" lon="1.94858">
        <ele>47.63451892444173</ele>
        <time>2026-09-09T14:12:09.088Z</time>
      </trkpt>
      <trkpt lat="41.46895" lon="1.94862">
        <ele>48.143057496955656</ele>
        <time>2026-09-09T14:12:25.197Z</time>
      </trkpt>
      <trkpt lat="41.46903" lon="1.94866">
        <ele>48.26231587961623</ele>
        <time>2026-09-09T14:12:41.307Z</time>
      </trkpt>
      <trkpt lat="41.46907" lon="1.94868">
        <ele>48.25785343820725</ele>
        <time>2026-09-09T14:12:57.417Z</time>
      </trkpt>
      <trkpt lat="41.46911" lon="1.94871">
        <ele>48.24473902601324</ele>
        <time>2026-09-09T14:13:13.527Z</time>
      </trkpt>
      <trkpt lat="41.46917" lon="1.9488">
        <ele>48.16156247317569</ele>
        <time>2026-09-09T14:13:29.637Z</time>
      </trkpt>
      <trkpt lat="41.4692" lon="1.94884">
        <ele>48.092380596726116</ele>
        <time>2026-09-09T14:13:45.747Z</time>
      </trkpt>
      <trkpt lat="41.46921" lon="1.94887">
        <ele>48.106031608547774</ele>
        <time>2026-09-09T14:14:01.856Z</time>
      </trkpt>
      <trkpt lat="41.46935" lon="1.94907">
        <ele>47.07444896442436</ele>
        <time>2026-09-09T14:14:17.966Z</time>
      </trkpt>
      <trkpt lat="41.46947" lon="1.94935">
        <ele>47.18190357782232</ele>
        <time>2026-09-09T14:14:34.077Z</time>
      </trkpt>
      <trkpt lat="41.46957" lon="1.94945">
        <ele>51.20631327521862</ele>
        <time>2026-09-09T14:14:50.187Z</time>
      </trkpt>
      <trkpt lat="41.4696" lon="1.94945">
        <ele>52.2081469981659</ele>
        <time>2026-09-09T14:15:06.296Z</time>
      </trkpt>
      <trkpt lat="41.46965" lon="1.94946">
        <ele>52.457285336385866</ele>
        <time>2026-09-09T14:15:22.406Z</time>
      </trkpt>
      <trkpt lat="41.4697" lon="1.94946">
        <ele>52.0885855303068</ele>
        <time>2026-09-09T14:15:38.516Z</time>
      </trkpt>
      <trkpt lat="41.46971" lon="1.94945">
        <ele>52.01632322611415</ele>
        <time>2026-09-09T14:15:54.625Z</time>
      </trkpt>
      <trkpt lat="41.46972" lon="1.94944">
        <ele>51.945617730410085</ele>
        <time>2026-09-09T14:16:10.736Z</time>
      </trkpt>
      <trkpt lat="41.46976" lon="1.94939">
        <ele>50.830474885449554</ele>
        <time>2026-09-09T14:16:26.846Z</time>
      </trkpt>
      <trkpt lat="41.46977" lon="1.94938">
        <ele>50.217068549703285</ele>
        <time>2026-09-09T14:16:42.955Z</time>
      </trkpt>
      <trkpt lat="41.46979" lon="1.94937">
        <ele>48.9905063567254</ele>
        <time>2026-09-09T14:16:59.065Z</time>
      </trkpt>
      <trkpt lat="41.4698" lon="1.94937">
        <ele>48.384637288250836</ele>
        <time>2026-09-09T14:17:15.175Z</time>
      </trkpt>
      <trkpt lat="41.46986" lon="1.94948">
        <ele>46.680443364863166</ele>
        <time>2026-09-09T14:17:31.285Z</time>
      </trkpt>
      <trkpt lat="41.46988" lon="1.94951">
        <ele>46.51937786986322</ele>
        <time>2026-09-09T14:17:47.395Z</time>
      </trkpt>
      <trkpt lat="41.46999" lon="1.94971">
        <ele>44.57464685485656</ele>
        <time>2026-09-09T14:18:03.505Z</time>
      </trkpt>
      <trkpt lat="41.47001" lon="1.94975">
        <ele>44.37579785079236</ele>
        <time>2026-09-09T14:18:19.615Z</time>
      </trkpt>
      <trkpt lat="41.47008" lon="1.94986">
        <ele>44.490693140393375</ele>
        <time>2026-09-09T14:18:35.724Z</time>
      </trkpt>
      <trkpt lat="41.4701" lon="1.94989">
        <ele>44.478911362034</ele>
        <time>2026-09-09T14:18:51.835Z</time>
      </trkpt>
      <trkpt lat="41.4702" lon="1.95004">
        <ele>44.660353905362044</ele>
        <time>2026-09-09T14:19:07.945Z</time>
      </trkpt>
      <trkpt lat="41.47023" lon="1.95007">
        <ele>44.770365651496476</ele>
        <time>2026-09-09T14:19:24.054Z</time>
      </trkpt>
      <trkpt lat="41.47036" lon="1.95025">
        <ele>45.99603714803806</ele>
        <time>2026-09-09T14:19:40.164Z</time>
      </trkpt>
      <trkpt lat="41.47047" lon="1.95035">
        <ele>50.17660128116854</ele>
        <time>2026-09-09T14:19:56.274Z</time>
      </trkpt>
      <trkpt lat="41.4705" lon="1.95038">
        <ele>51.25390886725609</ele>
        <time>2026-09-09T14:20:12.384Z</time>
      </trkpt>
      <trkpt lat="41.47052" lon="1.9504">
        <ele>51.662540728187054</ele>
        <time>2026-09-09T14:20:28.494Z</time>
      </trkpt>
      <trkpt lat="41.47061" lon="1.9505">
        <ele>50.98889445913964</ele>
        <time>2026-09-09T14:20:44.604Z</time>
      </trkpt>
      <trkpt lat="41.47064" lon="1.95053">
        <ele>51.15642409294848</ele>
        <time>2026-09-09T14:21:00.713Z</time>
      </trkpt>
      <trkpt lat="41.47071" lon="1.95059">
        <ele>52.21039949727584</ele>
        <time>2026-09-09T14:21:16.823Z</time>
      </trkpt>
      <trkpt lat="41.47076" lon="1.95064">
        <ele>52.56984267629426</ele>
        <time>2026-09-09T14:21:32.934Z</time>
      </trkpt>
      <trkpt lat="41.47078" lon="1.95067">
        <ele>52.33242778070408</ele>
        <time>2026-09-09T14:21:49.044Z</time>
      </trkpt>
      <trkpt lat="41.4709" lon="1.95079">
        <ele>49.97204185946044</ele>
        <time>2026-09-09T14:22:05.153Z</time>
      </trkpt>
      <trkpt lat="41.47101" lon="1.95089">
        <ele>47.67437155175432</ele>
        <time>2026-09-09T14:22:21.263Z</time>
      </trkpt>
      <trkpt lat="41.47102" lon="1.95091">
        <ele>47.564435937158855</ele>
        <time>2026-09-09T14:22:37.373Z</time>
      </trkpt>
      <trkpt lat="41.47112" lon="1.95114">
        <ele>46.228282600555914</ele>
        <time>2026-09-09T14:22:53.482Z</time>
      </trkpt>
      <trkpt lat="41.47112" lon="1.95117">
        <ele>46.30070867046337</ele>
        <time>2026-09-09T14:23:09.593Z</time>
      </trkpt>
      <trkpt lat="41.47118" lon="1.95143">
        <ele>45.57298862831199</ele>
        <time>2026-09-09T14:23:25.703Z</time>
      </trkpt>
      <trkpt lat="41.47121" lon="1.95156">
        <ele>46.33066671695249</ele>
        <time>2026-09-09T14:23:41.812Z</time>
      </trkpt>
      <trkpt lat="41.47124" lon="1.95176">
        <ele>46.7864671622254</ele>
        <time>2026-09-09T14:23:57.922Z</time>
      </trkpt>
      <trkpt lat="41.47132" lon="1.95208">
        <ele>47.2548608408859</ele>
        <time>2026-09-09T14:24:14.032Z</time>
      </trkpt>
      <trkpt lat="41.47141" lon="1.95233">
        <ele>46.373965864245804</ele>
        <time>2026-09-09T14:24:30.142Z</time>
      </trkpt>
      <trkpt lat="41.47141" lon="1.95235">
        <ele>46.5453196031467</ele>
        <time>2026-09-09T14:24:46.252Z</time>
      </trkpt>
      <trkpt lat="41.47148" lon="1.95255">
        <ele>46.48801859474332</ele>
        <time>2026-09-09T14:25:02.362Z</time>
      </trkpt>
      <trkpt lat="41.47148" lon="1.95257">
        <ele>46.615013275476464</ele>
        <time>2026-09-09T14:25:18.472Z</time>
      </trkpt>
      <trkpt lat="41.47155" lon="1.95277">
        <ele>46.73167563562777</ele>
        <time>2026-09-09T14:25:34.581Z</time>
      </trkpt>
      <trkpt lat="41.47161" lon="1.95295">
        <ele>46.399062468627264</ele>
        <time>2026-09-09T14:25:50.692Z</time>
      </trkpt>
      <trkpt lat="41.4717" lon="1.95323">
        <ele>45.88504976984704</ele>
        <time>2026-09-09T14:26:06.802Z</time>
      </trkpt>
      <trkpt lat="41.47176" lon="1.95346">
        <ele>45.95369162274348</ele>
        <time>2026-09-09T14:26:22.911Z</time>
      </trkpt>
      <trkpt lat="41.47187" lon="1.9538">
        <ele>45.959218451718066</ele>
        <time>2026-09-09T14:26:39.021Z</time>
      </trkpt>
      <trkpt lat="41.4721" lon="1.9546">
        <ele>45.371964654153984</ele>
        <time>2026-09-09T14:26:55.131Z</time>
      </trkpt>
      <trkpt lat="41.47217" lon="1.95504">
        <ele>44.85244214786715</ele>
        <time>2026-09-09T14:27:11.241Z</time>
      </trkpt>
      <trkpt lat="41.47224" lon="1.95549">
        <ele>45.03390575177386</ele>
        <time>2026-09-09T14:27:27.351Z</time>
      </trkpt>
      <trkpt lat="41.47227" lon="1.95565">
        <ele>44.755410029566136</ele>
        <time>2026-09-09T14:27:43.461Z</time>
      </trkpt>
      <trkpt lat="41.47227" lon="1.95572">
        <ele>44.893573031128255</ele>
        <time>2026-09-09T14:27:59.570Z</time>
      </trkpt>
      <trkpt lat="41.4723" lon="1.95596">
        <ele>44.491487762592726</ele>
        <time>2026-09-09T14:28:15.680Z</time>
      </trkpt>
      <trkpt lat="41.47232" lon="1.9562">
        <ele>44.432349550746764</ele>
        <time>2026-09-09T14:28:31.791Z</time>
      </trkpt>
      <trkpt lat="41.47234" lon="1.95646">
        <ele>44.531313387054425</ele>
        <time>2026-09-09T14:28:47.901Z</time>
      </trkpt>
      <trkpt lat="41.47236" lon="1.95665">
        <ele>44.62017774144751</ele>
        <time>2026-09-09T14:29:04.010Z</time>
      </trkpt>
      <trkpt lat="41.47237" lon="1.95667">
        <ele>44.52547798577207</ele>
        <time>2026-09-09T14:29:20.120Z</time>
      </trkpt>
      <trkpt lat="41.47237" lon="1.9567">
        <ele>44.61507422348983</ele>
        <time>2026-09-09T14:29:36.230Z</time>
      </trkpt>
      <trkpt lat="41.4724" lon="1.95694">
        <ele>44.46474373157997</ele>
        <time>2026-09-09T14:29:52.339Z</time>
      </trkpt>
      <trkpt lat="41.47241" lon="1.95696">
        <ele>44.362302760307465</ele>
        <time>2026-09-09T14:30:08.450Z</time>
      </trkpt>
      <trkpt lat="41.47241" lon="1.95715">
        <ele>44.74692247050659</ele>
        <time>2026-09-09T14:30:24.560Z</time>
      </trkpt>
      <trkpt lat="41.4724" lon="1.9573">
        <ele>44.93046338670821</ele>
        <time>2026-09-09T14:30:40.669Z</time>
      </trkpt>
      <trkpt lat="41.47239" lon="1.95741">
        <ele>44.82699968081579</ele>
        <time>2026-09-09T14:30:56.779Z</time>
      </trkpt>
      <trkpt lat="41.4724" lon="1.95748">
        <ele>44.499636146468866</ele>
        <time>2026-09-09T14:31:12.889Z</time>
      </trkpt>
      <trkpt lat="41.472397" lon="1.957484">
        <ele>44.531224411546376</ele>
        <time>2026-09-09T14:31:28.999Z</time>
      </trkpt>
      <trkpt lat="41.4724" lon="1.95756">
        <ele>44.20307714326463</ele>
        <time>2026-09-09T14:31:45.109Z</time>
      </trkpt>
      <trkpt lat="41.4724" lon="1.95761">
        <ele>44.01772776629901</ele>
        <time>2026-09-09T14:32:01.219Z</time>
      </trkpt>
      <trkpt lat="41.47232" lon="1.95787">
        <ele>44.38808502683017</ele>
        <time>2026-09-09T14:32:17.329Z</time>
      </trkpt>
      <trkpt lat="41.472316" lon="1.957872">
        <ele>44.443020329369425</ele>
        <time>2026-09-09T14:32:33.438Z</time>
      </trkpt>
      <trkpt lat="41.47236" lon="1.95817">
        <ele>44.59541987379083</ele>
        <time>2026-09-09T14:32:49.549Z</time>
      </trkpt>
      <trkpt lat="41.47236" lon="1.95827">
        <ele>44.65820624412958</ele>
        <time>2026-09-09T14:33:05.659Z</time>
      </trkpt>
      <trkpt lat="41.47236" lon="1.95837">
        <ele>44.549822568274934</ele>
        <time>2026-09-09T14:33:21.768Z</time>
      </trkpt>
      <trkpt lat="41.47237" lon="1.95862">
        <ele>43.33025869569034</ele>
        <time>2026-09-09T14:33:37.878Z</time>
      </trkpt>
      <trkpt lat="41.47237" lon="1.95867">
        <ele>43.07299059453606</ele>
        <time>2026-09-09T14:33:53.988Z</time>
      </trkpt>
      <trkpt lat="41.47236" lon="1.95879">
        <ele>42.8248257507602</ele>
        <time>2026-09-09T14:34:10.098Z</time>
      </trkpt>
      <trkpt lat="41.47235" lon="1.95884">
        <ele>42.746537126568974</ele>
        <time>2026-09-09T14:34:26.208Z</time>
      </trkpt>
      <trkpt lat="41.47235" lon="1.95888">
        <ele>42.57785344236527</ele>
        <time>2026-09-09T14:34:42.318Z</time>
      </trkpt>
      <trkpt lat="41.47234" lon="1.95891">
        <ele>42.53196361013581</ele>
        <time>2026-09-09T14:34:58.427Z</time>
      </trkpt>
      <trkpt lat="41.47232" lon="1.95895">
        <ele>42.529621003664424</ele>
        <time>2026-09-09T14:35:14.537Z</time>
      </trkpt>
      <trkpt lat="41.47229" lon="1.95914">
        <ele>42.29887164297561</ele>
        <time>2026-09-09T14:35:30.648Z</time>
      </trkpt>
      <trkpt lat="41.47225" lon="1.95937">
        <ele>42.44775360599364</ele>
        <time>2026-09-09T14:35:46.758Z</time>
      </trkpt>
      <trkpt lat="41.47221" lon="1.9596">
        <ele>42.29283384041452</ele>
        <time>2026-09-09T14:36:02.867Z</time>
      </trkpt>
      <trkpt lat="41.47207" lon="1.96031">
        <ele>42.979800071983824</ele>
        <time>2026-09-09T14:36:18.977Z</time>
      </trkpt>
      <trkpt lat="41.47203" lon="1.96046">
        <ele>42.6714212972027</ele>
        <time>2026-09-09T14:36:35.087Z</time>
      </trkpt>
      <trkpt lat="41.47197" lon="1.96068">
        <ele>42.256076947033804</ele>
        <time>2026-09-09T14:36:51.197Z</time>
      </trkpt>
      <trkpt lat="41.47184" lon="1.96117">
        <ele>41.275578843276605</ele>
        <time>2026-09-09T14:37:07.307Z</time>
      </trkpt>
      <trkpt lat="41.47167" lon="1.96161">
        <ele>41.252231277212815</ele>
        <time>2026-09-09T14:37:23.417Z</time>
      </trkpt>
      <trkpt lat="41.47162" lon="1.96183">
        <ele>41.29049805723826</ele>
        <time>2026-09-09T14:37:39.526Z</time>
      </trkpt>
      <trkpt lat="41.47156" lon="1.96207">
        <ele>40.38787485264328</ele>
        <time>2026-09-09T14:37:55.636Z</time>
      </trkpt>
      <trkpt lat="41.47146" lon="1.96231">
        <ele>40.48448512145361</ele>
        <time>2026-09-09T14:38:11.746Z</time>
      </trkpt>
      <trkpt lat="41.47122" lon="1.96285">
        <ele>40.324041994357344</ele>
        <time>2026-09-09T14:38:27.856Z</time>
      </trkpt>
      <trkpt lat="41.47119" lon="1.96291">
        <ele>40.14102402861009</ele>
        <time>2026-09-09T14:38:43.966Z</time>
      </trkpt>
      <trkpt lat="41.47112" lon="1.96305">
        <ele>40.446978124935825</ele>
        <time>2026-09-09T14:39:00.076Z</time>
      </trkpt>
      <trkpt lat="41.47109" lon="1.96312">
        <ele>40.285574091584394</ele>
        <time>2026-09-09T14:39:16.186Z</time>
      </trkpt>
      <trkpt lat="41.47097" lon="1.96339">
        <ele>40.504951679508565</ele>
        <time>2026-09-09T14:39:32.295Z</time>
      </trkpt>
      <trkpt lat="41.4706" lon="1.96441">
        <ele>39.9947624559448</ele>
        <time>2026-09-09T14:39:48.406Z</time>
      </trkpt>
      <trkpt lat="41.47045" lon="1.96499">
        <ele>39.17762718736243</ele>
        <time>2026-09-09T14:40:04.516Z</time>
      </trkpt>
      <trkpt lat="41.47043" lon="1.96532">
        <ele>37.92930563733836</ele>
        <time>2026-09-09T14:40:20.625Z</time>
      </trkpt>
      <trkpt lat="41.47028" lon="1.96551">
        <ele>37.81001627278465</ele>
        <time>2026-09-09T14:40:36.735Z</time>
      </trkpt>
      <trkpt lat="41.47009" lon="1.96577">
        <ele>39.496766945050354</ele>
        <time>2026-09-09T14:40:52.845Z</time>
      </trkpt>
      <trkpt lat="41.46993" lon="1.96593">
        <ele>42.56891720140949</ele>
        <time>2026-09-09T14:41:08.955Z</time>
      </trkpt>
      <trkpt lat="41.46987" lon="1.966">
        <ele>41.93606813925171</ele>
        <time>2026-09-09T14:41:25.065Z</time>
      </trkpt>
      <trkpt lat="41.46969" lon="1.96617">
        <ele>37.75973149694279</ele>
        <time>2026-09-09T14:41:41.175Z</time>
      </trkpt>
      <trkpt lat="41.46957" lon="1.9663">
        <ele>37.976292702325594</ele>
        <time>2026-09-09T14:41:57.284Z</time>
      </trkpt>
      <trkpt lat="41.46944" lon="1.96644">
        <ele>37.984743351926646</ele>
        <time>2026-09-09T14:42:13.394Z</time>
      </trkpt>
      <trkpt lat="41.46911" lon="1.96672">
        <ele>38.3884256647664</ele>
        <time>2026-09-09T14:42:29.505Z</time>
      </trkpt>
      <trkpt lat="41.46909" lon="1.96674">
        <ele>38.293368237291865</ele>
        <time>2026-09-09T14:42:45.615Z</time>
      </trkpt>
      <trkpt lat="41.46897" lon="1.96687">
        <ele>38.098369792483865</ele>
        <time>2026-09-09T14:43:01.724Z</time>
      </trkpt>
      <trkpt lat="41.46892" lon="1.96692">
        <ele>37.98640295375019</ele>
        <time>2026-09-09T14:43:17.834Z</time>
      </trkpt>
      <trkpt lat="41.46885" lon="1.967">
        <ele>37.90559411572539</ele>
        <time>2026-09-09T14:43:33.944Z</time>
      </trkpt>
      <trkpt lat="41.46875" lon="1.96713">
        <ele>37.45108060516749</ele>
        <time>2026-09-09T14:43:50.054Z</time>
      </trkpt>
      <trkpt lat="41.46872" lon="1.96716">
        <ele>37.38867163506595</ele>
        <time>2026-09-09T14:44:06.164Z</time>
      </trkpt>
      <trkpt lat="41.4687" lon="1.96719">
        <ele>37.294010242358986</ele>
        <time>2026-09-09T14:44:22.274Z</time>
      </trkpt>
      <trkpt lat="41.46869" lon="1.96719">
        <ele>37.36360893576881</ele>
        <time>2026-09-09T14:44:38.383Z</time>
      </trkpt>
      <trkpt lat="41.46856" lon="1.9673">
        <ele>37.19331968342318</ele>
        <time>2026-09-09T14:44:54.493Z</time>
      </trkpt>
      <trkpt lat="41.46846" lon="1.96737">
        <ele>37.54535753591127</ele>
        <time>2026-09-09T14:45:10.603Z</time>
      </trkpt>
      <trkpt lat="41.46837" lon="1.96743">
        <ele>37.62602638312587</ele>
        <time>2026-09-09T14:45:26.713Z</time>
      </trkpt>
      <trkpt lat="41.46829" lon="1.96752">
        <ele>37.359820335991</ele>
        <time>2026-09-09T14:45:42.823Z</time>
      </trkpt>
      <trkpt lat="41.46809" lon="1.96772">
        <ele>37.71231870754819</ele>
        <time>2026-09-09T14:45:58.933Z</time>
      </trkpt>
      <trkpt lat="41.46798" lon="1.96783">
        <ele>37.643700505390626</ele>
        <time>2026-09-09T14:46:15.043Z</time>
      </trkpt>
      <trkpt lat="41.46797" lon="1.96785">
        <ele>37.57772870710784</ele>
        <time>2026-09-09T14:46:31.152Z</time>
      </trkpt>
      <trkpt lat="41.46761" lon="1.96816">
        <ele>37.94778101049058</ele>
        <time>2026-09-09T14:46:47.263Z</time>
      </trkpt>
      <trkpt lat="41.46754" lon="1.96825">
        <ele>38.00813934333546</ele>
        <time>2026-09-09T14:47:03.373Z</time>
      </trkpt>
      <trkpt lat="41.4674" lon="1.96842">
        <ele>37.48905586594793</ele>
        <time>2026-09-09T14:47:19.482Z</time>
      </trkpt>
      <trkpt lat="41.46726" lon="1.96862">
        <ele>37.19041685679648</ele>
        <time>2026-09-09T14:47:35.592Z</time>
      </trkpt>
      <trkpt lat="41.4672" lon="1.96867">
        <ele>36.89406974197941</ele>
        <time>2026-09-09T14:47:51.702Z</time>
      </trkpt>
      <trkpt lat="41.46715" lon="1.96873">
        <ele>36.785651179320716</ele>
        <time>2026-09-09T14:48:07.813Z</time>
      </trkpt>
      <trkpt lat="41.46711" lon="1.96877">
        <ele>37.022595525351775</ele>
        <time>2026-09-09T14:48:23.923Z</time>
      </trkpt>
      <trkpt lat="41.46687" lon="1.96904">
        <ele>36.92935683183663</ele>
        <time>2026-09-09T14:48:40.033Z</time>
      </trkpt>
      <trkpt lat="41.46678" lon="1.96913">
        <ele>36.624594158484896</ele>
        <time>2026-09-09T14:48:56.142Z</time>
      </trkpt>
      <trkpt lat="41.46673" lon="1.96919">
        <ele>37.814050784938445</ele>
        <time>2026-09-09T14:49:12.252Z</time>
      </trkpt>
      <trkpt lat="41.4667" lon="1.96923">
        <ele>39.55531622705848</ele>
        <time>2026-09-09T14:49:28.363Z</time>
      </trkpt>
      <trkpt lat="41.46654" lon="1.96935">
        <ele>37.95825242590196</ele>
        <time>2026-09-09T14:49:44.472Z</time>
      </trkpt>
      <trkpt lat="41.46651" lon="1.96937">
        <ele>37.237210061755505</ele>
        <time>2026-09-09T14:50:00.582Z</time>
      </trkpt>
      <trkpt lat="41.46645" lon="1.96942">
        <ele>37.018409840713346</ele>
        <time>2026-09-09T14:50:16.692Z</time>
      </trkpt>
      <trkpt lat="41.46643" lon="1.96944">
        <ele>37.007313304522</ele>
        <time>2026-09-09T14:50:32.801Z</time>
      </trkpt>
      <trkpt lat="41.46628" lon="1.96959">
        <ele>36.88781710755882</ele>
        <time>2026-09-09T14:50:48.911Z</time>
      </trkpt>
      <trkpt lat="41.46596" lon="1.96991">
        <ele>36.72044924185164</ele>
        <time>2026-09-09T14:51:05.022Z</time>
      </trkpt>
      <trkpt lat="41.46581" lon="1.97004">
        <ele>36.696013273371776</ele>
        <time>2026-09-09T14:51:21.132Z</time>
      </trkpt>
      <trkpt lat="41.46578" lon="1.97006">
        <ele>36.73497150979437</ele>
        <time>2026-09-09T14:51:37.241Z</time>
      </trkpt>
      <trkpt lat="41.46569" lon="1.97012">
        <ele>36.97333427771876</ele>
        <time>2026-09-09T14:51:53.351Z</time>
      </trkpt>
      <trkpt lat="41.46562" lon="1.97017">
        <ele>36.85231290396522</ele>
        <time>2026-09-09T14:52:09.461Z</time>
      </trkpt>
      <trkpt lat="41.46557" lon="1.9702">
        <ele>36.93762260378797</ele>
        <time>2026-09-09T14:52:25.571Z</time>
      </trkpt>
      <trkpt lat="41.46546" lon="1.97029">
        <ele>37.186630787266665</ele>
        <time>2026-09-09T14:52:41.681Z</time>
      </trkpt>
      <trkpt lat="41.46528" lon="1.97046">
        <ele>37.207509876729944</ele>
        <time>2026-09-09T14:52:57.791Z</time>
      </trkpt>
      <trkpt lat="41.46488" lon="1.97089">
        <ele>37.02691941579603</ele>
        <time>2026-09-09T14:53:13.900Z</time>
      </trkpt>
      <trkpt lat="41.46472" lon="1.97108">
        <ele>36.807853005262636</ele>
        <time>2026-09-09T14:53:30.010Z</time>
      </trkpt>
      <trkpt lat="41.46459" lon="1.97123">
        <ele>36.56255284388503</ele>
        <time>2026-09-09T14:53:46.121Z</time>
      </trkpt>
      <trkpt lat="41.46451" lon="1.9713">
        <ele>36.52632009354596</ele>
        <time>2026-09-09T14:54:02.230Z</time>
      </trkpt>
      <trkpt lat="41.46437" lon="1.97141">
        <ele>36.48479094626222</ele>
        <time>2026-09-09T14:54:18.340Z</time>
      </trkpt>
      <trkpt lat="41.46425" lon="1.97152">
        <ele>36.54359505291055</ele>
        <time>2026-09-09T14:54:34.450Z</time>
      </trkpt>
      <trkpt lat="41.4642" lon="1.97156">
        <ele>36.51413810911378</ele>
        <time>2026-09-09T14:54:50.560Z</time>
      </trkpt>
      <trkpt lat="41.46411" lon="1.97166">
        <ele>36.29768069881918</ele>
        <time>2026-09-09T14:55:06.670Z</time>
      </trkpt>
      <trkpt lat="41.46397" lon="1.97181">
        <ele>35.56552682256141</ele>
        <time>2026-09-09T14:55:22.780Z</time>
      </trkpt>
      <trkpt lat="41.46385" lon="1.97192">
        <ele>34.36669370741527</ele>
        <time>2026-09-09T14:55:38.890Z</time>
      </trkpt>
      <trkpt lat="41.46383" lon="1.97194">
        <ele>34.139265367109545</ele>
        <time>2026-09-09T14:55:54.999Z</time>
      </trkpt>
      <trkpt lat="41.46382" lon="1.97195">
        <ele>34.110515442073996</ele>
        <time>2026-09-09T14:56:11.109Z</time>
      </trkpt>
      <trkpt lat="41.46381" lon="1.97195">
        <ele>34.21697415085797</ele>
        <time>2026-09-09T14:56:27.220Z</time>
      </trkpt>
      <trkpt lat="41.46379" lon="1.97197">
        <ele>34.28433561754919</ele>
        <time>2026-09-09T14:56:43.329Z</time>
      </trkpt>
      <trkpt lat="41.46376" lon="1.97198">
        <ele>34.580924166684724</ele>
        <time>2026-09-09T14:56:59.439Z</time>
      </trkpt>
      <trkpt lat="41.46373" lon="1.97199">
        <ele>34.91083958428068</ele>
        <time>2026-09-09T14:57:15.549Z</time>
      </trkpt>
      <trkpt lat="41.4637" lon="1.972">
        <ele>35.27408184673611</ele>
        <time>2026-09-09T14:57:31.658Z</time>
      </trkpt>
      <trkpt lat="41.46366" lon="1.97203">
        <ele>35.61181354900002</ele>
        <time>2026-09-09T14:57:47.768Z</time>
      </trkpt>
      <trkpt lat="41.46365" lon="1.97203">
        <ele>35.710593517819554</ele>
        <time>2026-09-09T14:58:03.879Z</time>
      </trkpt>
      <trkpt lat="41.46362" lon="1.97206">
        <ele>35.8867385274855</ele>
        <time>2026-09-09T14:58:19.989Z</time>
      </trkpt>
      <trkpt lat="41.46356" lon="1.97212">
        <ele>36.278717872658866</ele>
        <time>2026-09-09T14:58:36.098Z</time>
      </trkpt>
      <trkpt lat="41.4635" lon="1.97216">
        <ele>36.44248576919551</ele>
        <time>2026-09-09T14:58:52.208Z</time>
      </trkpt>
      <trkpt lat="41.46334" lon="1.97228">
        <ele>36.491492409175926</ele>
        <time>2026-09-09T14:59:08.318Z</time>
      </trkpt>
      <trkpt lat="41.46327" lon="1.97237">
        <ele>36.57477917683409</ele>
        <time>2026-09-09T14:59:24.428Z</time>
      </trkpt>
      <trkpt lat="41.46298" lon="1.97266">
        <ele>35.595520965453815</ele>
        <time>2026-09-09T14:59:40.538Z</time>
      </trkpt>
      <trkpt lat="41.46287" lon="1.97275">
        <ele>35.71057072439796</ele>
        <time>2026-09-09T14:59:56.648Z</time>
      </trkpt>
      <trkpt lat="41.4628" lon="1.9728">
        <ele>35.55811715866925</ele>
        <time>2026-09-09T15:00:12.757Z</time>
      </trkpt>
      <trkpt lat="41.46276" lon="1.97283">
        <ele>35.52568955253048</ele>
        <time>2026-09-09T15:00:28.867Z</time>
      </trkpt>
      <trkpt lat="41.46259" lon="1.97293">
        <ele>35.88297524493976</ele>
        <time>2026-09-09T15:00:44.978Z</time>
      </trkpt>
      <trkpt lat="41.46256" lon="1.97296">
        <ele>35.723008725540964</ele>
        <time>2026-09-09T15:01:01.087Z</time>
      </trkpt>
      <trkpt lat="41.46197" lon="1.97341">
        <ele>35.75785736755863</ele>
        <time>2026-09-09T15:01:17.197Z</time>
      </trkpt>
      <trkpt lat="41.46183" lon="1.97353">
        <ele>35.27520261859364</ele>
        <time>2026-09-09T15:01:33.307Z</time>
      </trkpt>
      <trkpt lat="41.46168" lon="1.97364">
        <ele>35.172196973995874</ele>
        <time>2026-09-09T15:01:49.417Z</time>
      </trkpt>
      <trkpt lat="41.46149" lon="1.97374">
        <ele>35.4682739574943</ele>
        <time>2026-09-09T15:02:05.527Z</time>
      </trkpt>
      <trkpt lat="41.46141" lon="1.97379">
        <ele>35.414070247773445</ele>
        <time>2026-09-09T15:02:21.637Z</time>
      </trkpt>
      <trkpt lat="41.46073" lon="1.97417">
        <ele>35.4569125405566</ele>
        <time>2026-09-09T15:02:37.747Z</time>
      </trkpt>
      <trkpt lat="41.4605" lon="1.9743">
        <ele>35.4539248849674</ele>
        <time>2026-09-09T15:02:53.856Z</time>
      </trkpt>
      <trkpt lat="41.46033" lon="1.97439">
        <ele>35.5524110088866</ele>
        <time>2026-09-09T15:03:09.966Z</time>
      </trkpt>
      <trkpt lat="41.46019" lon="1.97447">
        <ele>35.274445919342185</ele>
        <time>2026-09-09T15:03:26.077Z</time>
      </trkpt>
      <trkpt lat="41.46" lon="1.97457">
        <ele>35.24495747575958</ele>
        <time>2026-09-09T15:03:42.186Z</time>
      </trkpt>
      <trkpt lat="41.45966" lon="1.97473">
        <ele>34.929607741636175</ele>
        <time>2026-09-09T15:03:58.296Z</time>
      </trkpt>
      <trkpt lat="41.45949" lon="1.97481">
        <ele>34.932855036341024</ele>
        <time>2026-09-09T15:04:14.406Z</time>
      </trkpt>
      <trkpt lat="41.45924" lon="1.97492">
        <ele>34.82861109670508</ele>
        <time>2026-09-09T15:04:30.515Z</time>
      </trkpt>
      <trkpt lat="41.45866" lon="1.97515">
        <ele>34.504471782628634</ele>
        <time>2026-09-09T15:04:46.625Z</time>
      </trkpt>
      <trkpt lat="41.45863" lon="1.97516">
        <ele>34.5195965012073</ele>
        <time>2026-09-09T15:05:02.736Z</time>
      </trkpt>
      <trkpt lat="41.45846" lon="1.97522">
        <ele>34.693554618134776</ele>
        <time>2026-09-09T15:05:18.846Z</time>
      </trkpt>
      <trkpt lat="41.45844" lon="1.97523">
        <ele>34.68649162572217</ele>
        <time>2026-09-09T15:05:34.955Z</time>
      </trkpt>
      <trkpt lat="41.45793" lon="1.97539">
        <ele>34.876541453817794</ele>
        <time>2026-09-09T15:05:51.065Z</time>
      </trkpt>
      <trkpt lat="41.45776" lon="1.97544">
        <ele>34.46027626814639</ele>
        <time>2026-09-09T15:06:07.175Z</time>
      </trkpt>
      <trkpt lat="41.45758" lon="1.9755">
        <ele>34.12560190679561</ele>
        <time>2026-09-09T15:06:23.285Z</time>
      </trkpt>
      <trkpt lat="41.4575" lon="1.97552">
        <ele>34.153801709430276</ele>
        <time>2026-09-09T15:06:39.395Z</time>
      </trkpt>
      <trkpt lat="41.45728" lon="1.97558">
        <ele>33.93295518536307</ele>
        <time>2026-09-09T15:06:55.505Z</time>
      </trkpt>
      <trkpt lat="41.45723" lon="1.97559">
        <ele>34.049271462862116</ele>
        <time>2026-09-09T15:07:11.614Z</time>
      </trkpt>
      <trkpt lat="41.45705" lon="1.97563">
        <ele>34.30325432792099</ele>
        <time>2026-09-09T15:07:27.724Z</time>
      </trkpt>
      <trkpt lat="41.45703" lon="1.97564">
        <ele>34.181096231244645</ele>
        <time>2026-09-09T15:07:43.835Z</time>
      </trkpt>
      <trkpt lat="41.45687" lon="1.97567">
        <ele>34.33344796690817</ele>
        <time>2026-09-09T15:07:59.945Z</time>
      </trkpt>
      <trkpt lat="41.45669" lon="1.9757">
        <ele>34.294573696193346</ele>
        <time>2026-09-09T15:08:16.054Z</time>
      </trkpt>
      <trkpt lat="41.45666" lon="1.97571">
        <ele>34.17813267911559</ele>
        <time>2026-09-09T15:08:32.164Z</time>
      </trkpt>
      <trkpt lat="41.45652" lon="1.97573">
        <ele>34.277860131854865</ele>
        <time>2026-09-09T15:08:48.274Z</time>
      </trkpt>
      <trkpt lat="41.45634" lon="1.97575">
        <ele>34.541175004984964</ele>
        <time>2026-09-09T15:09:04.384Z</time>
      </trkpt>
      <trkpt lat="41.45602" lon="1.9758">
        <ele>34.64456003616009</ele>
        <time>2026-09-09T15:09:20.494Z</time>
      </trkpt>
      <trkpt lat="41.45548" lon="1.97589">
        <ele>34.16692584194641</ele>
        <time>2026-09-09T15:09:36.604Z</time>
      </trkpt>
      <trkpt lat="41.45544" lon="1.97589">
        <ele>34.23216180947745</ele>
        <time>2026-09-09T15:09:52.713Z</time>
      </trkpt>
      <trkpt lat="41.4554" lon="1.9759">
        <ele>34.258754056669936</ele>
        <time>2026-09-09T15:10:08.823Z</time>
      </trkpt>
      <trkpt lat="41.4553" lon="1.97593">
        <ele>34.23524417146698</ele>
        <time>2026-09-09T15:10:24.934Z</time>
      </trkpt>
      <trkpt lat="41.45521" lon="1.97597">
        <ele>34.220708639233784</ele>
        <time>2026-09-09T15:10:41.043Z</time>
      </trkpt>
      <trkpt lat="41.45517" lon="1.97598">
        <ele>34.234200331549744</ele>
        <time>2026-09-09T15:10:57.153Z</time>
      </trkpt>
      <trkpt lat="41.45513" lon="1.97599">
        <ele>34.24518707367377</ele>
        <time>2026-09-09T15:11:13.263Z</time>
      </trkpt>
      <trkpt lat="41.45509" lon="1.97599">
        <ele>34.403179018820445</ele>
        <time>2026-09-09T15:11:29.373Z</time>
      </trkpt>
      <trkpt lat="41.45501" lon="1.97599">
        <ele>34.40167351725528</ele>
        <time>2026-09-09T15:11:45.482Z</time>
      </trkpt>
      <trkpt lat="41.45497" lon="1.976">
        <ele>34.21536341461748</ele>
        <time>2026-09-09T15:12:01.593Z</time>
      </trkpt>
      <trkpt lat="41.45493" lon="1.976">
        <ele>34.26370492767235</ele>
        <time>2026-09-09T15:12:17.703Z</time>
      </trkpt>
      <trkpt lat="41.45491" lon="1.976">
        <ele>34.330242386788896</ele>
        <time>2026-09-09T15:12:33.812Z</time>
      </trkpt>
      <trkpt lat="41.45483" lon="1.97601">
        <ele>34.427048541202645</ele>
        <time>2026-09-09T15:12:49.922Z</time>
      </trkpt>
      <trkpt lat="41.45473" lon="1.97604">
        <ele>34.14673083536404</ele>
        <time>2026-09-09T15:13:06.032Z</time>
      </trkpt>
      <trkpt lat="41.45456" lon="1.97608">
        <ele>33.67919321587166</ele>
        <time>2026-09-09T15:13:22.142Z</time>
      </trkpt>
      <trkpt lat="41.45438" lon="1.97612">
        <ele>33.452978221990136</ele>
        <time>2026-09-09T15:13:38.252Z</time>
      </trkpt>
      <trkpt lat="41.45435" lon="1.97613">
        <ele>33.334551761708774</ele>
        <time>2026-09-09T15:13:54.362Z</time>
      </trkpt>
      <trkpt lat="41.4542" lon="1.97616">
        <ele>33.01707801337264</ele>
        <time>2026-09-09T15:14:10.471Z</time>
      </trkpt>
      <trkpt lat="41.45402" lon="1.97619">
        <ele>33.24617781747369</ele>
        <time>2026-09-09T15:14:26.581Z</time>
      </trkpt>
      <trkpt lat="41.45385" lon="1.97622">
        <ele>33.4406775285955</ele>
        <time>2026-09-09T15:14:42.692Z</time>
      </trkpt>
      <trkpt lat="41.45367" lon="1.97625">
        <ele>33.653916120545176</ele>
        <time>2026-09-09T15:14:58.802Z</time>
      </trkpt>
      <trkpt lat="41.45349" lon="1.97628">
        <ele>33.74274034213809</ele>
        <time>2026-09-09T15:15:14.911Z</time>
      </trkpt>
      <trkpt lat="41.45334" lon="1.97631">
        <ele>33.673702521207886</ele>
        <time>2026-09-09T15:15:31.021Z</time>
      </trkpt>
      <trkpt lat="41.45313" lon="1.97635">
        <ele>34.705382303319276</ele>
        <time>2026-09-09T15:15:47.131Z</time>
      </trkpt>
      <trkpt lat="41.45296" lon="1.97638">
        <ele>37.34958360672434</ele>
        <time>2026-09-09T15:16:03.241Z</time>
      </trkpt>
      <trkpt lat="41.45295" lon="1.97638">
        <ele>36.783312315011344</ele>
        <time>2026-09-09T15:16:19.351Z</time>
      </trkpt>
      <trkpt lat="41.45294" lon="1.97638">
        <ele>36.21704111150717</ele>
        <time>2026-09-09T15:16:35.461Z</time>
      </trkpt>
      <trkpt lat="41.45292" lon="1.97639">
        <ele>34.8679574706349</ele>
        <time>2026-09-09T15:16:51.570Z</time>
      </trkpt>
      <trkpt lat="41.45278" lon="1.97642">
        <ele>32.94702145955152</ele>
        <time>2026-09-09T15:17:07.680Z</time>
      </trkpt>
      <trkpt lat="41.45242" lon="1.97649">
        <ele>32.975624235176056</ele>
        <time>2026-09-09T15:17:23.791Z</time>
      </trkpt>
      <trkpt lat="41.45235" lon="1.9765">
        <ele>33.000094889765776</ele>
        <time>2026-09-09T15:17:39.900Z</time>
      </trkpt>
      <trkpt lat="41.45189" lon="1.9766">
        <ele>33.049042673393295</ele>
        <time>2026-09-09T15:17:56.010Z</time>
      </trkpt>
      <trkpt lat="41.45181" lon="1.97662">
        <ele>33.14056647704783</ele>
        <time>2026-09-09T15:18:12.120Z</time>
      </trkpt>
      <trkpt lat="41.45153" lon="1.97669">
        <ele>33.466985501118415</ele>
        <time>2026-09-09T15:18:28.230Z</time>
      </trkpt>
      <trkpt lat="41.45145" lon="1.97672">
        <ele>32.9493812666908</ele>
        <time>2026-09-09T15:18:44.339Z</time>
      </trkpt>
      <trkpt lat="41.4514" lon="1.97673">
        <ele>32.64519099361239</ele>
        <time>2026-09-09T15:19:00.450Z</time>
      </trkpt>
      <trkpt lat="41.45137" lon="1.97674">
        <ele>32.4207399007311</ele>
        <time>2026-09-09T15:19:16.560Z</time>
      </trkpt>
      <trkpt lat="41.45136" lon="1.97674">
        <ele>32.403331749902506</ele>
        <time>2026-09-09T15:19:32.669Z</time>
      </trkpt>
      <trkpt lat="41.45134" lon="1.97674">
        <ele>32.42576980336794</ele>
        <time>2026-09-09T15:19:48.779Z</time>
      </trkpt>
      <trkpt lat="41.451261" lon="1.976748">
        <ele>32.7857594725546</ele>
        <time>2026-09-09T15:19:58.199Z</time>
      </trkpt>
      <trkpt lat="41.451271" lon="1.976745">
        <ele>32.768271139002216</ele>
        <time>2026-09-09T15:19:59.417Z</time>
      </trkpt>
      <trkpt lat="41.451289" lon="1.976573">
        <ele>34.96707049056745</ele>
        <time>2026-09-09T15:20:14.894Z</time>
      </trkpt>
      <trkpt lat="41.451361" lon="1.975855">
        <ele>38.362210648832146</ele>
        <time>2026-09-09T15:21:19.450Z</time>
      </trkpt>
      <trkpt lat="41.451379" lon="1.975685">
        <ele>37.75247416573397</ele>
        <time>2026-09-09T15:21:34.751Z</time>
      </trkpt>
      <trkpt lat="41.451398" lon="1.975514">
        <ele>37.840250746710666</ele>
        <time>2026-09-09T15:21:50.155Z</time>
      </trkpt>
      <trkpt lat="41.451498" lon="1.975053">
        <ele>37.69932511926206</ele>
        <time>2026-09-09T15:22:32.924Z</time>
      </trkpt>
      <trkpt lat="41.451502" lon="1.974999">
        <ele>37.92538940620671</ele>
        <time>2026-09-09T15:22:37.759Z</time>
      </trkpt>
      <trkpt lat="41.45145" lon="1.974787">
        <ele>38.47954323392899</ele>
        <time>2026-09-09T15:22:57.638Z</time>
      </trkpt>
      <trkpt lat="41.451452" lon="1.974701">
        <ele>38.076886533603215</ele>
        <time>2026-09-09T15:23:05.306Z</time>
      </trkpt>
      <trkpt lat="41.451482" lon="1.974629">
        <ele>37.54825027152948</ele>
        <time>2026-09-09T15:23:12.647Z</time>
      </trkpt>
      <trkpt lat="41.451557" lon="1.974573">
        <ele>38.07089110719015</ele>
        <time>2026-09-09T15:23:22.865Z</time>
      </trkpt>
      <trkpt lat="41.451601" lon="1.974517">
        <ele>37.629506595761576</ele>
        <time>2026-09-09T15:23:30.095Z</time>
      </trkpt>
      <trkpt lat="41.451664" lon="1.973839">
        <ele>37.18812503530933</ele>
        <time>2026-09-09T15:24:30.915Z</time>
      </trkpt>
      <trkpt lat="41.451601" lon="1.974517">
        <ele>37.629506595761576</ele>
        <time>2026-09-09T15:25:31.734Z</time>
      </trkpt>
      <trkpt lat="41.451557" lon="1.974573">
        <ele>38.07089110719015</ele>
        <time>2026-09-09T15:25:38.956Z</time>
      </trkpt>
      <trkpt lat="41.451482" lon="1.974629">
        <ele>37.54825027152948</ele>
        <time>2026-09-09T15:25:49.165Z</time>
      </trkpt>
      <trkpt lat="41.451452" lon="1.974701">
        <ele>38.076886533603215</ele>
        <time>2026-09-09T15:25:56.498Z</time>
      </trkpt>
      <trkpt lat="41.45145" lon="1.974787">
        <ele>38.47954323392899</ele>
        <time>2026-09-09T15:26:04.158Z</time>
      </trkpt>
      <trkpt lat="41.451502" lon="1.974999">
        <ele>37.92538940620671</ele>
        <time>2026-09-09T15:26:24.015Z</time>
      </trkpt>
      <trkpt lat="41.451498" lon="1.975053">
        <ele>37.69932511926206</ele>
        <time>2026-09-09T15:26:28.846Z</time>
      </trkpt>
      <trkpt lat="41.451398" lon="1.975514">
        <ele>37.840250746710666</ele>
        <time>2026-09-09T15:27:11.569Z</time>
      </trkpt>
      <trkpt lat="41.451379" lon="1.975685">
        <ele>37.75247416573397</ele>
        <time>2026-09-09T15:27:26.958Z</time>
      </trkpt>
      <trkpt lat="41.451361" lon="1.975855">
        <ele>38.362210648832146</ele>
        <time>2026-09-09T15:27:42.242Z</time>
      </trkpt>
      <trkpt lat="41.451289" lon="1.976573">
        <ele>34.96707049056745</ele>
        <time>2026-09-09T15:28:46.731Z</time>
      </trkpt>
      <trkpt lat="41.451275" lon="1.976703">
        <ele>33.34832036469187</ele>
        <time>2026-09-09T15:28:58.422Z</time>
      </trkpt>
      <trkpt lat="41.45126" lon="1.97674">
        <ele>32.906116106389476</ele>
        <time>2026-09-09T15:29:02.398Z</time>
      </trkpt>
      <trkpt lat="41.45106" lon="1.9768">
        <ele>34.271753179587265</ele>
        <time>2026-09-09T15:29:18.508Z</time>
      </trkpt>
      <trkpt lat="41.45103" lon="1.97681">
        <ele>34.367958174119835</ele>
        <time>2026-09-09T15:29:34.617Z</time>
      </trkpt>
      <trkpt lat="41.45086" lon="1.97689">
        <ele>33.990436940466076</ele>
        <time>2026-09-09T15:29:50.728Z</time>
      </trkpt>
      <trkpt lat="41.45084" lon="1.9769">
        <ele>33.91781081879087</ele>
        <time>2026-09-09T15:30:06.838Z</time>
      </trkpt>
      <trkpt lat="41.45065" lon="1.97699">
        <ele>33.985807959316695</ele>
        <time>2026-09-09T15:30:22.947Z</time>
      </trkpt>
      <trkpt lat="41.45044" lon="1.97709">
        <ele>33.7354433295975</ele>
        <time>2026-09-09T15:30:39.057Z</time>
      </trkpt>
      <trkpt lat="41.45023" lon="1.97719">
        <ele>34.293609530879316</ele>
        <time>2026-09-09T15:30:55.167Z</time>
      </trkpt>
      <trkpt lat="41.45018" lon="1.97721">
        <ele>34.266417823235614</ele>
        <time>2026-09-09T15:31:11.277Z</time>
      </trkpt>
      <trkpt lat="41.44983" lon="1.97739">
        <ele>33.854479271878034</ele>
        <time>2026-09-09T15:31:27.387Z</time>
      </trkpt>
      <trkpt lat="41.44952" lon="1.97758">
        <ele>33.5716153236324</ele>
        <time>2026-09-09T15:31:43.497Z</time>
      </trkpt>
      <trkpt lat="41.44943" lon="1.97764">
        <ele>33.4399837196644</ele>
        <time>2026-09-09T15:31:59.606Z</time>
      </trkpt>
      <trkpt lat="41.4492" lon="1.9778">
        <ele>33.204152831340025</ele>
        <time>2026-09-09T15:32:15.716Z</time>
      </trkpt>
      <trkpt lat="41.44904" lon="1.97791">
        <ele>33.129208357081644</ele>
        <time>2026-09-09T15:32:31.827Z</time>
      </trkpt>
      <trkpt lat="41.44884" lon="1.97806">
        <ele>32.60185288613166</ele>
        <time>2026-09-09T15:32:47.937Z</time>
      </trkpt>
      <trkpt lat="41.44865" lon="1.97821">
        <ele>32.304177837198864</ele>
        <time>2026-09-09T15:33:04.046Z</time>
      </trkpt>
      <trkpt lat="41.44857" lon="1.97826">
        <ele>32.273561480302014</ele>
        <time>2026-09-09T15:33:20.156Z</time>
      </trkpt>
      <trkpt lat="41.44847" lon="1.97832">
        <ele>32.24074520256381</ele>
        <time>2026-09-09T15:33:36.266Z</time>
      </trkpt>
      <trkpt lat="41.44836" lon="1.97836">
        <ele>32.916813835558756</ele>
        <time>2026-09-09T15:33:52.376Z</time>
      </trkpt>
      <trkpt lat="41.44827" lon="1.97841">
        <ele>33.136633352933394</ele>
        <time>2026-09-09T15:34:08.486Z</time>
      </trkpt>
      <trkpt lat="41.44807" lon="1.97855">
        <ele>33.39898397416111</ele>
        <time>2026-09-09T15:34:24.596Z</time>
      </trkpt>
      <trkpt lat="41.44789" lon="1.9787">
        <ele>33.27520944942284</ele>
        <time>2026-09-09T15:34:40.705Z</time>
      </trkpt>
      <trkpt lat="41.44777" lon="1.97881">
        <ele>32.956922294489175</ele>
        <time>2026-09-09T15:34:56.815Z</time>
      </trkpt>
      <trkpt lat="41.44752" lon="1.97904">
        <ele>32.627591038689026</ele>
        <time>2026-09-09T15:35:12.925Z</time>
      </trkpt>
      <trkpt lat="41.44748" lon="1.97908">
        <ele>32.5898190298658</ele>
        <time>2026-09-09T15:35:29.035Z</time>
      </trkpt>
      <trkpt lat="41.44716" lon="1.97938">
        <ele>32.61356072301022</ele>
        <time>2026-09-09T15:35:45.145Z</time>
      </trkpt>
      <trkpt lat="41.4468" lon="1.97973">
        <ele>32.823820601261744</ele>
        <time>2026-09-09T15:36:01.255Z</time>
      </trkpt>
      <trkpt lat="41.44645" lon="1.9801">
        <ele>32.9305805439509</ele>
        <time>2026-09-09T15:36:17.365Z</time>
      </trkpt>
      <trkpt lat="41.44628" lon="1.98029">
        <ele>33.12589548576565</ele>
        <time>2026-09-09T15:36:33.474Z</time>
      </trkpt>
      <trkpt lat="41.44614" lon="1.98049">
        <ele>32.60185952014811</ele>
        <time>2026-09-09T15:36:49.585Z</time>
      </trkpt>
      <trkpt lat="41.44607" lon="1.98057">
        <ele>32.8432140139727</ele>
        <time>2026-09-09T15:37:05.695Z</time>
      </trkpt>
      <trkpt lat="41.44598" lon="1.98069">
        <ele>32.830297131939965</ele>
        <time>2026-09-09T15:37:21.804Z</time>
      </trkpt>
      <trkpt lat="41.44582" lon="1.98089">
        <ele>32.936838556536685</ele>
        <time>2026-09-09T15:37:37.914Z</time>
      </trkpt>
      <trkpt lat="41.4455" lon="1.98128">
        <ele>32.70770817872232</ele>
        <time>2026-09-09T15:37:54.024Z</time>
      </trkpt>
      <trkpt lat="41.44535" lon="1.98149">
        <ele>32.63941188590323</ele>
        <time>2026-09-09T15:38:10.134Z</time>
      </trkpt>
      <trkpt lat="41.4452" lon="1.98172">
        <ele>32.19051670144016</ele>
        <time>2026-09-09T15:38:26.244Z</time>
      </trkpt>
      <trkpt lat="41.44518" lon="1.98175">
        <ele>32.156253174373305</ele>
        <time>2026-09-09T15:38:42.354Z</time>
      </trkpt>
      <trkpt lat="41.44515" lon="1.98179">
        <ele>32.28044386187873</ele>
        <time>2026-09-09T15:38:58.463Z</time>
      </trkpt>
      <trkpt lat="41.44513" lon="1.98182">
        <ele>32.32824695971508</ele>
        <time>2026-09-09T15:39:14.573Z</time>
      </trkpt>
      <trkpt lat="41.44512" lon="1.98185">
        <ele>32.10197195998243</ele>
        <time>2026-09-09T15:39:30.684Z</time>
      </trkpt>
      <trkpt lat="41.44511" lon="1.98187">
        <ele>31.988143576266665</ele>
        <time>2026-09-09T15:39:46.794Z</time>
      </trkpt>
      <trkpt lat="41.44505" lon="1.98195">
        <ele>32.01131580581201</ele>
        <time>2026-09-09T15:40:02.903Z</time>
      </trkpt>
      <trkpt lat="41.44498" lon="1.98204">
        <ele>32.08400743040693</ele>
        <time>2026-09-09T15:40:19.013Z</time>
      </trkpt>
      <trkpt lat="41.4448" lon="1.98229">
        <ele>31.61494310047247</ele>
        <time>2026-09-09T15:40:35.123Z</time>
      </trkpt>
      <trkpt lat="41.44467" lon="1.98246">
        <ele>31.96366414072402</ele>
        <time>2026-09-09T15:40:51.233Z</time>
      </trkpt>
      <trkpt lat="41.44456" lon="1.98262">
        <ele>31.809481824828126</ele>
        <time>2026-09-09T15:41:07.343Z</time>
      </trkpt>
      <trkpt lat="41.44455" lon="1.98263">
        <ele>31.828703969914134</ele>
        <time>2026-09-09T15:41:23.453Z</time>
      </trkpt>
      <trkpt lat="41.44442" lon="1.9828">
        <ele>32.11916800198342</ele>
        <time>2026-09-09T15:41:39.562Z</time>
      </trkpt>
      <trkpt lat="41.44434" lon="1.98291">
        <ele>32.130510486865866</ele>
        <time>2026-09-09T15:41:55.672Z</time>
      </trkpt>
      <trkpt lat="41.44416" lon="1.98313">
        <ele>32.40168881774915</ele>
        <time>2026-09-09T15:42:11.782Z</time>
      </trkpt>
      <trkpt lat="41.44406" lon="1.98326">
        <ele>32.2934344624999</ele>
        <time>2026-09-09T15:42:27.892Z</time>
      </trkpt>
      <trkpt lat="41.44381" lon="1.9836">
        <ele>32.057923326590846</ele>
        <time>2026-09-09T15:42:44.002Z</time>
      </trkpt>
      <trkpt lat="41.4437" lon="1.98375">
        <ele>31.899314391633425</ele>
        <time>2026-09-09T15:43:00.112Z</time>
      </trkpt>
      <trkpt lat="41.44368" lon="1.98377">
        <ele>32.01673947486968</ele>
        <time>2026-09-09T15:43:16.222Z</time>
      </trkpt>
      <trkpt lat="41.44357" lon="1.98392">
        <ele>31.26005451057365</ele>
        <time>2026-09-09T15:43:32.331Z</time>
      </trkpt>
      <trkpt lat="41.44355" lon="1.98394">
        <ele>31.150411705060222</ele>
        <time>2026-09-09T15:43:48.442Z</time>
      </trkpt>
      <trkpt lat="41.44353" lon="1.98396">
        <ele>31.087737574857886</ele>
        <time>2026-09-09T15:44:04.552Z</time>
      </trkpt>
      <trkpt lat="41.44348" lon="1.98399">
        <ele>30.948089387536783</ele>
        <time>2026-09-09T15:44:20.661Z</time>
      </trkpt>
      <trkpt lat="41.44342" lon="1.984">
        <ele>30.426445324780452</ele>
        <time>2026-09-09T15:44:36.771Z</time>
      </trkpt>
      <trkpt lat="41.44338" lon="1.98401">
        <ele>30.078959943255164</ele>
        <time>2026-09-09T15:44:52.881Z</time>
      </trkpt>
      <trkpt lat="41.44335" lon="1.98402">
        <ele>30.20547690717553</ele>
        <time>2026-09-09T15:45:08.991Z</time>
      </trkpt>
      <trkpt lat="41.4433" lon="1.98405">
        <ele>30.648627028929305</ele>
        <time>2026-09-09T15:45:25.101Z</time>
      </trkpt>
      <trkpt lat="41.44329" lon="1.98408">
        <ele>30.79773427847008</ele>
        <time>2026-09-09T15:45:41.211Z</time>
      </trkpt>
      <trkpt lat="41.44322" lon="1.98415">
        <ele>32.36391831819056</ele>
        <time>2026-09-09T15:45:57.320Z</time>
      </trkpt>
      <trkpt lat="41.44317" lon="1.98421">
        <ele>33.04428175555984</ele>
        <time>2026-09-09T15:46:13.430Z</time>
      </trkpt>
      <trkpt lat="41.44314" lon="1.98427">
        <ele>33.15274566477956</ele>
        <time>2026-09-09T15:46:29.541Z</time>
      </trkpt>
      <trkpt lat="41.44312" lon="1.98433">
        <ele>33.21381767119713</ele>
        <time>2026-09-09T15:46:45.651Z</time>
      </trkpt>
      <trkpt lat="41.44311" lon="1.98435">
        <ele>33.24692643415029</ele>
        <time>2026-09-09T15:47:01.760Z</time>
      </trkpt>
      <trkpt lat="41.4431" lon="1.98439">
        <ele>33.316448879601325</ele>
        <time>2026-09-09T15:47:17.870Z</time>
      </trkpt>
      <trkpt lat="41.44308" lon="1.98446">
        <ele>33.26971918959826</ele>
        <time>2026-09-09T15:47:33.980Z</time>
      </trkpt>
      <trkpt lat="41.44306" lon="1.98451">
        <ele>33.194004583025276</ele>
        <time>2026-09-09T15:47:50.090Z</time>
      </trkpt>
      <trkpt lat="41.44304" lon="1.98456">
        <ele>33.07867809565199</ele>
        <time>2026-09-09T15:48:06.200Z</time>
      </trkpt>
      <trkpt lat="41.44304" lon="1.98457">
        <ele>33.043855082534925</ele>
        <time>2026-09-09T15:48:22.310Z</time>
      </trkpt>
      <trkpt lat="41.44301" lon="1.98462">
        <ele>32.650088318704206</ele>
        <time>2026-09-09T15:48:38.419Z</time>
      </trkpt>
      <trkpt lat="41.44297" lon="1.98469">
        <ele>32.37576203346535</ele>
        <time>2026-09-09T15:48:54.529Z</time>
      </trkpt>
      <trkpt lat="41.44293" lon="1.98475">
        <ele>32.135589171431384</ele>
        <time>2026-09-09T15:49:10.639Z</time>
      </trkpt>
      <trkpt lat="41.44286" lon="1.98484">
        <ele>31.990965253487843</ele>
        <time>2026-09-09T15:49:26.749Z</time>
      </trkpt>
      <trkpt lat="41.44281" lon="1.98494">
        <ele>31.362793972127292</ele>
        <time>2026-09-09T15:49:42.859Z</time>
      </trkpt>
      <trkpt lat="41.4428" lon="1.98495">
        <ele>31.208283750089322</ele>
        <time>2026-09-09T15:49:58.969Z</time>
      </trkpt>
      <trkpt lat="41.44273" lon="1.98507">
        <ele>29.35416108316349</ele>
        <time>2026-09-09T15:50:15.079Z</time>
      </trkpt>
      <trkpt lat="41.44267" lon="1.98514">
        <ele>31.603307922944023</ele>
        <time>2026-09-09T15:50:31.188Z</time>
      </trkpt>
      <trkpt lat="41.44257" lon="1.98526">
        <ele>31.918781394002007</ele>
        <time>2026-09-09T15:50:47.299Z</time>
      </trkpt>
      <trkpt lat="41.44229" lon="1.98567">
        <ele>31.203646548349642</ele>
        <time>2026-09-09T15:51:03.409Z</time>
      </trkpt>
      <trkpt lat="41.4422" lon="1.98582">
        <ele>31.106671011366412</ele>
        <time>2026-09-09T15:51:19.518Z</time>
      </trkpt>
      <trkpt lat="41.44219" lon="1.98582">
        <ele>31.171578495841217</ele>
        <time>2026-09-09T15:51:35.628Z</time>
      </trkpt>
      <trkpt lat="41.44213" lon="1.9859">
        <ele>31.083763863894706</ele>
        <time>2026-09-09T15:51:51.738Z</time>
      </trkpt>
      <trkpt lat="41.44207" lon="1.98598">
        <ele>31.289546714090456</ele>
        <time>2026-09-09T15:52:07.848Z</time>
      </trkpt>
      <trkpt lat="41.44205" lon="1.986">
        <ele>31.215031226797986</ele>
        <time>2026-09-09T15:52:23.958Z</time>
      </trkpt>
      <trkpt lat="41.44199" lon="1.98608">
        <ele>31.275071525378102</ele>
        <time>2026-09-09T15:52:40.068Z</time>
      </trkpt>
      <trkpt lat="41.44194" lon="1.98615">
        <ele>31.41229150536827</ele>
        <time>2026-09-09T15:52:56.177Z</time>
      </trkpt>
      <trkpt lat="41.44191" lon="1.98618">
        <ele>31.35262011051543</ele>
        <time>2026-09-09T15:53:12.287Z</time>
      </trkpt>
      <trkpt lat="41.44187" lon="1.9862">
        <ele>31.63686282752385</ele>
        <time>2026-09-09T15:53:28.398Z</time>
      </trkpt>
      <trkpt lat="41.44184" lon="1.98621">
        <ele>31.96030627984928</ele>
        <time>2026-09-09T15:53:44.508Z</time>
      </trkpt>
      <trkpt lat="41.44177" lon="1.98625">
        <ele>32.40307621422037</ele>
        <time>2026-09-09T15:54:00.617Z</time>
      </trkpt>
      <trkpt lat="41.44171" lon="1.98628">
        <ele>32.54220067477014</ele>
        <time>2026-09-09T15:54:16.727Z</time>
      </trkpt>
      <trkpt lat="41.44169" lon="1.9863">
        <ele>32.55566735992928</ele>
        <time>2026-09-09T15:54:32.837Z</time>
      </trkpt>
      <trkpt lat="41.44166" lon="1.98632">
        <ele>32.750352851987195</ele>
        <time>2026-09-09T15:54:48.947Z</time>
      </trkpt>
      <trkpt lat="41.44162" lon="1.98637">
        <ele>32.87819220706528</ele>
        <time>2026-09-09T15:55:05.057Z</time>
      </trkpt>
      <trkpt lat="41.44161" lon="1.98638">
        <ele>32.901632289941645</ele>
        <time>2026-09-09T15:55:21.167Z</time>
      </trkpt>
      <trkpt lat="41.44157" lon="1.98644">
        <ele>32.84286062896785</ele>
        <time>2026-09-09T15:55:37.276Z</time>
      </trkpt>
      <trkpt lat="41.44155" lon="1.98648">
        <ele>32.87884204463483</ele>
        <time>2026-09-09T15:55:53.386Z</time>
      </trkpt>
      <trkpt lat="41.44151" lon="1.98655">
        <ele>32.85655098877406</ele>
        <time>2026-09-09T15:56:09.496Z</time>
      </trkpt>
      <trkpt lat="41.44151" lon="1.98656">
        <ele>32.79747913260895</ele>
        <time>2026-09-09T15:56:25.606Z</time>
      </trkpt>
      <trkpt lat="41.44145" lon="1.98665">
        <ele>32.20300764598965</ele>
        <time>2026-09-09T15:56:41.716Z</time>
      </trkpt>
      <trkpt lat="41.44139" lon="1.98676">
        <ele>31.706482797902517</ele>
        <time>2026-09-09T15:56:57.826Z</time>
      </trkpt>
      <trkpt lat="41.44135" lon="1.98681">
        <ele>30.87722954406501</ele>
        <time>2026-09-09T15:57:13.936Z</time>
      </trkpt>
      <trkpt lat="41.44128" lon="1.98692">
        <ele>30.036905599476242</ele>
        <time>2026-09-09T15:57:30.045Z</time>
      </trkpt>
      <trkpt lat="41.44127" lon="1.98693">
        <ele>29.91918150894238</ele>
        <time>2026-09-09T15:57:46.156Z</time>
      </trkpt>
      <trkpt lat="41.44121" lon="1.98702">
        <ele>29.09312307074261</ele>
        <time>2026-09-09T15:58:02.266Z</time>
      </trkpt>
      <trkpt lat="41.44115" lon="1.98709">
        <ele>29.593734317187515</ele>
        <time>2026-09-09T15:58:18.375Z</time>
      </trkpt>
      <trkpt lat="41.441151" lon="1.987092">
        <ele>29.56464005162308</ele>
        <time>2026-09-09T15:58:34.485Z</time>
      </trkpt>
      <trkpt lat="41.44117" lon="1.98717">
        <ele>29.05860873828404</ele>
        <time>2026-09-09T15:58:50.595Z</time>
      </trkpt>
      <trkpt lat="41.44117" lon="1.98726">
        <ele>29.017301478108283</ele>
        <time>2026-09-09T15:59:06.705Z</time>
      </trkpt>
      <trkpt lat="41.44117" lon="1.98729">
        <ele>29.003532391383033</ele>
        <time>2026-09-09T15:59:22.815Z</time>
      </trkpt>
      <trkpt lat="41.44117" lon="1.98737">
        <ele>28.700499420146148</ele>
        <time>2026-09-09T15:59:38.925Z</time>
      </trkpt>
      <trkpt lat="41.44116" lon="1.98745">
        <ele>28.328796827971253</ele>
        <time>2026-09-09T15:59:55.034Z</time>
      </trkpt>
      <trkpt lat="41.44113" lon="1.98752">
        <ele>28.261818080733544</ele>
        <time>2026-09-09T16:00:11.144Z</time>
      </trkpt>
      <trkpt lat="41.44113" lon="1.98753">
        <ele>28.199101446498773</ele>
        <time>2026-09-09T16:00:27.255Z</time>
      </trkpt>
      <trkpt lat="41.44111" lon="1.98757">
        <ele>28.138964117824308</ele>
        <time>2026-09-09T16:00:43.365Z</time>
      </trkpt>
      <trkpt lat="41.44102" lon="1.9877">
        <ele>28.03250122824337</ele>
        <time>2026-09-09T16:00:59.474Z</time>
      </trkpt>
      <trkpt lat="41.44101" lon="1.98771">
        <ele>28.085863988626244</ele>
        <time>2026-09-09T16:01:15.584Z</time>
      </trkpt>
      <trkpt lat="41.4409" lon="1.98788">
        <ele>27.831487086401655</ele>
        <time>2026-09-09T16:01:31.694Z</time>
      </trkpt>
      <trkpt lat="41.44078" lon="1.98805">
        <ele>27.858066097951003</ele>
        <time>2026-09-09T16:01:47.804Z</time>
      </trkpt>
      <trkpt lat="41.44078" lon="1.98806">
        <ele>27.824921498253364</ele>
        <time>2026-09-09T16:02:03.914Z</time>
      </trkpt>
      <trkpt lat="41.44077" lon="1.98806">
        <ele>27.971677758145596</ele>
        <time>2026-09-09T16:02:20.024Z</time>
      </trkpt>
      <trkpt lat="41.44065" lon="1.98823">
        <ele>28.16623698465676</ele>
        <time>2026-09-09T16:02:36.133Z</time>
      </trkpt>
      <trkpt lat="41.44065" lon="1.98824">
        <ele>28.0942785529013</ele>
        <time>2026-09-09T16:02:52.243Z</time>
      </trkpt>
      <trkpt lat="41.44053" lon="1.9884">
        <ele>27.926848495035806</ele>
        <time>2026-09-09T16:03:08.353Z</time>
      </trkpt>
      <trkpt lat="41.44049" lon="1.98846">
        <ele>28.0226031215208</ele>
        <time>2026-09-09T16:03:24.463Z</time>
      </trkpt>
      <trkpt lat="41.44033" lon="1.98871">
        <ele>27.98667465759152</ele>
        <time>2026-09-09T16:03:40.573Z</time>
      </trkpt>
      <trkpt lat="41.44029" lon="1.98877">
        <ele>27.90185289111774</ele>
        <time>2026-09-09T16:03:56.683Z</time>
      </trkpt>
      <trkpt lat="41.44018" lon="1.98895">
        <ele>28.195982297378563</ele>
        <time>2026-09-09T16:04:12.793Z</time>
      </trkpt>
      <trkpt lat="41.44017" lon="1.98896">
        <ele>28.256191078761002</ele>
        <time>2026-09-09T16:04:28.902Z</time>
      </trkpt>
      <trkpt lat="41.44006" lon="1.98913">
        <ele>28.233798380259575</ele>
        <time>2026-09-09T16:04:45.013Z</time>
      </trkpt>
      <trkpt lat="41.44005" lon="1.98915">
        <ele>28.134112373986518</ele>
        <time>2026-09-09T16:05:01.123Z</time>
      </trkpt>
      <trkpt lat="41.43994" lon="1.98931">
        <ele>28.460902386205582</ele>
        <time>2026-09-09T16:05:17.232Z</time>
      </trkpt>
      <trkpt lat="41.43994" lon="1.98932">
        <ele>28.397835789701418</ele>
        <time>2026-09-09T16:05:33.342Z</time>
      </trkpt>
      <trkpt lat="41.43984" lon="1.98947">
        <ele>28.689570106992534</ele>
        <time>2026-09-09T16:05:49.452Z</time>
      </trkpt>
      <trkpt lat="41.43983" lon="1.9895">
        <ele>28.6579125813319</ele>
        <time>2026-09-09T16:06:05.562Z</time>
      </trkpt>
      <trkpt lat="41.43982" lon="1.9895">
        <ele>28.819831485402883</ele>
        <time>2026-09-09T16:06:21.672Z</time>
      </trkpt>
      <trkpt lat="41.43975" lon="1.98962">
        <ele>29.16981089099931</ele>
        <time>2026-09-09T16:06:37.782Z</time>
      </trkpt>
      <trkpt lat="41.43973" lon="1.98969">
        <ele>29.017192286727525</ele>
        <time>2026-09-09T16:06:53.891Z</time>
      </trkpt>
      <trkpt lat="41.43972" lon="1.98971">
        <ele>29.0365516939639</ele>
        <time>2026-09-09T16:07:10.001Z</time>
      </trkpt>
      <trkpt lat="41.43969" lon="1.98978">
        <ele>28.866930015622927</ele>
        <time>2026-09-09T16:07:26.112Z</time>
      </trkpt>
      <trkpt lat="41.43966" lon="1.98983">
        <ele>28.78945514124247</ele>
        <time>2026-09-09T16:07:42.222Z</time>
      </trkpt>
      <trkpt lat="41.43965" lon="1.98985">
        <ele>28.71929147231841</ele>
        <time>2026-09-09T16:07:58.331Z</time>
      </trkpt>
      <trkpt lat="41.43962" lon="1.98988">
        <ele>28.864402707929223</ele>
        <time>2026-09-09T16:08:14.441Z</time>
      </trkpt>
      <trkpt lat="41.43959" lon="1.98991">
        <ele>29.084277242590204</ele>
        <time>2026-09-09T16:08:30.551Z</time>
      </trkpt>
      <trkpt lat="41.43957" lon="1.98993">
        <ele>29.242537898261595</ele>
        <time>2026-09-09T16:08:46.661Z</time>
      </trkpt>
      <trkpt lat="41.43957" lon="1.98994">
        <ele>29.149870390647553</ele>
        <time>2026-09-09T16:09:02.771Z</time>
      </trkpt>
      <trkpt lat="41.43956" lon="1.98994">
        <ele>29.32405537989353</ele>
        <time>2026-09-09T16:09:18.881Z</time>
      </trkpt>
      <trkpt lat="41.43955" lon="1.98994">
        <ele>29.498240342522784</ele>
        <time>2026-09-09T16:09:34.990Z</time>
      </trkpt>
      <trkpt lat="41.43945" lon="1.98992">
        <ele>31.36924883125278</ele>
        <time>2026-09-09T16:09:51.100Z</time>
      </trkpt>
      <trkpt lat="41.439447" lon="1.989921">
        <ele>31.408858068288307</ele>
        <time>2026-09-09T16:10:07.210Z</time>
      </trkpt>
      <trkpt lat="41.43941" lon="1.99002">
        <ele>30.915712012256954</ele>
        <time>2026-09-09T16:10:23.320Z</time>
      </trkpt>
      <trkpt lat="41.43936" lon="1.99011">
        <ele>30.8609240743908</ele>
        <time>2026-09-09T16:10:39.430Z</time>
      </trkpt>
      <trkpt lat="41.4393" lon="1.99025">
        <ele>30.251965442610256</ele>
        <time>2026-09-09T16:10:55.540Z</time>
      </trkpt>
      <trkpt lat="41.43924" lon="1.99035">
        <ele>30.2808141593917</ele>
        <time>2026-09-09T16:11:11.650Z</time>
      </trkpt>
      <trkpt lat="41.43916" lon="1.99048">
        <ele>30.21248290778949</ele>
        <time>2026-09-09T16:11:27.759Z</time>
      </trkpt>
      <trkpt lat="41.43909" lon="1.99059">
        <ele>29.873578965877194</ele>
        <time>2026-09-09T16:11:43.870Z</time>
      </trkpt>
      <trkpt lat="41.43907" lon="1.99063">
        <ele>29.598166901385458</ele>
        <time>2026-09-09T16:11:59.980Z</time>
      </trkpt>
      <trkpt lat="41.43904" lon="1.99066">
        <ele>29.60239150710554</ele>
        <time>2026-09-09T16:12:16.089Z</time>
      </trkpt>
      <trkpt lat="41.43901" lon="1.99067">
        <ele>29.875790910037782</ele>
        <time>2026-09-09T16:12:32.199Z</time>
      </trkpt>
      <trkpt lat="41.439" lon="1.99068">
        <ele>29.886252587681824</ele>
        <time>2026-09-09T16:12:48.309Z</time>
      </trkpt>
      <trkpt lat="41.43894" lon="1.99072">
        <ele>30.342063491873365</ele>
        <time>2026-09-09T16:13:04.419Z</time>
      </trkpt>
      <trkpt lat="41.43887" lon="1.99079">
        <ele>30.277987148838708</ele>
        <time>2026-09-09T16:13:20.529Z</time>
      </trkpt>
      <trkpt lat="41.43879" lon="1.99088">
        <ele>30.871633279936848</ele>
        <time>2026-09-09T16:13:36.639Z</time>
      </trkpt>
      <trkpt lat="41.43871" lon="1.99099">
        <ele>30.934317599566533</ele>
        <time>2026-09-09T16:13:52.748Z</time>
      </trkpt>
      <trkpt lat="41.43858" lon="1.99117">
        <ele>30.959056573976767</ele>
        <time>2026-09-09T16:14:08.858Z</time>
      </trkpt>
      <trkpt lat="41.43851" lon="1.99131">
        <ele>30.409053247874624</ele>
        <time>2026-09-09T16:14:24.969Z</time>
      </trkpt>
      <trkpt lat="41.43847" lon="1.99139">
        <ele>29.947928865007494</ele>
        <time>2026-09-09T16:14:41.079Z</time>
      </trkpt>
      <trkpt lat="41.4384" lon="1.99147">
        <ele>30.03497232621588</ele>
        <time>2026-09-09T16:14:57.188Z</time>
      </trkpt>
      <trkpt lat="41.43835" lon="1.99152">
        <ele>30.03677201228012</ele>
        <time>2026-09-09T16:15:13.298Z</time>
      </trkpt>
      <trkpt lat="41.43835" lon="1.99153">
        <ele>29.85874871131263</ele>
        <time>2026-09-09T16:15:29.408Z</time>
      </trkpt>
      <trkpt lat="41.43822" lon="1.9916">
        <ele>30.592675224527504</ele>
        <time>2026-09-09T16:15:45.518Z</time>
      </trkpt>
      <trkpt lat="41.43807" lon="1.99173">
        <ele>31.125564121273143</ele>
        <time>2026-09-09T16:16:01.628Z</time>
      </trkpt>
      <trkpt lat="41.43804" lon="1.99177">
        <ele>30.987846155259387</ele>
        <time>2026-09-09T16:16:17.738Z</time>
      </trkpt>
      <trkpt lat="41.43795" lon="1.99186">
        <ele>31.105431343256566</ele>
        <time>2026-09-09T16:16:33.847Z</time>
      </trkpt>
      <trkpt lat="41.43793" lon="1.99188">
        <ele>31.122863830361375</ele>
        <time>2026-09-09T16:16:49.957Z</time>
      </trkpt>
      <trkpt lat="41.43789" lon="1.99191">
        <ele>31.427339509603613</ele>
        <time>2026-09-09T16:17:06.067Z</time>
      </trkpt>
      <trkpt lat="41.43778" lon="1.99202">
        <ele>31.392597098788606</ele>
        <time>2026-09-09T16:17:22.177Z</time>
      </trkpt>
      <trkpt lat="41.43775" lon="1.99205">
        <ele>31.323243529456555</ele>
        <time>2026-09-09T16:17:38.287Z</time>
      </trkpt>
      <trkpt lat="41.43764" lon="1.99216">
        <ele>31.047995945845933</ele>
        <time>2026-09-09T16:17:54.397Z</time>
      </trkpt>
      <trkpt lat="41.43742" lon="1.99237">
        <ele>30.550426518611246</ele>
        <time>2026-09-09T16:18:10.507Z</time>
      </trkpt>
      <trkpt lat="41.43736" lon="1.99242">
        <ele>30.55622246808771</ele>
        <time>2026-09-09T16:18:26.616Z</time>
      </trkpt>
      <trkpt lat="41.43734" lon="1.99243">
        <ele>30.716749574933843</ele>
        <time>2026-09-09T16:18:42.727Z</time>
      </trkpt>
      <trkpt lat="41.4373" lon="1.99246">
        <ele>30.77984695670917</ele>
        <time>2026-09-09T16:18:58.837Z</time>
      </trkpt>
      <trkpt lat="41.43719" lon="1.99255">
        <ele>31.042226776290747</ele>
        <time>2026-09-09T16:19:14.946Z</time>
      </trkpt>
      <trkpt lat="41.43715" lon="1.99258">
        <ele>31.069703013673312</ele>
        <time>2026-09-09T16:19:31.056Z</time>
      </trkpt>
      <trkpt lat="41.43703" lon="1.99268">
        <ele>30.78219266491415</ele>
        <time>2026-09-09T16:19:47.166Z</time>
      </trkpt>
      <trkpt lat="41.43699" lon="1.9927">
        <ele>30.964425671925564</ele>
        <time>2026-09-09T16:20:03.276Z</time>
      </trkpt>
      <trkpt lat="41.4369" lon="1.99278">
        <ele>30.473632479725207</ele>
        <time>2026-09-09T16:20:19.386Z</time>
      </trkpt>
      <trkpt lat="41.43688" lon="1.9928">
        <ele>30.354873293156196</ele>
        <time>2026-09-09T16:20:35.496Z</time>
      </trkpt>
      <trkpt lat="41.43684" lon="1.99282">
        <ele>30.66280019779917</ele>
        <time>2026-09-09T16:20:51.606Z</time>
      </trkpt>
      <trkpt lat="41.43674" lon="1.99289">
        <ele>30.723951403539097</ele>
        <time>2026-09-09T16:21:07.715Z</time>
      </trkpt>
      <trkpt lat="41.43672" lon="1.99291">
        <ele>30.51475915791226</ele>
        <time>2026-09-09T16:21:23.826Z</time>
      </trkpt>
      <trkpt lat="41.43668" lon="1.99293">
        <ele>30.58777148740986</ele>
        <time>2026-09-09T16:21:39.936Z</time>
      </trkpt>
      <trkpt lat="41.43656" lon="1.99302">
        <ele>30.614790851048525</ele>
        <time>2026-09-09T16:21:56.045Z</time>
      </trkpt>
      <trkpt lat="41.43652" lon="1.99304">
        <ele>30.751815968799317</ele>
        <time>2026-09-09T16:22:12.155Z</time>
      </trkpt>
      <trkpt lat="41.4365" lon="1.99306">
        <ele>30.549678102965487</ele>
        <time>2026-09-09T16:22:28.265Z</time>
      </trkpt>
      <trkpt lat="41.43636" lon="1.99315">
        <ele>30.173043946933046</ele>
        <time>2026-09-09T16:22:44.375Z</time>
      </trkpt>
      <trkpt lat="41.43624" lon="1.99322">
        <ele>30.439286197706608</ele>
        <time>2026-09-09T16:23:00.485Z</time>
      </trkpt>
      <trkpt lat="41.43623" lon="1.99322">
        <ele>30.579725616700067</ele>
        <time>2026-09-09T16:23:16.595Z</time>
      </trkpt>
      <trkpt lat="41.43619" lon="1.99325">
        <ele>30.471181747796784</ele>
        <time>2026-09-09T16:23:32.704Z</time>
      </trkpt>
      <trkpt lat="41.43613" lon="1.99329">
        <ele>30.40734401526366</ele>
        <time>2026-09-09T16:23:48.814Z</time>
      </trkpt>
      <trkpt lat="41.43609" lon="1.99332">
        <ele>30.290820486730436</ele>
        <time>2026-09-09T16:24:04.924Z</time>
      </trkpt>
      <trkpt lat="41.43607" lon="1.99333">
        <ele>30.34454625575082</ele>
        <time>2026-09-09T16:24:21.035Z</time>
      </trkpt>
      <trkpt lat="41.43603" lon="1.99336">
        <ele>30.244024911508955</ele>
        <time>2026-09-09T16:24:37.144Z</time>
      </trkpt>
      <trkpt lat="41.43598" lon="1.9934">
        <ele>29.82829461696166</ele>
        <time>2026-09-09T16:24:53.254Z</time>
      </trkpt>
      <trkpt lat="41.43577" lon="1.99354">
        <ele>28.940785987134973</ele>
        <time>2026-09-09T16:25:09.364Z</time>
      </trkpt>
      <trkpt lat="41.43575" lon="1.99355">
        <ele>28.98263564575302</ele>
        <time>2026-09-09T16:25:25.473Z</time>
      </trkpt>
      <trkpt lat="41.43571" lon="1.99358">
        <ele>28.816932795846583</ele>
        <time>2026-09-09T16:25:41.584Z</time>
      </trkpt>
      <trkpt lat="41.43559" lon="1.99366">
        <ele>28.23413976772948</ele>
        <time>2026-09-09T16:25:57.694Z</time>
      </trkpt>
      <trkpt lat="41.43555" lon="1.99369">
        <ele>28.044087200593857</ele>
        <time>2026-09-09T16:26:13.803Z</time>
      </trkpt>
      <trkpt lat="41.43545" lon="1.99375">
        <ele>28.093497971350104</ele>
        <time>2026-09-09T16:26:29.913Z</time>
      </trkpt>
      <trkpt lat="41.43543" lon="1.99377">
        <ele>27.925850444698796</ele>
        <time>2026-09-09T16:26:46.023Z</time>
      </trkpt>
      <trkpt lat="41.43539" lon="1.99379">
        <ele>28.0021789198249</ele>
        <time>2026-09-09T16:27:02.133Z</time>
      </trkpt>
      <trkpt lat="41.43539" lon="1.9938">
        <ele>27.77119349867374</ele>
        <time>2026-09-09T16:27:18.243Z</time>
      </trkpt>
      <trkpt lat="41.43527" lon="1.99387">
        <ele>27.872015664255784</ele>
        <time>2026-09-09T16:27:34.353Z</time>
      </trkpt>
      <trkpt lat="41.43523" lon="1.99389">
        <ele>28.026843757792015</ele>
        <time>2026-09-09T16:27:50.463Z</time>
      </trkpt>
      <trkpt lat="41.4351" lon="1.99397">
        <ele>28.243992931336983</ele>
        <time>2026-09-09T16:28:06.572Z</time>
      </trkpt>
      <trkpt lat="41.4347" lon="1.99422">
        <ele>29.01370986964174</ele>
        <time>2026-09-09T16:28:22.683Z</time>
      </trkpt>
      <trkpt lat="41.43464" lon="1.99426">
        <ele>28.985940336659176</ele>
        <time>2026-09-09T16:28:38.793Z</time>
      </trkpt>
      <trkpt lat="41.43461" lon="1.99428">
        <ele>28.965496699349377</ele>
        <time>2026-09-09T16:28:54.902Z</time>
      </trkpt>
      <trkpt lat="41.43458" lon="1.9943">
        <ele>28.952613195677223</ele>
        <time>2026-09-09T16:29:11.012Z</time>
      </trkpt>
      <trkpt lat="41.43448" lon="1.99437">
        <ele>28.847297125780038</ele>
        <time>2026-09-09T16:29:27.122Z</time>
      </trkpt>
      <trkpt lat="41.43397" lon="1.9947">
        <ele>27.675150468541922</ele>
        <time>2026-09-09T16:29:43.232Z</time>
      </trkpt>
      <trkpt lat="41.43393" lon="1.99472">
        <ele>27.761060322569847</ele>
        <time>2026-09-09T16:29:59.342Z</time>
      </trkpt>
      <trkpt lat="41.43383" lon="1.99479">
        <ele>27.728393135495285</ele>
        <time>2026-09-09T16:30:15.452Z</time>
      </trkpt>
      <trkpt lat="41.4338" lon="1.9948">
        <ele>27.875909781965063</ele>
        <time>2026-09-09T16:30:31.561Z</time>
      </trkpt>
      <trkpt lat="41.43377" lon="1.99482">
        <ele>27.832515448780214</ele>
        <time>2026-09-09T16:30:47.671Z</time>
      </trkpt>
      <trkpt lat="41.43338" lon="1.99507">
        <ele>27.517400969672515</ele>
        <time>2026-09-09T16:31:03.781Z</time>
      </trkpt>
      <trkpt lat="41.43315" lon="1.99521">
        <ele>27.321399037556823</ele>
        <time>2026-09-09T16:31:19.892Z</time>
      </trkpt>
      <trkpt lat="41.43296" lon="1.99534">
        <ele>26.981407438459897</ele>
        <time>2026-09-09T16:31:36.001Z</time>
      </trkpt>
      <trkpt lat="41.43279" lon="1.99544">
        <ele>27.11969517680089</ele>
        <time>2026-09-09T16:31:52.111Z</time>
      </trkpt>
      <trkpt lat="41.43269" lon="1.9955">
        <ele>27.059043070500742</ele>
        <time>2026-09-09T16:32:08.221Z</time>
      </trkpt>
      <trkpt lat="41.43266" lon="1.99552">
        <ele>27.045247804949753</ele>
        <time>2026-09-09T16:32:24.330Z</time>
      </trkpt>
      <trkpt lat="41.43263" lon="1.99554">
        <ele>27.016162350111856</ele>
        <time>2026-09-09T16:32:40.441Z</time>
      </trkpt>
      <trkpt lat="41.43253" lon="1.9956">
        <ele>27.05546817270965</ele>
        <time>2026-09-09T16:32:56.551Z</time>
      </trkpt>
      <trkpt lat="41.43247" lon="1.99564">
        <ele>26.9241090275294</ele>
        <time>2026-09-09T16:33:12.660Z</time>
      </trkpt>
      <trkpt lat="41.43236" lon="1.9957">
        <ele>26.94918734500217</ele>
        <time>2026-09-09T16:33:28.770Z</time>
      </trkpt>
      <trkpt lat="41.43234" lon="1.99572">
        <ele>26.817525060398744</ele>
        <time>2026-09-09T16:33:44.880Z</time>
      </trkpt>
      <trkpt lat="41.43209" lon="1.99587">
        <ele>26.950839553244634</ele>
        <time>2026-09-09T16:34:00.990Z</time>
      </trkpt>
      <trkpt lat="41.43201" lon="1.99593">
        <ele>26.849126815617623</ele>
        <time>2026-09-09T16:34:17.100Z</time>
      </trkpt>
      <trkpt lat="41.43185" lon="1.99604">
        <ele>26.853657744119282</ele>
        <time>2026-09-09T16:34:33.210Z</time>
      </trkpt>
      <trkpt lat="41.4317" lon="1.99615">
        <ele>26.590531176259674</ele>
        <time>2026-09-09T16:34:49.320Z</time>
      </trkpt>
      <trkpt lat="41.43166" lon="1.99618">
        <ele>26.461738547220172</ele>
        <time>2026-09-09T16:35:05.429Z</time>
      </trkpt>
      <trkpt lat="41.43154" lon="1.99627">
        <ele>26.42345031428841</ele>
        <time>2026-09-09T16:35:21.540Z</time>
      </trkpt>
      <trkpt lat="41.4315" lon="1.99629">
        <ele>26.530442399365175</ele>
        <time>2026-09-09T16:35:37.650Z</time>
      </trkpt>
      <trkpt lat="41.43138" lon="1.99638">
        <ele>26.529489734069116</ele>
        <time>2026-09-09T16:35:53.760Z</time>
      </trkpt>
      <trkpt lat="41.43128" lon="1.99645">
        <ele>26.70122666078609</ele>
        <time>2026-09-09T16:36:09.870Z</time>
      </trkpt>
      <trkpt lat="41.43122" lon="1.99648">
        <ele>26.541433667037843</ele>
        <time>2026-09-09T16:36:25.979Z</time>
      </trkpt>
      <trkpt lat="41.43118" lon="1.99649">
        <ele>26.513741271978937</ele>
        <time>2026-09-09T16:36:42.090Z</time>
      </trkpt>
      <trkpt lat="41.43117" lon="1.99649">
        <ele>26.5202196298016</ele>
        <time>2026-09-09T16:36:58.200Z</time>
      </trkpt>
      <trkpt lat="41.43112" lon="1.99651">
        <ele>26.633319523006314</ele>
        <time>2026-09-09T16:37:14.310Z</time>
      </trkpt>
      <trkpt lat="41.43107" lon="1.99654">
        <ele>26.829357105623572</ele>
        <time>2026-09-09T16:37:30.419Z</time>
      </trkpt>
      <trkpt lat="41.43105" lon="1.99655">
        <ele>26.903658932826897</ele>
        <time>2026-09-09T16:37:46.529Z</time>
      </trkpt>
      <trkpt lat="41.43101" lon="1.99658">
        <ele>27.048027386828142</ele>
        <time>2026-09-09T16:38:02.639Z</time>
      </trkpt>
      <trkpt lat="41.43089" lon="1.99667">
        <ele>28.774482153871187</ele>
        <time>2026-09-09T16:38:18.749Z</time>
      </trkpt>
      <trkpt lat="41.43076" lon="1.99677">
        <ele>29.356935432755574</ele>
        <time>2026-09-09T16:38:34.859Z</time>
      </trkpt>
      <trkpt lat="41.4307" lon="1.99681">
        <ele>29.74182360109185</ele>
        <time>2026-09-09T16:38:50.969Z</time>
      </trkpt>
      <trkpt lat="41.43065" lon="1.99685">
        <ele>29.94554569551617</ele>
        <time>2026-09-09T16:39:07.078Z</time>
      </trkpt>
      <trkpt lat="41.43045" lon="1.99702">
        <ele>30.769215525988184</ele>
        <time>2026-09-09T16:39:23.188Z</time>
      </trkpt>
      <trkpt lat="41.43043" lon="1.99704">
        <ele>30.807735598363593</ele>
        <time>2026-09-09T16:39:39.299Z</time>
      </trkpt>
      <trkpt lat="41.43039" lon="1.99707">
        <ele>30.722302025394455</ele>
        <time>2026-09-09T16:39:55.409Z</time>
      </trkpt>
      <trkpt lat="41.43" lon="1.9974">
        <ele>30.797218257803685</ele>
        <time>2026-09-09T16:40:11.518Z</time>
      </trkpt>
      <trkpt lat="41.42997" lon="1.99743">
        <ele>30.743989371524695</ele>
        <time>2026-09-09T16:40:27.628Z</time>
      </trkpt>
      <trkpt lat="41.42994" lon="1.99745">
        <ele>30.726225067011413</ele>
        <time>2026-09-09T16:40:43.738Z</time>
      </trkpt>
      <trkpt lat="41.42979" lon="1.99758">
        <ele>31.666480821622464</ele>
        <time>2026-09-09T16:40:59.848Z</time>
      </trkpt>
      <trkpt lat="41.42977" lon="1.9976">
        <ele>31.685098886016753</ele>
        <time>2026-09-09T16:41:15.958Z</time>
      </trkpt>
      <trkpt lat="41.42951" lon="1.99781">
        <ele>31.928031657344658</ele>
        <time>2026-09-09T16:41:32.068Z</time>
      </trkpt>
      <trkpt lat="41.42948" lon="1.99784">
        <ele>31.856030485111997</ele>
        <time>2026-09-09T16:41:48.177Z</time>
      </trkpt>
      <trkpt lat="41.42939" lon="1.99793">
        <ele>31.871231970042892</ele>
        <time>2026-09-09T16:42:04.287Z</time>
      </trkpt>
      <trkpt lat="41.42937" lon="1.99795">
        <ele>31.89480851013852</ele>
        <time>2026-09-09T16:42:20.398Z</time>
      </trkpt>
      <trkpt lat="41.42936" lon="1.99796">
        <ele>31.90877143289715</ele>
        <time>2026-09-09T16:42:36.507Z</time>
      </trkpt>
      <trkpt lat="41.42928" lon="1.99807">
        <ele>31.85146070697827</ele>
        <time>2026-09-09T16:42:52.617Z</time>
      </trkpt>
      <trkpt lat="41.42918" lon="1.99819">
        <ele>31.894012876864352</ele>
        <time>2026-09-09T16:43:08.727Z</time>
      </trkpt>
      <trkpt lat="41.42907" lon="1.9983">
        <ele>32.011596779517845</ele>
        <time>2026-09-09T16:43:24.837Z</time>
      </trkpt>
      <trkpt lat="41.429" lon="1.99838">
        <ele>32.054145713094755</ele>
        <time>2026-09-09T16:43:40.947Z</time>
      </trkpt>
      <trkpt lat="41.42896" lon="1.99842">
        <ele>32.121511296685306</ele>
        <time>2026-09-09T16:43:57.057Z</time>
      </trkpt>
      <trkpt lat="41.42894" lon="1.99846">
        <ele>32.14441783114732</ele>
        <time>2026-09-09T16:44:13.167Z</time>
      </trkpt>
      <trkpt lat="41.42883" lon="1.99858">
        <ele>32.45249643173025</ele>
        <time>2026-09-09T16:44:29.276Z</time>
      </trkpt>
      <trkpt lat="41.4288" lon="1.99862">
        <ele>32.53509600776613</ele>
        <time>2026-09-09T16:44:45.386Z</time>
      </trkpt>
      <trkpt lat="41.42867" lon="1.99877">
        <ele>33.01983954695045</ele>
        <time>2026-09-09T16:45:01.496Z</time>
      </trkpt>
      <trkpt lat="41.42842" lon="1.99906">
        <ele>34.05171564891308</ele>
        <time>2026-09-09T16:45:17.606Z</time>
      </trkpt>
      <trkpt lat="41.4284" lon="1.99909">
        <ele>34.03492322604049</ele>
        <time>2026-09-09T16:45:33.716Z</time>
      </trkpt>
      <trkpt lat="41.42831" lon="1.9992">
        <ele>34.331693898184</ele>
        <time>2026-09-09T16:45:49.826Z</time>
      </trkpt>
      <trkpt lat="41.42814" lon="1.99936">
        <ele>34.490355894324125</ele>
        <time>2026-09-09T16:46:05.935Z</time>
      </trkpt>
      <trkpt lat="41.42814" lon="1.99937">
        <ele>34.48630832423654</ele>
        <time>2026-09-09T16:46:22.045Z</time>
      </trkpt>
      <trkpt lat="41.428" lon="1.9995">
        <ele>34.57171518266925</ele>
        <time>2026-09-09T16:46:38.156Z</time>
      </trkpt>
      <trkpt lat="41.42797" lon="1.99953">
        <ele>34.57867404384809</ele>
        <time>2026-09-09T16:46:54.266Z</time>
      </trkpt>
      <trkpt lat="41.42785" lon="1.99964">
        <ele>34.374943706292115</ele>
        <time>2026-09-09T16:47:10.375Z</time>
      </trkpt>
      <trkpt lat="41.42782" lon="1.99967">
        <ele>34.4313869878984</ele>
        <time>2026-09-09T16:47:26.485Z</time>
      </trkpt>
      <trkpt lat="41.42771" lon="1.99978">
        <ele>33.96206670140323</ele>
        <time>2026-09-09T16:47:42.595Z</time>
      </trkpt>
      <trkpt lat="41.42768" lon="1.99981">
        <ele>33.82501664963614</ele>
        <time>2026-09-09T16:47:58.705Z</time>
      </trkpt>
      <trkpt lat="41.42741" lon="2.00007">
        <ele>32.57462256636091</ele>
        <time>2026-09-09T16:48:14.815Z</time>
      </trkpt>
      <trkpt lat="41.42725" lon="2.00023">
        <ele>31.960112508184416</ele>
        <time>2026-09-09T16:48:30.925Z</time>
      </trkpt>
      <trkpt lat="41.42724" lon="2.00023">
        <ele>32.00669211006566</ele>
        <time>2026-09-09T16:48:47.034Z</time>
      </trkpt>
      <trkpt lat="41.42712" lon="2.00034">
        <ele>31.50481954822718</ele>
        <time>2026-09-09T16:49:03.144Z</time>
      </trkpt>
      <trkpt lat="41.42709" lon="2.00037">
        <ele>31.1858500252671</ele>
        <time>2026-09-09T16:49:19.255Z</time>
      </trkpt>
      <trkpt lat="41.42703" lon="2.00042">
        <ele>30.51931963297453</ele>
        <time>2026-09-09T16:49:35.364Z</time>
      </trkpt>
      <trkpt lat="41.42692" lon="2.00052">
        <ele>29.689739985549405</ele>
        <time>2026-09-09T16:49:51.474Z</time>
      </trkpt>
      <trkpt lat="41.42682" lon="2.00062">
        <ele>29.383425447626202</ele>
        <time>2026-09-09T16:50:07.584Z</time>
      </trkpt>
      <trkpt lat="41.42663" lon="2.0008">
        <ele>28.146589811867713</ele>
        <time>2026-09-09T16:50:23.694Z</time>
      </trkpt>
      <trkpt lat="41.4266" lon="2.00082">
        <ele>28.137898642011365</ele>
        <time>2026-09-09T16:50:39.804Z</time>
      </trkpt>
      <trkpt lat="41.42651" lon="2.00085">
        <ele>27.86620471760212</ele>
        <time>2026-09-09T16:50:55.914Z</time>
      </trkpt>
      <trkpt lat="41.42644" lon="2.00092">
        <ele>28.372092797157336</ele>
        <time>2026-09-09T16:51:12.024Z</time>
      </trkpt>
      <trkpt lat="41.42633" lon="2.001">
        <ele>28.913999624121058</ele>
        <time>2026-09-09T16:51:28.133Z</time>
      </trkpt>
      <trkpt lat="41.42627" lon="2.00104">
        <ele>28.804994063586797</ele>
        <time>2026-09-09T16:51:44.243Z</time>
      </trkpt>
      <trkpt lat="41.42621" lon="2.00107">
        <ele>28.750572208037283</ele>
        <time>2026-09-09T16:52:00.353Z</time>
      </trkpt>
      <trkpt lat="41.42611" lon="2.00114">
        <ele>28.76759459366563</ele>
        <time>2026-09-09T16:52:16.463Z</time>
      </trkpt>
      <trkpt lat="41.42594" lon="2.00124">
        <ele>28.551181694171326</ele>
        <time>2026-09-09T16:52:32.573Z</time>
      </trkpt>
      <trkpt lat="41.42578" lon="2.00134">
        <ele>28.479237907068487</ele>
        <time>2026-09-09T16:52:48.683Z</time>
      </trkpt>
      <trkpt lat="41.42577" lon="2.00135">
        <ele>28.40496584317518</ele>
        <time>2026-09-09T16:53:04.792Z</time>
      </trkpt>
      <trkpt lat="41.42528" lon="2.00161">
        <ele>27.886228692018445</ele>
        <time>2026-09-09T16:53:20.902Z</time>
      </trkpt>
      <trkpt lat="41.42525" lon="2.00162">
        <ele>27.957444017467008</ele>
        <time>2026-09-09T16:53:37.013Z</time>
      </trkpt>
      <trkpt lat="41.42476" lon="2.00183">
        <ele>28.873913996008532</ele>
        <time>2026-09-09T16:53:53.123Z</time>
      </trkpt>
      <trkpt lat="41.42459" lon="2.00191">
        <ele>28.436714005800592</ele>
        <time>2026-09-09T16:54:09.232Z</time>
      </trkpt>
      <trkpt lat="41.42457" lon="2.00192">
        <ele>28.32111856348561</ele>
        <time>2026-09-09T16:54:25.342Z</time>
      </trkpt>
      <trkpt lat="41.42443" lon="2.002">
        <ele>27.794626253426507</ele>
        <time>2026-09-09T16:54:41.452Z</time>
      </trkpt>
      <trkpt lat="41.42434" lon="2.00205">
        <ele>27.686324108011227</ele>
        <time>2026-09-09T16:54:57.562Z</time>
      </trkpt>
      <trkpt lat="41.42432" lon="2.00207">
        <ele>27.52777360061961</ele>
        <time>2026-09-09T16:55:13.672Z</time>
      </trkpt>
      <trkpt lat="41.42429" lon="2.00209">
        <ele>27.340432023929257</ele>
        <time>2026-09-09T16:55:29.782Z</time>
      </trkpt>
      <trkpt lat="41.42424" lon="2.00216">
        <ele>27.31029280573912</ele>
        <time>2026-09-09T16:55:45.891Z</time>
      </trkpt>
      <trkpt lat="41.4242" lon="2.00219">
        <ele>27.355149453564486</ele>
        <time>2026-09-09T16:56:02.001Z</time>
      </trkpt>
      <trkpt lat="41.4241" lon="2.00223">
        <ele>26.563492303528538</ele>
        <time>2026-09-09T16:56:18.112Z</time>
      </trkpt>
      <trkpt lat="41.42398" lon="2.00222">
        <ele>26.815459616812685</ele>
        <time>2026-09-09T16:56:34.221Z</time>
      </trkpt>
      <trkpt lat="41.42394" lon="2.00223">
        <ele>27.03945063724761</ele>
        <time>2026-09-09T16:56:50.331Z</time>
      </trkpt>
      <trkpt lat="41.42392" lon="2.00223">
        <ele>27.119829829662514</ele>
        <time>2026-09-09T16:57:06.441Z</time>
      </trkpt>
      <trkpt lat="41.42387" lon="2.00224">
        <ele>27.21438310415655</ele>
        <time>2026-09-09T16:57:22.551Z</time>
      </trkpt>
      <trkpt lat="41.42382" lon="2.00225">
        <ele>27.249182462871456</ele>
        <time>2026-09-09T16:57:38.661Z</time>
      </trkpt>
      <trkpt lat="41.42376" lon="2.00227">
        <ele>27.26383565165153</ele>
        <time>2026-09-09T16:57:54.771Z</time>
      </trkpt>
      <trkpt lat="41.42375" lon="2.00227">
        <ele>27.279947577947443</ele>
        <time>2026-09-09T16:58:10.881Z</time>
      </trkpt>
      <trkpt lat="41.42368" lon="2.00229">
        <ele>27.392841609979584</ele>
        <time>2026-09-09T16:58:26.990Z</time>
      </trkpt>
      <trkpt lat="41.4235" lon="2.00236">
        <ele>27.876762226318892</ele>
        <time>2026-09-09T16:58:43.100Z</time>
      </trkpt>
      <trkpt lat="41.42342" lon="2.00241">
        <ele>27.731283373157616</ele>
        <time>2026-09-09T16:58:59.210Z</time>
      </trkpt>
      <trkpt lat="41.42334" lon="2.00245">
        <ele>27.620154907812196</ele>
        <time>2026-09-09T16:59:15.320Z</time>
      </trkpt>
      <trkpt lat="41.42325" lon="2.0025">
        <ele>27.78565406934903</ele>
        <time>2026-09-09T16:59:31.430Z</time>
      </trkpt>
      <trkpt lat="41.42323" lon="2.00251">
        <ele>27.835598345780895</ele>
        <time>2026-09-09T16:59:47.540Z</time>
      </trkpt>
      <trkpt lat="41.42308" lon="2.00257">
        <ele>28.212010742800413</ele>
        <time>2026-09-09T17:00:03.649Z</time>
      </trkpt>
      <trkpt lat="41.4229" lon="2.00264">
        <ele>28.22492675989335</ele>
        <time>2026-09-09T17:00:19.759Z</time>
      </trkpt>
      <trkpt lat="41.42283" lon="2.00267">
        <ele>28.20032396644538</ele>
        <time>2026-09-09T17:00:35.870Z</time>
      </trkpt>
      <trkpt lat="41.422686" lon="2.002764">
        <ele>28.128451622270248</ele>
        <time>2026-09-09T17:00:57.708Z</time>
      </trkpt>
      <trkpt lat="41.422679" lon="2.002751">
        <ele>28.12568145461886</ele>
        <time>2026-09-09T17:00:59.342Z</time>
      </trkpt>
      <trkpt lat="41.42261" lon="2.002597">
        <ele>28.7703931294948</ele>
        <time>2026-09-09T17:01:17.665Z</time>
      </trkpt>
      <trkpt lat="41.422497" lon="2.002086">
        <ele>30.670523660718075</ele>
        <time>2026-09-09T17:02:12.080Z</time>
      </trkpt>
      <trkpt lat="41.422593" lon="2.001869">
        <ele>28.16101068237807</ele>
        <time>2026-09-09T17:02:37.814Z</time>
      </trkpt>
      <trkpt lat="41.422452" lon="2.000806">
        <ele>28.234824892790062</ele>
        <time>2026-09-09T17:04:28.074Z</time>
      </trkpt>
      <trkpt lat="41.422683" lon="2.000726">
        <ele>29.00128447715447</ele>
        <time>2026-09-09T17:05:00.583Z</time>
      </trkpt>
      <trkpt lat="41.422725" lon="2.00067">
        <ele>29.26048015801219</ele>
        <time>2026-09-09T17:05:08.672Z</time>
      </trkpt>
      <trkpt lat="41.422653" lon="2.000225">
        <ele>30.383950190522476</ele>
        <time>2026-09-09T17:05:55.233Z</time>
      </trkpt>
      <trkpt lat="41.422725" lon="2.00067">
        <ele>29.26048015801219</ele>
        <time>2026-09-09T17:06:41.792Z</time>
      </trkpt>
      <trkpt lat="41.422683" lon="2.000726">
        <ele>29.00128447715447</ele>
        <time>2026-09-09T17:06:49.892Z</time>
      </trkpt>
      <trkpt lat="41.422452" lon="2.000806">
        <ele>28.234824892790062</ele>
        <time>2026-09-09T17:07:22.444Z</time>
      </trkpt>
      <trkpt lat="41.422593" lon="2.001869">
        <ele>28.16101068237807</ele>
        <time>2026-09-09T17:09:12.852Z</time>
      </trkpt>
      <trkpt lat="41.422497" lon="2.002086">
        <ele>30.670523660718075</ele>
        <time>2026-09-09T17:09:38.620Z</time>
      </trkpt>
      <trkpt lat="41.42261" lon="2.002597">
        <ele>28.7703931294948</ele>
        <time>2026-09-09T17:10:33.108Z</time>
      </trkpt>
      <trkpt lat="41.422671" lon="2.002733">
        <ele>28.118796572264984</ele>
        <time>2026-09-09T17:10:49.316Z</time>
      </trkpt>
      <trkpt lat="41.42268" lon="2.00277">
        <ele>28.131229912797235</ele>
        <time>2026-09-09T17:10:51.040Z</time>
      </trkpt>
      <trkpt lat="41.42248" lon="2.00285">
        <ele>28.34450095717818</ele>
        <time>2026-09-09T17:11:07.150Z</time>
      </trkpt>
      <trkpt lat="41.42229" lon="2.00292">
        <ele>28.472171222311253</ele>
        <time>2026-09-09T17:11:23.259Z</time>
      </trkpt>
      <trkpt lat="41.42209" lon="2.00301">
        <ele>28.07826691859797</ele>
        <time>2026-09-09T17:11:39.369Z</time>
      </trkpt>
      <trkpt lat="41.422" lon="2.00305">
        <ele>28.177633212741057</ele>
        <time>2026-09-09T17:11:55.480Z</time>
      </trkpt>
      <trkpt lat="41.42195" lon="2.00308">
        <ele>28.158126884261602</ele>
        <time>2026-09-09T17:12:11.590Z</time>
      </trkpt>
      <trkpt lat="41.42181" lon="2.00317">
        <ele>28.087746204201494</ele>
        <time>2026-09-09T17:12:27.699Z</time>
      </trkpt>
      <trkpt lat="41.42169" lon="2.00327">
        <ele>27.86434571853576</ele>
        <time>2026-09-09T17:12:43.809Z</time>
      </trkpt>
      <trkpt lat="41.4216" lon="2.00336">
        <ele>28.52663504104481</ele>
        <time>2026-09-09T17:12:59.919Z</time>
      </trkpt>
      <trkpt lat="41.42155" lon="2.0034">
        <ele>28.829624474490686</ele>
        <time>2026-09-09T17:13:16.029Z</time>
      </trkpt>
      <trkpt lat="41.4215" lon="2.00348">
        <ele>29.41534016376914</ele>
        <time>2026-09-09T17:13:32.139Z</time>
      </trkpt>
      <trkpt lat="41.42148" lon="2.00349">
        <ele>29.631302191370438</ele>
        <time>2026-09-09T17:13:48.249Z</time>
      </trkpt>
      <trkpt lat="41.42139" lon="2.00352">
        <ele>30.223926134281676</ele>
        <time>2026-09-09T17:14:04.358Z</time>
      </trkpt>
      <trkpt lat="41.42133" lon="2.00355">
        <ele>30.864042151624435</ele>
        <time>2026-09-09T17:14:20.468Z</time>
      </trkpt>
      <trkpt lat="41.42127" lon="2.00358">
        <ele>31.31509862369831</ele>
        <time>2026-09-09T17:14:36.579Z</time>
      </trkpt>
      <trkpt lat="41.4211" lon="2.00369">
        <ele>32.70613284156333</ele>
        <time>2026-09-09T17:14:52.688Z</time>
      </trkpt>
      <trkpt lat="41.421" lon="2.00373">
        <ele>33.221349467690494</ele>
        <time>2026-09-09T17:15:08.798Z</time>
      </trkpt>
      <trkpt lat="41.42083" lon="2.00381">
        <ele>33.349559270646694</ele>
        <time>2026-09-09T17:15:24.908Z</time>
      </trkpt>
      <trkpt lat="41.42074" lon="2.00385">
        <ele>33.667468216770715</ele>
        <time>2026-09-09T17:15:41.018Z</time>
      </trkpt>
      <trkpt lat="41.42066" lon="2.00389">
        <ele>33.936298109733684</ele>
        <time>2026-09-09T17:15:57.127Z</time>
      </trkpt>
      <trkpt lat="41.42049" lon="2.00398">
        <ele>34.062874029297404</ele>
        <time>2026-09-09T17:16:13.238Z</time>
      </trkpt>
      <trkpt lat="41.4204" lon="2.00402">
        <ele>34.256312309428914</ele>
        <time>2026-09-09T17:16:29.348Z</time>
      </trkpt>
      <trkpt lat="41.42032" lon="2.00406">
        <ele>34.50148341592497</ele>
        <time>2026-09-09T17:16:45.457Z</time>
      </trkpt>
      <trkpt lat="41.42021" lon="2.00412">
        <ele>34.49746782925871</ele>
        <time>2026-09-09T17:17:01.567Z</time>
      </trkpt>
      <trkpt lat="41.42015" lon="2.00414">
        <ele>34.14944306915977</ele>
        <time>2026-09-09T17:17:17.677Z</time>
      </trkpt>
      <trkpt lat="41.42013" lon="2.00415">
        <ele>34.00735249196298</ele>
        <time>2026-09-09T17:17:33.787Z</time>
      </trkpt>
      <trkpt lat="41.42005" lon="2.00417">
        <ele>33.68355512471682</ele>
        <time>2026-09-09T17:17:49.897Z</time>
      </trkpt>
      <trkpt lat="41.41996" lon="2.00418">
        <ele>33.1672756424332</ele>
        <time>2026-09-09T17:18:06.007Z</time>
      </trkpt>
      <trkpt lat="41.41988" lon="2.0042">
        <ele>32.89952368446398</ele>
        <time>2026-09-09T17:18:22.117Z</time>
      </trkpt>
      <trkpt lat="41.4198" lon="2.00422">
        <ele>32.73677706167153</ele>
        <time>2026-09-09T17:18:38.226Z</time>
      </trkpt>
      <trkpt lat="41.41965" lon="2.00426">
        <ele>32.47955300700978</ele>
        <time>2026-09-09T17:18:54.337Z</time>
      </trkpt>
      <trkpt lat="41.41962" lon="2.00427">
        <ele>32.39264057874994</ele>
        <time>2026-09-09T17:19:10.447Z</time>
      </trkpt>
      <trkpt lat="41.41945" lon="2.00434">
        <ele>31.725219637770618</ele>
        <time>2026-09-09T17:19:26.556Z</time>
      </trkpt>
      <trkpt lat="41.41928" lon="2.00441">
        <ele>31.993136774152887</ele>
        <time>2026-09-09T17:19:42.666Z</time>
      </trkpt>
      <trkpt lat="41.41912" lon="2.00448">
        <ele>31.68222983144512</ele>
        <time>2026-09-09T17:19:58.776Z</time>
      </trkpt>
      <trkpt lat="41.41893" lon="2.00456">
        <ele>31.65332123291007</ele>
        <time>2026-09-09T17:20:14.886Z</time>
      </trkpt>
      <trkpt lat="41.41859" lon="2.0047">
        <ele>31.164991691107453</ele>
        <time>2026-09-09T17:20:30.996Z</time>
      </trkpt>
      <trkpt lat="41.41856" lon="2.00472">
        <ele>31.292534805954865</ele>
        <time>2026-09-09T17:20:47.106Z</time>
      </trkpt>
      <trkpt lat="41.41842" lon="2.00479">
        <ele>31.37285373723747</ele>
        <time>2026-09-09T17:21:03.215Z</time>
      </trkpt>
      <trkpt lat="41.41826" lon="2.00487">
        <ele>31.08245969069324</ele>
        <time>2026-09-09T17:21:19.325Z</time>
      </trkpt>
      <trkpt lat="41.41809" lon="2.00496">
        <ele>31.34628891367815</ele>
        <time>2026-09-09T17:21:35.436Z</time>
      </trkpt>
      <trkpt lat="41.41808" lon="2.00496">
        <ele>31.292212105687888</ele>
        <time>2026-09-09T17:21:51.546Z</time>
      </trkpt>
      <trkpt lat="41.41775" lon="2.00512">
        <ele>31.240973685002803</ele>
        <time>2026-09-09T17:22:07.655Z</time>
      </trkpt>
      <trkpt lat="41.41758" lon="2.0052">
        <ele>30.807839917527847</ele>
        <time>2026-09-09T17:22:23.765Z</time>
      </trkpt>
      <trkpt lat="41.41757" lon="2.00521">
        <ele>30.86704279413896</ele>
        <time>2026-09-09T17:22:39.875Z</time>
      </trkpt>
      <trkpt lat="41.41741" lon="2.00528">
        <ele>30.90473273614407</ele>
        <time>2026-09-09T17:22:55.984Z</time>
      </trkpt>
      <trkpt lat="41.41724" lon="2.00537">
        <ele>30.470327769343303</ele>
        <time>2026-09-09T17:23:12.095Z</time>
      </trkpt>
      <trkpt lat="41.41707" lon="2.00545">
        <ele>30.60374427451346</ele>
        <time>2026-09-09T17:23:28.205Z</time>
      </trkpt>
      <trkpt lat="41.4169" lon="2.00553">
        <ele>30.025636245891107</ele>
        <time>2026-09-09T17:23:44.314Z</time>
      </trkpt>
      <trkpt lat="41.41681" lon="2.00558">
        <ele>30.24837896066559</ele>
        <time>2026-09-09T17:24:00.424Z</time>
      </trkpt>
      <trkpt lat="41.41673" lon="2.00561">
        <ele>30.280468247110672</ele>
        <time>2026-09-09T17:24:16.534Z</time>
      </trkpt>
      <trkpt lat="41.41664" lon="2.00566">
        <ele>30.031842668667895</ele>
        <time>2026-09-09T17:24:32.644Z</time>
      </trkpt>
      <trkpt lat="41.41657" lon="2.00569">
        <ele>29.474969460201528</ele>
        <time>2026-09-09T17:24:48.754Z</time>
      </trkpt>
      <trkpt lat="41.4164" lon="2.00578">
        <ele>29.85771132001014</ele>
        <time>2026-09-09T17:25:04.864Z</time>
      </trkpt>
      <trkpt lat="41.41636" lon="2.00579">
        <ele>29.787943393235714</ele>
        <time>2026-09-09T17:25:20.974Z</time>
      </trkpt>
      <trkpt lat="41.41575" lon="2.00605">
        <ele>27.541022466563295</ele>
        <time>2026-09-09T17:25:37.083Z</time>
      </trkpt>
      <trkpt lat="41.41571" lon="2.00607">
        <ele>27.659274067249722</ele>
        <time>2026-09-09T17:25:53.194Z</time>
      </trkpt>
      <trkpt lat="41.4153" lon="2.00626">
        <ele>27.524497655380586</ele>
        <time>2026-09-09T17:26:09.304Z</time>
      </trkpt>
      <trkpt lat="41.4152" lon="2.00631">
        <ele>27.849141507520343</ele>
        <time>2026-09-09T17:26:25.413Z</time>
      </trkpt>
      <trkpt lat="41.41503" lon="2.00639">
        <ele>26.79209727385681</ele>
        <time>2026-09-09T17:26:41.523Z</time>
      </trkpt>
      <trkpt lat="41.41502" lon="2.0064">
        <ele>26.93507724051913</ele>
        <time>2026-09-09T17:26:57.633Z</time>
      </trkpt>
      <trkpt lat="41.41486" lon="2.00647">
        <ele>26.979467692011298</ele>
        <time>2026-09-09T17:27:13.743Z</time>
      </trkpt>
      <trkpt lat="41.41434" lon="2.0067">
        <ele>23.872799046984145</ele>
        <time>2026-09-09T17:27:29.853Z</time>
      </trkpt>
      <trkpt lat="41.414342" lon="2.0067">
        <ele>23.853151577637774</ele>
        <time>2026-09-09T17:27:45.963Z</time>
      </trkpt>
      <trkpt lat="41.41433" lon="2.00675">
        <ele>24.841240355840284</ele>
        <time>2026-09-09T17:28:02.072Z</time>
      </trkpt>
      <trkpt lat="41.41432" lon="2.00688">
        <ele>28.62021106479957</ele>
        <time>2026-09-09T17:28:18.182Z</time>
      </trkpt>
      <trkpt lat="41.41431" lon="2.00704">
        <ele>29.588881472736198</ele>
        <time>2026-09-09T17:28:34.293Z</time>
      </trkpt>
      <trkpt lat="41.4143" lon="2.00731">
        <ele>26.748980818566636</ele>
        <time>2026-09-09T17:28:50.403Z</time>
      </trkpt>
      <trkpt lat="41.4143" lon="2.00748">
        <ele>23.29562982423565</ele>
        <time>2026-09-09T17:29:06.512Z</time>
      </trkpt>
      <trkpt lat="41.414304" lon="2.007479">
        <ele>23.28767822126882</ele>
        <time>2026-09-09T17:29:22.622Z</time>
      </trkpt>
      <trkpt lat="41.41421" lon="2.00758">
        <ele>23.352080357485356</ele>
        <time>2026-09-09T17:29:38.732Z</time>
      </trkpt>
      <trkpt lat="41.41417" lon="2.00763">
        <ele>23.60972490724093</ele>
        <time>2026-09-09T17:29:54.841Z</time>
      </trkpt>
      <trkpt lat="41.41412" lon="2.00768">
        <ele>24.107454025799445</ele>
        <time>2026-09-09T17:30:10.952Z</time>
      </trkpt>
      <trkpt lat="41.41405" lon="2.00776">
        <ele>24.92704784171457</ele>
        <time>2026-09-09T17:30:27.062Z</time>
      </trkpt>
      <trkpt lat="41.41403" lon="2.00778">
        <ele>24.933933331395927</ele>
        <time>2026-09-09T17:30:43.171Z</time>
      </trkpt>
      <trkpt lat="41.41399" lon="2.00782">
        <ele>24.595567002202532</ele>
        <time>2026-09-09T17:30:59.281Z</time>
      </trkpt>
      <trkpt lat="41.41393" lon="2.00787">
        <ele>24.61051588866998</ele>
        <time>2026-09-09T17:31:15.391Z</time>
      </trkpt>
      <trkpt lat="41.41387" lon="2.0079">
        <ele>25.023484507585216</ele>
        <time>2026-09-09T17:31:31.501Z</time>
      </trkpt>
      <trkpt lat="41.41384" lon="2.00792">
        <ele>25.25380620132865</ele>
        <time>2026-09-09T17:31:47.611Z</time>
      </trkpt>
      <trkpt lat="41.41372" lon="2.00798">
        <ele>24.777146101431715</ele>
        <time>2026-09-09T17:32:03.721Z</time>
      </trkpt>
      <trkpt lat="41.4137" lon="2.00799">
        <ele>24.67543912019631</ele>
        <time>2026-09-09T17:32:19.831Z</time>
      </trkpt>
      <trkpt lat="41.4136" lon="2.00804">
        <ele>24.493922060128412</ele>
        <time>2026-09-09T17:32:35.940Z</time>
      </trkpt>
      <trkpt lat="41.41347" lon="2.00809">
        <ele>25.169097330511484</ele>
        <time>2026-09-09T17:32:52.051Z</time>
      </trkpt>
      <trkpt lat="41.41336" lon="2.00814">
        <ele>24.941700935203382</ele>
        <time>2026-09-09T17:33:08.161Z</time>
      </trkpt>
      <trkpt lat="41.41331" lon="2.00816">
        <ele>24.704766479264016</ele>
        <time>2026-09-09T17:33:24.270Z</time>
      </trkpt>
      <trkpt lat="41.41301" lon="2.00828">
        <ele>25.35089843646943</ele>
        <time>2026-09-09T17:33:40.380Z</time>
      </trkpt>
      <trkpt lat="41.41283" lon="2.00835">
        <ele>24.872417505861286</ele>
        <time>2026-09-09T17:33:56.490Z</time>
      </trkpt>
      <trkpt lat="41.4127" lon="2.00839">
        <ele>25.298550002597104</ele>
        <time>2026-09-09T17:34:12.600Z</time>
      </trkpt>
      <trkpt lat="41.4125" lon="2.00847">
        <ele>25.64303139342665</ele>
        <time>2026-09-09T17:34:28.710Z</time>
      </trkpt>
      <trkpt lat="41.41243" lon="2.00849">
        <ele>25.459846464399504</ele>
        <time>2026-09-09T17:34:44.820Z</time>
      </trkpt>
      <trkpt lat="41.41239" lon="2.0085">
        <ele>25.36689799150453</ele>
        <time>2026-09-09T17:35:00.929Z</time>
      </trkpt>
      <trkpt lat="41.41235" lon="2.00851">
        <ele>25.295001837345325</ele>
        <time>2026-09-09T17:35:17.039Z</time>
      </trkpt>
      <trkpt lat="41.4123" lon="2.00852">
        <ele>25.189654542078596</ele>
        <time>2026-09-09T17:35:33.150Z</time>
      </trkpt>
      <trkpt lat="41.41227" lon="2.00852">
        <ele>25.17199526759754</ele>
        <time>2026-09-09T17:35:49.260Z</time>
      </trkpt>
      <trkpt lat="41.41226" lon="2.00852">
        <ele>25.166108844602608</ele>
        <time>2026-09-09T17:36:05.369Z</time>
      </trkpt>
      <trkpt lat="41.41218" lon="2.00853">
        <ele>24.83441916568455</ele>
        <time>2026-09-09T17:36:21.479Z</time>
      </trkpt>
      <trkpt lat="41.41211" lon="2.00853">
        <ele>24.34798709297805</ele>
        <time>2026-09-09T17:36:37.589Z</time>
      </trkpt>
      <trkpt lat="41.41206" lon="2.00854">
        <ele>24.06144344395016</ele>
        <time>2026-09-09T17:36:53.698Z</time>
      </trkpt>
      <trkpt lat="41.412" lon="2.00855">
        <ele>23.74550439392371</ele>
        <time>2026-09-09T17:37:09.809Z</time>
      </trkpt>
      <trkpt lat="41.41193" lon="2.00858">
        <ele>23.342001055697306</ele>
        <time>2026-09-09T17:37:25.919Z</time>
      </trkpt>
      <trkpt lat="41.41179" lon="2.00866">
        <ele>23.17370698413843</ele>
        <time>2026-09-09T17:37:42.028Z</time>
      </trkpt>
      <trkpt lat="41.41171" lon="2.0087">
        <ele>23.39109704346884</ele>
        <time>2026-09-09T17:37:58.138Z</time>
      </trkpt>
      <trkpt lat="41.41161" lon="2.00876">
        <ele>22.942527401007364</ele>
        <time>2026-09-09T17:38:14.248Z</time>
      </trkpt>
      <trkpt lat="41.41158" lon="2.00877">
        <ele>22.77777908713827</ele>
        <time>2026-09-09T17:38:30.358Z</time>
      </trkpt>
      <trkpt lat="41.41156" lon="2.00879">
        <ele>22.652434963043657</ele>
        <time>2026-09-09T17:38:46.468Z</time>
      </trkpt>
      <trkpt lat="41.41148" lon="2.00885">
        <ele>22.911809108500186</ele>
        <time>2026-09-09T17:39:02.578Z</time>
      </trkpt>
      <trkpt lat="41.41143" lon="2.00889">
        <ele>23.125803454443957</ele>
        <time>2026-09-09T17:39:18.688Z</time>
      </trkpt>
      <trkpt lat="41.41142" lon="2.0089">
        <ele>23.158433357927027</ele>
        <time>2026-09-09T17:39:34.797Z</time>
      </trkpt>
      <trkpt lat="41.41136" lon="2.00895">
        <ele>23.170593825602303</ele>
        <time>2026-09-09T17:39:50.908Z</time>
      </trkpt>
      <trkpt lat="41.41132" lon="2.009">
        <ele>23.02662705052071</ele>
        <time>2026-09-09T17:40:07.018Z</time>
      </trkpt>
      <trkpt lat="41.41123" lon="2.00909">
        <ele>23.386363499172788</ele>
        <time>2026-09-09T17:40:23.127Z</time>
      </trkpt>
      <trkpt lat="41.41115" lon="2.00915">
        <ele>23.438881463841195</ele>
        <time>2026-09-09T17:40:39.237Z</time>
      </trkpt>
      <trkpt lat="41.41111" lon="2.00919">
        <ele>23.066541743361068</ele>
        <time>2026-09-09T17:40:55.347Z</time>
      </trkpt>
      <trkpt lat="41.41105" lon="2.00922">
        <ele>23.274903286926712</ele>
        <time>2026-09-09T17:41:11.457Z</time>
      </trkpt>
      <trkpt lat="41.41098" lon="2.00926">
        <ele>23.53811319705691</ele>
        <time>2026-09-09T17:41:27.567Z</time>
      </trkpt>
      <trkpt lat="41.41097" lon="2.00927">
        <ele>23.577802010478365</ele>
        <time>2026-09-09T17:41:43.677Z</time>
      </trkpt>
      <trkpt lat="41.41096" lon="2.00927">
        <ele>23.697784761280623</ele>
        <time>2026-09-09T17:41:59.786Z</time>
      </trkpt>
      <trkpt lat="41.41087" lon="2.00932">
        <ele>23.71407851626888</ele>
        <time>2026-09-09T17:42:15.896Z</time>
      </trkpt>
      <trkpt lat="41.41086" lon="2.00932">
        <ele>23.78940636904684</ele>
        <time>2026-09-09T17:42:32.007Z</time>
      </trkpt>
      <trkpt lat="41.41079" lon="2.00935">
        <ele>23.641248940767095</ele>
        <time>2026-09-09T17:42:48.117Z</time>
      </trkpt>
      <trkpt lat="41.41075" lon="2.00938">
        <ele>23.355245851102268</ele>
        <time>2026-09-09T17:43:04.226Z</time>
      </trkpt>
      <trkpt lat="41.4107" lon="2.0094">
        <ele>23.494421000910286</ele>
        <time>2026-09-09T17:43:20.336Z</time>
      </trkpt>
      <trkpt lat="41.41063" lon="2.00944">
        <ele>23.584250874792588</ele>
        <time>2026-09-09T17:43:36.446Z</time>
      </trkpt>
      <trkpt lat="41.41062" lon="2.00944">
        <ele>23.654390837189624</ele>
        <time>2026-09-09T17:43:52.556Z</time>
      </trkpt>
      <trkpt lat="41.41053" lon="2.00949">
        <ele>23.597989895468665</ele>
        <time>2026-09-09T17:44:08.666Z</time>
      </trkpt>
      <trkpt lat="41.41046" lon="2.00953">
        <ele>23.213235613855954</ele>
        <time>2026-09-09T17:44:24.776Z</time>
      </trkpt>
      <trkpt lat="41.41036" lon="2.00958">
        <ele>23.31000752649549</ele>
        <time>2026-09-09T17:44:40.885Z</time>
      </trkpt>
      <trkpt lat="41.4103" lon="2.00961">
        <ele>23.798152220105184</ele>
        <time>2026-09-09T17:44:56.995Z</time>
      </trkpt>
      <trkpt lat="41.41015" lon="2.0097">
        <ele>23.401667818722874</ele>
        <time>2026-09-09T17:45:13.105Z</time>
      </trkpt>
      <trkpt lat="41.41003" lon="2.00976">
        <ele>23.506448997837957</ele>
        <time>2026-09-09T17:45:29.215Z</time>
      </trkpt>
      <trkpt lat="41.41001" lon="2.00977">
        <ele>23.54494542522169</ele>
        <time>2026-09-09T17:45:45.325Z</time>
      </trkpt>
      <trkpt lat="41.40986" lon="2.00984">
        <ele>23.78215728932688</ele>
        <time>2026-09-09T17:46:01.435Z</time>
      </trkpt>
      <trkpt lat="41.40979" lon="2.00988">
        <ele>23.443504742787727</ele>
        <time>2026-09-09T17:46:17.545Z</time>
      </trkpt>
      <trkpt lat="41.40972" lon="2.00991">
        <ele>23.386812018581555</ele>
        <time>2026-09-09T17:46:33.654Z</time>
      </trkpt>
      <trkpt lat="41.4094" lon="2.01008">
        <ele>23.056731672537303</ele>
        <time>2026-09-09T17:46:49.765Z</time>
      </trkpt>
      <trkpt lat="41.40936" lon="2.0101">
        <ele>23.153464709760623</ele>
        <time>2026-09-09T17:47:05.875Z</time>
      </trkpt>
      <trkpt lat="41.40919" lon="2.0102">
        <ele>23.326033030957092</ele>
        <time>2026-09-09T17:47:21.984Z</time>
      </trkpt>
      <trkpt lat="41.40912" lon="2.01024">
        <ele>23.250898651255447</ele>
        <time>2026-09-09T17:47:38.094Z</time>
      </trkpt>
      <trkpt lat="41.40886" lon="2.01038">
        <ele>23.579446018837306</ele>
        <time>2026-09-09T17:47:54.204Z</time>
      </trkpt>
      <trkpt lat="41.40879" lon="2.01042">
        <ele>23.523512657634438</ele>
        <time>2026-09-09T17:48:10.314Z</time>
      </trkpt>
      <trkpt lat="41.40879" lon="2.01043">
        <ele>23.425605380270774</ele>
        <time>2026-09-09T17:48:26.424Z</time>
      </trkpt>
      <trkpt lat="41.40874" lon="2.01045">
        <ele>23.8613188826061</ele>
        <time>2026-09-09T17:48:42.534Z</time>
      </trkpt>
      <trkpt lat="41.4087" lon="2.01048">
        <ele>23.994839752571313</ele>
        <time>2026-09-09T17:48:58.643Z</time>
      </trkpt>
      <trkpt lat="41.40868" lon="2.01049">
        <ele>24.124256782626087</ele>
        <time>2026-09-09T17:49:14.753Z</time>
      </trkpt>
      <trkpt lat="41.40863" lon="2.01053">
        <ele>23.747355160866302</ele>
        <time>2026-09-09T17:49:30.864Z</time>
      </trkpt>
      <trkpt lat="41.40861" lon="2.01055">
        <ele>23.464272267974035</ele>
        <time>2026-09-09T17:49:46.974Z</time>
      </trkpt>
      <trkpt lat="41.40855" lon="2.01059">
        <ele>23.247325213038476</ele>
        <time>2026-09-09T17:50:03.083Z</time>
      </trkpt>
      <trkpt lat="41.40854" lon="2.0106">
        <ele>23.221190838103546</ele>
        <time>2026-09-09T17:50:19.193Z</time>
      </trkpt>
      <trkpt lat="41.40849" lon="2.01065">
        <ele>23.44524514963045</ele>
        <time>2026-09-09T17:50:35.303Z</time>
      </trkpt>
      <trkpt lat="41.40848" lon="2.01066">
        <ele>23.459972217041976</ele>
        <time>2026-09-09T17:50:51.413Z</time>
      </trkpt>
      <trkpt lat="41.40842" lon="2.01071">
        <ele>22.74341167478294</ele>
        <time>2026-09-09T17:51:07.523Z</time>
      </trkpt>
      <trkpt lat="41.40839" lon="2.01073">
        <ele>22.533355282566326</ele>
        <time>2026-09-09T17:51:23.633Z</time>
      </trkpt>
      <trkpt lat="41.40835" lon="2.01075">
        <ele>22.483956200743364</ele>
        <time>2026-09-09T17:51:39.742Z</time>
      </trkpt>
      <trkpt lat="41.40824" lon="2.01083">
        <ele>22.68298880697428</ele>
        <time>2026-09-09T17:51:55.852Z</time>
      </trkpt>
      <trkpt lat="41.40816" lon="2.01088">
        <ele>23.25872667727607</ele>
        <time>2026-09-09T17:52:11.962Z</time>
      </trkpt>
      <trkpt lat="41.40808" lon="2.01092">
        <ele>23.700228034616195</ele>
        <time>2026-09-09T17:52:28.072Z</time>
      </trkpt>
      <trkpt lat="41.40796" lon="2.01099">
        <ele>23.289417994555947</ele>
        <time>2026-09-09T17:52:44.182Z</time>
      </trkpt>
      <trkpt lat="41.40785" lon="2.01106">
        <ele>22.15324726806398</ele>
        <time>2026-09-09T17:53:00.292Z</time>
      </trkpt>
      <trkpt lat="41.40778" lon="2.0111">
        <ele>22.18504213881384</ele>
        <time>2026-09-09T17:53:16.402Z</time>
      </trkpt>
      <trkpt lat="41.407785" lon="2.011104">
        <ele>22.06576529782062</ele>
        <time>2026-09-09T17:53:32.511Z</time>
      </trkpt>
      <trkpt lat="41.40776" lon="2.01107">
        <ele>22.799303038039668</ele>
        <time>2026-09-09T17:53:48.622Z</time>
      </trkpt>
      <trkpt lat="41.40775" lon="2.01105">
        <ele>23.123287614957007</ele>
        <time>2026-09-09T17:54:04.732Z</time>
      </trkpt>
      <trkpt lat="41.40773" lon="2.01105">
        <ele>23.276575664834315</ele>
        <time>2026-09-09T17:54:20.841Z</time>
      </trkpt>
      <trkpt lat="41.40771" lon="2.01105">
        <ele>23.398384650044843</ele>
        <time>2026-09-09T17:54:36.951Z</time>
      </trkpt>
      <trkpt lat="41.40769" lon="2.01105">
        <ele>23.444376745425174</ele>
        <time>2026-09-09T17:54:53.061Z</time>
      </trkpt>
      <trkpt lat="41.40766" lon="2.01106">
        <ele>23.44993517690491</ele>
        <time>2026-09-09T17:55:09.171Z</time>
      </trkpt>
      <trkpt lat="41.40761" lon="2.01109">
        <ele>23.44815100830857</ele>
        <time>2026-09-09T17:55:25.281Z</time>
      </trkpt>
      <trkpt lat="41.40751" lon="2.01117">
        <ele>23.411578746754877</ele>
        <time>2026-09-09T17:55:41.391Z</time>
      </trkpt>
      <trkpt lat="41.40749" lon="2.01118">
        <ele>23.449649115273342</ele>
        <time>2026-09-09T17:55:57.500Z</time>
      </trkpt>
      <trkpt lat="41.40746" lon="2.0112">
        <ele>23.386215629687687</ele>
        <time>2026-09-09T17:56:13.610Z</time>
      </trkpt>
      <trkpt lat="41.4074" lon="2.01122">
        <ele>23.300338784110227</ele>
        <time>2026-09-09T17:56:29.721Z</time>
      </trkpt>
      <trkpt lat="41.40734" lon="2.01124">
        <ele>23.276562862313444</ele>
        <time>2026-09-09T17:56:45.831Z</time>
      </trkpt>
      <trkpt lat="41.40732" lon="2.01124">
        <ele>23.288728563050462</ele>
        <time>2026-09-09T17:57:01.940Z</time>
      </trkpt>
      <trkpt lat="41.4073" lon="2.01124">
        <ele>23.26865472573422</ele>
        <time>2026-09-09T17:57:18.050Z</time>
      </trkpt>
      <trkpt lat="41.40725" lon="2.01125">
        <ele>23.180817577221944</ele>
        <time>2026-09-09T17:57:34.160Z</time>
      </trkpt>
      <trkpt lat="41.40722" lon="2.01126">
        <ele>23.126521947949254</ele>
        <time>2026-09-09T17:57:50.270Z</time>
      </trkpt>
      <trkpt lat="41.40717" lon="2.01128">
        <ele>23.033743673916533</ele>
        <time>2026-09-09T17:58:06.380Z</time>
      </trkpt>
      <trkpt lat="41.40715" lon="2.01129">
        <ele>22.98532707621993</ele>
        <time>2026-09-09T17:58:22.490Z</time>
      </trkpt>
      <trkpt lat="41.40708" lon="2.01133">
        <ele>22.779996543092587</ele>
        <time>2026-09-09T17:58:38.599Z</time>
      </trkpt>
      <trkpt lat="41.40699" lon="2.01138">
        <ele>22.415411307125993</ele>
        <time>2026-09-09T17:58:54.709Z</time>
      </trkpt>
      <trkpt lat="41.40684" lon="2.01147">
        <ele>22.240817157300818</ele>
        <time>2026-09-09T17:59:10.819Z</time>
      </trkpt>
      <trkpt lat="41.40682" lon="2.01148">
        <ele>22.20788290014109</ele>
        <time>2026-09-09T17:59:26.929Z</time>
      </trkpt>
      <trkpt lat="41.40675" lon="2.01152">
        <ele>22.06589160095373</ele>
        <time>2026-09-09T17:59:43.039Z</time>
      </trkpt>
      <trkpt lat="41.40663" lon="2.01158">
        <ele>21.57211192265173</ele>
        <time>2026-09-09T17:59:59.149Z</time>
      </trkpt>
      <trkpt lat="41.40657" lon="2.0116">
        <ele>20.973099228035696</ele>
        <time>2026-09-09T18:00:15.259Z</time>
      </trkpt>
      <trkpt lat="41.40647" lon="2.01162">
        <ele>19.90908788818135</ele>
        <time>2026-09-09T18:00:31.368Z</time>
      </trkpt>
      <trkpt lat="41.40641" lon="2.01169">
        <ele>18.743996365687593</ele>
        <time>2026-09-09T18:00:47.479Z</time>
      </trkpt>
      <trkpt lat="41.40638" lon="2.01169">
        <ele>18.999312820042437</ele>
        <time>2026-09-09T18:01:03.589Z</time>
      </trkpt>
      <trkpt lat="41.40635" lon="2.01169">
        <ele>19.254629156529507</ele>
        <time>2026-09-09T18:01:19.698Z</time>
      </trkpt>
      <trkpt lat="41.4063" lon="2.0117">
        <ele>19.607325482595932</ele>
        <time>2026-09-09T18:01:35.808Z</time>
      </trkpt>
      <trkpt lat="41.40623" lon="2.01173">
        <ele>21.130982878113063</ele>
        <time>2026-09-09T18:01:51.918Z</time>
      </trkpt>
      <trkpt lat="41.40621" lon="2.01174">
        <ele>21.603080440237893</ele>
        <time>2026-09-09T18:02:08.028Z</time>
      </trkpt>
      <trkpt lat="41.40619" lon="2.01175">
        <ele>22.09553810152847</ele>
        <time>2026-09-09T18:02:24.138Z</time>
      </trkpt>
      <trkpt lat="41.40615" lon="2.01178">
        <ele>22.806923216278932</ele>
        <time>2026-09-09T18:02:40.248Z</time>
      </trkpt>
      <trkpt lat="41.40614" lon="2.01179">
        <ele>22.89998708406981</ele>
        <time>2026-09-09T18:02:56.357Z</time>
      </trkpt>
      <trkpt lat="41.40613" lon="2.0118">
        <ele>22.984850284482988</ele>
        <time>2026-09-09T18:03:12.467Z</time>
      </trkpt>
      <trkpt lat="41.40613" lon="2.01181">
        <ele>22.958997571051928</ele>
        <time>2026-09-09T18:03:28.578Z</time>
      </trkpt>
      <trkpt lat="41.40612" lon="2.01182">
        <ele>23.031559781777233</ele>
        <time>2026-09-09T18:03:44.688Z</time>
      </trkpt>
      <trkpt lat="41.40612" lon="2.01187">
        <ele>22.881794594054455</ele>
        <time>2026-09-09T18:04:00.797Z</time>
      </trkpt>
      <trkpt lat="41.40612" lon="2.01195">
        <ele>23.053402655266872</ele>
        <time>2026-09-09T18:04:16.907Z</time>
      </trkpt>
      <trkpt lat="41.40612" lon="2.01201">
        <ele>23.18735440265377</ele>
        <time>2026-09-09T18:04:33.017Z</time>
      </trkpt>
      <trkpt lat="41.40612" lon="2.01206">
        <ele>23.236280083024937</ele>
        <time>2026-09-09T18:04:49.127Z</time>
      </trkpt>
      <trkpt lat="41.40611" lon="2.01216">
        <ele>23.18037044400497</ele>
        <time>2026-09-09T18:05:05.237Z</time>
      </trkpt>
      <trkpt lat="41.40611" lon="2.01218">
        <ele>23.152425057253314</ele>
        <time>2026-09-09T18:05:21.347Z</time>
      </trkpt>
      <trkpt lat="41.40609" lon="2.01238">
        <ele>22.51650538092147</ele>
        <time>2026-09-09T18:05:37.456Z</time>
      </trkpt>
      <trkpt lat="41.40609" lon="2.0124">
        <ele>22.388422213446223</ele>
        <time>2026-09-09T18:05:53.566Z</time>
      </trkpt>
      <trkpt lat="41.40607" lon="2.01245">
        <ele>22.489400785932823</ele>
        <time>2026-09-09T18:06:09.676Z</time>
      </trkpt>
      <trkpt lat="41.40606" lon="2.01248">
        <ele>22.58961153706074</ele>
        <time>2026-09-09T18:06:25.786Z</time>
      </trkpt>
      <trkpt lat="41.40604" lon="2.01251">
        <ele>22.97773525425121</ele>
        <time>2026-09-09T18:06:41.896Z</time>
      </trkpt>
      <trkpt lat="41.40604" lon="2.01252">
        <ele>22.951594733508497</ele>
        <time>2026-09-09T18:06:58.006Z</time>
      </trkpt>
      <trkpt lat="41.40602" lon="2.01254">
        <ele>22.93922260548745</ele>
        <time>2026-09-09T18:07:14.116Z</time>
      </trkpt>
      <trkpt lat="41.40601" lon="2.01256">
        <ele>22.8783329609378</ele>
        <time>2026-09-09T18:07:30.225Z</time>
      </trkpt>
      <trkpt lat="41.40598" lon="2.01259">
        <ele>22.44999719069486</ele>
        <time>2026-09-09T18:07:46.336Z</time>
      </trkpt>
      <trkpt lat="41.40595" lon="2.01261">
        <ele>22.355043955015173</ele>
        <time>2026-09-09T18:08:02.446Z</time>
      </trkpt>
      <trkpt lat="41.40589" lon="2.01266">
        <ele>22.319268445160592</ele>
        <time>2026-09-09T18:08:18.555Z</time>
      </trkpt>
      <trkpt lat="41.40587" lon="2.01267">
        <ele>22.371373866726685</ele>
        <time>2026-09-09T18:08:34.665Z</time>
      </trkpt>
      <trkpt lat="41.40582" lon="2.01269">
        <ele>22.6281205526066</ele>
        <time>2026-09-09T18:08:50.775Z</time>
      </trkpt>
      <trkpt lat="41.40578" lon="2.01272">
        <ele>22.873076295516512</ele>
        <time>2026-09-09T18:09:06.885Z</time>
      </trkpt>
      <trkpt lat="41.40566" lon="2.01278">
        <ele>22.46218667548468</ele>
        <time>2026-09-09T18:09:22.995Z</time>
      </trkpt>
      <trkpt lat="41.40556" lon="2.01284">
        <ele>22.45675257175065</ele>
        <time>2026-09-09T18:09:39.105Z</time>
      </trkpt>
      <trkpt lat="41.40555" lon="2.01285">
        <ele>22.481551956110458</ele>
        <time>2026-09-09T18:09:55.214Z</time>
      </trkpt>
      <trkpt lat="41.40539" lon="2.01293">
        <ele>22.533730004307916</ele>
        <time>2026-09-09T18:10:11.324Z</time>
      </trkpt>
      <trkpt lat="41.40538" lon="2.01294">
        <ele>22.39941626050755</ele>
        <time>2026-09-09T18:10:27.435Z</time>
      </trkpt>
      <trkpt lat="41.40529" lon="2.01299">
        <ele>22.267963641581993</ele>
        <time>2026-09-09T18:10:43.545Z</time>
      </trkpt>
      <trkpt lat="41.40505" lon="2.01313">
        <ele>22.066099732910928</ele>
        <time>2026-09-09T18:10:59.654Z</time>
      </trkpt>
      <trkpt lat="41.40499" lon="2.01316">
        <ele>22.09745151690729</ele>
        <time>2026-09-09T18:11:15.764Z</time>
      </trkpt>
      <trkpt lat="41.40427" lon="2.01356">
        <ele>21.78876323143144</ele>
        <time>2026-09-09T18:11:31.874Z</time>
      </trkpt>
      <trkpt lat="41.40402" lon="2.01369">
        <ele>21.354692653861044</ele>
        <time>2026-09-09T18:11:47.984Z</time>
      </trkpt>
      <trkpt lat="41.40389" lon="2.01374">
        <ele>21.99686150030304</ele>
        <time>2026-09-09T18:12:04.094Z</time>
      </trkpt>
      <trkpt lat="41.40365" lon="2.01385">
        <ele>21.608314948949452</ele>
        <time>2026-09-09T18:12:20.204Z</time>
      </trkpt>
      <trkpt lat="41.40354" lon="2.0139">
        <ele>21.997150504627868</ele>
        <time>2026-09-09T18:12:36.313Z</time>
      </trkpt>
      <trkpt lat="41.40343" lon="2.01396">
        <ele>21.798232670880772</ele>
        <time>2026-09-09T18:12:52.423Z</time>
      </trkpt>
      <trkpt lat="41.4032" lon="2.01406">
        <ele>21.8653562249551</ele>
        <time>2026-09-09T18:13:08.533Z</time>
      </trkpt>
      <trkpt lat="41.40318" lon="2.01407">
        <ele>21.845392156074695</ele>
        <time>2026-09-09T18:13:24.643Z</time>
      </trkpt>
      <trkpt lat="41.40294" lon="2.0142">
        <ele>21.372989039806853</ele>
        <time>2026-09-09T18:13:40.753Z</time>
      </trkpt>
      <trkpt lat="41.40273" lon="2.01431">
        <ele>21.204955445509093</ele>
        <time>2026-09-09T18:13:56.863Z</time>
      </trkpt>
      <trkpt lat="41.40272" lon="2.01432">
        <ele>21.148357503378474</ele>
        <time>2026-09-09T18:14:12.973Z</time>
      </trkpt>
      <trkpt lat="41.40256" lon="2.01441">
        <ele>21.365427825141847</ele>
        <time>2026-09-09T18:14:29.082Z</time>
      </trkpt>
      <trkpt lat="41.40242" lon="2.01449">
        <ele>20.976488041320046</ele>
        <time>2026-09-09T18:14:45.193Z</time>
      </trkpt>
      <trkpt lat="41.40233" lon="2.01454">
        <ele>20.98109680485212</ele>
        <time>2026-09-09T18:15:01.303Z</time>
      </trkpt>
      <trkpt lat="41.40208" lon="2.01468">
        <ele>20.807126762533112</ele>
        <time>2026-09-09T18:15:17.412Z</time>
      </trkpt>
      <trkpt lat="41.40205" lon="2.01469">
        <ele>20.90216821350568</ele>
        <time>2026-09-09T18:15:33.522Z</time>
      </trkpt>
      <trkpt lat="41.4019" lon="2.01476">
        <ele>21.10464909188396</ele>
        <time>2026-09-09T18:15:49.632Z</time>
      </trkpt>
      <trkpt lat="41.40188" lon="2.01477">
        <ele>21.10511945229052</ele>
        <time>2026-09-09T18:16:05.742Z</time>
      </trkpt>
      <trkpt lat="41.40177" lon="2.01483">
        <ele>20.848814937160338</ele>
        <time>2026-09-09T18:16:21.852Z</time>
      </trkpt>
      <trkpt lat="41.40156" lon="2.01492">
        <ele>21.06933822087943</ele>
        <time>2026-09-09T18:16:37.962Z</time>
      </trkpt>
      <trkpt lat="41.40151" lon="2.01494">
        <ele>21.072605938289918</ele>
        <time>2026-09-09T18:16:54.072Z</time>
      </trkpt>
      <trkpt lat="41.40144" lon="2.01499">
        <ele>20.904930755209456</ele>
        <time>2026-09-09T18:17:10.181Z</time>
      </trkpt>
      <trkpt lat="41.40138" lon="2.01503">
        <ele>20.90209874753175</ele>
        <time>2026-09-09T18:17:26.292Z</time>
      </trkpt>
      <trkpt lat="41.40124" lon="2.01513">
        <ele>21.037611924887884</ele>
        <time>2026-09-09T18:17:42.402Z</time>
      </trkpt>
      <trkpt lat="41.4012" lon="2.01517">
        <ele>20.714365409312208</ele>
        <time>2026-09-09T18:17:58.511Z</time>
      </trkpt>
      <trkpt lat="41.40118" lon="2.01518">
        <ele>20.693029974915206</ele>
        <time>2026-09-09T18:18:14.621Z</time>
      </trkpt>
      <trkpt lat="41.40108" lon="2.01525">
        <ele>20.766877105987376</ele>
        <time>2026-09-09T18:18:30.731Z</time>
      </trkpt>
      <trkpt lat="41.40094" lon="2.01532">
        <ele>20.879543231360937</ele>
        <time>2026-09-09T18:18:46.841Z</time>
      </trkpt>
      <trkpt lat="41.40089" lon="2.01535">
        <ele>20.75986336857696</ele>
        <time>2026-09-09T18:19:02.951Z</time>
      </trkpt>
      <trkpt lat="41.40073" lon="2.01545">
        <ele>20.95016205734826</ele>
        <time>2026-09-09T18:19:19.061Z</time>
      </trkpt>
      <trkpt lat="41.40058" lon="2.01554">
        <ele>20.61245541777776</ele>
        <time>2026-09-09T18:19:35.170Z</time>
      </trkpt>
      <trkpt lat="41.40057" lon="2.01555">
        <ele>20.58512288823631</ele>
        <time>2026-09-09T18:19:51.280Z</time>
      </trkpt>
      <trkpt lat="41.40056" lon="2.01555">
        <ele>20.628938713280064</ele>
        <time>2026-09-09T18:20:07.390Z</time>
      </trkpt>
      <trkpt lat="41.40054" lon="2.01556">
        <ele>20.671152847278158</ele>
        <time>2026-09-09T18:20:23.501Z</time>
      </trkpt>
      <trkpt lat="41.40051" lon="2.01558">
        <ele>20.76965966560807</ele>
        <time>2026-09-09T18:20:39.610Z</time>
      </trkpt>
      <trkpt lat="41.40048" lon="2.01563">
        <ele>20.636585937019994</ele>
        <time>2026-09-09T18:20:55.720Z</time>
      </trkpt>
      <trkpt lat="41.40041" lon="2.01569">
        <ele>19.99282470411222</ele>
        <time>2026-09-09T18:21:11.830Z</time>
      </trkpt>
      <trkpt lat="41.40029" lon="2.01578">
        <ele>19.936560228707563</ele>
        <time>2026-09-09T18:21:27.939Z</time>
      </trkpt>
      <trkpt lat="41.40026" lon="2.0158">
        <ele>20.177336295192468</ele>
        <time>2026-09-09T18:21:44.050Z</time>
      </trkpt>
      <trkpt lat="41.40003" lon="2.01595">
        <ele>19.629229124154037</ele>
        <time>2026-09-09T18:22:00.160Z</time>
      </trkpt>
      <trkpt lat="41.39962" lon="2.01622">
        <ele>19.14471298865687</ele>
        <time>2026-09-09T18:22:16.269Z</time>
      </trkpt>
      <trkpt lat="41.39961" lon="2.01622">
        <ele>19.221012691079615</ele>
        <time>2026-09-09T18:22:32.379Z</time>
      </trkpt>
      <trkpt lat="41.39956" lon="2.01626">
        <ele>18.945320228206082</ele>
        <time>2026-09-09T18:22:48.489Z</time>
      </trkpt>
      <trkpt lat="41.39945" lon="2.01632">
        <ele>19.53783945681226</ele>
        <time>2026-09-09T18:23:04.599Z</time>
      </trkpt>
      <trkpt lat="41.39929" lon="2.01642">
        <ele>18.907592358115288</ele>
        <time>2026-09-09T18:23:20.709Z</time>
      </trkpt>
      <trkpt lat="41.39918" lon="2.01648">
        <ele>19.267732997122238</ele>
        <time>2026-09-09T18:23:36.819Z</time>
      </trkpt>
      <trkpt lat="41.39911" lon="2.01654">
        <ele>18.978270607729606</ele>
        <time>2026-09-09T18:23:52.929Z</time>
      </trkpt>
      <trkpt lat="41.39903" lon="2.0166">
        <ele>18.45311770464667</ele>
        <time>2026-09-09T18:24:09.038Z</time>
      </trkpt>
      <trkpt lat="41.39897" lon="2.01665">
        <ele>18.514055856843378</ele>
        <time>2026-09-09T18:24:25.149Z</time>
      </trkpt>
      <trkpt lat="41.39892" lon="2.0167">
        <ele>18.35532798662714</ele>
        <time>2026-09-09T18:24:41.259Z</time>
      </trkpt>
      <trkpt lat="41.39882" lon="2.01677">
        <ele>17.851453915198807</ele>
        <time>2026-09-09T18:24:57.368Z</time>
      </trkpt>
      <trkpt lat="41.39868" lon="2.01686">
        <ele>18.401469127866058</ele>
        <time>2026-09-09T18:25:13.479Z</time>
      </trkpt>
      <trkpt lat="41.39866" lon="2.01688">
        <ele>18.199223996581146</ele>
        <time>2026-09-09T18:25:29.588Z</time>
      </trkpt>
      <trkpt lat="41.3985" lon="2.01698">
        <ele>17.884243369891628</ele>
        <time>2026-09-09T18:25:45.698Z</time>
      </trkpt>
      <trkpt lat="41.39835" lon="2.01708">
        <ele>17.943186422880295</ele>
        <time>2026-09-09T18:26:01.809Z</time>
      </trkpt>
      <trkpt lat="41.39833" lon="2.01709">
        <ele>17.91593693625251</ele>
        <time>2026-09-09T18:26:17.919Z</time>
      </trkpt>
      <trkpt lat="41.39831" lon="2.0171">
        <ele>17.873872418808055</ele>
        <time>2026-09-09T18:26:34.028Z</time>
      </trkpt>
      <trkpt lat="41.39808" lon="2.01725">
        <ele>17.826350540453735</ele>
        <time>2026-09-09T18:26:50.138Z</time>
      </trkpt>
      <trkpt lat="41.39751" lon="2.01758">
        <ele>18.75264803148023</ele>
        <time>2026-09-09T18:27:06.248Z</time>
      </trkpt>
      <trkpt lat="41.39745" lon="2.01762">
        <ele>18.39668717960626</ele>
        <time>2026-09-09T18:27:22.358Z</time>
      </trkpt>
      <trkpt lat="41.397199" lon="2.017736">
        <ele>18.99538690131509</ele>
        <time>2026-09-09T18:27:58.148Z</time>
      </trkpt>
      <trkpt lat="41.397029" lon="2.017828">
        <ele>19.02163427800373</ele>
        <time>2026-09-09T18:28:22.866Z</time>
      </trkpt>
      <trkpt lat="41.396892" lon="2.01734">
        <ele>19.68015184423939</ele>
        <time>2026-09-09T18:29:15.525Z</time>
      </trkpt>
      <trkpt lat="41.396786" lon="2.016723">
        <ele>22.141745430278668</ele>
        <time>2026-09-09T18:30:19.495Z</time>
      </trkpt>
      <trkpt lat="41.396713" lon="2.016377">
        <ele>22.795193467201308</ele>
        <time>2026-09-09T18:30:55.820Z</time>
      </trkpt>
      <trkpt lat="41.396683" lon="2.016195">
        <ele>22.585082804805488</ele>
        <time>2026-09-09T18:31:14.651Z</time>
      </trkpt>
      <trkpt lat="41.396606" lon="2.015819">
        <ele>23.405832861915357</ele>
        <time>2026-09-09T18:31:54.041Z</time>
      </trkpt>
      <trkpt lat="41.396528" lon="2.015659">
        <ele>20.888669920302142</ele>
        <time>2026-09-09T18:32:13.326Z</time>
      </trkpt>
      <trkpt lat="41.396468" lon="2.015514">
        <ele>20.76393537393786</ele>
        <time>2026-09-09T18:32:30.062Z</time>
      </trkpt>
      <trkpt lat="41.396422" lon="2.015456">
        <ele>20.69223273582304</ele>
        <time>2026-09-09T18:32:38.592Z</time>
      </trkpt>
      <trkpt lat="41.396413" lon="2.015227">
        <ele>20.778644283782633</ele>
        <time>2026-09-09T18:33:01.766Z</time>
      </trkpt>
      <trkpt lat="41.396424" lon="2.01487">
        <ele>20.702748438742837</ele>
        <time>2026-09-09T18:33:37.876Z</time>
      </trkpt>
      <trkpt lat="41.396536" lon="2.013945">
        <ele>20.661650454203198</ele>
        <time>2026-09-09T18:35:12.570Z</time>
      </trkpt>
      <trkpt lat="41.39652" lon="2.013641">
        <ele>20.550190463472557</ele>
        <time>2026-09-09T18:35:43.369Z</time>
      </trkpt>
      <trkpt lat="41.396405" lon="2.012368">
        <ele>21.163946775491937</ele>
        <time>2026-09-09T18:37:52.952Z</time>
      </trkpt>
      <trkpt lat="41.396345" lon="2.012045">
        <ele>22.124211362241212</ele>
        <time>2026-09-09T18:38:26.582Z</time>
      </trkpt>
      <trkpt lat="41.396342" lon="2.011938">
        <ele>22.232535835476636</ele>
        <time>2026-09-09T18:38:37.402Z</time>
      </trkpt>
      <trkpt lat="41.396368" lon="2.011829">
        <ele>22.340043069480227</ele>
        <time>2026-09-09T18:38:48.961Z</time>
      </trkpt>
      <trkpt lat="41.39636" lon="2.011789">
        <ele>22.359518800918853</ele>
        <time>2026-09-09T18:38:53.145Z</time>
      </trkpt>
      <trkpt lat="41.396433" lon="2.015693">
        <ele>21.180176307128697</ele>
        <time>2026-09-09T18:41:16.424Z</time>
      </trkpt>
      <trkpt lat="41.395765" lon="2.016005">
        <ele>20.833780944582085</ele>
        <time>2026-09-09T18:41:35.859Z</time>
      </trkpt>
      <trkpt lat="41.394294" lon="2.016581">
        <ele>21.151604771262324</ele>
        <time>2026-09-09T18:42:17.957Z</time>
      </trkpt>
      <trkpt lat="41.393498" lon="2.016871">
        <ele>20.63262195946049</ele>
        <time>2026-09-09T18:42:40.614Z</time>
      </trkpt>
      <trkpt lat="41.392888" lon="2.017127">
        <ele>20.690368417673653</ele>
        <time>2026-09-09T18:42:58.174Z</time>
      </trkpt>
      <trkpt lat="41.392373" lon="2.017373">
        <ele>20.40984903843596</ele>
        <time>2026-09-09T18:43:13.195Z</time>
      </trkpt>
      <trkpt lat="41.391658" lon="2.017682">
        <ele>20.56790858647456</ele>
        <time>2026-09-09T18:43:33.834Z</time>
      </trkpt>
      <trkpt lat="41.390783" lon="2.017898">
        <ele>20.143949250435774</ele>
        <time>2026-09-09T18:43:58.267Z</time>
      </trkpt>
      <trkpt lat="41.390123" lon="2.018078">
        <ele>19.97394130047853</ele>
        <time>2026-09-09T18:44:16.765Z</time>
      </trkpt>
      <trkpt lat="41.389801" lon="2.018191">
        <ele>19.924137206500607</ele>
        <time>2026-09-09T18:44:25.907Z</time>
      </trkpt>
      <trkpt lat="41.389544" lon="2.018188">
        <ele>19.821676787732684</ele>
        <time>2026-09-09T18:44:32.964Z</time>
      </trkpt>
      <trkpt lat="41.38935" lon="2.018228">
        <ele>22.191510437939172</ele>
        <time>2026-09-09T18:44:38.353Z</time>
      </trkpt>
      <trkpt lat="41.389223" lon="2.018232">
        <ele>22.760256338745457</ele>
        <time>2026-09-09T18:44:41.841Z</time>
      </trkpt>
      <trkpt lat="41.389084" lon="2.018378">
        <ele>19.856004033254727</ele>
        <time>2026-09-09T18:44:46.700Z</time>
      </trkpt>
      <trkpt lat="41.388978" lon="2.018632">
        <ele>19.67287559128288</ele>
        <time>2026-09-09T18:44:52.687Z</time>
      </trkpt>
      <trkpt lat="41.388817" lon="2.018771">
        <ele>19.67836993168862</ele>
        <time>2026-09-09T18:44:57.954Z</time>
      </trkpt>
      <trkpt lat="41.388328" lon="2.019154">
        <ele>19.86282575733946</ele>
        <time>2026-09-09T18:45:13.528Z</time>
      </trkpt>
      <trkpt lat="41.387954" lon="2.019498">
        <ele>19.78000811615459</ele>
        <time>2026-09-09T18:45:26.005Z</time>
      </trkpt>
      <trkpt lat="41.387708" lon="2.01966">
        <ele>19.428997452481774</ele>
        <time>2026-09-09T18:45:33.539Z</time>
      </trkpt>
      <trkpt lat="41.387625" lon="2.019662">
        <ele>19.044968717877154</ele>
        <time>2026-09-09T18:45:35.817Z</time>
      </trkpt>
      <trkpt lat="41.387484" lon="2.020057">
        <ele>18.242104070757637</ele>
        <time>2026-09-09T18:45:44.828Z</time>
      </trkpt>
      <trkpt lat="41.387539" lon="2.020363">
        <ele>22.48696462793728</ele>
        <time>2026-09-09T18:45:51.310Z</time>
      </trkpt>
      <trkpt lat="41.387595" lon="2.020669">
        <ele>18.38874484202795</ele>
        <time>2026-09-09T18:45:57.798Z</time>
      </trkpt>
      <trkpt lat="41.38765" lon="2.020976">
        <ele>14.890031416483987</ele>
        <time>2026-09-09T18:46:04.301Z</time>
      </trkpt>
      <trkpt lat="41.387672" lon="2.021146">
        <ele>15.413084969994255</ele>
        <time>2026-09-09T18:46:07.854Z</time>
      </trkpt>
      <trkpt lat="41.387596" lon="2.021093">
        <ele>14.551657629492903</ele>
        <time>2026-09-09T18:46:10.207Z</time>
      </trkpt>
      <trkpt lat="41.387435" lon="2.021163">
        <ele>16.796032104941876</ele>
        <time>2026-09-09T18:46:14.857Z</time>
      </trkpt>
      <trkpt lat="41.387366" lon="2.021227">
        <ele>17.967525428872914</ele>
        <time>2026-09-09T18:46:17.165Z</time>
      </trkpt>
      <trkpt lat="41.387307" lon="2.021181">
        <ele>18.228160756255598</ele>
        <time>2026-09-09T18:46:19.042Z</time>
      </trkpt>
      <trkpt lat="41.387146" lon="2.021189">
        <ele>18.872969194728554</ele>
        <time>2026-09-09T18:46:23.465Z</time>
      </trkpt>
      <trkpt lat="41.386916" lon="2.021189">
        <ele>19.436709377352738</ele>
        <time>2026-09-09T18:46:29.781Z</time>
      </trkpt>
      <trkpt lat="41.386169" lon="2.021702">
        <ele>18.919384830672943</ele>
        <time>2026-09-09T18:46:52.854Z</time>
      </trkpt>
      <trkpt lat="41.385663" lon="2.022008">
        <ele>19.101784789052743</ele>
        <time>2026-09-09T18:47:08.111Z</time>
      </trkpt>
      <trkpt lat="41.385014" lon="2.02278">
        <ele>19.64828064444012</ele>
        <time>2026-09-09T18:47:31.996Z</time>
      </trkpt>
      <trkpt lat="41.384406" lon="2.023215">
        <ele>19.660985365512783</ele>
        <time>2026-09-09T18:47:50.944Z</time>
      </trkpt>
      <trkpt lat="41.382808" lon="2.024196">
        <ele>19.34260545614319</ele>
        <time>2026-09-09T18:48:39.253Z</time>
      </trkpt>
      <trkpt lat="41.382317" lon="2.024452">
        <ele>17.463691969449073</ele>
        <time>2026-09-09T18:48:53.729Z</time>
      </trkpt>
      <trkpt lat="41.382327" lon="2.025163">
        <ele>16.28059792458429</ele>
        <time>2026-09-09T18:49:08.379Z</time>
      </trkpt>
      <trkpt lat="41.381844" lon="2.025388">
        <ele>18.465880584386284</ele>
        <time>2026-09-09T18:49:22.428Z</time>
      </trkpt>
      <trkpt lat="41.381142" lon="2.025709">
        <ele>18.37590130321307</ele>
        <time>2026-09-09T18:49:42.806Z</time>
      </trkpt>
      <trkpt lat="41.379677" lon="2.026546">
        <ele>17.403311024876324</ele>
        <time>2026-09-09T18:50:26.573Z</time>
      </trkpt>
      <trkpt lat="41.379427" lon="2.02673">
        <ele>15.884889085892915</ele>
        <time>2026-09-09T18:50:34.414Z</time>
      </trkpt>
      <trkpt lat="41.379123" lon="2.0269">
        <ele>14.64793009603051</ele>
        <time>2026-09-09T18:50:43.466Z</time>
      </trkpt>
      <trkpt lat="41.378434" lon="2.027252">
        <ele>17.312459709912698</ele>
        <time>2026-09-09T18:51:03.726Z</time>
      </trkpt>
      <trkpt lat="41.377985" lon="2.027564">
        <ele>17.356955942060427</ele>
        <time>2026-09-09T18:51:17.630Z</time>
      </trkpt>
      <trkpt lat="41.37776" lon="2.02772">
        <ele>17.316591064104337</ele>
        <time>2026-09-09T18:51:24.594Z</time>
      </trkpt>
      <trkpt lat="41.377335" lon="2.028027">
        <ele>17.396811239013765</ele>
        <time>2026-09-09T18:51:37.867Z</time>
      </trkpt>
      <trkpt lat="41.37681" lon="2.028349">
        <ele>17.04309368333361</ele>
        <time>2026-09-09T18:51:53.737Z</time>
      </trkpt>
      <trkpt lat="41.376129" lon="2.028882">
        <ele>16.932974670587644</ele>
        <time>2026-09-09T18:52:15.423Z</time>
      </trkpt>
      <trkpt lat="41.374658" lon="2.03013">
        <ele>16.382976607092537</ele>
        <time>2026-09-09T18:53:03.304Z</time>
      </trkpt>
      <trkpt lat="41.374098" lon="2.030607">
        <ele>13.791432600440114</ele>
        <time>2026-09-09T18:53:21.553Z</time>
      </trkpt>
      <trkpt lat="41.373949" lon="2.030758">
        <ele>14.810047148685184</ele>
        <time>2026-09-09T18:53:26.693Z</time>
      </trkpt>
      <trkpt lat="41.373534" lon="2.031065">
        <ele>15.692327504631782</ele>
        <time>2026-09-09T18:53:39.726Z</time>
      </trkpt>
      <trkpt lat="41.372647" lon="2.031817">
        <ele>16.76733537942255</ele>
        <time>2026-09-09T18:54:08.593Z</time>
      </trkpt>
      <trkpt lat="41.371644" lon="2.032648">
        <ele>16.89545889528153</ele>
        <time>2026-09-09T18:54:41.022Z</time>
      </trkpt>
      <trkpt lat="41.37078735662991" lon="2.033423356042997">
        <ele>16.189964314544643</ele>
        <time>2026-09-09T18:55:09.457Z</time>
      </trkpt>
      <trkpt lat="41.370548" lon="2.03364">
        <ele>16.405751185105554</ele>
        <time>2026-09-09T18:55:17.401Z</time>
      </trkpt>
      <trkpt lat="41.369996" lon="2.034208">
        <ele>15.591754906525713</ele>
        <time>2026-09-09T18:55:36.551Z</time>
      </trkpt>
      <trkpt lat="41.36979" lon="2.03443">
        <ele>14.884796940087574</ele>
        <time>2026-09-09T18:55:43.826Z</time>
      </trkpt>
      <trkpt lat="41.369669" lon="2.034588">
        <ele>15.219059736477996</ele>
        <time>2026-09-09T18:55:48.477Z</time>
      </trkpt>
      <trkpt lat="41.369519" lon="2.034728">
        <ele>15.666123866300659</ele>
        <time>2026-09-09T18:55:53.505Z</time>
      </trkpt>
      <trkpt lat="41.369041" lon="2.035266">
        <ele>16.089693999750676</ele>
        <time>2026-09-09T18:56:10.685Z</time>
      </trkpt>
      <trkpt lat="41.368087" lon="2.036442">
        <ele>15.319530594858088</ele>
        <time>2026-09-09T18:56:46.370Z</time>
      </trkpt>
      <trkpt lat="41.367137" lon="2.037793">
        <ele>15.083742730420422</ele>
        <time>2026-09-09T18:57:24.521Z</time>
      </trkpt>
      <trkpt lat="41.366205" lon="2.039254">
        <ele>15.139799682856083</ele>
        <time>2026-09-09T18:58:04.035Z</time>
      </trkpt>
      <trkpt lat="41.365013" lon="2.04107">
        <ele>13.98970699005335</ele>
        <time>2026-09-09T18:58:53.751Z</time>
      </trkpt>
      <trkpt lat="41.364751" lon="2.041403">
        <ele>15.547348274768414</ele>
        <time>2026-09-09T18:59:03.694Z</time>
      </trkpt>
      <trkpt lat="41.364098" lon="2.042386">
        <ele>14.916756683941031</ele>
        <time>2026-09-09T18:59:30.745Z</time>
      </trkpt>
      <trkpt lat="41.363361" lon="2.043412">
        <ele>14.377236729150962</ele>
        <time>2026-09-09T19:00:00.014Z</time>
      </trkpt>
      <trkpt lat="41.362602" lon="2.044309">
        <ele>13.813271231272035</ele>
        <time>2026-09-09T19:00:27.871Z</time>
      </trkpt>
      <trkpt lat="41.361822" lon="2.045263">
        <ele>12.720357373811064</ele>
        <time>2026-09-09T19:00:56.943Z</time>
      </trkpt>
      <trkpt lat="41.361727" lon="2.045348">
        <ele>12.302606109920593</ele>
        <time>2026-09-09T19:01:00.085Z</time>
      </trkpt>
      <trkpt lat="41.361476" lon="2.045502">
        <ele>11.925197710496887</ele>
        <time>2026-09-09T19:01:07.671Z</time>
      </trkpt>
      <trkpt lat="41.3613" lon="2.045544">
        <ele>11.746359756364336</ele>
        <time>2026-09-09T19:01:12.581Z</time>
      </trkpt>
      <trkpt lat="41.361288" lon="2.045651">
        <ele>11.851593552872277</ele>
        <time>2026-09-09T19:01:14.811Z</time>
      </trkpt>
      <trkpt lat="41.361293" lon="2.04571">
        <ele>11.917192449913077</ele>
        <time>2026-09-09T19:01:16.034Z</time>
      </trkpt>
      <trkpt lat="41.361543" lon="2.047312">
        <ele>12.07195553840082</ele>
        <time>2026-09-09T19:01:49.755Z</time>
      </trkpt>
      <trkpt lat="41.361434" lon="2.047442">
        <ele>11.413963386678107</ele>
        <time>2026-09-09T19:01:53.772Z</time>
      </trkpt>
      <trkpt lat="41.3609" lon="2.047499">
        <ele>11.036507766175012</ele>
        <time>2026-09-09T19:02:08.481Z</time>
      </trkpt>
      <trkpt lat="41.360443" lon="2.047496">
        <ele>10.734862255670555</ele>
        <time>2026-09-09T19:02:21.029Z</time>
      </trkpt>
      <trkpt lat="41.36036" lon="2.047484">
        <ele>10.666427392742138</ele>
        <time>2026-09-09T19:02:23.321Z</time>
      </trkpt>
      <trkpt lat="41.360008" lon="2.047368">
        <ele>10.851478427097083</ele>
        <time>2026-09-09T19:02:33.277Z</time>
      </trkpt>
      <trkpt lat="41.359861" lon="2.04733">
        <ele>10.627364958677532</ele>
        <time>2026-09-09T19:02:37.388Z</time>
      </trkpt>
      <trkpt lat="41.359719" lon="2.047312">
        <ele>10.188693308408048</ele>
        <time>2026-09-09T19:02:41.304Z</time>
      </trkpt>
      <trkpt lat="41.359534" lon="2.047327">
        <ele>9.360935181638109</ele>
        <time>2026-09-09T19:02:46.393Z</time>
      </trkpt>
      <trkpt lat="41.358201" lon="2.04722">
        <ele>9.537120110697872</ele>
        <time>2026-09-09T19:03:23.061Z</time>
      </trkpt>
      <trkpt lat="41.357615" lon="2.046988">
        <ele>9.06296657313556</ele>
        <time>2026-09-09T19:03:39.846Z</time>
      </trkpt>
      <trkpt lat="41.357331" lon="2.046856">
        <ele>8.804166829892406</ele>
        <time>2026-09-09T19:03:48.106Z</time>
      </trkpt>
      <trkpt lat="41.356679" lon="2.046371">
        <ele>9.101576834712334</ele>
        <time>2026-09-09T19:04:08.610Z</time>
      </trkpt>
      <trkpt lat="41.356352" lon="2.046035">
        <ele>9.65429650122412</ele>
        <time>2026-09-09T19:04:19.948Z</time>
      </trkpt>
      <trkpt lat="41.355395" lon="2.045352">
        <ele>9.800071734747618</ele>
        <time>2026-09-09T19:04:49.759Z</time>
      </trkpt>
      <trkpt lat="41.355073" lon="2.045277">
        <ele>8.979000175884874</ele>
        <time>2026-09-09T19:04:58.735Z</time>
      </trkpt>
      <trkpt lat="41.354946" lon="2.045175">
        <ele>10.495142277483366</ele>
        <time>2026-09-09T19:05:02.806Z</time>
      </trkpt>
      <trkpt lat="41.354478" lon="2.044952">
        <ele>10.859751311552838</ele>
        <time>2026-09-09T19:05:16.454Z</time>
      </trkpt>
      <trkpt lat="41.354215" lon="2.044826">
        <ele>10.976489264776484</ele>
        <time>2026-09-09T19:05:24.128Z</time>
      </trkpt>
      <trkpt lat="41.353881" lon="2.044735">
        <ele>10.90625108364555</ele>
        <time>2026-09-09T19:05:33.489Z</time>
      </trkpt>
      <trkpt lat="41.35371230184045" lon="2.0447099378133577">
        <ele>10.89480760266127</ele>
        <time>2026-09-09T19:05:38.149Z</time>
      </trkpt>
      <trkpt lat="41.353712" lon="2.04471">
        <ele>10.894221787997386</ele>
        <time>2026-09-09T19:05:38.157Z</time>
      </trkpt>
      <trkpt lat="41.352629" lon="2.044549">
        <ele>10.65245089061283</ele>
        <time>2026-09-09T19:06:08.078Z</time>
      </trkpt>
      <trkpt lat="41.351773" lon="2.044537">
        <ele>10.214028744160375</ele>
        <time>2026-09-09T19:06:31.584Z</time>
      </trkpt>
      <trkpt lat="41.350787" lon="2.044668">
        <ele>10.863083270492552</ele>
        <time>2026-09-09T19:06:58.792Z</time>
      </trkpt>
      <trkpt lat="41.350499" lon="2.044724">
        <ele>10.609236007706338</ele>
        <time>2026-09-09T19:07:06.782Z</time>
      </trkpt>
      <trkpt lat="41.350287" lon="2.044802">
        <ele>11.206119115990006</ele>
        <time>2026-09-09T19:07:12.822Z</time>
      </trkpt>
      <trkpt lat="41.350223" lon="2.044778">
        <ele>11.219742837363137</ele>
        <time>2026-09-09T19:07:14.647Z</time>
      </trkpt>
      <trkpt lat="41.350201" lon="2.044842">
        <ele>11.109130152432225</ele>
        <time>2026-09-09T19:07:16.097Z</time>
      </trkpt>
      <trkpt lat="41.350171" lon="2.044833">
        <ele>11.146067889863266</ele>
        <time>2026-09-09T19:07:16.942Z</time>
      </trkpt>
      <trkpt lat="41.350112" lon="2.044829">
        <ele>11.036133100606841</ele>
        <time>2026-09-09T19:07:18.563Z</time>
      </trkpt>
      <trkpt lat="41.350024" lon="2.044868">
        <ele>10.338855906556757</ele>
        <time>2026-09-09T19:07:21.110Z</time>
      </trkpt>
      <trkpt lat="41.349928" lon="2.044947">
        <ele>8.361035749382909</ele>
        <time>2026-09-09T19:07:24.207Z</time>
      </trkpt>
      <trkpt lat="41.349782" lon="2.044994">
        <ele>8.464598560425944</ele>
        <time>2026-09-09T19:07:28.331Z</time>
      </trkpt>
      <trkpt lat="41.349646" lon="2.045081">
        <ele>8.4679797340575</ele>
        <time>2026-09-09T19:07:32.473Z</time>
      </trkpt>
      <trkpt lat="41.349586" lon="2.045139">
        <ele>8.440987593903</ele>
        <time>2026-09-09T19:07:34.508Z</time>
      </trkpt>
      <trkpt lat="41.349321" lon="2.045296">
        <ele>8.331434277027501</ele>
        <time>2026-09-09T19:07:42.472Z</time>
      </trkpt>
      <trkpt lat="41.348688" lon="2.045812">
        <ele>7.669518588748648</ele>
        <time>2026-09-09T19:08:02.848Z</time>
      </trkpt>
      <trkpt lat="41.348629" lon="2.045916">
        <ele>7.720851426628706</ele>
        <time>2026-09-09T19:08:05.534Z</time>
      </trkpt>
      <trkpt lat="41.348476" lon="2.045999">
        <ele>8.094991361761373</ele>
        <time>2026-09-09T19:08:10.071Z</time>
      </trkpt>
      <trkpt lat="41.348315" lon="2.046289">
        <ele>8.148696474402632</ele>
        <time>2026-09-09T19:08:17.505Z</time>
      </trkpt>
      <trkpt lat="41.348048" lon="2.046665">
        <ele>7.786339698137741</ele>
        <time>2026-09-09T19:08:28.173Z</time>
      </trkpt>
      <trkpt lat="41.347608" lon="2.047286">
        <ele>7.852056127366684</ele>
        <time>2026-09-09T19:08:45.775Z</time>
      </trkpt>
      <trkpt lat="41.347538" lon="2.047311">
        <ele>8.361285640250133</ele>
        <time>2026-09-09T19:08:47.765Z</time>
      </trkpt>
      <trkpt lat="41.347497" lon="2.0473">
        <ele>9.133998549680177</ele>
        <time>2026-09-09T19:08:48.912Z</time>
      </trkpt>
      <trkpt lat="41.347474" lon="2.047265">
        <ele>9.956006077652015</ele>
        <time>2026-09-09T19:08:49.871Z</time>
      </trkpt>
      <trkpt lat="41.347476" lon="2.047183">
        <ele>11.086738106630504</ele>
        <time>2026-09-09T19:08:51.561Z</time>
      </trkpt>
      <trkpt lat="41.347544" lon="2.047021">
        <ele>11.367980062342737</ele>
        <time>2026-09-09T19:08:55.387Z</time>
      </trkpt>
      <trkpt lat="41.347669" lon="2.046776">
        <ele>11.986078842199865</ele>
        <time>2026-09-09T19:09:01.493Z</time>
      </trkpt>
      <trkpt lat="41.347818" lon="2.04652">
        <ele>12.781585899097712</ele>
        <time>2026-09-09T19:09:08.169Z</time>
      </trkpt>
      <trkpt lat="41.348009" lon="2.04623">
        <ele>11.87707718695742</ele>
        <time>2026-09-09T19:09:16.121Z</time>
      </trkpt>
      <trkpt lat="41.348031" lon="2.046197">
        <ele>11.826122574945387</ele>
        <time>2026-09-09T19:09:17.030Z</time>
      </trkpt>
      <trkpt lat="41.347878" lon="2.046018">
        <ele>12.280187576640516</ele>
        <time>2026-09-09T19:09:22.621Z</time>
      </trkpt>
      <trkpt lat="41.347871" lon="2.046002">
        <ele>12.426161122742318</ele>
        <time>2026-09-09T19:09:23.003Z</time>
      </trkpt>
      <trkpt lat="41.347835" lon="2.045919">
        <ele>12.926647545165196</ele>
        <time>2026-09-09T19:09:24.978Z</time>
      </trkpt>
      <trkpt lat="41.347825" lon="2.045893">
        <ele>12.989752709103808</ele>
        <time>2026-09-09T19:09:25.580Z</time>
      </trkpt>
      <trkpt lat="41.347869" lon="2.045801">
        <ele>13.270289492042131</ele>
        <time>2026-09-09T19:09:27.828Z</time>
      </trkpt>
      <trkpt lat="41.347858" lon="2.045792">
        <ele>13.420350179537708</ele>
        <time>2026-09-09T19:09:28.183Z</time>
      </trkpt>
      <trkpt lat="41.347808" lon="2.045752">
        <ele>14.497097440969675</ele>
        <time>2026-09-09T19:09:29.784Z</time>
      </trkpt>
      <trkpt lat="41.347792" lon="2.045738">
        <ele>15.146667266948645</ele>
        <time>2026-09-09T19:09:30.309Z</time>
      </trkpt>
      <trkpt lat="41.347883" lon="2.045539">
        <ele>16.4848246774982</ele>
        <time>2026-09-09T19:09:35.111Z</time>
      </trkpt>
      <trkpt lat="41.347921" lon="2.045436">
        <ele>15.814914317063412</ele>
        <time>2026-09-09T19:09:37.476Z</time>
      </trkpt>
      <trkpt lat="41.347972" lon="2.045251">
        <ele>17.07674954286867</ele>
        <time>2026-09-09T19:09:41.539Z</time>
      </trkpt>
      <trkpt lat="41.34799" lon="2.045149">
        <ele>18.294659852794915</ele>
        <time>2026-09-09T19:09:43.698Z</time>
      </trkpt>
      <trkpt lat="41.348023" lon="2.044595">
        <ele>18.157600897632612</ele>
        <time>2026-09-09T19:09:55.153Z</time>
      </trkpt>
      <trkpt lat="41.348032" lon="2.044276">
        <ele>17.31839528945033</ele>
        <time>2026-09-09T19:10:01.733Z</time>
      </trkpt>
      <trkpt lat="41.348027" lon="2.044213">
        <ele>16.714239095606878</ele>
        <time>2026-09-09T19:10:03.039Z</time>
      </trkpt>
      <trkpt lat="41.347986" lon="2.044088">
        <ele>16.378854625359878</ele>
        <time>2026-09-09T19:10:05.850Z</time>
      </trkpt>
      <trkpt lat="41.347794" lon="2.043708">
        <ele>14.593219162140842</ele>
        <time>2026-09-09T19:10:15.291Z</time>
      </trkpt>
      <trkpt lat="41.347766" lon="2.043665">
        <ele>14.484210017318675</ele>
        <time>2026-09-09T19:10:16.464Z</time>
      </trkpt>
      <trkpt lat="41.34768" lon="2.04359">
        <ele>14.269855433490854</ele>
        <time>2026-09-09T19:10:19.287Z</time>
      </trkpt>
      <trkpt lat="41.347753" lon="2.043441">
        <ele>13.333871509289837</ele>
        <time>2026-09-09T19:10:22.954Z</time>
      </trkpt>
      <trkpt lat="41.347479" lon="2.043218">
        <ele>13.350750684144788</ele>
        <time>2026-09-09T19:10:31.769Z</time>
      </trkpt>
      <trkpt lat="41.347499" lon="2.043175">
        <ele>13.355069790830147</ele>
        <time>2026-09-09T19:10:32.812Z</time>
      </trkpt>
      <trkpt lat="41.347499" lon="2.043175">
        <ele>13.355069790830147</ele>
        <time>2026-09-09T19:10:32.812Z</time>
      </trkpt>
      <trkpt lat="41.347499" lon="2.043175">
        <ele>13.355069790830147</ele>
        <time>2026-09-09T19:10:32.812Z</time>
      </trkpt>
      <trkpt lat="41.347479" lon="2.043218">
        <ele>13.350750684144788</ele>
        <time>2026-09-09T19:10:33.854Z</time>
      </trkpt>
      <trkpt lat="41.347753" lon="2.043441">
        <ele>13.333871509289837</ele>
        <time>2026-09-09T19:10:42.671Z</time>
      </trkpt>
      <trkpt lat="41.34768" lon="2.04359">
        <ele>14.269855433490854</ele>
        <time>2026-09-09T19:10:46.338Z</time>
      </trkpt>
      <trkpt lat="41.347766" lon="2.043665">
        <ele>14.484210017318675</ele>
        <time>2026-09-09T19:10:49.160Z</time>
      </trkpt>
      <trkpt lat="41.347794" lon="2.043708">
        <ele>14.593219162140842</ele>
        <time>2026-09-09T19:10:50.333Z</time>
      </trkpt>
      <trkpt lat="41.347986" lon="2.044088">
        <ele>16.378854625359878</ele>
        <time>2026-09-09T19:10:59.774Z</time>
      </trkpt>
      <trkpt lat="41.348027" lon="2.044213">
        <ele>16.714239095606878</ele>
        <time>2026-09-09T19:11:02.586Z</time>
      </trkpt>
      <trkpt lat="41.348032" lon="2.044276">
        <ele>17.31839528945033</ele>
        <time>2026-09-09T19:11:03.891Z</time>
      </trkpt>
      <trkpt lat="41.348023" lon="2.044595">
        <ele>18.157600897632612</ele>
        <time>2026-09-09T19:11:10.471Z</time>
      </trkpt>
      <trkpt lat="41.34799" lon="2.045149">
        <ele>18.294659852794915</ele>
        <time>2026-09-09T19:11:21.927Z</time>
      </trkpt>
      <trkpt lat="41.347972" lon="2.045251">
        <ele>17.07674954286867</ele>
        <time>2026-09-09T19:11:24.086Z</time>
      </trkpt>
      <trkpt lat="41.347921" lon="2.045436">
        <ele>15.814914317063412</ele>
        <time>2026-09-09T19:11:28.148Z</time>
      </trkpt>
      <trkpt lat="41.347883" lon="2.045539">
        <ele>16.4848246774982</ele>
        <time>2026-09-09T19:11:30.513Z</time>
      </trkpt>
      <trkpt lat="41.347792" lon="2.045738">
        <ele>15.146667266948645</ele>
        <time>2026-09-09T19:11:35.316Z</time>
      </trkpt>
      <trkpt lat="41.347808" lon="2.045752">
        <ele>14.497097440969675</ele>
        <time>2026-09-09T19:11:35.841Z</time>
      </trkpt>
      <trkpt lat="41.347858" lon="2.045792">
        <ele>13.420350179537708</ele>
        <time>2026-09-09T19:11:37.442Z</time>
      </trkpt>
      <trkpt lat="41.347869" lon="2.045801">
        <ele>13.270289492042131</ele>
        <time>2026-09-09T19:11:37.797Z</time>
      </trkpt>
      <trkpt lat="41.347825" lon="2.045893">
        <ele>12.989752709103808</ele>
        <time>2026-09-09T19:11:40.045Z</time>
      </trkpt>
      <trkpt lat="41.347835" lon="2.045919">
        <ele>12.926647545165196</ele>
        <time>2026-09-09T19:11:40.646Z</time>
      </trkpt>
      <trkpt lat="41.347871" lon="2.046002">
        <ele>12.426161122742318</ele>
        <time>2026-09-09T19:11:42.622Z</time>
      </trkpt>
      <trkpt lat="41.347878" lon="2.046018">
        <ele>12.280187576640516</ele>
        <time>2026-09-09T19:11:43.003Z</time>
      </trkpt>
      <trkpt lat="41.348031" lon="2.046197">
        <ele>11.826122574945387</ele>
        <time>2026-09-09T19:11:48.594Z</time>
      </trkpt>
      <trkpt lat="41.348009" lon="2.04623">
        <ele>11.87707718695742</ele>
        <time>2026-09-09T19:11:49.503Z</time>
      </trkpt>
      <trkpt lat="41.347863" lon="2.046452">
        <ele>12.39874029121647</ele>
        <time>2026-09-09T19:11:55.586Z</time>
      </trkpt>
      <trkpt lat="41.347669" lon="2.046776">
        <ele>11.986078842199865</ele>
        <time>2026-09-09T19:12:04.129Z</time>
      </trkpt>
      <trkpt lat="41.347544" lon="2.047021">
        <ele>11.367980062342737</ele>
        <time>2026-09-09T19:12:10.234Z</time>
      </trkpt>
      <trkpt lat="41.347476" lon="2.047183">
        <ele>11.086738106630504</ele>
        <time>2026-09-09T19:12:14.060Z</time>
      </trkpt>
      <trkpt lat="41.347474" lon="2.047265">
        <ele>9.956006077652015</ele>
        <time>2026-09-09T19:12:15.751Z</time>
      </trkpt>
      <trkpt lat="41.347497" lon="2.0473">
        <ele>9.133998549680177</ele>
        <time>2026-09-09T19:12:16.708Z</time>
      </trkpt>
      <trkpt lat="41.347538" lon="2.047311">
        <ele>8.361285640250133</ele>
        <time>2026-09-09T19:12:17.857Z</time>
      </trkpt>
      <trkpt lat="41.347608" lon="2.047286">
        <ele>7.852056127366684</ele>
        <time>2026-09-09T19:12:19.846Z</time>
      </trkpt>
      <trkpt lat="41.348315" lon="2.046289">
        <ele>8.148696474402632</ele>
        <time>2026-09-09T19:12:48.117Z</time>
      </trkpt>
      <trkpt lat="41.348476" lon="2.045999">
        <ele>8.094991361761373</ele>
        <time>2026-09-09T19:12:55.551Z</time>
      </trkpt>
      <trkpt lat="41.348629" lon="2.045916">
        <ele>7.720851426628706</ele>
        <time>2026-09-09T19:13:00.087Z</time>
      </trkpt>
      <trkpt lat="41.348688" lon="2.045812">
        <ele>7.669518588748648</ele>
        <time>2026-09-09T19:13:02.773Z</time>
      </trkpt>
      <trkpt lat="41.349321" lon="2.045296">
        <ele>8.331434277027501</ele>
        <time>2026-09-09T19:13:23.150Z</time>
      </trkpt>
      <trkpt lat="41.349586" lon="2.045139">
        <ele>8.440987593903</ele>
        <time>2026-09-09T19:13:31.113Z</time>
      </trkpt>
      <trkpt lat="41.349646" lon="2.045081">
        <ele>8.4679797340575</ele>
        <time>2026-09-09T19:13:33.148Z</time>
      </trkpt>
      <trkpt lat="41.349782" lon="2.044994">
        <ele>8.464598560425944</ele>
        <time>2026-09-09T19:13:37.291Z</time>
      </trkpt>
      <trkpt lat="41.349928" lon="2.044947">
        <ele>8.361035749382909</ele>
        <time>2026-09-09T19:13:41.415Z</time>
      </trkpt>
      <trkpt lat="41.350024" lon="2.044868">
        <ele>10.338855906556757</ele>
        <time>2026-09-09T19:13:44.513Z</time>
      </trkpt>
      <trkpt lat="41.350112" lon="2.044829">
        <ele>11.036133100606841</ele>
        <time>2026-09-09T19:13:47.059Z</time>
      </trkpt>
      <trkpt lat="41.350171" lon="2.044833">
        <ele>11.146067889863266</ele>
        <time>2026-09-09T19:13:48.680Z</time>
      </trkpt>
      <trkpt lat="41.350201" lon="2.044842">
        <ele>11.109130152432225</ele>
        <time>2026-09-09T19:13:49.524Z</time>
      </trkpt>
      <trkpt lat="41.350182" lon="2.045084">
        <ele>9.470875928496028</ele>
        <time>2026-09-09T19:13:54.540Z</time>
      </trkpt>
      <trkpt lat="41.350088" lon="2.045362">
        <ele>8.76276176075771</ele>
        <time>2026-09-09T19:14:00.824Z</time>
      </trkpt>
      <trkpt lat="41.350023" lon="2.045469">
        <ele>8.764668321952959</ele>
        <time>2026-09-09T19:14:03.661Z</time>
      </trkpt>
      <trkpt lat="41.349916" lon="2.045617">
        <ele>8.503370907849938</ele>
        <time>2026-09-09T19:14:07.896Z</time>
      </trkpt>
      <trkpt lat="41.34979" lon="2.045739">
        <ele>7.956083663038748</ele>
        <time>2026-09-09T19:14:12.173Z</time>
      </trkpt>
      <trkpt lat="41.349682" lon="2.04583">
        <ele>7.5296947892979915</ele>
        <time>2026-09-09T19:14:15.682Z</time>
      </trkpt>
      <trkpt lat="41.349633" lon="2.045941">
        <ele>6.980528015539093</ele>
        <time>2026-09-09T19:14:18.335Z</time>
      </trkpt>
      <trkpt lat="41.349625" lon="2.046063">
        <ele>6.2783897201234025</ele>
        <time>2026-09-09T19:14:20.859Z</time>
      </trkpt>
      <trkpt lat="41.349659" lon="2.046519">
        <ele>7.4496037814095555</ele>
        <time>2026-09-09T19:14:30.304Z</time>
      </trkpt>
      <trkpt lat="41.349668" lon="2.046846">
        <ele>9.091365188226375</ele>
        <time>2026-09-09T19:14:37.048Z</time>
      </trkpt>
      <trkpt lat="41.349676" lon="2.046919">
        <ele>9.413630560132098</ele>
        <time>2026-09-09T19:14:38.568Z</time>
      </trkpt>
      <trkpt lat="41.349702" lon="2.047027">
        <ele>9.96426842444435</ele>
        <time>2026-09-09T19:14:40.906Z</time>
      </trkpt>
      <trkpt lat="41.3498" lon="2.047179">
        <ele>11.91577044663369</ele>
        <time>2026-09-09T19:14:45.036Z</time>
      </trkpt>
      <trkpt lat="41.349753" lon="2.04727">
        <ele>12.288161650308552</ele>
        <time>2026-09-09T19:14:47.313Z</time>
      </trkpt>
      <trkpt lat="41.349454" lon="2.047605">
        <ele>12.403078367464499</ele>
        <time>2026-09-09T19:14:58.040Z</time>
      </trkpt>
      <trkpt lat="41.349418" lon="2.047679">
        <ele>12.599751886972165</ele>
        <time>2026-09-09T19:14:59.857Z</time>
      </trkpt>
      <trkpt lat="41.349371" lon="2.047643">
        <ele>11.854307642896117</ele>
        <time>2026-09-09T19:15:01.346Z</time>
      </trkpt>
      <trkpt lat="41.349249" lon="2.047636">
        <ele>10.901781906364874</ele>
        <time>2026-09-09T19:15:04.698Z</time>
      </trkpt>
      <trkpt lat="41.349095" lon="2.047728">
        <ele>10.699650055387316</ele>
        <time>2026-09-09T19:15:09.332Z</time>
      </trkpt>
      <trkpt lat="41.349090000000004" lon="2.04772">
        <ele>10.674821698132856</ele>
        <time>2026-09-09T19:15:09.546Z</time>
      </trkpt>
      <trkpt lat="41.34902" lon="2.0478">
        <ele>9.490721366267891</ele>
        <time>2026-09-09T19:15:12.079Z</time>
      </trkpt>
      <trkpt lat="41.34895" lon="2.04799">
        <ele>9.174557113838206</ele>
        <time>2026-09-09T19:15:16.441Z</time>
      </trkpt>
      <trkpt lat="41.34873" lon="2.0483900000000004">
        <ele>8.82970653276697</ele>
        <time>2026-09-09T19:15:26.662Z</time>
      </trkpt>
      <trkpt lat="41.348510000000005" lon="2.04895">
        <ele>8.812315890508886</ele>
        <time>2026-09-09T19:15:39.690Z</time>
      </trkpt>
      <trkpt lat="41.348400000000005" lon="2.04937">
        <ele>8.544503217343834</ele>
        <time>2026-09-09T19:15:48.859Z</time>
      </trkpt>
      <trkpt lat="41.3483" lon="2.04998">
        <ele>8.240805671370689</ele>
        <time>2026-09-09T19:16:01.729Z</time>
      </trkpt>
      <trkpt lat="41.34827000000001" lon="2.05038">
        <ele>8.335222382420294</ele>
        <time>2026-09-09T19:16:10.016Z</time>
      </trkpt>
      <trkpt lat="41.34828" lon="2.05064">
        <ele>8.375404264230031</ele>
        <time>2026-09-09T19:16:15.382Z</time>
      </trkpt>
      <trkpt lat="41.348380000000006" lon="2.0515700000000003">
        <ele>8.258064556231577</ele>
        <time>2026-09-09T19:16:34.747Z</time>
      </trkpt>
      <trkpt lat="41.34837" lon="2.0517700000000003">
        <ele>9.811475923238717</ele>
        <time>2026-09-09T19:16:38.879Z</time>
      </trkpt>
      <trkpt lat="41.3485" lon="2.05216">
        <ele>16.194838652286744</ele>
        <time>2026-09-09T19:16:47.674Z</time>
      </trkpt>
      <trkpt lat="41.34863" lon="2.0526500000000003">
        <ele>8.073467656042332</ele>
        <time>2026-09-09T19:16:58.386Z</time>
      </trkpt>
      <trkpt lat="41.34877" lon="2.05296">
        <ele>8.777250205970626</ele>
        <time>2026-09-09T19:17:05.842Z</time>
      </trkpt>
      <trkpt lat="41.34888" lon="2.05336">
        <ele>9.155885596875038</ele>
        <time>2026-09-09T19:17:14.624Z</time>
      </trkpt>
      <trkpt lat="41.34906" lon="2.0538800000000004">
        <ele>10.720205716571948</ele>
        <time>2026-09-09T19:17:26.426Z</time>
      </trkpt>
      <trkpt lat="41.349120000000006" lon="2.05424">
        <ele>10.834806578998762</ele>
        <time>2026-09-09T19:17:34.027Z</time>
      </trkpt>
      <trkpt lat="41.349230000000006" lon="2.05519">
        <ele>11.185747107377805</ele>
        <time>2026-09-09T19:17:53.841Z</time>
      </trkpt>
      <trkpt lat="41.34931" lon="2.05636">
        <ele>10.902242958212403</ele>
        <time>2026-09-09T19:18:18.057Z</time>
      </trkpt>
      <trkpt lat="41.34931" lon="2.0574000000000003">
        <ele>10.762175737916191</ele>
        <time>2026-09-09T19:18:39.493Z</time>
      </trkpt>
      <trkpt lat="41.34926" lon="2.0583500000000003">
        <ele>10.314834641562232</ele>
        <time>2026-09-09T19:18:59.123Z</time>
      </trkpt>
      <trkpt lat="41.3492" lon="2.05904">
        <ele>10.890289539830375</ele>
        <time>2026-09-09T19:19:13.441Z</time>
      </trkpt>
      <trkpt lat="41.34904" lon="2.0601800000000003">
        <ele>10.27076544485994</ele>
        <time>2026-09-09T19:19:37.347Z</time>
      </trkpt>
      <trkpt lat="41.348850000000006" lon="2.06121">
        <ele>11.035731547164206</ele>
        <time>2026-09-09T19:19:59.209Z</time>
      </trkpt>
      <trkpt lat="41.3486250029905" lon="2.0620350026868066">
        <ele>10.440251928855963</ele>
        <time>2026-09-09T19:20:17.303Z</time>
      </trkpt>
      <trkpt lat="41.348400000000005" lon="2.06286">
        <ele>10.73645462839452</ele>
        <time>2026-09-09T19:20:35.395Z</time>
      </trkpt>
      <trkpt lat="41.348408" lon="2.062864">
        <ele>10.86142643587489</ele>
        <time>2026-09-09T19:20:35.630Z</time>
      </trkpt>
      <trkpt lat="41.347704" lon="2.065019">
        <ele>10.851996118896523</ele>
        <time>2026-09-09T19:21:24.075Z</time>
      </trkpt>
      <trkpt lat="41.34676" lon="2.067866">
        <ele>11.198301572832417</ele>
        <time>2026-09-09T19:22:28.231Z</time>
      </trkpt>
      <trkpt lat="41.34677" lon="2.067885">
        <ele>11.387828351569818</ele>
        <time>2026-09-09T19:22:28.708Z</time>
      </trkpt>
      <trkpt lat="41.346777" lon="2.067931">
        <ele>11.549415441461687</ele>
        <time>2026-09-09T19:22:29.676Z</time>
      </trkpt>
      <trkpt lat="41.346712" lon="2.068199">
        <ele>10.762089988507862</ele>
        <time>2026-09-09T19:22:35.481Z</time>
      </trkpt>
      <trkpt lat="41.346588" lon="2.068649">
        <ele>10.548519583602921</ele>
        <time>2026-09-09T19:22:45.361Z</time>
      </trkpt>
      <trkpt lat="41.346491" lon="2.068947">
        <ele>10.63903444951326</ele>
        <time>2026-09-09T19:22:52.057Z</time>
      </trkpt>
      <trkpt lat="41.346784" lon="2.069156">
        <ele>10.39051542450139</ele>
        <time>2026-09-09T19:23:01.182Z</time>
      </trkpt>
      <trkpt lat="41.347088" lon="2.069336">
        <ele>11.117480015796835</ele>
        <time>2026-09-09T19:23:10.317Z</time>
      </trkpt>
      <trkpt lat="41.347459" lon="2.069501">
        <ele>10.508059360283363</ele>
        <time>2026-09-09T19:23:21.057Z</time>
      </trkpt>
      <trkpt lat="41.347792" lon="2.069605">
        <ele>10.002777043560883</ele>
        <time>2026-09-09T19:23:30.448Z</time>
      </trkpt>
      <trkpt lat="41.348216" lon="2.069683">
        <ele>9.556410488393793</ele>
        <time>2026-09-09T19:23:42.200Z</time>
      </trkpt>
      <trkpt lat="41.348392" lon="2.069683">
        <ele>9.403051789515846</ele>
        <time>2026-09-09T19:23:47.032Z</time>
      </trkpt>
      <trkpt lat="41.348573" lon="2.069728">
        <ele>9.634718303718605</ele>
        <time>2026-09-09T19:23:52.087Z</time>
      </trkpt>
      <trkpt lat="41.348392" lon="2.069683">
        <ele>9.403051789515846</ele>
        <time>2026-09-09T19:23:57.143Z</time>
      </trkpt>
      <trkpt lat="41.348216" lon="2.069683">
        <ele>9.556410488393793</ele>
        <time>2026-09-09T19:24:01.974Z</time>
      </trkpt>
      <trkpt lat="41.347792" lon="2.069605">
        <ele>10.002777043560883</ele>
        <time>2026-09-09T19:24:13.727Z</time>
      </trkpt>
      <trkpt lat="41.347459" lon="2.069501">
        <ele>10.508059360283363</ele>
        <time>2026-09-09T19:24:23.118Z</time>
      </trkpt>
      <trkpt lat="41.347088" lon="2.069336">
        <ele>11.117480015796835</ele>
        <time>2026-09-09T19:24:33.857Z</time>
      </trkpt>
      <trkpt lat="41.346784" lon="2.069156">
        <ele>10.39051542450139</ele>
        <time>2026-09-09T19:24:42.992Z</time>
      </trkpt>
      <trkpt lat="41.346491" lon="2.068947">
        <ele>10.63903444951326</ele>
        <time>2026-09-09T19:24:52.117Z</time>
      </trkpt>
      <trkpt lat="41.346448" lon="2.06883">
        <ele>10.415328088218299</ele>
        <time>2026-09-09T19:24:54.802Z</time>
      </trkpt>
      <trkpt lat="41.346052" lon="2.068557">
        <ele>6.308141002534581</ele>
        <time>2026-09-09T19:25:07.045Z</time>
      </trkpt>
      <trkpt lat="41.345829" lon="2.068434">
        <ele>4.186061828048722</ele>
        <time>2026-09-09T19:25:13.672Z</time>
      </trkpt>
      <trkpt lat="41.345604" lon="2.068328">
        <ele>4.455326413246647</ele>
        <time>2026-09-09T19:25:20.224Z</time>
      </trkpt>
      <trkpt lat="41.345227" lon="2.068208">
        <ele>3.594121526346145</ele>
        <time>2026-09-09T19:25:30.868Z</time>
      </trkpt>
      <trkpt lat="41.344912" lon="2.06813">
        <ele>3.4560986072390167</ele>
        <time>2026-09-09T19:25:39.665Z</time>
      </trkpt>
      <trkpt lat="41.344713" lon="2.068098">
        <ele>3.3181799505435463</ele>
        <time>2026-09-09T19:25:45.168Z</time>
      </trkpt>
      <trkpt lat="41.344493" lon="2.068084">
        <ele>5.763434045180935</ele>
        <time>2026-09-09T19:25:51.215Z</time>
      </trkpt>
      <trkpt lat="41.34433" lon="2.068085">
        <ele>7.761563559695681</ele>
        <time>2026-09-09T19:25:55.691Z</time>
      </trkpt>
      <trkpt lat="41.34406" lon="2.068106">
        <ele>11.019444971110687</ele>
        <time>2026-09-09T19:26:03.116Z</time>
      </trkpt>
      <trkpt lat="41.34405" lon="2.0681000000000003">
        <ele>10.810070077537988</ele>
        <time>2026-09-09T19:26:03.416Z</time>
      </trkpt>
      <trkpt lat="41.34406" lon="2.068106">
        <ele>11.019444971110687</ele>
        <time>2026-09-09T19:26:03.718Z</time>
      </trkpt>
      <trkpt lat="41.34399" lon="2.068356">
        <ele>10.491421593139295</ele>
        <time>2026-09-09T19:26:09.217Z</time>
      </trkpt>
      <trkpt lat="41.343557" lon="2.069956">
        <ele>10.65025847843079</ele>
        <time>2026-09-09T19:26:44.277Z</time>
      </trkpt>
      <trkpt lat="41.343291" lon="2.071046">
        <ele>10.751876742464272</ele>
        <time>2026-09-09T19:27:07.904Z</time>
      </trkpt>
      <trkpt lat="41.343056" lon="2.072144">
        <ele>10.404663957222148</ele>
        <time>2026-09-09T19:27:31.441Z</time>
      </trkpt>
      <trkpt lat="41.342834" lon="2.073287">
        <ele>10.183877328447284</ele>
        <time>2026-09-09T19:27:55.779Z</time>
      </trkpt>
      <trkpt lat="41.342608" lon="2.074743">
        <ele>9.900163057895364</ele>
        <time>2026-09-09T19:28:26.429Z</time>
      </trkpt>
      <trkpt lat="41.342502" lon="2.075509">
        <ele>9.893508043968804</ele>
        <time>2026-09-09T19:28:42.485Z</time>
      </trkpt>
      <trkpt lat="41.342327" lon="2.076911">
        <ele>9.332808947150603</ele>
        <time>2026-09-09T19:29:11.784Z</time>
      </trkpt>
      <trkpt lat="41.342231" lon="2.077806">
        <ele>9.991417390672687</ele>
        <time>2026-09-09T19:29:30.421Z</time>
      </trkpt>
      <trkpt lat="41.341966" lon="2.080086">
        <ele>9.543796276976865</ele>
        <time>2026-09-09T19:30:17.983Z</time>
      </trkpt>
      <trkpt lat="41.341746" lon="2.081818">
        <ele>9.718302574267748</ele>
        <time>2026-09-09T19:30:54.196Z</time>
      </trkpt>
      <trkpt lat="41.341685" lon="2.082256">
        <ele>9.611273638832976</ele>
        <time>2026-09-09T19:31:03.380Z</time>
      </trkpt>
      <trkpt lat="41.341516" lon="2.083346">
        <ele>9.636251388425341</ele>
        <time>2026-09-09T19:31:26.324Z</time>
      </trkpt>
      <trkpt lat="41.341101" lon="2.085425">
        <ele>9.546334074105976</ele>
        <time>2026-09-09T19:32:10.672Z</time>
      </trkpt>
      <trkpt lat="41.34079" lon="2.086813">
        <ele>9.314724981433146</ele>
        <time>2026-09-09T19:32:40.533Z</time>
      </trkpt>
      <trkpt lat="41.340474" lon="2.087993">
        <ele>9.849334087572617</ele>
        <time>2026-09-09T19:33:06.361Z</time>
      </trkpt>
      <trkpt lat="41.340388" lon="2.088305">
        <ele>13.84977186418056</ele>
        <time>2026-09-09T19:33:13.212Z</time>
      </trkpt>
      <trkpt lat="41.340309" lon="2.088586">
        <ele>13.698346196213317</ele>
        <time>2026-09-09T19:33:19.397Z</time>
      </trkpt>
      <trkpt lat="41.340229" lon="2.088867">
        <ele>8.977924519663578</ele>
        <time>2026-09-09T19:33:25.592Z</time>
      </trkpt>
      <trkpt lat="41.339859" lon="2.090115">
        <ele>9.013150650203457</ele>
        <time>2026-09-09T19:33:53.254Z</time>
      </trkpt>
      <trkpt lat="41.339804" lon="2.090273">
        <ele>9.155636773210084</ele>
        <time>2026-09-09T19:33:56.844Z</time>
      </trkpt>
      <trkpt lat="41.339199" lon="2.092042">
        <ele>9.105723060865484</ele>
        <time>2026-09-09T19:34:36.918Z</time>
      </trkpt>
      <trkpt lat="41.338595" lon="2.093623">
        <ele>8.533302730516898</ele>
        <time>2026-09-09T19:35:13.489Z</time>
      </trkpt>
      <trkpt lat="41.338518" lon="2.093804">
        <ele>8.982735242847962</ele>
        <time>2026-09-09T19:35:17.777Z</time>
      </trkpt>
      <trkpt lat="41.338388" lon="2.094131">
        <ele>8.785181559726155</ele>
        <time>2026-09-09T19:35:25.405Z</time>
      </trkpt>
      <trkpt lat="41.338239" lon="2.094444">
        <ele>8.572366160502346</ele>
        <time>2026-09-09T19:35:33.045Z</time>
      </trkpt>
      <trkpt lat="41.338035" lon="2.094914">
        <ele>8.864719561558822</ele>
        <time>2026-09-09T19:35:44.236Z</time>
      </trkpt>
      <trkpt lat="41.337933" lon="2.095127">
        <ele>8.680988343756393</ele>
        <time>2026-09-09T19:35:49.445Z</time>
      </trkpt>
      <trkpt lat="41.33781" lon="2.095334">
        <ele>8.662201939247824</ele>
        <time>2026-09-09T19:35:54.887Z</time>
      </trkpt>
      <trkpt lat="41.337714" lon="2.095503">
        <ele>8.792239672574725</ele>
        <time>2026-09-09T19:35:59.255Z</time>
      </trkpt>
      <trkpt lat="41.337649" lon="2.095618">
        <ele>8.936974360107122</ele>
        <time>2026-09-09T19:36:02.222Z</time>
      </trkpt>
      <trkpt lat="41.337384" lon="2.096095">
        <ele>8.886349411487217</ele>
        <time>2026-09-09T19:36:14.456Z</time>
      </trkpt>
      <trkpt lat="41.336984" lon="2.096745">
        <ele>8.604265741802356</ele>
        <time>2026-09-09T19:36:31.782Z</time>
      </trkpt>
      <trkpt lat="41.336953" lon="2.096784">
        <ele>8.32001019748282</ele>
        <time>2026-09-09T19:36:32.952Z</time>
      </trkpt>
      <trkpt lat="41.336941" lon="2.096813">
        <ele>8.314777546875758</ele>
        <time>2026-09-09T19:36:33.634Z</time>
      </trkpt>
      <trkpt lat="41.336712" lon="2.097163">
        <ele>8.610578829919659</ele>
        <time>2026-09-09T19:36:43.205Z</time>
      </trkpt>
      <trkpt lat="41.336606" lon="2.097422">
        <ele>10.864835257753807</ele>
        <time>2026-09-09T19:36:49.287Z</time>
      </trkpt>
      <trkpt lat="41.336608" lon="2.097466">
        <ele>10.984217714023913</ele>
        <time>2026-09-09T19:36:50.195Z</time>
      </trkpt>
      <trkpt lat="41.336724" lon="2.097634">
        <ele>10.889703887742012</ele>
        <time>2026-09-09T19:36:54.901Z</time>
      </trkpt>
      <trkpt lat="41.337859" lon="2.099139">
        <ele>10.464904727467184</ele>
        <time>2026-09-09T19:37:38.878Z</time>
      </trkpt>
      <trkpt lat="41.337895" lon="2.099156">
        <ele>10.33488709239982</ele>
        <time>2026-09-09T19:37:39.925Z</time>
      </trkpt>
      <trkpt lat="41.337935" lon="2.099158">
        <ele>10.183250422267125</ele>
        <time>2026-09-09T19:37:41.025Z</time>
      </trkpt>
      <trkpt lat="41.337965" lon="2.099179">
        <ele>10.186491363835817</ele>
        <time>2026-09-09T19:37:41.955Z</time>
      </trkpt>
      <trkpt lat="41.337969" lon="2.099233">
        <ele>10.491587459722773</ele>
        <time>2026-09-09T19:37:43.073Z</time>
      </trkpt>
      <trkpt lat="41.338019" lon="2.099322">
        <ele>10.529339554590983</ele>
        <time>2026-09-09T19:37:45.365Z</time>
      </trkpt>
      <trkpt lat="41.338236" lon="2.099556">
        <ele>10.27831253003648</ele>
        <time>2026-09-09T19:37:53.031Z</time>
      </trkpt>
      <trkpt lat="41.338281" lon="2.099592">
        <ele>10.192474941341858</ele>
        <time>2026-09-09T19:37:54.472Z</time>
      </trkpt>
      <trkpt lat="41.338344" lon="2.099625">
        <ele>9.999192789923194</ele>
        <time>2026-09-09T19:37:56.330Z</time>
      </trkpt>
      <trkpt lat="41.338413" lon="2.099689">
        <ele>9.855044284753145</ele>
        <time>2026-09-09T19:37:58.639Z</time>
      </trkpt>
      <trkpt lat="41.338469" lon="2.099642">
        <ele>9.290617890504311</ele>
        <time>2026-09-09T19:38:00.456Z</time>
      </trkpt>
      <trkpt lat="41.338582" lon="2.099514">
        <ele>7.3951001199852975</ele>
        <time>2026-09-09T19:38:04.528Z</time>
      </trkpt>
      <trkpt lat="41.338654" lon="2.099528">
        <ele>6.911015339009603</ele>
        <time>2026-09-09T19:38:06.526Z</time>
      </trkpt>
      <trkpt lat="41.338698" lon="2.099417">
        <ele>6.998989010620708</ele>
        <time>2026-09-09T19:38:09.113Z</time>
      </trkpt>
      <trkpt lat="41.338788" lon="2.099468">
        <ele>7.286021731740256</ele>
        <time>2026-09-09T19:38:11.799Z</time>
      </trkpt>
      <trkpt lat="41.338925" lon="2.099577">
        <ele>7.740497764233734</ele>
        <time>2026-09-09T19:38:16.180Z</time>
      </trkpt>
      <trkpt lat="41.338965" lon="2.099621">
        <ele>7.776329089217408</ele>
        <time>2026-09-09T19:38:17.604Z</time>
      </trkpt>
      <trkpt lat="41.338997" lon="2.099671">
        <ele>7.843934945038592</ele>
        <time>2026-09-09T19:38:18.958Z</time>
      </trkpt>
      <trkpt lat="41.33902" lon="2.099731">
        <ele>7.936660888957595</ele>
        <time>2026-09-09T19:38:20.347Z</time>
      </trkpt>
      <trkpt lat="41.339052" lon="2.09991">
        <ele>8.302347985168991</ele>
        <time>2026-09-09T19:38:24.139Z</time>
      </trkpt>
      <trkpt lat="41.339047" lon="2.10006">
        <ele>8.327123583624829</ele>
        <time>2026-09-09T19:38:27.235Z</time>
      </trkpt>
      <trkpt lat="41.339016" lon="2.100181">
        <ele>8.403523827804978</ele>
        <time>2026-09-09T19:38:29.870Z</time>
      </trkpt>
      <trkpt lat="41.338956" lon="2.100336">
        <ele>8.592846367352571</ele>
        <time>2026-09-09T19:38:33.465Z</time>
      </trkpt>
      <trkpt lat="41.33895" lon="2.100419">
        <ele>8.644368848389586</ele>
        <time>2026-09-09T19:38:35.184Z</time>
      </trkpt>
      <trkpt lat="41.33897" lon="2.100525">
        <ele>8.601590623145055</ele>
        <time>2026-09-09T19:38:37.436Z</time>
      </trkpt>
      <trkpt lat="41.339036" lon="2.1007">
        <ele>8.778620737343635</ele>
        <time>2026-09-09T19:38:41.474Z</time>
      </trkpt>
      <trkpt lat="41.33918" lon="2.100896">
        <ele>11.258915656690434</ele>
        <time>2026-09-09T19:38:47.126Z</time>
      </trkpt>
      <trkpt lat="41.339332" lon="2.101084">
        <ele>7.699300293135996</ele>
        <time>2026-09-09T19:38:52.822Z</time>
      </trkpt>
      <trkpt lat="41.339372" lon="2.101117">
        <ele>7.597488880082161</ele>
        <time>2026-09-09T19:38:54.113Z</time>
      </trkpt>
      <trkpt lat="41.339404" lon="2.101129">
        <ele>7.524499607293555</ele>
        <time>2026-09-09T19:38:55.026Z</time>
      </trkpt>
      <trkpt lat="41.339553" lon="2.101134">
        <ele>7.135733253349678</ele>
        <time>2026-09-09T19:38:59.118Z</time>
      </trkpt>
      <trkpt lat="41.339626" lon="2.101157">
        <ele>7.092628458153398</ele>
        <time>2026-09-09T19:39:01.178Z</time>
      </trkpt>
      <trkpt lat="41.339806" lon="2.101337">
        <ele>7.052748609798467</ele>
        <time>2026-09-09T19:39:07.358Z</time>
      </trkpt>
      <trkpt lat="41.339848" lon="2.101359">
        <ele>7.02422997391211</ele>
        <time>2026-09-09T19:39:08.596Z</time>
      </trkpt>
      <trkpt lat="41.340016" lon="2.101402">
        <ele>7.055025558379562</ele>
        <time>2026-09-09T19:39:13.294Z</time>
      </trkpt>
      <trkpt lat="41.340249" lon="2.101447">
        <ele>7.028656035700115</ele>
        <time>2026-09-09T19:39:19.757Z</time>
      </trkpt>
      <trkpt lat="41.34061" lon="2.101499">
        <ele>7.661619445077834</ele>
        <time>2026-09-09T19:39:29.727Z</time>
      </trkpt>
      <trkpt lat="41.34099" lon="2.101536">
        <ele>12.948808769852432</ele>
        <time>2026-09-09T19:39:40.189Z</time>
      </trkpt>
      <trkpt lat="41.341034" lon="2.101545">
        <ele>11.353108716802028</ele>
        <time>2026-09-09T19:39:41.411Z</time>
      </trkpt>
      <trkpt lat="41.341101" lon="2.101565">
        <ele>9.032926110218853</ele>
        <time>2026-09-09T19:39:43.295Z</time>
      </trkpt>
      <trkpt lat="41.341292" lon="2.101651">
        <ele>9.147473161377615</ele>
        <time>2026-09-09T19:39:48.830Z</time>
      </trkpt>
      <trkpt lat="41.341382" lon="2.101681">
        <ele>10.30053494372928</ele>
        <time>2026-09-09T19:39:51.378Z</time>
      </trkpt>
      <trkpt lat="41.341457" lon="2.101684">
        <ele>8.228776049886099</ele>
        <time>2026-09-09T19:39:53.437Z</time>
      </trkpt>
      <trkpt lat="41.341767" lon="2.101653">
        <ele>7.6591616737146335</ele>
        <time>2026-09-09T19:40:01.973Z</time>
      </trkpt>
      <trkpt lat="41.342398" lon="2.102201">
        <ele>8.61244396309096</ele>
        <time>2026-09-09T19:40:22.657Z</time>
      </trkpt>
      <trkpt lat="41.343183" lon="2.102841">
        <ele>7.246119323013312</ele>
        <time>2026-09-09T19:40:47.928Z</time>
      </trkpt>
      <trkpt lat="41.343358" lon="2.102927">
        <ele>6.391198142207184</ele>
        <time>2026-09-09T19:40:53.049Z</time>
      </trkpt>
      <trkpt lat="41.343409" lon="2.102968">
        <ele>6.346953796407722</ele>
        <time>2026-09-09T19:40:54.684Z</time>
      </trkpt>
      <trkpt lat="41.343484" lon="2.103056">
        <ele>6.420239456529833</ele>
        <time>2026-09-09T19:40:57.429Z</time>
      </trkpt>
      <trkpt lat="41.343586" lon="2.103245">
        <ele>6.659357643368857</ele>
        <time>2026-09-09T19:41:02.227Z</time>
      </trkpt>
      <trkpt lat="41.343586" lon="2.103245">
        <ele>6.659357643368857</ele>
        <time>2026-09-09T19:41:38.403Z</time>
      </trkpt>
      <trkpt lat="41.343484" lon="2.103056">
        <ele>6.420239456529833</ele>
        <time>2026-09-09T19:41:43.202Z</time>
      </trkpt>
      <trkpt lat="41.343409" lon="2.102968">
        <ele>6.346953796407722</ele>
        <time>2026-09-09T19:41:45.946Z</time>
      </trkpt>
      <trkpt lat="41.343358" lon="2.102927">
        <ele>6.391198142207184</ele>
        <time>2026-09-09T19:41:47.582Z</time>
      </trkpt>
      <trkpt lat="41.343183" lon="2.102841">
        <ele>7.246119323013312</ele>
        <time>2026-09-09T19:41:52.702Z</time>
      </trkpt>
      <trkpt lat="41.342398" lon="2.102201">
        <ele>8.61244396309096</ele>
        <time>2026-09-09T19:42:17.974Z</time>
      </trkpt>
      <trkpt lat="41.341767" lon="2.101653">
        <ele>7.6591616737146335</ele>
        <time>2026-09-09T19:42:38.658Z</time>
      </trkpt>
      <trkpt lat="41.341457" lon="2.101684">
        <ele>8.228776049886099</ele>
        <time>2026-09-09T19:42:47.194Z</time>
      </trkpt>
      <trkpt lat="41.341382" lon="2.101681">
        <ele>10.30053494372928</ele>
        <time>2026-09-09T19:42:49.253Z</time>
      </trkpt>
      <trkpt lat="41.341292" lon="2.101651">
        <ele>9.147473161377615</ele>
        <time>2026-09-09T19:42:51.801Z</time>
      </trkpt>
      <trkpt lat="41.341101" lon="2.101565">
        <ele>9.032926110218853</ele>
        <time>2026-09-09T19:42:57.336Z</time>
      </trkpt>
      <trkpt lat="41.341034" lon="2.101545">
        <ele>11.353108716802028</ele>
        <time>2026-09-09T19:42:59.220Z</time>
      </trkpt>
      <trkpt lat="41.34099" lon="2.101536">
        <ele>12.948808769852432</ele>
        <time>2026-09-09T19:43:00.442Z</time>
      </trkpt>
      <trkpt lat="41.34061" lon="2.101499">
        <ele>7.661619445077834</ele>
        <time>2026-09-09T19:43:10.905Z</time>
      </trkpt>
      <trkpt lat="41.340249" lon="2.101447">
        <ele>7.028656035700115</ele>
        <time>2026-09-09T19:43:20.874Z</time>
      </trkpt>
      <trkpt lat="41.340016" lon="2.101402">
        <ele>7.055025558379562</ele>
        <time>2026-09-09T19:43:27.338Z</time>
      </trkpt>
      <trkpt lat="41.339848" lon="2.101359">
        <ele>7.02422997391211</ele>
        <time>2026-09-09T19:43:32.035Z</time>
      </trkpt>
      <trkpt lat="41.339806" lon="2.101337">
        <ele>7.052748609798467</ele>
        <time>2026-09-09T19:43:33.273Z</time>
      </trkpt>
      <trkpt lat="41.339626" lon="2.101157">
        <ele>7.092628458153398</ele>
        <time>2026-09-09T19:43:39.454Z</time>
      </trkpt>
      <trkpt lat="41.339553" lon="2.101134">
        <ele>7.135733253349678</ele>
        <time>2026-09-09T19:43:41.513Z</time>
      </trkpt>
      <trkpt lat="41.339404" lon="2.101129">
        <ele>7.524499607293555</ele>
        <time>2026-09-09T19:43:45.605Z</time>
      </trkpt>
      <trkpt lat="41.339372" lon="2.101117">
        <ele>7.597488880082161</ele>
        <time>2026-09-09T19:43:46.518Z</time>
      </trkpt>
      <trkpt lat="41.339332" lon="2.101084">
        <ele>7.699300293135996</ele>
        <time>2026-09-09T19:43:47.809Z</time>
      </trkpt>
      <trkpt lat="41.33918" lon="2.100896">
        <ele>11.258915656690434</ele>
        <time>2026-09-09T19:43:53.504Z</time>
      </trkpt>
      <trkpt lat="41.339036" lon="2.1007">
        <ele>8.778620737343635</ele>
        <time>2026-09-09T19:43:59.157Z</time>
      </trkpt>
      <trkpt lat="41.33897" lon="2.100525">
        <ele>8.601590623145055</ele>
        <time>2026-09-09T19:44:03.195Z</time>
      </trkpt>
      <trkpt lat="41.33895" lon="2.100419">
        <ele>8.644368848389586</ele>
        <time>2026-09-09T19:44:05.448Z</time>
      </trkpt>
      <trkpt lat="41.338956" lon="2.100336">
        <ele>8.592846367352571</ele>
        <time>2026-09-09T19:44:07.166Z</time>
      </trkpt>
      <trkpt lat="41.339016" lon="2.100181">
        <ele>8.403523827804978</ele>
        <time>2026-09-09T19:44:10.761Z</time>
      </trkpt>
      <trkpt lat="41.339047" lon="2.10006">
        <ele>8.327123583624829</ele>
        <time>2026-09-09T19:44:13.397Z</time>
      </trkpt>
      <trkpt lat="41.339052" lon="2.09991">
        <ele>8.302347985168991</ele>
        <time>2026-09-09T19:44:16.492Z</time>
      </trkpt>
      <trkpt lat="41.33902" lon="2.099731">
        <ele>7.936660888957595</ele>
        <time>2026-09-09T19:44:20.284Z</time>
      </trkpt>
      <trkpt lat="41.338997" lon="2.099671">
        <ele>7.843934945038592</ele>
        <time>2026-09-09T19:44:21.673Z</time>
      </trkpt>
      <trkpt lat="41.338965" lon="2.099621">
        <ele>7.776329089217408</ele>
        <time>2026-09-09T19:44:23.027Z</time>
      </trkpt>
      <trkpt lat="41.338925" lon="2.099577">
        <ele>7.740497764233734</ele>
        <time>2026-09-09T19:44:24.451Z</time>
      </trkpt>
      <trkpt lat="41.338788" lon="2.099468">
        <ele>7.286021731740256</ele>
        <time>2026-09-09T19:44:28.833Z</time>
      </trkpt>
      <trkpt lat="41.338698" lon="2.099417">
        <ele>6.998989010620708</ele>
        <time>2026-09-09T19:44:31.518Z</time>
      </trkpt>
      <trkpt lat="41.338654" lon="2.099528">
        <ele>6.911015339009603</ele>
        <time>2026-09-09T19:44:34.105Z</time>
      </trkpt>
      <trkpt lat="41.338582" lon="2.099514">
        <ele>7.3951001199852975</ele>
        <time>2026-09-09T19:44:36.103Z</time>
      </trkpt>
      <trkpt lat="41.338469" lon="2.099642">
        <ele>9.290617890504311</ele>
        <time>2026-09-09T19:44:40.175Z</time>
      </trkpt>
      <trkpt lat="41.338413" lon="2.099689">
        <ele>9.855044284753145</ele>
        <time>2026-09-09T19:44:41.992Z</time>
      </trkpt>
      <trkpt lat="41.338344" lon="2.099625">
        <ele>9.999192789923194</ele>
        <time>2026-09-09T19:44:44.301Z</time>
      </trkpt>
      <trkpt lat="41.338281" lon="2.099592">
        <ele>10.192474941341858</ele>
        <time>2026-09-09T19:44:46.159Z</time>
      </trkpt>
      <trkpt lat="41.338236" lon="2.099556">
        <ele>10.27831253003648</ele>
        <time>2026-09-09T19:44:47.601Z</time>
      </trkpt>
      <trkpt lat="41.338019" lon="2.099322">
        <ele>10.529339554590983</ele>
        <time>2026-09-09T19:44:55.267Z</time>
      </trkpt>
      <trkpt lat="41.337969" lon="2.099233">
        <ele>10.491587459722773</ele>
        <time>2026-09-09T19:44:57.558Z</time>
      </trkpt>
      <trkpt lat="41.337965" lon="2.099179">
        <ele>10.186491363835817</ele>
        <time>2026-09-09T19:44:58.676Z</time>
      </trkpt>
      <trkpt lat="41.337935" lon="2.099158">
        <ele>10.183250422267125</ele>
        <time>2026-09-09T19:44:59.607Z</time>
      </trkpt>
      <trkpt lat="41.337895" lon="2.099156">
        <ele>10.33488709239982</ele>
        <time>2026-09-09T19:45:00.705Z</time>
      </trkpt>
      <trkpt lat="41.337859" lon="2.099139">
        <ele>10.464904727467184</ele>
        <time>2026-09-09T19:45:01.754Z</time>
      </trkpt>
      <trkpt lat="41.336724" lon="2.097634">
        <ele>10.889703887742012</ele>
        <time>2026-09-09T19:45:45.730Z</time>
      </trkpt>
      <trkpt lat="41.336608" lon="2.097466">
        <ele>10.984217714023913</ele>
        <time>2026-09-09T19:45:50.436Z</time>
      </trkpt>
      <trkpt lat="41.336606" lon="2.097422">
        <ele>10.864835257753807</ele>
        <time>2026-09-09T19:45:51.345Z</time>
      </trkpt>
      <trkpt lat="41.336696" lon="2.097442">
        <ele>9.818961881087889</ele>
        <time>2026-09-09T19:45:53.849Z</time>
      </trkpt>
      <trkpt lat="41.336724" lon="2.097503">
        <ele>10.034912180972189</ele>
        <time>2026-09-09T19:45:55.323Z</time>
      </trkpt>
      <trkpt lat="41.336751" lon="2.097537">
        <ele>9.682660705546823</ele>
        <time>2026-09-09T19:45:56.342Z</time>
      </trkpt>
      <trkpt lat="41.33683" lon="2.097602">
        <ele>7.654582091146516</ele>
        <time>2026-09-09T19:45:58.892Z</time>
      </trkpt>
      <trkpt lat="41.33677" lon="2.097681">
        <ele>10.276791073139083</ele>
        <time>2026-09-09T19:46:01.208Z</time>
      </trkpt>
      <trkpt lat="41.336488" lon="2.098059">
        <ele>8.402809151334631</ele>
        <time>2026-09-09T19:46:12.194Z</time>
      </trkpt>
      <trkpt lat="41.336404" lon="2.098214">
        <ele>8.166405756562495</ele>
        <time>2026-09-09T19:46:16.135Z</time>
      </trkpt>
      <trkpt lat="41.336319" lon="2.098415">
        <ele>8.365575006289674</ele>
        <time>2026-09-09T19:46:20.890Z</time>
      </trkpt>
      <trkpt lat="41.336231" lon="2.098574">
        <ele>9.009689016191857</ele>
        <time>2026-09-09T19:46:24.962Z</time>
      </trkpt>
      <trkpt lat="41.336136" lon="2.098705">
        <ele>8.901621728319123</ele>
        <time>2026-09-09T19:46:28.716Z</time>
      </trkpt>
      <trkpt lat="41.336123" lon="2.098734">
        <ele>8.975034518362705</ele>
        <time>2026-09-09T19:46:29.412Z</time>
      </trkpt>
      <trkpt lat="41.335725" lon="2.099712">
        <ele>8.012332852499416</ele>
        <time>2026-09-09T19:46:52.346Z</time>
      </trkpt>
      <trkpt lat="41.335334" lon="2.100668">
        <ele>5.714819443368993</ele>
        <time>2026-09-09T19:47:14.790Z</time>
      </trkpt>
      <trkpt lat="41.335133" lon="2.10114">
        <ele>5.2236839803520425</ele>
        <time>2026-09-09T19:47:25.977Z</time>
      </trkpt>
      <trkpt lat="41.334859" lon="2.101639">
        <ele>7.0750305790416625</ele>
        <time>2026-09-09T19:47:38.723Z</time>
      </trkpt>
      <trkpt lat="41.334722" lon="2.101889">
        <ele>5.273440964809416</ele>
        <time>2026-09-09T19:47:45.102Z</time>
      </trkpt>
      <trkpt lat="41.334406" lon="2.102406">
        <ele>6.985656689660226</ele>
        <time>2026-09-09T19:47:58.847Z</time>
      </trkpt>
      <trkpt lat="41.334006" lon="2.103024">
        <ele>7.897083336393816</ele>
        <time>2026-09-09T19:48:15.669Z</time>
      </trkpt>
      <trkpt lat="41.334013" lon="2.103079">
        <ele>7.798650235798947</ele>
        <time>2026-09-09T19:48:16.818Z</time>
      </trkpt>
      <trkpt lat="41.333317" lon="2.104102">
        <ele>7.778296666762098</ele>
        <time>2026-09-09T19:48:45.280Z</time>
      </trkpt>
      <trkpt lat="41.332792" lon="2.104818">
        <ele>7.834148167828288</ele>
        <time>2026-09-09T19:49:05.913Z</time>
      </trkpt>
      <trkpt lat="41.332647" lon="2.105">
        <ele>7.950316005778033</ele>
        <time>2026-09-09T19:49:11.384Z</time>
      </trkpt>
      <trkpt lat="41.332640000000005" lon="2.1049900000000004">
        <ele>8.047897595533225</ele>
        <time>2026-09-09T19:49:11.665Z</time>
      </trkpt>
      <trkpt lat="41.331990000000005" lon="2.10581">
        <ele>7.840131772539832</ele>
        <time>2026-09-09T19:49:36.249Z</time>
      </trkpt>
      <trkpt lat="41.331615000897166" lon="2.106235002315538">
        <ele>7.819525347390418</ele>
        <time>2026-09-09T19:49:49.769Z</time>
      </trkpt>
      <trkpt lat="41.33124" lon="2.10666">
        <ele>7.80050248291387</ele>
        <time>2026-09-09T19:50:03.289Z</time>
      </trkpt>
      <trkpt lat="41.330830000000006" lon="2.1071">
        <ele>7.900404758310142</ele>
        <time>2026-09-09T19:50:17.747Z</time>
      </trkpt>
      <trkpt lat="41.33061" lon="2.10734">
        <ele>7.65273124172009</ele>
        <time>2026-09-09T19:50:25.555Z</time>
      </trkpt>
      <trkpt lat="41.330560000000006" lon="2.1073500000000003">
        <ele>7.880969810883671</ele>
        <time>2026-09-09T19:50:26.943Z</time>
      </trkpt>
      <trkpt lat="41.32994" lon="2.10799">
        <ele>7.631358578736716</ele>
        <time>2026-09-09T19:50:48.482Z</time>
      </trkpt>
      <trkpt lat="41.3295" lon="2.10839">
        <ele>7.414325543677835</ele>
        <time>2026-09-09T19:51:03.110Z</time>
      </trkpt>
      <trkpt lat="41.328920000000004" lon="2.1089200000000003">
        <ele>7.206007200348928</ele>
        <time>2026-09-09T19:51:22.425Z</time>
      </trkpt>
      <trkpt lat="41.3283800007838" lon="2.1093350034100022">
        <ele>7.616677700802029</ele>
        <time>2026-09-09T19:51:39.543Z</time>
      </trkpt>
      <trkpt lat="41.32784" lon="2.10975">
        <ele>7.138255202285015</ele>
        <time>2026-09-09T19:51:56.662Z</time>
      </trkpt>
      <trkpt lat="41.327510000000004" lon="2.1100000000000003">
        <ele>6.651442328298058</ele>
        <time>2026-09-09T19:52:07.087Z</time>
      </trkpt>
      <trkpt lat="41.32697" lon="2.11024">
        <ele>7.105649193646991</ele>
        <time>2026-09-09T19:52:22.719Z</time>
      </trkpt>
      <trkpt lat="41.326950000000004" lon="2.11032">
        <ele>6.266672322092003</ele>
        <time>2026-09-09T19:52:24.457Z</time>
      </trkpt>
      <trkpt lat="41.326600000000006" lon="2.11073">
        <ele>4.006827011824408</ele>
        <time>2026-09-09T19:52:37.257Z</time>
      </trkpt>
      <trkpt lat="41.3263" lon="2.11105">
        <ele>4.910791048423388</ele>
        <time>2026-09-09T19:52:47.811Z</time>
      </trkpt>
      <trkpt lat="41.326150000000005" lon="2.11117">
        <ele>4.319774136218316</ele>
        <time>2026-09-09T19:52:52.615Z</time>
      </trkpt>
      <trkpt lat="41.325790000000005" lon="2.11134">
        <ele>6.581315800718954</ele>
        <time>2026-09-09T19:53:03.103Z</time>
      </trkpt>
      <trkpt lat="41.325630000000004" lon="2.11134">
        <ele>6.852330621942561</ele>
        <time>2026-09-09T19:53:07.496Z</time>
      </trkpt>
      <trkpt lat="41.325590000000005" lon="2.1114100000000002">
        <ele>6.6944388926157465</ele>
        <time>2026-09-09T19:53:09.309Z</time>
      </trkpt>
      <trkpt lat="41.32513500063814" lon="2.111700001850233">
        <ele>5.964717046184929</ele>
        <time>2026-09-09T19:53:23.160Z</time>
      </trkpt>
      <trkpt lat="41.32468" lon="2.11199">
        <ele>6.104214354141849</ele>
        <time>2026-09-09T19:53:37.010Z</time>
      </trkpt>
      <trkpt lat="41.32432" lon="2.1122">
        <ele>5.401802209836791</ele>
        <time>2026-09-09T19:53:47.801Z</time>
      </trkpt>
      <trkpt lat="41.32388" lon="2.11241">
        <ele>5.0127538989859115</ele>
        <time>2026-09-09T19:54:00.635Z</time>
      </trkpt>
      <trkpt lat="41.323060000213474" lon="2.1126650032298713">
        <ele>5.559246796632932</ele>
        <time>2026-09-09T19:54:23.757Z</time>
      </trkpt>
      <trkpt lat="41.32224" lon="2.1129200000000004">
        <ele>5.091910056622419</ele>
        <time>2026-09-09T19:54:46.877Z</time>
      </trkpt>
      <trkpt lat="41.322120000000005" lon="2.1129800000000003">
        <ele>5.102926933076067</ele>
        <time>2026-09-09T19:54:50.397Z</time>
      </trkpt>
      <trkpt lat="41.32158499998838" lon="2.1131150011311104">
        <ele>12.6410491857737</ele>
        <time>2026-09-09T19:55:05.348Z</time>
      </trkpt>
      <trkpt lat="41.32105000000001" lon="2.1132500000000003">
        <ele>5.367963838064137</ele>
        <time>2026-09-09T19:55:20.300Z</time>
      </trkpt>
      <trkpt lat="41.32077" lon="2.11337">
        <ele>5.3466995579267875</ele>
        <time>2026-09-09T19:55:28.376Z</time>
      </trkpt>
      <trkpt lat="41.31994" lon="2.11361">
        <ele>4.974677841632632</ele>
        <time>2026-09-09T19:55:51.698Z</time>
      </trkpt>
      <trkpt lat="41.319790000000005" lon="2.11347">
        <ele>5.563122168645302</ele>
        <time>2026-09-09T19:55:56.727Z</time>
      </trkpt>
      <trkpt lat="41.319750000000006" lon="2.11335">
        <ele>4.634876611960054</ele>
        <time>2026-09-09T19:55:59.434Z</time>
      </trkpt>
      <trkpt lat="41.318970000586525" lon="2.1135675078166085">
        <ele>4.722773003378968</ele>
        <time>2026-09-09T19:56:21.316Z</time>
      </trkpt>
      <trkpt lat="41.31819000076362" lon="2.1137850104271014">
        <ele>4.935176014534363</ele>
        <time>2026-09-09T19:56:43.198Z</time>
      </trkpt>
      <trkpt lat="41.31741000053127" lon="2.1140025078317435">
        <ele>5.344663202578139</ele>
        <time>2026-09-09T19:57:05.080Z</time>
      </trkpt>
      <trkpt lat="41.31663" lon="2.11422">
        <ele>4.371705813140054</ele>
        <time>2026-09-09T19:57:26.962Z</time>
      </trkpt>
      <trkpt lat="41.316010000000006" lon="2.11445">
        <ele>4.000459816992852</ele>
        <time>2026-09-09T19:57:44.635Z</time>
      </trkpt>
      <trkpt lat="41.315277501106465" lon="2.1147400097707463">
        <ele>4.134948878432111</ele>
        <time>2026-09-09T19:58:05.618Z</time>
      </trkpt>
      <trkpt lat="41.314545001485044" lon="2.115030013023585">
        <ele>3.805336130060236</ele>
        <time>2026-09-09T19:58:26.602Z</time>
      </trkpt>
      <trkpt lat="41.31381250113577" lon="2.115320009758823">
        <ele>4.026950885558628</ele>
        <time>2026-09-09T19:58:47.585Z</time>
      </trkpt>
      <trkpt lat="41.31308000000001" lon="2.11561">
        <ele>3.656226875572605</ele>
        <time>2026-09-09T19:59:08.567Z</time>
      </trkpt>
      <trkpt lat="41.312560000000005" lon="2.1158300000000003">
        <ele>3.463275833384148</ele>
        <time>2026-09-09T19:59:23.549Z</time>
      </trkpt>
      <trkpt lat="41.312075000010246" lon="2.1160150014289316">
        <ele>3.459276609482818</ele>
        <time>2026-09-09T19:59:37.402Z</time>
      </trkpt>
      <trkpt lat="41.31159" lon="2.1162">
        <ele>3.3916220064600635</ele>
        <time>2026-09-09T19:59:51.255Z</time>
      </trkpt>
      <trkpt lat="41.31081750292451" lon="2.1165112758199416">
        <ele>3.1111277571117113</ele>
        <time>2026-09-09T20:00:13.417Z</time>
      </trkpt>
      <trkpt lat="41.310045005010494" lon="2.1168225442631776">
        <ele>3.3183087720917475</ele>
        <time>2026-09-09T20:00:35.578Z</time>
      </trkpt>
      <trkpt lat="41.30927250625797" lon="2.1171338053300763">
        <ele>3.374805747286696</ele>
        <time>2026-09-09T20:00:57.740Z</time>
      </trkpt>
      <trkpt lat="41.30850000666703" lon="2.1174450590210045">
        <ele>3.263670231222297</ele>
        <time>2026-09-09T20:01:19.901Z</time>
      </trkpt>
      <trkpt lat="41.30772750623768" lon="2.11775630533633">
        <ele>3.2341443497711344</ele>
        <time>2026-09-09T20:01:42.063Z</time>
      </trkpt>
      <trkpt lat="41.30695500496998" lon="2.1180675442764194">
        <ele>3.629919421914906</ele>
        <time>2026-09-09T20:02:04.224Z</time>
      </trkpt>
      <trkpt lat="41.30618250286396" lon="2.11837877584164">
        <ele>3.126690887237685</ele>
        <time>2026-09-09T20:02:26.386Z</time>
      </trkpt>
      <trkpt lat="41.30541" lon="2.11869">
        <ele>2.9672302415440903</ele>
        <time>2026-09-09T20:02:48.547Z</time>
      </trkpt>
      <trkpt lat="41.30512" lon="2.11878">
        <ele>3.4300911571827775</ele>
        <time>2026-09-09T20:02:56.724Z</time>
      </trkpt>
      <trkpt lat="41.304950000000005" lon="2.11879">
        <ele>3.647729040054749</ele>
        <time>2026-09-09T20:03:01.395Z</time>
      </trkpt>
      <trkpt lat="41.30471" lon="2.1187400000000003">
        <ele>3.6358362651271707</ele>
        <time>2026-09-09T20:03:08.065Z</time>
      </trkpt>
      <trkpt lat="41.30391" lon="2.11843">
        <ele>3.94117097615188</ele>
        <time>2026-09-09T20:03:30.942Z</time>
      </trkpt>
      <trkpt lat="41.30359000000001" lon="2.1183300000000003">
        <ele>3.2852230194929373</ele>
        <time>2026-09-09T20:03:39.967Z</time>
      </trkpt>
      <trkpt lat="41.303340000000006" lon="2.11829">
        <ele>3.3970440394388954</ele>
        <time>2026-09-09T20:03:46.881Z</time>
      </trkpt>
      <trkpt lat="41.30313" lon="2.11829">
        <ele>3.2615030086841927</ele>
        <time>2026-09-09T20:03:52.646Z</time>
      </trkpt>
      <trkpt lat="41.302960000000006" lon="2.11831">
        <ele>3.0332822039112606</ele>
        <time>2026-09-09T20:03:57.332Z</time>
      </trkpt>
      <trkpt lat="41.30232" lon="2.1184800000000004">
        <ele>2.565262877767357</ele>
        <time>2026-09-09T20:04:15.251Z</time>
      </trkpt>
      <trkpt lat="41.30169429648485" lon="2.11912432281063">
        <ele>2.1308627881268487</ele>
        <time>2026-09-09T20:04:36.972Z</time>
      </trkpt>
      <trkpt lat="41.30106858937704" lon="2.1197686332573786">
        <ele>2.3696566626444557</ele>
        <time>2026-09-09T20:04:58.693Z</time>
      </trkpt>
      <trkpt lat="41.30044287867671" lon="2.120412931340685">
        <ele>2.3445057329182015</ele>
        <time>2026-09-09T20:05:20.413Z</time>
      </trkpt>
      <trkpt lat="41.29981716438401" lon="2.121057217060987">
        <ele>2.0489653682958457</ele>
        <time>2026-09-09T20:05:42.135Z</time>
      </trkpt>
      <trkpt lat="41.299191446499066" lon="2.1217014904187237">
        <ele>1.9346356186727727</ele>
        <time>2026-09-09T20:06:03.856Z</time>
      </trkpt>
      <trkpt lat="41.29856572502207" lon="2.1223457514143336">
        <ele>2.07704681396699</ele>
        <time>2026-09-09T20:06:25.576Z</time>
      </trkpt>
      <trkpt lat="41.297940000000004" lon="2.12299">
        <ele>1.790115772066131</ele>
        <time>2026-09-09T20:06:47.297Z</time>
      </trkpt>
      <trkpt lat="41.29748000091172" lon="2.123465003416644">
        <ele>2.2126527416983306</ele>
        <time>2026-09-09T20:07:03.283Z</time>
      </trkpt>
      <trkpt lat="41.29702" lon="2.12394">
        <ele>2.70985834803602</ele>
        <time>2026-09-09T20:07:19.269Z</time>
      </trkpt>
      <trkpt lat="41.2969" lon="2.12366">
        <ele>1.6073040905424798</ele>
        <time>2026-09-09T20:07:25.919Z</time>
      </trkpt>
      <trkpt lat="41.29692" lon="2.12364">
        <ele>1.7022740960746234</ele>
        <time>2026-09-09T20:07:26.605Z</time>
      </trkpt>
      <trkpt lat="41.29688" lon="2.12359">
        <ele>1.7509820732804524</ele>
        <time>2026-09-09T20:07:28.111Z</time>
      </trkpt>
      <trkpt lat="41.29681" lon="2.1234100000000002">
        <ele>1.567311106142062</ele>
        <time>2026-09-09T20:07:32.292Z</time>
      </trkpt>
      <trkpt lat="41.29666" lon="2.12332">
        <ele>1.7601974581885687</ele>
        <time>2026-09-09T20:07:36.808Z</time>
      </trkpt>
      <trkpt lat="41.296330000000005" lon="2.12269">
        <ele>1.4429342113198311</ele>
        <time>2026-09-09T20:07:52.652Z</time>
      </trkpt>
      <trkpt lat="41.296150000000004" lon="2.12217">
        <ele>2.112335665861342</ele>
        <time>2026-09-09T20:08:04.463Z</time>
      </trkpt>
      <trkpt lat="41.295860000000005" lon="2.12161">
        <ele>2.355976783293396</ele>
        <time>2026-09-09T20:08:18.494Z</time>
      </trkpt>
      <trkpt lat="41.295555001194344" lon="2.121079997485163">
        <ele>1.100894528158041</ele>
        <time>2026-09-09T20:08:32.266Z</time>
      </trkpt>
      <trkpt lat="41.29525" lon="2.12055">
        <ele>1.2275397187824861</ele>
        <time>2026-09-09T20:08:46.039Z</time>
      </trkpt>
      <trkpt lat="41.294920000000005" lon="2.1200300000000003">
        <ele>1.0846704389224764</ele>
        <time>2026-09-09T20:09:00.080Z</time>
      </trkpt>
      <trkpt lat="41.29475" lon="2.1197000000000004">
        <ele>1.005350562253667</ele>
        <time>2026-09-09T20:09:08.335Z</time>
      </trkpt>
      <trkpt lat="41.294630000000005" lon="2.11954">
        <ele>0.8502125390321644</ele>
        <time>2026-09-09T20:09:12.998Z</time>
      </trkpt>
      <trkpt lat="41.294520000000006" lon="2.1194200000000003">
        <ele>0.921421451322048</ele>
        <time>2026-09-09T20:09:16.903Z</time>
      </trkpt>
      <trkpt lat="41.294360000000005" lon="2.11933">
        <ele>0.8906835335985943</ele>
        <time>2026-09-09T20:09:21.673Z</time>
      </trkpt>
    </trkseg>
  </trk>
</gpx>
